gene_id	cell_cluster_0	cell_cluster_1	cell_cluster_2	cell_cluster_3	cell_cluster_4	cell_cluster_5	cell_cluster_6	cell_cluster_7	cell_cluster_8	cell_cluster_9	cell_cluster_10	cell_cluster_11
1	Res-000010	0.00499674974331096	-0.0342577528277145	-0.0413088000424464	-0.0359894786188061	-0.0336421238480465	-0.0300918403244613	0.368679789869721	0.033622139413294	-0.00635054787734887	-0.0373307992555564	-0.0427960099179344	-0.0385589908928296
2	Res-000011	0.0211906411675313	-0.0166492052916487	0.0342947127329697	-0.0275290277624527	-0.0257273289418081	-0.0353871056875344	0.0299570712916982	0.017051376508378	-0.0308023471829937	0.0157413848741616	-0.0314013627519207	-0.0242836171056415
3	Res-000013	-0.057696068010512	-0.0497665649010239	-0.0738204157286852	-0.0551893127696662	-0.0650965175735382	-0.0497115051436014	0.0905196258474534	0.3211363326099	0.681002070838695	0.0551227857429568	-0.000574874240251599	-0.0803192037981502
4	Res-000018	-0.0154810487215892	-0.0300413186675602	-0.0342954481727944	-0.0333811177351871	-0.0224802728419841	-0.021381345582691	-0.035700030198064	0.146750083541138	-0.00245679664544927	0.114571333967879	0.489468835223041	-0.0185930455939168
5	Res-000032	0.00170285418739157	0.0075594690982354	0.00767392837620125	-0.00429631383749537	-0.0182804333651144	-0.0143361361426673	-0.026076872601648	-0.0316487165817369	-0.00917951006752379	-0.0155909857026778	-0.020294004920315	0.3201506333933
6	Res-000038	-0.00496223489356965	-0.00380225765880727	-0.00679918708028113	-0.00617147658191866	-0.00712088762641705	-0.00570935351623082	-0.00123544406581009	0.0995250710129593	0.0172214997661384	-0.00506713159973065	-0.00602398137428817	-0.00655407061348489
7	Res-000061	0.00438510875156507	-0.0120140816521249	-0.0563879727801234	0.171312690434961	-0.0646116496534546	-0.057183654052206	-0.0395982421095887	-0.030435011766873	0.00452087549797447	0.0313643955003379	-0.0568898182606842	0.00505089574065375
8	Res-000064	0.251362976491273	-0.303016595483178	-0.0747144154032464	0.353272350984492	-0.375941941444035	0.0234957287650044	-0.230003541553083	-0.202445519284182	-0.139651880376854	-0.00828139301518072	-0.284598977628514	-0.103206205238355
9	Res-000065	-0.052481327420372	-0.436607147215801	-0.562698960171574	-0.49495864287085	-0.53532433768879	-0.478791036183516	-0.333420308672078	-0.147333858595269	3.20292344970516	-0.507158236865565	-0.387013287097608	-0.507058546692815
10	Res-000074	0.243362269594559	-0.109386579989361	0.457409989930764	-0.330329859027757	-0.314351386045754	-0.346543336501447	-0.26257090317252	-0.12234744921847	-0.170838420657035	-0.251149913996058	-0.13284130720092	0.115884029960246
11	Res-000080	-0.0330014535878623	-0.031575477183808	-0.0264262190149728	-0.0191667441965767	-0.0108460482037011	-0.0263142092606917	-0.0248043353560115	0.0647776976366436	0.488879355838115	0.015965410346151	0.0618589354788248	-0.0199258727152784
12	Res-000085	-0.120877544649639	-0.335262631872031	-0.0202238257612301	-0.145236186059391	1.01648543586025	-0.226978425497712	-0.2442836549943	-0.154106363684985	-0.0994716232600414	-0.163410356997962	-0.205197142189807	0.0857053635390326
13	Res-000090	-0.234287326315261	1.48915550377521	-0.561912119368639	-0.528102101264843	-0.45423363965109	-0.497799485181899	-0.436302619580207	-0.31848866472705	-0.12159557541555	-0.112705065539552	-0.43323400249326	-0.53441856799337
14	Res-000094	-0.138741582152046	0.157692888203098	-0.279538514903185	-0.0302126157013073	-0.20834827298489	-0.21582842078534	-0.0794695014603422	0.142562781017016	1.4998488172492	0.203748205661192	-0.202559191774599	-0.120959779554028
15	Res-000099	-0.105573570572769	0.989929085814916	-0.22545655541193	-0.310918917569149	-0.266163380159296	-0.352482645600683	-0.205341572610778	-0.165236884238107	-0.367257842397853	-0.381618136311717	-0.177500778498614	-0.334387402831131
16	Res-000118	0.0243201812211602	1.10790758607227	0.0894345734266986	-0.636337829909682	-0.681771677273804	-0.757147502091837	-0.557319686642644	-0.281360775681072	-0.145164967852881	-0.506212662358129	-0.328117976748938	-0.383561246595262
17	Res-000119	-0.0466222566497874	0.678931421528626	0.0431693825194118	-0.285233597209559	-0.270790187139035	-0.355374386880114	-0.301145941229212	-0.0931565780122834	-0.116121772115134	-0.203210778450756	-0.0670483981752223	-0.175615047150394
18	Res-000121	-0.00991756812415749	-0.042384484816689	-0.0743054269103254	-0.0723133492095766	-0.0746404310461521	-0.0468708662531966	0.555431156910956	-0.0259822160022547	0.266067495400499	-0.0673258351584956	0.00285206204994345	-0.0725823274130453
19	Res-000140	-0.0134960640651665	-0.0107359488440602	-0.013326339259758	-0.0159386488981061	-0.00354725418324351	0.00707389731285273	-0.0010190920594737	0.199943313310498	0.00142002082041165	-0.0161611901145809	-0.00442636604006658	-0.0110226860619432
20	Res-000141	-0.0282566877250249	-0.0669081213662751	-0.113305829024207	-0.112395360867305	-0.10608811359947	-0.0945359972975117	1.06729382460258	-0.0894408493697662	-0.0423177475589531	-0.105114338544983	-0.104312139496488	-0.117597642760992
21	Res-000144	-0.0198051297152841	-0.0148447098324101	-0.0214616656161594	-0.0202004537898083	-0.016468558383304	-0.00913207959757834	-0.0104980365609318	0.300515461422616	0.038211857920718	0.00063735167817416	-0.00435877125073866	-0.019126608208461
22	Res-000145	-0.042515317968883	-0.0495176463983779	-0.0685596099444802	-0.0104119857497535	-0.0474666703595828	-0.0334936445368209	-0.0448593315913293	0.662434887715886	0.009847823732163	0.0814663655242266	-0.0262957678089005	-0.0355262563966553
23	Res-000166	0.00595373642251922	-0.0386536395943429	-0.0604606856953419	-0.0548681308772692	-0.0599840132236404	-0.0587199947586221	0.582207264671143	-0.0237354067858215	-0.0349883706784475	-0.0641413710573899	-0.0425933870558398	-0.0483736886331607
24	Res-000181	-0.0376699849559017	-0.0573351760754106	-0.106277736300997	-0.0962606039936278	-0.0985482478454102	-0.076840716571358	-0.0686625661301994	0.482354669497739	0.835382754995305	-0.0382113658459934	0.154976349762046	-0.0905204514861558
25	Res-000182	-0.0473670233546618	-0.0359159299335238	-0.0527997904944817	-0.0402669935871122	-0.0385111204580996	-0.0390538565949676	-0.00403020913151557	0.363414043323086	0.298806653033432	0.106439409928153	0.213257193010014	-0.0529439424849277
26	Res-000188	0.0375899304673114	-0.0815729820148493	0.0235852822669075	0.0331702299027878	-0.0430370612189744	-0.0969448532734295	0.04684942029166	0.131380841736028	0.00983795716527963	0.00431141897093767	-0.106023218340067	-0.07003522821303
27	Res-000199	-0.0107286217597747	-7.84316950745122e-05	-0.0224465158320438	-0.0191033035359315	-0.0185568167046549	-0.0143750499527394	-0.0166866455293227	-0.00720837165924609	0.369145447714502	-0.0163828504778272	-0.0249848627139997	-0.0239465070453482
28	Res-000202	0.245820623077706	-0.313276524770208	0.705776858038699	-0.43627807451008	-0.380005967257423	-0.403217692048925	-0.365602966951498	-0.0526866226342435	-0.0359084020123097	-0.300261803000174	-0.26431103129205	0.218844413746761
29	Res-000203	-0.0432376291224906	-0.220003099614826	-0.287490167624927	-0.2862766043389	-0.264343547441679	-0.287076857126703	1.95908904279884	-0.254612569776524	-0.145216944317962	-0.145760592289151	-0.264649013885268	-0.332846943459751
30	Res-000209	0.387584691518954	0.757603713635502	0.566904028616904	-1.05262375185432	-1.09837757873654	-1.07722595946909	-0.719079854581191	-0.424730613696904	-0.52649859722273	-0.85068327623346	-0.725579755735762	0.00149934912310634
31	Res-000222	-0.0141021808756798	-0.0222857234779577	-0.0139905632752981	-0.0216851790116348	-0.030993994066838	-0.0256518476159431	0.111868019472833	0.055002798487328	0.0162889037817581	-0.00115771121330512	-0.0314293019186096	0.537169702964483
32	Res-000229	-0.112636237773802	-0.114950645254182	-0.152974774347364	0.0235975474163816	0.667731891593134	-0.129059337153978	-0.103676019787146	-0.0840793244249561	-0.0736517162552011	0.0427000650842738	-0.0768177613272999	-0.0695946476728651
33	Res-000237	-0.242165513223149	0.310167495793588	-0.390344143846	-0.215633063783601	1.05205389698531	-0.296066784956132	-0.299741940166116	-0.144175339434818	-0.269324914613536	-0.271935021340946	-0.281708342854474	-0.104003657666505
34	Res-000242	0.0273860039803546	0.293342743428	-0.190575262779005	-0.0992277633941987	-0.193044052306466	-0.20960794229774	0.498762222856276	-0.0692713035369403	-0.0808730097162705	-0.0400141441673523	-0.186974844770745	-0.171450912964207
35	Res-000250	-0.0198561266556789	-0.202416850236017	0.196782554736681	0.433791489917007	0.0834780641721877	-0.417809642183594	-0.271454878368361	-0.160595424413919	-0.251907938633372	-0.0892305143612393	-0.354512249863047	-0.127715356657709
36	Res-000252	-0.12435602672416	-0.138794800966597	-0.22218201001575	-0.171132123938847	-0.153825680354247	1.24287905260132	-0.108913966182689	0.049655368311636	-0.112466978619828	-0.0724774068470769	-0.14894586859875	-0.177643592410909
37	Res-000253	-0.0253179500561611	-0.116572317791109	-0.124116752578027	-0.0996530738209433	-0.106009323296496	-0.0864555878062563	1.11146150292702	-0.0611582311840536	-0.0299050689358836	-0.111218249301069	-0.111967913527055	-0.1109510958843
38	Res-000258	0.0459752282351224	-0.0442588744399159	-0.0397497356988137	-0.0857867689233221	-0.0160896653135139	-0.0531880667192657	-0.0355841869649398	0.301605987650118	0.129663376504514	-0.0057425883421483	-0.0691698929645913	-0.00824314027011552
39	Res-000267	-0.00210998115976673	-0.00264883404560815	-0.00409833559447705	-0.00245851088828464	-0.00275975816107785	-0.00219240116094653	0.0273998743661067	-0.00335814733382372	0.0280821879402848	-0.00323773141996289	0.00335135396083595	0.00933595793009486
40	Res-000268	-0.00620126382635248	-0.0177880209652755	-0.00174583095662185	-0.0179014213506317	-0.0277419297524329	-0.020693961104989	-0.0222165570107824	0.0400962700036002	-0.0204296334313308	-0.00494566100061031	0.0295662064720837	0.636820336265375
41	Res-000269	0.149242280447401	-0.0873666926260731	0.313863279151841	-0.14591677778889	-0.00493019248503246	-0.264650300991332	-0.237315587503274	-0.250286115699081	-0.266842227844686	-0.24276716365133	-0.17229535764907	0.0730157478399829
42	Res-000270	0.12339499244064	-0.000261528519026111	0.145705862840778	-0.105582787936918	0.0154060254792968	-0.216018508694916	-0.169841803309295	-0.130816659809159	-0.160048313170205	-0.228443053150895	-0.140148182822355	-0.0111717223409051
43	Res-000279	0.00582489517406349	-0.00832739492114332	-0.0125044019990877	-0.0138160705631064	-0.0141968840821636	-0.0119459103480659	-0.00703980828843648	0.135450419861217	0.00924997025061308	-0.00935938374539026	-0.0139508841993574	-0.0149711529447303
44	Res-000299	-0.0101482862096893	-0.0113162080792743	-0.0157661258942351	-0.015114501547912	-0.00645995966386297	-0.0168427169579253	-0.0180935171908211	0.256995241954273	-0.0135457934169334	-0.00901182153474297	-0.0166662108241237	-0.0171082544098262
45	Res-000309	-0.00392011514638792	-0.0389596528767385	-0.0367638763378746	-0.0429615032185839	-0.0285074652300998	-0.0323693320567771	-0.0323888056052279	0.314684363388173	0.0329042891143123	0.10301932995377	0.186293025342073	-0.0169733792999144
46	Res-000323	-0.252521933424198	-0.398775802648243	-0.421864396146712	-0.329533446356601	-0.329836679274002	-0.327686197751564	0.924208109635419	-0.0756966625031858	1.68150247741081	1.95514148131237	-0.334935077179331	-0.382507956326963
47	Res-000326	-0.0827127502700538	-0.0831690272208434	-0.0870165703456723	-0.079101586557143	0.164847439998129	-0.061792159895837	-0.0833674137841716	0.766290050184283	0.0246448743876743	0.114516594726457	-0.0992685861751359	-0.0637930173268037
48	Res-000350	-0.101694121211398	0.184082810906645	-0.0891326151985736	-0.033703022507302	0.0650638187451521	-0.24362351380997	-0.0599864301434599	0.452913005177079	0.0163558253524974	-0.0726471534950868	0.197123455341744	-0.0368414430497156
49	Res-000357	-0.0586334764420471	-0.137420549445657	-0.149650096564019	-0.140971184527577	-0.146919150941755	-0.123094856691727	1.37632832879082	-0.128204683287094	0.00672849502208259	-0.103818569321131	-0.132503246554084	-0.114421173675027
50	Res-000376	-1.22315430086698	-1.78467538552863	-2.30419794765819	-1.92859679784643	-1.13583399855387	-2.09467141101866	-1.24539570219385	-1.06170399080696	-0.137570761604575	4.22172727041887	4.48412351932091	-1.59457264440059
51	Res-000377	-0.461290137868687	-0.935492416713531	-1.13109810984529	-1.06365476251006	-0.875795640586063	-1.15379566811647	-0.516499549723343	-0.585135290460734	-0.387707292745585	2.57829993065175	4.29010867711543	-0.859599799398465
52	Res-000384	-0.00447264886614029	-0.0083454339716215	-0.0184986273006378	-0.0168543130944198	-0.0132663887620579	-0.0151603920911735	0.00474393184353736	-0.00320438122417022	0.243112358032732	0.0352057929816634	-0.0153177751510128	0.00417368523260317
53	Res-000393	0.00430204643357442	-0.00193526059266927	0.0143015942805179	-0.00877095562470075	-0.00990302131348939	0.00141950312550267	-0.00819204116393753	7.45428649190256e-05	0.00552982154805778	-0.0101004762854741	-0.00730893559936944	-0.00920497502307334
54	Res-000406	0.020659718750276	-0.154162164540173	-0.0141704056863936	-0.184090866987225	-0.107426702048277	-0.214253300040754	0.14897955440203	-0.10688191513339	-0.155555560200065	0.639559443009537	1.24282552525637	0.0972761420233115
55	Res-000413	-0.431318642704072	0.367837602440674	-0.856093746293797	1.52643823479048	-0.732418459766545	-0.769952593470294	-0.47127736670281	-0.077769289922148	-0.207677376995122	0.422851868907783	-0.651664791609607	-0.369916399456666
56	Res-000415	0.0291592808742726	0.000857834019518226	-0.0267247032592181	-0.0163291496573999	-0.0180386812004568	-0.0130976095915397	-0.0114645658463725	-0.00195752467359142	-0.00934286404803113	-0.0309208509333436	0.119694815625357	-0.0149276849831946
57	Res-000430	-0.0055703519447205	-0.0999213197876954	0.00168782683634217	-0.102000982271521	0.36308382743566	-0.0475340812424748	-0.112881070377865	0.00222561688220563	-0.0939340785109829	-0.0943934561833225	-0.0780643241719147	0.150423136824959
58	Res-000431	-0.0640249439875917	-0.122183445850954	-0.151090939627925	-0.120626221666035	-0.0848498567382198	-0.102467182657953	-0.0311984481716717	0.777373644681574	0.221207964996649	0.573986200817412	0.561142942739291	-0.15038547917833
59	Res-000439	0.312648857197686	0.618438361573143	0.446982057313328	-0.745251377862651	-0.726925753963112	-0.892921373497304	-0.534370496350736	-0.279697206917832	-0.4255490061758	-0.739494406650598	-0.444510659670715	-0.140773134047384
60	Res-000446	-0.0317872897718211	-0.0717202787304916	-0.0718084526005345	-0.013926462102918	0.0338142380463362	-0.0354532348156571	0.552262803196337	-0.0187867025515297	-0.0231348957186544	-0.0182654805729128	-0.0617989297391248	-0.0187167336016962
61	Res-000447	0.00562321581630981	-0.0315548470952406	-0.0355259407227484	-0.0209223802169676	-0.0171377702907712	-0.0313864464914166	-0.0322480498868944	0.385614990471136	-0.0339329171652705	-0.0315627938775124	-0.0427719215344021	-0.0214436282190493
62	Res-000449	0.0122829720449487	-0.0266247490200444	-0.0408496743552756	-0.0273260661649563	-0.0315108127157379	-0.0317316460142189	0.320869168094249	-0.0285790028081656	-0.016984458725642	-0.0194989725091299	0.0126668070711214	-0.0315136027541985
63	Res-000453	0.0334146870898308	-0.018958530414514	0.0366502493909669	-0.0279847957390762	-0.0269922534290827	-0.0279067233826929	-0.0353094803408247	0.00979640221836952	-0.0214996783693344	-0.0378096098522394	-0.0310872875443965	0.0700635377577029
64	Res-000473	-0.0550535587780685	-0.0971722955744267	-0.178353918094267	-0.147512958951342	-0.156383869404183	-0.151519404857826	1.41273894574118	-0.123615842446444	-0.10565708483148	-0.0908672141303931	-0.164605344825634	-0.103711040147354
65	Res-000477	-0.00679508715084165	-0.0861070005176463	0.0296112061267228	0.00464423796732683	0.157024286485118	0.0153350714517753	-0.0657379936126397	0.00125323574528177	0.0101634186120922	-0.0981540266082451	-0.08555300735893	-0.0966153415795494
66	Res-000490	-0.0197615040005134	-0.0224600674479597	-0.0380398700256561	-0.0339927333191829	-0.0253832940478629	-0.0236233363866938	0.439047051347415	-0.0362720923020577	0.0194922973712538	-0.0368738517307214	-0.0212805015440941	-0.0382548353007018
67	Res-000493	-0.0284880614878144	-0.080662660580987	-0.0873274683117878	-0.0881647463599087	-0.0825357106347387	-0.0755285306736282	0.948976928974738	-0.0872527151278044	0.0135039404756841	-0.090793224321889	-0.0855138788915908	-0.0899995345659616
68	Res-000495	0.0176193635990092	-0.0188656374609648	-0.128928148748962	-0.0840143078428635	-0.14045550120059	-0.345439907456158	-0.245092670130311	1.11327998175527	-0.149542860412307	0.00160360010109639	0.377762038754479	-0.264871856304753
69	Res-000505	-0.0303333126182474	-0.160165856988605	0.0865384522480169	-0.0984727644173692	0.461507210319544	-0.225136503757841	-0.105670962505294	0.00947921251115025	-0.114960954305692	-0.0377317143045179	-0.0480300177956949	0.0822651741713381
70	Res-000509	-0.073988479193503	-0.660521796199372	0.278483134343702	1.02241542628368	-0.164446872324837	-0.569478160469306	-0.776543594882972	-0.240048213827136	-0.132690272656502	-0.0427822129799531	-0.563718353515872	0.129357764584922
71	Res-000557	-0.10911407468441	-0.20605372639125	-0.209302120999643	0.516103253103723	-0.149054235102797	-0.180048746528311	-0.114352410391217	0.425614205149704	0.192711177508719	0.440188669482439	0.0944726449610861	-0.176616343218726
72	Res-000578	-0.0053108143606329	-0.0335694859836828	-0.0431400635065888	-0.0370156712417629	-0.0410296604137598	-0.0366644738363114	0.329633300158836	-0.00153104202865872	-0.0300198059369298	0.101856313746386	0.165101291911594	-0.0408052156365297
73	Res-000579	0.0123000141265658	-0.112048421896303	-0.1316745498573	-0.120328422149409	-0.12230405047914	-0.12341132841286	0.89356969133402	-0.0907264174695041	0.195449115431872	0.109430161126046	0.0887587952229671	-0.143287009227932
74	Res-000581	-0.00134306531749699	-0.0345523763368988	-0.0368008406344372	-0.0412889893872526	-0.0322347780448628	-0.0372573341443862	0.0883567161084049	0.0646903460582774	0.219564273861021	0.189123782770973	0.0368581796173951	-0.0298720840178898
75	Res-000589	0.577165069248585	0.0744210820176048	0.976080946320646	-1.12578786097148	-1.14842351972727	-1.24861859312335	-0.57790197576996	-0.381316348224539	-0.747239201820814	-0.905055422901254	-0.669036870403187	-0.0324582108614737
76	Res-000590	0.461642902098064	-0.00920316232052043	0.588969302271749	-0.652405252564572	-0.668115526486913	-0.605977796207048	-0.298255510314157	-0.313937703568159	-0.34316532543911	-0.516395858941344	-0.416818228520665	-0.0756102379624011
77	Res-000599	-0.0540958753109779	0.148363014548068	-0.180798280374091	-0.169378462325455	-0.129868910731411	-0.166942331547523	-0.00486732569079001	1.07656265890884	-0.145291983141453	-0.00990232895909457	-0.121540034772712	-0.0834692317504047
78	Res-000624	-0.133620836125189	-0.122125696490243	-0.206584912567213	-0.223106361537365	-0.197665291989292	-0.212956167547513	1.80899326504483	-0.195433592776223	-0.104858066999611	-0.205393789219626	-0.199748242707585	-0.199147854504898
79	Res-000627	-0.153691410596678	-0.410382517762308	-0.495770668217918	-0.481262444881792	-0.462585355513707	-0.465537417366499	2.35345242778806	-0.362161354456476	-0.213027088054858	0.599429495133861	1.00170448344055	-0.466204149095426
80	Res-000629	0.0129899536452413	0.0289851655648074	-0.0724193206413773	-0.041412916235432	-0.0543810776034384	-0.10369584027723	0.413987085925748	-0.0454362399148647	0.00449946378925087	0.048573362694634	-0.105224037969011	-0.0674717476991959
81	Res-000644	-0.0396512440545144	-0.0837503765331898	-0.0847508136268628	-0.0749783196485547	-0.079873719541743	-0.0526128563572822	-0.0658702123760259	0.97662943469165	0.0202973503593081	-0.0127252688685998	-0.0521527095599294	-0.0782763549195656
82	Res-000651	-0.0180149923787976	-0.0354436125718451	-0.0665734896142307	-0.135938756760092	-0.0948657069085592	-0.017946246007404	0.67313772123551	0.0742659510146675	-0.0195017319197809	-0.0538040954166727	0.185926096744873	-0.0822431451322798
83	Res-000665	-0.070094658449986	-0.0715524368096935	-0.0878959834769353	-0.0711232927284867	-0.0542350560739594	-0.0676106860336554	-0.0418408119078284	0.839111595642576	0.390779875455398	-0.0280686496284015	-0.0634770899626723	-0.0104534952128384
84	Res-000674	-0.0347337218474049	-0.0927335026951835	-0.0948343965987474	0.166273181542754	-0.0691700738129334	-0.0735799916964623	0.188815643262168	0.0720081947235655	0.0314018433551505	0.246855353340576	0.114307227715137	0.0778940500884228
85	Res-000684	0.0195415266471346	-0.0188712565730744	-0.0256197118868651	-0.0198091099638101	-0.0252971978640467	-0.0207501449710337	-0.0215178959720757	-0.0247529680471625	0.102440954464635	-0.0299808984781725	0.015357829900986	0.450302807565832
86	Res-000687	-0.0478683641826936	-0.125954537231744	-0.123497491007329	-0.065453212626798	0.000217073005214785	0.434361855704816	-0.0261750160053572	-0.0134996781860592	-0.0282956121786735	0.210465724730561	0.540786237833807	0.0843792224054085
87	Res-000692	-0.0363436487997014	-0.0785574065776306	-0.0878788404328823	-0.12450674461501	-0.116126207179547	-0.132362042505965	0.00600983849558157	0.286048608915794	1.17960182745848	-0.052489546126426	-0.0949567901598961	-0.00253255795874305
88	Res-000698	-0.00935587952411035	-0.0374434047798278	-0.055345607367546	-0.0565731135833458	-0.0487213768653611	-0.040550802870224	-0.0439364359765054	0.650320371460671	-0.0106998931075675	-0.0276515646291491	-0.0579297516959235	-0.0727229974485554
89	Res-000699	-0.0195313578826456	-0.0240633839911577	-0.0266708781631211	-0.0234289347644993	0.206386994767472	-0.0179152426457453	-0.0228608322484754	-0.0450726329784098	-0.044738816476388	-0.0418232256453401	-0.0237660764154425	-0.0066877109258705
90	Res-000706	0.344391223703119	-0.31043951805129	1.00293256898264	-0.514442354719672	-0.673027493339282	-0.841823673586519	-0.600186381882774	-0.334248076926187	-0.375075219189572	-0.472065994111236	-0.461755231808623	0.169775272988443
91	Res-000715	-0.00900057337170948	-0.0799898472730524	-0.0944318415209351	0.14404733108547	-0.0322112903447051	-0.106201228614372	-0.0716117875104415	0.436624563380615	0.0294484953324154	0.0565553618613669	-0.0805927834838621	-0.0842762021340815
92	Res-000717	0.000886839962146578	-0.0243012595854744	-0.0295360416766313	-0.028879196481173	-0.0270304101870907	-0.030878690798733	0.320206821620648	-0.0248439767763463	0.0156786458578476	-0.0182642163887304	-0.00431281558137453	-0.0371138722708944
93	Res-000728	-0.0865679149384201	0.224249417680019	-0.296467878906721	0.484767408059338	-0.173909573222266	-0.253527508922462	-0.187318373078506	-0.0155606224985145	0.101221770654844	0.0455241312133072	-0.254411657490024	0.0324526152632047
94	Res-000734	-0.0185082938292805	-0.112225452382755	-0.0708967114455226	-0.0981925546292381	0.462040237142276	0.0197098980419163	-0.10015143252447	-0.0126495352700569	-0.141924198746203	-0.111747601118902	-0.0460585796917248	0.0120712290990966
95	Res-000746	-0.0562886793411994	0.208744049277658	-0.152767276051446	0.0623578345609407	-0.176178397665766	-0.231340932346779	0.648574671683705	0.0492552101032071	-0.131847667437442	-0.0995622837981428	-0.185225769774803	-0.324819727537942
96	Res-000772	-0.0275855459356435	-0.0193799225622779	-0.0206764889643423	-0.0187748307905142	-0.0166074977506786	-0.019398547199085	-0.0238142023774338	0.206346057693158	0.280119016515063	0.0101216833223238	-0.0183284183240051	-0.0235930856885709
97	Res-000775	-0.0109196484252019	-0.00867860934804961	-0.0132752991509853	-0.00813155726011355	-0.0110089064068107	-0.00730588871140753	0.00509328267057186	0.121698202653291	0.0209900081753603	0.0151958297519037	0.0735401023419411	-0.00520104117634118
98	Res-000780	-0.0453030435758971	-0.0708616629900968	-0.0715369821083935	-0.0769581116484494	-0.0334473311373841	-0.0442894698925687	-0.0406398003939875	0.766708894863641	0.181818264700044	0.0708354909963887	-0.0758401183017081	-0.0730548225476353
99	Res-000793	-0.119356647104162	-0.106709306790078	-0.449812744666167	0.637925641830411	0.453762558955786	-0.347234939579362	-0.261840279028039	0.0425266337607828	-0.185925980640407	0.0474510436607339	-0.35022421601435	-0.225332432435271
100	Res-000803	-0.0338043432384584	-0.0574659854364781	-0.0513830860017377	0.0786848557148079	-0.0389836226665043	-0.00460076488779973	0.111531499484283	0.107893155042189	0.102236024761737	0.15499543235108	-0.00123138776884344	-0.0306361658299851
101	Res-000806	-0.0302782897113605	-0.0280041339511715	-0.0314030023382333	-0.0230579484425355	-0.0229236310337869	-0.0127200495571362	-0.0236277247745697	0.288676957499532	-0.0128534513690538	0.102552529626596	0.291572164326858	-0.0265210212409669
102	Res-000808	0.00399500844574294	-0.0138019574193764	-0.00306757889302813	-0.0144371672031872	-0.0116764362274804	-0.0179420486883441	0.14995185247336	-0.0183614648074491	-0.00775981695906538	-0.0152211075799187	-0.0176272286474799	-0.0167444650273328
103	Res-000810	0.0668449897319208	-0.0332709016665673	-0.0577530482165572	-0.0721334751402214	-0.0655094694494879	-0.0401892225441369	-0.0593543682536594	-0.0100668045135724	-0.0794389168279064	-0.066980491554927	-0.019137240383813	1.108996509849
104	Res-000824	-0.424364793071463	-0.865550180318245	-1.27831679631142	-1.16816476655022	-1.1848591171233	-1.16693797795463	4.10655030260674	-0.994905738014497	-0.878041169324932	-1.01397169858614	-1.11337296741593	-1.12565904784771
105	Res-000827	0.119077015871794	1.02927702139706	-0.243434144155308	-0.389195624649217	-0.6241763371503	-0.458855099272179	-0.357227120842085	-0.431622464949278	-0.431373745642664	-0.433158621683469	-0.435479616290946	-0.254592116460897
106	Res-000838	-0.0928707027675697	-0.137245543650255	-0.0103508042978794	0.425009723215509	-0.0605107221967644	-0.0215968825291229	-0.0513892964562472	-0.0738406154664584	-0.0539351132388038	0.087825458653778	-0.0865129160566738	0.0152635353552729
107	Res-000858	-0.052592852938727	-0.290915043547719	-0.313051432971208	-0.319404565208492	-0.348027194376432	-0.34766715086803	-0.143303598870989	1.33887758323817	1.61701458147063	0.0934579528306062	0.35225096574135	-0.430368294083352
108	Res-000868	-0.0663536563698228	-0.655661300443464	-0.104321611813169	1.13227170952414	-0.325824058382524	-0.786648038432148	-0.310214040770201	-0.10819441761278	0.449617325031552	0.341460154277665	-0.502495862776304	0.0271529479603252
109	Res-000874	0.0499774811902399	-0.0225068746439893	-0.0333360435860405	-0.0372658572726151	-0.0395150352553334	-0.0333875359169301	-0.0473734637232626	-0.0399485037521529	-0.019205513055234	-0.0184837232521308	-0.0110684134493875	0.675053863524887
110	Res-000879	-0.0117354526348958	1.07827080689618	-0.159520103412762	-0.491665418356826	-0.317624398214297	-0.591391116441161	-0.429434123816933	-0.238147379248978	-0.295369350562857	-0.489902890720047	-0.434513784828895	-0.359776391714806
111	Res-000880	0.00327995127956898	0.478611324058373	-0.0110073834777887	-0.1916234888761	-0.16731014766275	-0.208890979366264	-0.193225318974117	-0.0943240642494187	-0.0999524885405166	-0.154153852761411	-0.184690605736775	-0.0994736816499915
112	Res-000894	0.0265471803755808	-0.0222298473292461	-0.0217211930740327	-0.0206698953019382	-0.0183460933490629	0.00548687014231967	-0.0435575701723917	0.00690708156579762	-0.00385791768003089	0.0390763244334161	-0.01771950780136	0.31119029220998
113	Res-000902	0.000783581646489111	-0.0403296289142265	-0.0253226617488092	-0.0400896286810358	-0.0394353716740879	-0.0345020060101102	-0.0268265437257781	0.469796356566494	-0.0255402862908875	-0.00755039552431832	-0.0426723484467845	-0.0310721750730388
114	Res-000909	0.278897111494952	-0.22249543048249	0.532479563031983	-0.324917392621081	-0.369057866681225	-0.370294902659828	-0.277033334086766	-0.192419841642922	-0.201484462289444	-0.291221538321326	-0.0647059966959495	0.230854852156443
115	Res-000922	0.00957806766490962	0.0157431046757403	-0.0355423256409964	-0.0361158947837353	-0.0483830564377162	-0.0178237175343239	-0.0382081908110828	-0.009850812952286	0.380396782179558	-0.0441501612537884	0.00663657888988052	-0.000685993750214775
116	Res-000928	-0.013820033347151	-0.0310961170475947	-0.027984952788039	-0.0322731110806512	0.00457410924989757	-0.0304096921865953	-0.0284689252734548	-0.0221442446414176	-0.00845283318588112	-0.0217466390515901	0.741032528514986	-0.0260587401168305
117	Res-000943	0.00898751712455125	-0.0170648285106892	-0.0298194838692804	-0.0251048431593633	-0.0352559347067599	-0.017875959777172	0.00382918043733154	0.0654125480269304	-0.00842636012179693	-0.0304049515465301	-0.0276296844789944	0.656004108678755
118	Res-000944	-0.0219837155941395	-0.0584144020750472	-0.0895458254643056	-0.136964645478615	-0.0648564771241256	-0.12222821262067	-0.0956518698684419	0.133497565657949	0.240737788896724	-0.110139900092382	1.31693995894556	0.288226716567529
119	Res-000947	0.037228478083705	-0.180294050792613	-0.134748075525266	-0.183533084022094	-0.168887587659604	-0.151008823391446	1.28963790485866	-0.069199998014181	-0.0939760283975371	-0.127438338863455	-0.149227338671784	-0.188929121832061
120	Res-000952	-0.00272861797722174	-0.180575357641963	-0.23401299872897	-0.192260545390638	-0.165517016369501	-0.165075104502097	-0.103329047883899	0.897571142728407	1.07816404085672	0.167724002678596	0.210466913579028	-0.227773200799832
121	Res-000959	0.369155455221948	-0.137045785436372	0.221943339230532	-0.340850909321929	-0.30470924029935	-0.347990426212362	-0.15486945075299	-0.16177629949308	-0.069308033925211	-0.279714887771841	-0.0699005903903188	0.15123443233957
122	Res-000960	-0.0968407156212167	-0.170259419459866	-0.187327898044411	0.0913270553649084	0.688156807913706	-0.145204936992168	-0.145436063641697	-0.0822232753941507	-0.087220679446109	0.0461156121334514	-0.0999585242349995	-0.0768735684925845
123	Res-000962	-0.00557422796354416	-0.0171078600590926	-0.0279833413589558	-0.00959929850178263	-0.0292805152907115	-0.0229159390608865	0.0353872615405722	0.18569696230063	0.110160716787641	0.0143664219039769	-0.0289248326576101	-0.031940662938861
124	Res-000974	0.000514234619663489	0.257700429708156	0.0336959555364039	-0.00998837558588306	-0.114156251650474	-0.227383759446337	-0.0753496864350279	-0.0687291376003752	-0.208534268685066	-0.0256023503074848	-0.154265248572735	-0.0369256113604353
125	Res-000977	-0.0158519931931724	-0.025437246970171	-0.0376421375774733	-0.0268686034423986	-0.029237941063888	-0.02581208242639	-0.0139165173125754	-0.0220777046394147	0.625467133074277	-0.0305813375959015	-0.0450524772976766	-0.0441330584540966
126	Res-000982	-0.851838498307911	-0.741300910648469	-1.54728184334253	0.492697748423259	-0.672241354236646	-1.35563408566377	-1.0051667276991	3.85198218481279	-0.717402943944732	-0.401235911209657	-0.937201661053338	-1.20585192143118
127	Res-000985	-0.0451264422838091	-0.0680532363640922	0.00633019677966906	-0.0655262701162006	0.184924387814126	-0.103764584895327	-0.0762773634647254	0.12465474401831	0.312880612617398	-0.033667636527289	0.0229892112158833	0.188307226555351
128	Res-000992	-0.0258131832703918	-0.142331564900051	-0.166665727461468	-0.143670841244172	-0.145614780720656	-0.145740384054411	1.35806848494937	-0.0944867827159014	-0.110663635771053	-0.109761004825554	-0.121862224229825	-0.0833665702657896
129	Res-001017	-0.000463966617636466	-0.0321265886597221	-0.0505064106032553	-0.0568028894235672	-0.0374925519443334	-0.0429262275152488	-0.0274785859767113	0.543964895798099	0.00478262495601815	-0.0188428296213404	-0.031359852731372	-0.0674128796420756
130	Res-001028	0.0899570866393412	0.130673365521316	-0.19107197266758	-0.0817007151048249	-0.253468983993621	-0.303586976315475	-0.161090959293168	-0.0187728845638724	-0.0574139913942467	0.447283553755357	1.03914229475131	-0.190089793529917
131	Res-001029	0.0259051482201134	-0.0163016047953819	-0.0393125443038723	-0.0289483085148692	-0.0262339939860846	-0.00437433405792023	-0.0224425738610526	0.00471932133429106	-0.02983391126198	-0.00173259260358506	0.00502980838507508	0.582343767333304
132	Res-001031	-0.0514983853196979	-0.158901046597809	-0.225848572395613	-0.209179306665019	0.479042367185883	0.588681321032694	-0.0875930869988454	-0.088944688705162	-0.0228681661620643	-0.134869762650968	-0.146058097593539	-0.167304753774773
133	Res-001035	0.571335149469008	-0.277809611887991	1.04864956930694	-1.07954875042914	-1.1633921549862	-0.894769997545682	-0.595845668325808	-0.36991797142776	-0.415653154699697	-0.909304472017258	-0.362622866704359	0.506845692549738
134	Res-001042	-0.0143583312001966	-0.0184828601390238	-0.0162100133640729	-0.0150377791746845	-0.0139361248044352	-0.017707211271374	0.00532845195065786	0.179860571059098	0.162238257736926	-0.0123292728057105	-0.0209027071980653	-0.0205776879969049
135	Res-001050	-0.0551096648460911	-0.209221966749629	-0.309052018000348	-0.295530052580579	0.369403940683138	1.02818163494616	-0.159501308363275	-0.0437960480120973	-0.185115053474737	-0.21542624462343	-0.162364692049709	-0.188982170223226
136	Res-001080	-0.0126864550474566	-0.045646448627899	-0.0646741334836743	-0.0590350973518579	-0.0523662639280478	-0.0460945391086589	-0.06219437048969	0.509920373777539	0.306991458526652	0.0362242511530228	-0.0185814421908491	-0.0712555999125294
137	Res-001081	-0.150101326448118	-0.344387057132281	-0.449962177425172	-0.418379377017631	-0.414283875790249	-0.405171316668367	-0.287508932767989	-0.27852567748784	3.09602063887709	-0.402242843718776	-0.288237540463938	-0.3977211960701
138	Res-001102	-0.0227684341396624	-0.0496574545789233	-0.0783572852662844	-0.0703464780567535	-0.0685088576643444	-0.0338430264338109	-0.034947671588576	0.00436118036241633	1.00521360024636	-0.0345314213735208	-0.0596026503462864	-0.0601253997764098
139	Res-001113	-0.000856061909235747	-0.0110278783829176	-0.00668666774292583	-0.0100414487497871	-0.00651842852201755	-0.00599443516460399	-0.0154591197905333	0.0335740077728876	0.011028216409309	-0.0102482305522241	0.187116742131136	-0.00895184904938201
140	Res-001139	0.06770322538409	-0.080199702714293	-0.0479848200059412	-0.0613483362758522	-0.0473075048402962	-0.0389162768829475	-0.0192973616425371	-0.000601720831815061	0.0198756217352144	-0.0730267562979376	-0.0555312144948832	1.01205584618054
141	Res-001140	-0.00318931169417183	-0.00701903262589409	-0.0132705688696768	-0.0139561188941991	-0.00666685927833678	-0.0213470343386445	-0.00151374524561008	0.0253135946571608	0.220024417485019	-0.0251182123658273	-0.0163881214293915	-0.00694073825858179
142	Res-001144	-0.0197278183082214	-0.0117941264681514	-0.0224325012278635	-0.0178631240746705	-0.0247978542388054	-0.0286166887377804	0.338447509180474	-0.0260097288545157	0.016840614745143	-0.0242942771422075	-0.0149591370015689	-0.0273567423966137
143	Res-001148	-0.0320247451388862	-0.0281099215242391	-0.0459503465683689	-0.0342225741998723	-0.0252591890511613	-0.0300866530793156	-0.0285278133992959	0.120442764615538	0.020166686663489	0.568435651867448	0.133302816293614	-0.0242405875440281
144	Res-001167	-0.0267750510574209	0.05458436772	-0.0659717267613385	-0.0442149504283781	-0.0321728838260336	-0.0568545891690757	0.0733814467894496	0.408831165278994	-0.0489851771441641	-0.0448729734578553	-0.0158901343958147	-0.0620771689855455
145	Res-001169	0.0068384614159794	-0.00531635749293955	-0.00755246675427261	-0.0100804867094809	-0.00993883151912155	-0.0153399045962526	-0.00669571445430858	0.00774023504875801	0.122352794616984	-0.0118426845954909	-0.0122091617382647	-0.0118657876474528
146	Res-001171	0.0162845637671757	0.13896821033829	-0.124863349982483	-0.14222759880904	-0.113771120996797	0.0924173774096057	0.0432005306200854	0.232126933284507	0.140278546577469	-0.0703871890502721	-0.0628141998981148	-0.154311333416182
147	Res-001172	-0.0748415733703606	0.222427822669151	-0.172942458806161	-0.152706569053427	-0.132625153279976	0.11910630652864	0.0806191503955447	0.341576802017745	0.257445814144072	0.0183125393555821	0.0331189351803725	-0.121121717550638
148	Res-001182	0.223605152345366	-0.111994806160533	0.218518456633019	-0.197521457878653	-0.206679395725024	-0.239345643835887	-0.090819281721788	-0.0737649232091956	-0.157948373521581	-0.153234692466823	-0.0632003821909807	0.143308202253345
149	Res-001185	0.623318156325106	-0.266981013005633	1.06118168399425	-1.11464699085986	-1.27001156380554	-1.23530295544115	-0.670273105156782	-0.36450875433943	-0.498975794707296	-0.728544096394271	-0.420527856181407	0.652381034122127
150	Res-001189	0.275043668651612	-0.293431767379564	-0.679409834709341	-0.827041138483257	-0.667709270837313	1.76946736784034	-0.208849828906208	0.15132171649409	-0.222960079779039	-0.211105771256409	-0.447649301280723	-0.826466342473434
151	Res-001204	0.0131850899576235	-0.00303290103614082	-0.0618764118802872	-0.0597324087283707	-0.0472004609139743	0.121436770712166	0.00493602643207301	0.0434356923060097	0.241493526775994	-0.00317136392596576	-0.0581829648488605	-0.0683686941489046
152	Res-001214	-0.00702870473485171	-0.00996753039264642	-0.00809956976870307	-0.00898560049744792	-0.00924067596948046	-0.00922910724208164	0.149697867460757	-0.00112716590778235	-0.00490911852186158	-3.72017337832535e-05	-0.0137011584635092	-0.0100214857295938
153	Res-001234	0.00559850002858002	-0.0169467716944057	-0.0155569050414108	-0.007289913459811	-0.0110165308586052	-0.0158921227235303	-0.00664800961937114	-0.0127786465995925	0.215046854333213	-0.00325800184468016	-0.0267902116647638	0.0278277315778364
154	Res-001240	-0.0118130545248726	-0.0115246197637209	-0.0139014840360506	-0.0159426569420864	-0.0127037536577255	-0.0119845732024534	0.0418107942954714	-0.0126635131199302	0.285053749018993	-0.0142889233900184	-0.0161841730251769	-0.0155036226426342
155	Res-001244	0.0171022726938211	-0.0372854190174611	-0.0417071511390483	-0.038850509411838	-0.0156596179797459	-0.0235399515161217	-0.0336150343310344	0.239020040324487	-0.0124863316922056	-0.0193713240953685	0.261327789847331	-0.0336165705170884
156	Res-001270	-0.0165126971954654	-0.0156399913312841	-0.00412875769043382	-0.0200185332889651	-0.0150945007976459	-0.0192990106328307	0.256588974757987	-0.00252039840809447	0.00548300805682188	-0.029119431590469	-0.00159684102770219	-0.0335880701350429
157	Res-001274	-0.0372712199332021	-0.0599375742024673	-0.144489284389259	-0.135519388250821	-0.115904293555639	0.870676583583173	-0.0893482076943327	-0.102780754150928	-0.0233541239596989	-0.0738717066463494	-0.11577439515204	-0.148050852916967
158	Res-001281	-0.0150289243189048	-0.00390435737039696	-0.00662422651567408	-0.000586337010340776	-0.00290276110017068	-0.0034486315956235	0.0134063185994548	-0.0049096984410995	0.148161991412089	0.0212142091145983	-0.00191030181533124	-0.00819539812622949
159	Res-001295	0.00703751910131348	-0.012983465213585	-0.0311504609540509	-0.0382817788917636	-0.0319719243598445	-0.0389646737124209	0.327105104711729	-0.0081921600973735	-0.02182606302964	-0.0424340991297981	-0.0221812407052153	-0.0112691991706787
160	Res-001296	-0.000790314543062637	-0.0113204275994321	-0.0112040366840667	-0.0101939953789441	-0.00861499391505022	-0.0105861580822047	0.13540091462117	-0.0107682551599305	-0.00922754645986493	0.0148456629284447	-0.00971620159882197	-0.00984525650433688
161	Res-001304	0.256237452355022	-0.00827421417341745	0.26541152879685	-0.00637786667608442	-0.390081373960954	-0.541602983012539	-0.166375358876672	-0.224589909775334	-0.332419094690161	-0.177659139195235	-0.325163023842456	0.114648161076226
162	Res-001342	-0.169122450543196	-0.149517579342731	-0.215090922927076	-0.190385308188796	-0.124882709788438	-0.211596117056461	-0.128917696816509	-0.096180978088039	-0.102330336739913	0.779111944138648	2.4038815232703	-0.160343712920618
163	Res-001352	0.000627734965238194	-0.00162861143542869	-0.00196830558843367	-0.00354125248897339	-0.00390757270216633	0.0233102480139797	-0.00594987198733925	-0.00570078855289689	-0.00555046041562025	0.012598858376425	-0.0042892440225498	-0.00232136300465411
164	Res-001354	-0.00137179844460824	-0.0030798689360224	-0.00263566621649849	-0.00302516170867988	-0.00205570132441796	-0.00159184177212993	-0.00281207845226699	-0.00325343202998877	0.0669857915998897	-0.00272551891247688	0.00168405336359312	-0.00287000757601388
165	Res-001360	-0.259555884958341	0.345139174010742	0.0442012306027382	0.463711439687085	-0.524297396969995	0.388793411764267	-0.397447351255894	-0.230347079856963	-0.0371962999618538	-0.242601809284477	-0.647253408003706	0.0246033387846458
166	Res-001366	0.00846238970427382	-0.0144536956887449	0.00535779815997686	-0.00873285483131535	7.79703676685832e-05	-0.0152851178987848	0.0275118123014727	-0.00410437963237023	0.0110250537300658	-0.0108119795185186	0.00680523067423473	-0.00355698622777969
167	Res-001373	-1.36016312321706	-1.85010381177273	-2.28672723430367	2.62606325706691	0.647702013724788	-1.36191175932981	-1.1639712630517	0.101585981634328	0.991668211176628	0.997156409993962	-0.959876663889611	-0.444672625929948
168	Res-001385	-0.00614598450788903	-0.0730365835601998	-0.0281313470522713	-0.00953244591598944	0.259398666889661	-0.0704574278110465	-0.0528250132346805	-0.0212838449067965	-0.0491829119179148	-0.0409736258177552	-0.0667754229130827	0.0621311996924998
169	Res-001386	0.0134390508880667	-0.0611212786682202	-0.0748125557635319	-0.0708519243975136	-0.0634086553076564	-0.0511782609116695	0.667991316293026	-0.0699039960582159	-0.0156699567092985	-0.0486853327263045	-0.0586668466318751	-0.0531837908041438
170	Res-001399	-0.329906696486187	-0.650327547951696	-0.786042586478629	-0.684066233829893	-0.661144590978392	-0.71894633916299	-0.500102936764432	-0.199379861145461	3.93138847484028	-0.745076338178032	-0.501791013588434	-0.716690820701731
171	Res-001403	0.00186471031578174	-0.0052836844366006	0.0252170208915567	-0.0239275391894641	0.000801792521512648	-0.0117614361052528	0.0270823329122619	0.0126433247796681	-0.0320334866252136	-0.0285105767869415	0.0438458794663352	-0.0413435630906744
172	Res-001419	0.00394816929776547	-0.0125344069663349	-0.012233278524596	-0.0100171482403836	-0.0114312893986015	-0.00986681955489241	0.112217404720282	-0.0103932371997858	-0.00910986283731681	0.0198704674494116	0.00770189231492414	-0.0104569155403367
173	Res-001426	0.0998720330916226	-0.133841528216065	0.129563623238086	-0.144030118305389	0.141948716754906	-0.138967003564691	-0.0676313374287581	-0.0960638983285301	-0.103877843267732	-0.094235049170011	-0.0839068752138735	0.0667292804524077
174	Res-001433	-0.0549601282438597	-0.081881235326625	-0.103772873877726	-0.118028911016304	-0.102247684264205	-0.0987344035001885	0.978233848495241	0.184459057960078	0.0354278786089449	-0.0508776110470962	-0.11188190775322	-0.105429025954778
175	Res-001446	-0.0292377077653992	-0.213755536140783	-0.238451684349882	-0.238091421241338	-0.218655438641595	-0.188893344262223	1.70591839157307	0.00488874442745574	-0.151661362253994	-0.207672849906487	-0.222745920861091	-0.229395654284843
176	Res-001451	0.014353381395839	0.049480732485791	0.0894778120371498	-0.0490200989350276	-0.0657260348323395	-0.0558564455104989	-0.00219211863730684	-0.0690695767942768	-0.0444836874089314	-0.0602889911824082	-0.0348155333792639	-0.00495685359927753
177	Res-001465	-0.145066395601072	-0.525340562150331	-0.12232926147434	1.28902635068165	-0.254753117550856	-0.692159657163741	-0.484053769194183	-0.194682387085671	-0.173665167333762	0.247578539771121	-0.589221781225219	0.0852104825308133
178	Res-001468	-0.0256052022817913	-0.0640112075061417	-0.0693787599240999	-0.067552435654483	-0.0641948417737149	-0.0489204152359875	-0.0581928400291205	0.5917052209788	0.301482808869269	0.116471243651917	0.0526732334619571	-0.0825854728857953
179	Res-001470	0.0352240371756562	-0.0129009473222316	-0.00254728905545087	-0.0531230839471608	0.061268238612091	-0.0669890093164552	-0.0262570015831889	0.0289616064235967	-0.0159789383679731	-0.0401414068649321	-0.0204480769165147	-0.0100888959530502
180	Res-001473	-0.0259199071873158	-0.0246114840194084	-0.026777798417036	-0.0272551791886281	-0.0253271101104935	-0.0125686300949709	-0.0271424041824839	0.231332713314791	0.285843596053678	-0.00691802018021884	0.0611178510454268	-0.0246823535796059
181	Res-001474	-0.0148117438789617	-0.138981963052421	-0.174302396556376	-0.142565756163982	-0.126785036511008	-0.130153128743157	-0.104978687418082	1.00601451855622	0.699184488626571	-0.0867272493510616	0.150567955552946	-0.147288718103811
182	Res-001477	-0.00131380210923532	-0.00640445730150128	-0.00132705468604309	0.00728581586273524	0.000964104017468666	-0.00326361446356737	0.00285258629172697	0.00478590716601259	0.00360989259143556	0.0134865448778191	-0.00462936647520686	-0.00520155132162027
183	Res-001480	0.0171390291753945	-0.0378913910458233	-0.112789968397135	-0.101613436833601	-0.090312720352792	-0.0900833141253337	0.846312198217507	-0.0934527320508352	-0.0399659520236576	-0.0870530004764102	-0.0812913013788902	-0.146768116968357
184	Res-001484	-0.215232031221803	0.0155649646317806	-0.459855296559487	0.723045713025219	0.478354473576566	-1.22962980343045	-0.747946591448381	-0.0593437955592195	0.883090922851974	0.356964487372343	-0.41585297852839	-0.609700872642381
185	Res-001485	-0.469558064597147	-0.887649213791447	-0.979598918066188	0.599956611596213	1.19431608993658	-0.64771405950627	-0.276702252417105	0.611365990068838	1.5665876072708	0.113070330977775	-0.42166676994396	-0.202624048237962
186	Res-001517	0.0180497823030417	-0.0138636419854751	-0.0163800718025622	-0.015537040678311	-0.0166655991599324	-0.0167341270708169	-0.0130595893992921	-0.0167622332084052	-0.0122537945106664	0.000490832991424016	0.263339507936299	-0.0158362636621637
187	Res-001535	-0.0522901309256055	-0.068827339699931	-0.0650250815344326	0.258060600675787	0.000427706893202824	-0.0513667217710147	-0.0244028596421511	0.0522143186252178	0.018434985326024	0.0476353040976038	-0.037492000968347	-0.0622008793201947
188	Res-001537	-0.00507948228759381	-0.137763700168019	0.122094246934417	-0.213410446370414	0.439393831930158	-0.22258108005759	-0.121696633225249	0.030980034617476	0.0737859371421301	-0.172270344005562	-0.122931548387764	0.0844726474116409
189	Res-001559	-0.019677438205206	-0.00968554472122502	-0.0192175246910723	-0.0139257050736212	-0.0130606834660306	-0.0151170428893778	0.252793680634188	0.000602618227081988	0.0124612416472	-0.0130010299139932	-0.0183816782397063	0.00580342452912816
190	Res-001573	-0.00335800483685113	-0.00583597007508805	-0.00134410568695877	-0.00572692624517106	-0.00344083306352298	0.00125313913515526	-0.00517889879836221	0.0736743639149094	-0.00289476752535782	-0.000218012130150594	-0.00118556548442225	-0.00498662229095292
191	Res-001586	-0.087595566335621	-0.169371184754789	-0.121207056791519	0.0638437757939534	0.0869938194587908	-0.0567606757719909	-0.167514843570635	-0.114383742438805	0.0260062148671696	0.361217784000876	1.37940499307629	-0.0353431355813245
192	Res-001588	-0.0101964192986347	-0.069827696697826	-0.0372668513705099	-0.0793966761684095	-0.050236153083325	-0.12196292047653	0.728452316624805	-0.000157653830418436	-0.0462761563682861	-0.0504918505021558	-0.0584496922513933	-0.0326973992959131
193	Res-001591	-0.0104468200154673	-0.372411195796285	-0.288035881637046	-0.370600265235832	-0.181802569883481	1.36761419408626	-0.0576451195499152	0.183151906486857	-0.0875736392207607	0.039201422817732	-0.0718711509579288	-0.157237868193395
194	Res-001596	0.00110029416546537	-0.0342997887726861	-0.045720960910957	-0.0464634164429163	-0.0289224537775141	-0.0459290550193597	0.497532485878652	-0.0502928411385029	-0.034813218257914	-0.0431155197438773	-0.0518566738109376	-0.0297494555268151
195	Res-001600	0.00745557465245631	-0.00742164954902522	-0.00960046356252165	-0.0231737861335403	-0.0169712188762891	-0.0194268511745851	-0.00418013973988962	0.00796409169197108	-0.0158122928836547	0.00453943529771066	-0.0167114093421579	0.459091542753632
196	Res-001624	-0.0106798908219305	-0.0407526118824402	-0.0708459362052924	-0.0803582981528736	-0.0714401332772135	-0.0715893398798348	0.781622752893687	-0.0813003909678661	-0.0597543963723908	-0.0652125115805787	-0.0447292807617568	-0.101642707599972
197	Res-001629	-0.0109278329521471	-0.0384199852376487	-0.0445603669931441	-0.0371655343829303	-0.0400848665244702	-0.0390477235442508	0.513748283727836	-0.00528338885001356	-0.035916598281646	-0.0420986069784127	-0.0426425003617503	-0.0419526441216063
198	Res-001635	-0.00570684324865017	-0.0129037950342483	-0.0348482594033096	-0.0356764941325534	-0.0311491800941007	0.161855932315961	0.0145882597113272	0.0278909575265829	0.025282833801299	0.0597246388127722	-0.0167709513839004	-0.0491651717856506
199	Res-001643	-0.0191996192970063	-0.0540516976091238	-0.0652552248965464	-0.0526900806760467	-0.0644284025017292	-0.0494925229487262	0.256531154391684	-0.0418306821035657	0.715716046449069	-0.0496962226749028	-0.0597773820163746	-0.0645328320537193
200	Res-001655	-0.0271211492361141	-0.0350447245075381	-0.033350978319016	-0.0242415358649445	-0.00380005684514945	-0.0945287650190213	-0.123929376368004	0.401464870427368	0.393526586244593	-0.0679263760233521	-0.0361026066011012	0.0253725117744707
201	Res-001664	0.289161103903703	-0.366468810600759	0.625470323337627	-0.435050653065809	-0.42967189628484	-0.590113248285883	-0.304913455685524	-0.0701092803696568	-0.306348931005873	-0.472786627725035	0.952280074670934	0.13805911586073
202	Res-001682	-0.567204745142865	-0.890850949510224	-1.1491471922633	-1.07724407089992	-0.949216401695742	-1.17171876014127	-0.669645714227775	-0.607538481510866	-0.650960591381392	0.451054476941889	5.06901950285056	-0.829879082800991
203	Res-001693	-0.0113071022220692	-0.22976428204929	-0.229724969674407	-0.182330500385348	-0.0129280177685283	0.709999069426868	0.243071654550411	-0.0434300347322245	-0.14341798203187	0.103104064127593	0.306200331393759	0.468754537652201
204	Res-001704	-0.10288836083774	-0.467358036940015	-0.610071900090002	-0.554937045175354	-0.569499315884553	-0.555844232027389	2.77485164692134	-0.326872455052406	0.184932080093008	-0.430624001093648	-0.550191607375536	-0.435893347004755
205	Res-001706	0.0125120113122033	-0.0181022410767555	-0.0126151743999379	-0.0194301219796695	-0.0179607048007558	-0.0148669850979521	0.115429317481006	0.00796812834198611	0.0365036001898128	-0.018297984168952	-0.0206070381121531	-0.00517452902940396
206	Res-001714	0.0121275556790214	-0.0177293009002482	-0.0251067801579343	-0.0301119406651489	-0.0245193366573713	-0.0219710999389512	0.232183609786278	-0.0227252587538337	0.0247572713965369	-0.0251501164580788	-0.01847634693692	-0.0306943612108675
207	Res-001719	-0.00240727595472529	-0.0858529997944021	-0.111526411196034	-0.077699338590003	-0.0795552874082046	0.463697887419215	0.00987238282781916	0.092797293215468	0.086428998066637	0.0548486115892277	-0.039930428890554	-0.087564569233723
208	Res-001732	-0.000691310921185965	-0.0118530931574311	-0.0127342987319445	-0.00928191921547275	-0.00674982662730505	-0.0117396719902317	-0.00685134940474087	0.151787217272648	-0.00493666763992578	-0.0019765113176513	-0.0052676714741357	-0.00286886668821589
209	Res-001746	0.0131664938474229	0.0422872410165874	-0.00640347656511428	-0.0157010480857259	-0.0250004575553158	-0.0294970905494945	-0.0258193861773279	-0.0151518813927488	-0.0297526778441145	0.0277252238914178	-0.0064794405141186	-0.00165379744985902
210	Res-001760	0.00402079121859014	-0.112636945161753	0.100004291326279	0.0433628030128673	0.00324742334285141	-0.105958554494983	-0.100044859151054	0.147995397127229	0.124002142595127	-0.0682868335788431	-0.0659172602645824	-0.0273068312172444
211	Res-001778	-0.0292487815673571	-0.0628390807024979	-0.0942923382927266	-0.083529602779935	-0.0876471774804711	-0.0992211255600326	0.45434621070909	0.0525152198811024	-0.00916650926256449	0.476845430959946	0.452298073970057	-0.064262524237636
212	Res-001791	-0.0307285052079641	-0.0580781174542742	-0.0852717780286449	0.256457992187165	-0.0528802705988334	-0.0363300126884264	-0.067318302748435	0.0423430265663245	0.0262147319229394	0.0721693140212445	-0.0518543754303517	0.0932239594274891
213	Res-001793	-0.274418310632125	-0.502460608369951	-0.614502850383674	1.04783632760011	0.627489666382968	-0.616638289018847	-0.644033857921053	-0.134696020496044	0.28043787918609	0.678912024202693	-0.390620445262522	-0.0834943585526426
214	Res-001796	-0.0100302267678425	-0.0119124879974114	-0.0444804553173842	-0.0512478497748839	-0.039579383796281	-0.0419038796139144	-0.0318356588058624	-0.0317584229014803	0.692861859558878	-0.0366288703434358	-0.0154961989389405	-0.0417133444347916
215	Res-001827	0.00303257106091619	-0.0352445414335842	-0.00518795006748038	-0.0186388756430737	0.110140325958955	-0.0128296844849432	-0.0118224146610236	-0.0120141718058226	-0.0307814046888353	-0.0380893004072061	-0.0325266502099894	0.0301628577915885
216	Res-001830	-0.0634917830011225	0.258324066095072	-0.124911563980931	-0.109816840450127	0.267110383006992	0.132862017849319	-0.208031899166066	-0.150535522286202	-0.250415516595394	-0.192524258940996	-0.206014815771404	-0.0939109473776277
217	Res-001832	0.062313943665359	-0.0483113653720532	-0.0660623946796656	-0.0704634357718332	-0.0631253993543874	-0.0647889272501045	-0.0426672552049926	-0.0375110286573256	-0.0357433039145656	-0.0709240494417245	-0.0538121077125029	1.30017038788235
218	Res-001835	-0.0324308853046665	0.0577000583669542	-0.134171658866258	-0.129843550146494	-0.10815212822532	-0.118401001355354	-0.0942510305667915	0.996515823897088	0.0147176204969992	-0.0784180141374436	-0.0837031782893991	-0.0855582403906433
219	Res-001844	-0.00424544364019001	-0.0274495229811256	-0.0340434246615735	-0.0378600450974091	-0.0278152484199343	-0.0302136298557794	0.240120093768385	0.0353809062726896	0.0427382859400894	0.076120895588351	0.072658317747457	-0.0262135957982386
220	Res-001845	-0.0124161145329999	-0.0363380599383241	-0.0286054103314859	-0.0215690865330463	-0.0268835243768988	-0.0233445782884241	0.291671376717196	0.0220708733323751	0.12147937895142	-0.0106908188255023	-0.0343313435958811	-0.0295746283481282
221	Res-001850	-0.00373713460133337	0.00124859182206594	-0.00402445775714353	-0.00353869940329711	0.00238352774448674	-0.00491306534947523	-0.00770289629863289	0.0600477509102737	-0.0058574345833152	-0.00142236228324974	-0.0063901284795502	-0.00599026770480855
222	Res-001857	0.0104474780357944	-0.068062503383072	-0.0456508563368481	-0.0667364393162431	-0.0709063464575148	-0.0289200047916617	0.285285989369453	0.0551083840543632	0.262559832019353	0.0342157492586188	0.144074718009797	-0.0720103785211286
223	Res-001872	-0.0132016717488383	-0.00794683836287836	-0.0281831570960332	-0.0185364896277593	-0.0188692323304544	-0.0140940840832945	-0.0152659946956815	0.0109803433725279	0.39037569823524	-7.69605857777259e-05	-0.0163427151204065	-0.0165422667675713
224	Res-001874	-0.0159871977018728	-0.0429892381149352	-0.0469680708187823	-0.0378927294135428	-0.0378776693108023	-0.0377884590268295	0.00383277407553274	0.112243882851954	0.607423077701702	-0.000334240402537392	-0.0470666567708446	-0.0483193568039146
225	Res-001886	-0.00987754074585433	-0.00908330243886706	-0.0157938806394983	-0.0128806942007216	-0.0135972091514553	-0.0096190510142353	0.172624650507856	0.00121329160856063	-0.00348305109558304	0.0372334293569572	-0.00569491335594614	-0.0147993293004716
226	Res-001892	-1.06323048035583	-1.91120422825009	-2.56217638237228	2.50649936827565	0.954211156538956	-1.44032417932212	-1.31424144855098	-0.196830725470843	0.6000993126642	0.754693298872936	-0.976802051995657	-0.15400070114936
227	Res-001893	-0.827507803700293	-1.48456500628563	-1.27481473174213	1.91035515668675	1.30032827155964	-1.45408483286011	-1.16373159759068	-0.206878315322442	0.093907664350243	0.529415627193091	-0.976872260627556	0.482344827267609
228	Res-001905	-0.00957272404990787	-0.0499184751995424	-0.0616787531263189	-0.0699603310081108	-0.0676582267120197	-0.0597969957939471	0.616957000056339	-0.0201058342140261	0.0208052042666188	0.0802891885044561	-0.0756677278233272	-0.010177357601445
229	Res-001929	-0.0185672957899539	-0.0681822090829596	-0.0151651538760366	0.0123278412502167	0.208999076475759	-0.131627108483774	-0.0992231687846706	0.110316549552143	0.0871303968615576	0.0257453802884217	-0.0816544626585862	-0.0766575070083449
230	Res-001934	-0.521563401238674	-0.798252432686331	-0.552850058325505	-0.49561080909454	2.32386712009083	-0.504163697790661	-0.678538679785406	-0.384431323807577	0.197729488434581	-0.640976945602504	-0.614049154560277	-0.309150396020753
231	Res-001935	-0.814588730789513	-1.0348853579905	-1.26041799518181	-0.888872676481488	-0.793791040098438	-0.515041614433891	-0.578713750052681	4.24386369071798	-0.455582910483632	-0.61246896262469	-0.938212672178251	-0.622521166408821
232	Res-001936	-0.0566978894955484	-0.0794518077008202	-0.088104821041775	-0.0424920307384937	-0.0580523534945538	-0.0663077508059048	-0.0190016488642169	0.931600188716248	0.0325003691255608	-0.0598629376380848	-0.0712886243153219	0.0560350621717491
233	Res-001951	-0.00925244629176737	-0.0105236351091147	-0.0257719622468859	-0.0167639084512872	-0.0136575481846266	-0.0157663970361498	-0.0153109577732818	0.287372458376667	-0.0136981317640709	-0.0156085364274501	0.00315103542310722	-0.02466338040961
234	Res-001953	-0.0286118922951727	-0.144618464867777	-0.207161133502572	-0.193031077803107	-0.204671437645052	-0.213944744364327	1.57324686123868	-0.0964444955986363	-0.142533403597928	-0.167647848817961	-0.124394814149407	-0.193036939483456
235	Res-001957	-0.0381488255145985	-0.126236402923559	-0.0073370982813841	-0.184010841511753	0.548739252560842	-0.0505849268324174	-0.0671691092379527	-0.0476006061668041	-0.151985914355217	-0.135311217527133	-0.0196093607023408	0.140388405313628
236	Res-001961	-0.0285301079291896	0.0206176942283594	-0.0827366351967097	-0.0717530782125311	-0.163607641941208	-0.182286839285002	0.181235927174549	0.814962456019873	-0.00497742667383544	-0.0462909919434746	-0.0517826417967322	-0.106187619049913
237	Res-001964	-0.0350351421123927	-0.0350022913446105	0.094882397498302	-0.144056668314813	0.0496848319644951	-0.208833311190967	-0.0915060917845158	0.362567404561509	0.173570259742422	-0.205151301852896	0.488831825641751	-0.00887491113460581
238	Res-001972	-0.0330557696069936	-0.077685657913758	-0.0913584865468194	0.360690111348893	-0.0851743305224427	-0.0749180504881521	-0.083126635804649	-0.0099463756408943	0.0394712782264952	0.0800122139587847	-0.0743467667832416	-0.0738168592709429
239	Res-001983	-0.0538399292704813	-0.0667515938392279	-0.0748160340477192	-0.0717921021422779	-0.051354951058283	-0.0523685742604816	-0.0464294248437386	0.935293451035069	-0.00937611414823324	-0.00191944910641839	-0.0723700940538732	-0.0669885053888828
240	Res-001984	-0.00758670020492948	-0.0523796273616145	-0.0568945337931196	-0.0499683474694561	-0.0422942689616035	-0.0500705810900792	-0.00550176905654915	-0.0542490676455976	0.840301596407427	-0.0576463354264792	-0.00556195085253051	-0.0610478851552774
241	Res-001986	-0.00246513912370967	-0.0724431348658993	-0.101293191225828	-0.111111704497386	-0.0816929939056599	-0.091962389105508	-0.0182596375319451	0.136522601508479	0.312256977449532	0.419164559034972	0.792912412020992	-0.0875087950205432
242	Res-001995	-0.00961515464402939	-0.00974127578850043	-0.00722704233214464	-0.0188176812312417	0.0203104922232106	-0.00875065862601961	-0.0147435607156435	0.167387995720445	-0.00860302789752907	-0.0156996690568715	-0.0204924659675257	-0.0131770119731774
243	Res-001997	-0.00868630263205039	-0.0168802221134679	-0.0103597508293099	-0.0135113720293674	0.0137066027883536	0.000840761000132573	-0.0113495405158663	0.155787943002856	0.00695062268106099	-0.0105545231773553	-0.0143920322899208	0.00247439603773883
244	Res-002016	-0.0235348948593973	-0.0119808821744158	-0.018630969440607	-0.0292657128813834	0.175927795592799	-0.013708364666467	-0.0274537441051719	-0.0179632718880875	-0.0252913182301839	-0.0226410115943838	-0.0296712401214525	0.00258828942590007
245	Res-002027	0.603950396072391	0.801736792563067	0.26077162158326	-1.23840622870922	-0.754225681956019	-1.53773491789793	-0.892112829500025	-0.515968529234917	-0.798699549658125	-1.00614325607348	-0.790388201470984	0.167178378884823
246	Res-002034	0.00943400294333591	-0.00978132519280523	-0.0107491350549285	-0.0117242284218946	-0.0102369148022639	-0.0125646499803458	0.0753135278783551	-0.00782217175620051	-0.00676637029748025	0.0112240181040038	-0.0128497655352764	0.0424237285560781
247	Res-002045	-0.0219120285035022	-0.0197144103430959	-0.0316660249331479	-0.0299755593944191	-0.017048223936611	-0.0303572863511427	-0.0266907176685077	0.00176071337903757	-0.0277776343146187	-0.0180437731187013	0.803859721360966	-0.0301115856530691
248	Res-002047	0.00612729526802359	-0.0196454625015771	-0.0117073511537385	-0.00733067634001168	-0.0158879416300455	-0.0185166025693866	-0.0229486236940274	0.0431855703416131	-0.00944887786255267	-0.0188602322936792	-0.00423466097281071	0.449633931561859
249	Res-002067	-0.0052441565821859	-0.0242656017507087	-0.0288006068009213	-0.0260855218864671	-0.0200103187123536	-0.0125984652813937	-0.0246858235840934	0.327644622087904	0.0135424855748498	0.0287503960034849	-0.0343802611084114	-0.03383781694776
250	Res-002070	0.0108015055003599	-0.0513347455542982	-0.0871920995469979	-0.0720490561986833	-0.0856228672827035	-0.0678567382593342	-0.00977784789323768	-0.052126533084172	0.989863602930266	-0.0637545076786281	-0.049350292311831	-0.0808867877884162
251	Res-002072	-0.0474306511438307	0.0194638032292541	0.00661549429018227	-0.0384816766077796	-0.0208440669350487	-0.0614850972130555	0.415860610491816	-0.0557257210690968	-0.0237750674380301	-0.00306348196912082	-0.0358538191104287	0.0133636397230401
252	Res-002135	0.0315607386877912	0.000389209243843766	0.023631082261649	-0.0466807729832021	-0.0582779907857317	-0.0547809466028941	-0.0425263913608922	0.185976013610258	-0.0533708679994399	-0.00654112465362162	-0.0133060769098747	-0.0396424490250037
253	Res-002136	-0.156746060351389	-0.569167979580748	-0.79652009015146	-0.718819098726293	-0.544630860609556	2.47371246086383	-0.1266402640097	-0.287628630845323	-0.239949431394627	-0.249887857210002	-0.175723488692347	-0.700147487989858
254	Res-002137	0.26896847920444	0.90258633592894	-0.224290745020687	-0.749392894962811	-0.732775044456884	-0.095127291112004	-0.300873139683681	-0.367244176240435	-0.499268657340281	-0.391840201525436	-0.423618620933215	-0.308378898394089
255	Res-002138	0.0603483264131541	-0.0242781502950175	0.0318325704788296	-0.053538314656663	-0.03494250910403	-0.0267613985095217	-0.0458494310469967	-0.0259012352047118	-0.0409785056571437	-0.00853400346011365	0.00242574243298696	0.0201591657108011
256	Res-002145	-0.00794099351110548	-0.0438147766463047	-0.0532958837465999	-0.0510896791570819	-0.0378988224863589	-0.0505806889686603	-0.035353649860864	0.59049884092389	0.0449611026669205	0.00160722709803238	-0.0615952841320326	-0.0633549739730215
257	Res-002146	-0.0120554139139632	-0.0838231580469679	-0.111573017721456	-0.114226476125792	-0.104023957472971	-0.11134742505632	1.03949767140475	-0.0901996315812413	-0.0272889839485863	-0.0611785977277905	-0.106171796551182	-0.107130493973593
258	Res-002150	-0.520681118073336	-0.829135427825948	-1.39086677232307	-1.22847568549449	-1.30703838485747	-1.35726215316698	4.16529868980015	-0.892115296955668	-0.0280473359022655	-0.946893975466941	-1.17114680694755	-1.18107472061396
259	Res-002151	-0.474348312569167	-0.780612869797798	-1.37383187199157	-1.17991246431383	-1.31933348770219	-1.35907859369542	4.16270135462781	-0.901231321988506	-0.543145124023918	-1.00156875866635	-1.27867821559807	-1.44831406786054
260	Res-002157	-0.323242213022406	-0.641705582692913	-0.963329088644621	-0.788857557923697	-0.590912392666056	-1.01970895347618	-0.00182447182468626	-0.488259617772985	-0.139260793258898	2.47161933712274	3.66684754622398	-0.788641701755596
261	Res-002170	-0.177980559921276	-0.425096103145296	-0.508309195938573	-0.489141910775719	-0.500455487889534	-0.540932206548683	2.82162929622721	-0.425267168712743	-0.332274283944949	-0.446230828063104	-0.452619181501341	-0.491773073694371
262	Res-002179	0.0505779016494599	-0.0375414610328818	-0.0591620960481906	-0.0687134628462328	-0.055500490058351	-0.0279441999538663	-0.0256549754860963	0.00251852708725395	-0.0381515977697121	-0.0290117977285558	-0.0240431777851445	1.04961817241124
263	Res-002181	-0.0260115843131564	-0.448164103132065	-0.561418180505195	-0.543278345869019	-0.539855241391068	-0.512499285332472	2.68105621817563	-0.335371436113085	-0.265977645655599	-0.424448873610901	-0.416996760665071	-0.40285215846715
264	Res-002182	-0.297604344376652	-0.798609059118208	-1.19586383043754	-1.12889093868405	-1.14458250725461	-1.13064315294958	3.90309518781334	-0.872725398536877	-0.339175926311928	-1.13026833905991	-1.0079073140419	-1.26713357947501
265	Res-002185	-0.0149450069311027	-0.0179290535369985	-0.0190095552060813	-0.0202904080331858	-0.00565687902893362	-0.0231519704417767	-0.0129811034400245	-0.0103910912092692	0.0203290405001602	0.436416524544355	-0.00430680490944419	-0.0236570728542664
266	Res-002187	-0.133520791875959	-0.349592059206531	-0.747148167847691	-0.27495032702916	0.0260562884385882	1.76798020668925	-0.363634179577726	0.121851757679072	0.0565562368664798	-0.0961924383471446	-0.206041794458078	-0.495151955189927
267	Res-002200	-0.00780120283428724	-0.00744151889865407	-0.0120168648043096	-0.00943832603778552	-0.015078902480663	-0.0151217143244843	0.000983935880602971	0.13997125307969	0.0390299622949218	0.0405576935568243	-0.0116298497915022	-0.0148803327357657
268	Res-002202	-0.00320594202219404	-0.00462128263434239	-0.0244947435219306	-0.021829356813435	-0.0103581361795349	-0.0144405841711684	-2.8692235663829e-05	0.16027828920516	0.0814156981014451	-0.00786925346641176	-0.00481764713039556	-0.01721680085651
269	Res-002208	0.0114745778863172	0.0127116212336422	-0.0282906896440568	-0.0391618646981508	-0.0251114790225048	-0.021988437100346	0.17897924761646	0.0132700475112521	-0.0367020887570553	-0.0192306086553215	0.00419095392096835	-0.0293327747729671
270	Res-002216	-0.070419914442262	-0.0872235968010825	-0.0735363060906632	0.0827742021462354	0.335808407236403	-0.0550936216051964	-0.0578581161504278	-0.00101144088266801	0.0115081837785839	0.0128855895494796	-0.0632382507079338	-0.068205331393887
271	Res-002219	0.0333413610608593	0.00563735486105699	0.0372212876947962	0.0682465544869961	-0.0256036515967341	-0.14317447372588	-0.0923646688854256	-0.0404658417514845	-0.0109748505354697	-0.0663206369126628	-0.132465658851024	0.0284824418675962
272	Res-002235	-0.0178797821002794	-0.0480264629086344	0.155921574804748	0.209459077092629	0.27102412952508	-0.169540844177708	-0.620996633434771	-0.305612529316822	-0.0279160143973851	-0.0179884815080855	-0.582131371877354	-0.694127668417441
273	Res-002239	0.0220135973402816	-0.0172307517614264	-0.0296835711146288	-0.0201822262551422	-0.0313375562693582	-0.0259853468394073	0.00815037001572965	0.00387358498382856	0.210131009768968	0.0372877586396964	-0.0169348283791968	-0.019942395453371
274	Res-002255	0.00959216181722602	-0.0468054434198773	-0.051427483743161	-0.0479425219907332	-0.0442370632128539	0.156985772342302	-0.00640558071254857	0.127774861275775	-0.0282885201721602	0.196377937340002	-0.0116211605342276	-0.0424522563931319
275	Res-002256	-0.00786900137539834	-0.0182960899443787	-0.084927542835594	-0.0814961006472117	-0.0581755930449233	0.240041831290054	-0.0190602418882399	0.0583592692702888	0.225108278118861	0.164796265138263	-0.0316636227377898	-0.034556980227824
276	Res-002262	-0.00717102194631337	-0.00911679275934232	-0.00607952299780749	-0.00480664844722798	0.0559125152234372	-0.00209961131187254	-0.00832565767010793	-0.00781974364945343	0.000809014042350519	-0.00773241975868316	-0.00599896829404255	-0.0024617798867914
277	Res-002267	-0.0544715689636193	-0.174583711179191	-0.201544156782378	-0.207908466165512	-0.203421442004501	-0.205780014882236	1.65012546416641	-0.157356574323909	0.0202298312019889	-0.176175660483085	-0.165930784339065	-0.225240177379633
278	Res-002268	-0.0273922888121756	-0.101371226447778	-0.146466887440893	-0.15163933968471	-0.148688778506096	-0.146101814916494	1.297176745939	-0.0881693997435503	-0.0722389981905352	-0.139750374183928	-0.119481455908277	-0.132882962077893
279	Res-002269	0.0404799473589031	-0.0378984714605613	-0.0368873019279293	-0.0392075552793767	-0.038501029854442	-0.0260826044921476	0.121183990524847	-0.0267245940880113	0.0879606470762536	-0.0370954346009283	0.169135223461401	-0.0252299628085643
280	Res-002270	-0.00890967344352464	-0.128565561259253	-0.171326765071827	-0.144493772262583	-0.137987000256173	-0.140926085961309	1.29014339835523	-0.108223426991653	0.0284743737303995	-0.15376633900238	-0.166191321236831	-0.164447078386875
281	Res-002295	0.0327734658503008	-0.0851561714042817	-0.0997689712780303	-0.0737677774293926	-0.0406971596021457	0.426633443587596	-0.0210335531187169	-0.0710321080470821	-0.0171413157240748	0.0779424293168454	-0.0596692959863415	-0.0643378479287175
282	Res-002304	-0.182135089356008	-0.174647263624054	-0.245899624322154	0.268919097320718	0.451403719779517	-0.192588401812225	-0.133568997800502	-0.0495550463188391	0.0430807498483362	0.20475245677288	0.928638169914988	-0.105207580807292
283	Res-002307	-0.172175267348696	-0.402676471641138	-0.258224035074533	1.14204948722816	-0.00840573206609019	-0.580306482438777	-0.610712332547258	-0.151247634351997	0.176164125723679	0.360981516536364	-0.402784799136988	-0.190564893337999
284	Res-002309	-0.0525775881976688	-0.120085550552513	-0.0927101114862895	-0.128966912100561	-0.112840100992456	-0.151943672908974	1.23868979106319	-0.0926723779215261	0.0141305795958286	-0.136973927656884	-0.160487302090625	-0.0631003829107002
285	Res-002312	0.000981121697500462	-0.0255226751790911	-0.0332304725570043	-0.0388257220640982	-0.037776553865358	-0.0249982504894694	0.392775415728472	-0.0164297224125948	-0.0287791594330001	-0.0150030183281584	-0.0483309693494059	-0.0373307800852677
286	Res-002313	0.0063964039583664	-0.0313305672597175	-0.038520795329832	-0.0415968893778071	-0.0444760710166653	-0.0392187382482372	0.445352708562089	-0.0307683982510437	-0.0277008143246098	-0.0420666723659993	-0.0391324407337996	-0.0418660239630413
287	Res-002314	0.00229673561542493	-0.0132434282582724	-0.0143036172798881	-0.0148728488505627	-0.0125494256880645	-0.0149909712796668	0.176308474530891	-0.0142273892914763	-0.0122970268225254	-0.00984778091561141	-0.0125077420970992	-0.0103254994588389
288	Res-002332	0.0242334656680595	-0.117573389567878	-0.147144049790165	-0.136563148623264	-0.145117184955695	-0.112130953353914	1.1576674366181	-0.131159146166132	-0.0755862965022393	-0.0971743283339026	-0.122070492548477	-0.140696114759408
289	Res-002333	-0.227752187088504	-0.441409185813203	-0.65284665777252	-0.627381956410482	-0.594928003554324	-0.560748747353999	3.0478458645033	-0.453602178474074	-0.319789417577494	-0.422809147391181	-0.549263210884377	-0.650340629764574
290	Res-002334	-0.186217774195008	-0.505918943241625	-0.62692368771671	-0.597637315556224	-0.600260183032867	-0.583350309267648	3.01546704668287	-0.420656308702843	-0.238863462141461	-0.519042731492105	-0.528693243995556	-0.67107295239694
291	Res-002339	-0.0556213286102405	-0.0515185609696544	-0.110669441214991	-0.129801510082849	-0.123308377563814	-0.111179862205324	1.18665859132142	-0.0980746972932716	-0.0877967536822472	-0.126189668361465	-0.105664087968455	-0.120563767599544
292	Res-002340	0.0168913147304624	-0.0500028102252617	-0.0537358532364108	-0.0466276685678693	-0.0568974913683847	-0.0596143431438228	0.530434381435774	-0.0133025909826483	-0.044935139253415	-0.0503909926649676	-0.0504927227106766	-0.0549856137793916
293	Res-002351	0.0130443514129461	-0.0514555062223878	-0.0637764160193485	-0.0651421181406225	-0.074296816700988	-0.0721527927484596	0.65640380818908	-0.0363655878093677	-0.0644341262316998	-0.054939431944977	-0.034747500657692	-0.0734926052692546
294	Res-002352	-0.221360794329278	-0.34409893003476	-0.456506041851465	-0.43559705881143	-0.474394959906179	-0.427306504797738	2.70620578178641	-0.348458538075376	-0.269238208891945	-0.398786775179049	-0.404881862376996	-0.378068461607163
295	Res-002354	-0.0127235970875922	-0.00346652210193569	-0.0109411628916842	-0.0190036486092451	-0.0218020068505665	-0.0225017266494665	-0.0148111305256815	0.287047872201891	-0.0162723558947926	-0.0178637438083822	-0.0151764844630982	-0.0263560453189097
296	Res-002362	-0.00938530029499365	-0.0164877792336916	-0.0254911176925431	-0.0340920921213849	-0.0491859739414706	-0.0384676141526308	0.408877842256009	-0.0182173344557208	0.0384875198025454	-0.0459650411407355	-0.0573918814317769	-0.0550982377905361
297	Res-002363	-0.0270661899092636	-0.123067594749934	-0.249033298845374	-0.222998653555862	-0.227834743596311	-0.227877548573675	1.65341773112317	-0.158691069846878	-0.0864037497067341	-0.146639744988763	-0.208385606530752	-0.218340419782127
298	Res-002366	-0.0814986484400007	-0.0433930506817689	-0.0495037066214433	0.0302708564938898	0.0935477547347221	0.2738848634637	-0.0456242547025782	0.089991331113337	-0.0216502089282651	-0.000918653595752522	-0.079046063568848	-0.0371903685300194
299	Res-002390	-0.0613937292478245	-0.154330040089974	-0.199299834400268	-0.193218973706715	-0.202422028713196	-0.204085213669955	1.68776327475535	-0.175691084916451	-0.140897306069884	-0.214377443443137	-0.224148411368763	-0.239739505779008
300	Res-002391	-0.00484030819308428	-0.0361079595960644	-0.0355743896307063	-0.0317207558230171	-0.0247183026977736	-0.0253285548613331	0.354397519467469	-0.0267995880218823	0.0863889075362098	-0.0186759061937399	-0.0339170765984525	-0.0367842188665236
301	Res-002407	-0.015600018061181	-0.0678917625934722	-0.0890167303198191	-0.0794631325197137	-0.093019556206421	-0.0913633298891774	0.886592577577945	-0.0635133190183503	0.0323917614976264	-0.089350104395606	-0.081225738207251	-0.104579458985973
302	Res-002409	-0.0591756902461877	-0.133472326264628	-0.188733026948853	-0.182695440315345	-0.177629141074163	-0.181724103093676	1.53941160072922	-0.120747853118222	-0.0648065419629582	-0.157112854777695	-0.0841048627639603	-0.188248997657388
303	Res-002410	-0.14218500166931	-0.555186014533697	-0.767182913840466	-0.76001836079361	-0.753255236733066	-0.810292240242441	3.26033333708441	-0.574430784426579	-0.396686914870475	-0.755011393310158	-0.783929363024791	-0.747445613660915
304	Res-002416	-0.0988134442541063	-0.531475934408976	-0.697390076343137	-0.651483594417996	-0.641219578692134	-0.653249777633176	2.9073091732324	-0.480670195945328	0.514566261724569	-0.55325676961382	-0.602657411192307	-0.58734559589464
305	Res-002417	-0.0341093483573937	-0.302391214246825	-0.342688203399124	-0.341994478697515	-0.318412339311099	-0.311722914749912	1.6741081144286	-0.0134944585193209	0.282738468634487	0.159947371529992	0.938451078431485	-0.355810029004216
306	Res-002418	-0.016318600308256	-0.0733482268924939	0.106237038677234	0.00339137699546638	0.00830640649195122	-0.104792588888179	-0.0450171357099465	0.132415897393364	-0.0756489536056275	-0.0440073024454199	0.113768227342013	0.209752008839223
307	Res-002424	-0.0141047551518057	-0.0564405947409414	-0.081939036023644	-0.087716387944006	-0.0899344689537437	-0.0729819798553588	0.884957500684478	-0.0765524434669846	-0.0793386443440961	-0.0813709988720847	-0.0687207049627467	-0.0822886503813154
308	Res-002425	0.0874085655044846	-0.0606013204059531	-0.0872338438859503	-0.33344548606169	0.536359227502231	0.0261255786172109	-0.37480728862247	0.445629747786291	-0.335326349490267	-0.469127697962468	-0.559482587684899	-0.522211906669293
309	Res-002441	-0.132428724490896	-0.846985272784469	-1.24603980460688	-1.13493356057443	-1.15211901433455	-1.13549738792415	3.78650757841675	-0.73840287400204	-0.486698263468028	-1.01448603801699	-0.972415386057115	-1.13380634644905
310	Res-002442	0.0633406908638592	-0.121044768775118	-0.196467878120854	-0.179215444207034	-0.208984397257431	-0.190301032085023	1.31965020880222	-0.142589419450025	-0.0734828456724063	-0.156937171978666	-0.202435238419697	-0.228230277209119
311	Res-002447	0.0143137435644242	0.0395619879599234	-0.0934669887657577	-0.0672720644837927	0.0555421538723992	0.0291276371329391	-0.0508861917465467	0.141603422008087	-0.0891910254833453	-0.0628238672696333	0.00383945777731723	0.25053279596531
312	Res-002449	-0.0318636017286423	-0.0157661225983478	-0.0271670026618413	-0.025470787161167	-0.0231518545219328	-0.0255259046629657	0.438518700454452	-0.0198518122597219	-0.0178137998772512	-0.0307698000108628	-0.0317717814666664	-0.0276483177297504
313	Res-002450	-0.0194685926580949	-0.099155101062654	-0.116752677900316	-0.106507998221081	-0.114715966288224	-0.130931203433541	1.13044468675396	-0.100969751381231	-0.036908477452167	-0.10713562220072	-0.117987949752046	-0.128560906111685
314	Res-002451	0.0108577991606356	-0.0152356780195298	-0.0162376184110563	-0.0185477932794465	-0.0161176354828278	-0.0136871288136956	-0.0125814463665774	0.18427657823594	-0.0155193497212252	-0.0138543281325764	-0.0162007333842937	-0.0166848637014124
315	Res-002453	-0.00227216374620249	-0.0124722901924847	-0.0191377602815628	-0.0152505107517851	-0.0133190875606813	-0.0170015820013275	0.138042837401859	0.0347727364818353	0.0607613849822817	-0.0146694435129433	-0.0210919544543326	-0.02498840044604
316	Res-002466	-0.0262237827846719	-0.040853249284328	-0.0642229488920658	-0.0555390052630519	-0.0678312269769245	-0.0444115604450599	0.730964932192861	-0.0694193341789854	-0.0317645270011651	-0.0452399758341836	-0.0745482598860373	-0.0500413542150488
317	Res-002467	-0.129460490137764	-0.289903809345385	-0.438957005200484	-0.409996636385983	-0.420819420154953	-0.38068654762969	2.48096708396805	-0.253645673052872	-0.207644015853182	-0.384555919259442	-0.396707544567153	-0.435447650065667
318	Res-002468	-0.105934603087372	-0.256399238894314	-0.448075804116821	-0.422690970853006	-0.420698779432813	-0.420517830708149	2.47162964379801	-0.351071896318422	-0.263531297757647	-0.389003018790889	-0.344851363303209	-0.398303217183854
319	Res-002470	0.00261353867483941	-0.00338194376560104	-0.00290724904309218	-0.00389808381857108	-0.00479470472437405	-0.00367326604473199	0.0346414410713839	0.00117459820051719	-0.00370570707863755	-0.00257202521546653	-0.00347829849010315	-0.00403710704027827
320	Res-002483	-0.162229638616789	-0.0889438317852898	-0.188548483762211	-0.16021809485263	1.02986473207229	-0.199624273506113	-0.244591432312376	-0.108164377347095	-0.207855382125266	-0.14944970354354	-0.157193577668097	-0.125143999365497
321	Res-002487	-0.00102824518142841	-0.0444716937094951	-0.0257722063466805	-0.0986446922719648	-0.00760858205222731	-0.058732440902904	0.536194652072722	0.00862139137254692	-0.0240679528296129	-0.0831975879888163	-0.081937747878634	0.00446901170808689
322	Res-002488	-0.0232051847144106	-0.0644565041607276	-0.0847588352379795	-0.0552901125752704	-0.0620187302660414	-0.0541746349984545	0.79488742488326	-0.0706771635677939	-0.0234066500691518	-0.0339038723074157	-0.0652090096480096	-0.0828675182763837
323	Res-002561	-0.000176142370141852	0.317959015555881	0.00609310527170315	0.035437825938629	-0.0869429782011376	-0.297532621883429	-0.235830235650358	-0.113763644351928	-0.263731926572949	-0.122941212090313	-0.108114575235493	0.117980724639869
324	Res-002573	-0.0409727074653951	-0.0670588574241351	-0.105518573317171	-0.0834135922946772	0.269150826959672	0.301575330936214	-0.0464783925102834	-0.0669687711312555	-0.0255186303507991	-0.0444216778986251	-0.0781237946686997	-0.0224061067419354
325	Res-002578	-0.00721773177619242	0.00835642345377462	-0.0163392586875351	-0.0246880471379	-0.0177297716377733	-0.00991554689712142	0.17010589516455	-0.00931856784088316	0.0220388220730257	-0.0253474314452638	0.00950602027109998	-0.0178572541250823
326	Res-002579	-0.00390660565799195	-0.123868663170769	-0.129168665922186	-0.028814928153551	-0.0276175685193885	-0.0448683333403117	0.677382202259515	0.0843440947038304	0.177167196139502	-0.14001746666313	-0.0831492206253219	-0.0465222774648518
327	Res-002580	-0.158720588566005	-0.751689672640372	-1.02430585085196	-0.995100601531061	-0.992151752724243	-0.918812014019556	3.54835739709285	-0.437610808507233	-0.265875959348149	-0.6787837177957	-0.8773264361206	-0.973300871219995
328	Res-002581	-0.533432249466348	-0.975726258103389	-1.27795470427314	-1.22848410349564	-1.19117517023482	-1.22283755887212	4.21670781637699	-0.953507799392264	-0.683716235678737	-1.00300680696457	-0.883639642317675	-1.26624907017413
329	Res-002588	0.204607389762895	-0.0227685494212848	0.203935080166462	-0.184012107661466	-0.204283223452873	-0.250728030615699	-0.101497897406997	-0.110693010577393	-0.168697373698721	-0.136575432719412	-0.167873381164986	-0.0220171451818067
330	Res-002598	-0.457872930160216	-0.682289917126927	-0.494232101552616	0.84268496763213	1.20836710109272	-0.56943874306782	-0.719837081060855	0.218775327589763	0.0598848910672811	0.226864576286838	-0.400007594295115	0.0958588018456008
331	Res-002602	-0.184996751818345	0.527482573000457	-0.270373961868319	-0.356730927829129	0.604401092790791	-0.968351217791095	-0.77935730021823	0.202871680234239	0.430748362659219	0.55349470130311	0.107182430489586	-0.623062738891823
332	Res-002613	0.0108291758258056	0.0113583417643887	-0.0123636529332394	-0.0156424664169152	-0.0113064881679817	-0.0363152671028752	-0.050969574163155	0.141693445037191	0.0035679400955195	0.000916392498611959	-0.0376445100662922	-0.0422116653773995
333	Res-002614	-0.280061787440288	-0.288769487716803	-0.251796350086415	0.948231103627098	0.0817284456641502	-0.167968523525408	-0.32127053127577	-0.0310828722032835	-3.96620650873203e-05	0.421609656821189	-0.0374246640852913	-0.276189724689111
334	Res-002633	-0.00548560983986974	0.00129043161242733	-0.00793789279933391	-0.00962736397227986	-0.00798180853064451	-0.00339128902382138	0.0795661434264669	0.0251766427321338	-0.0105255666386584	-0.000604186938133262	-0.0107957325828325	0.00126086838419485
335	Res-002645	0.132014741106858	-0.110335381189296	-0.0254808497156546	-0.0711814921665641	-0.144633461011665	-0.143714970569801	-0.104699828221799	0.0382257085868229	-0.0958128568441476	-0.100758583479966	-0.109447299580029	1.34949129246782
336	Res-002704	-0.00216354886775938	0.276449093938171	0.0442640803186728	-0.0711026528037825	-0.152647493555056	-0.271293338985075	-0.193159998031097	-0.00565996310903083	0.000184970457566047	-0.0700574376790908	0.0580071423226587	0.168971847555676
337	Res-002733	0.00957076779496659	0.0331800715890961	-0.0010898042014369	-0.00520712917435989	-0.0298560641557939	-0.0266991185321144	-0.0195760749088273	0.0024849031544726	-0.014877645516008	-0.01524405358887	0.00406531737019664	0.0015963684522932
338	Res-002897	-0.0286825424908535	-0.148623412570389	-0.135424526918885	-0.194256396786316	-0.205025678720349	-0.194883925054334	1.51153984318395	-0.13591262164082	-0.128897013467107	-0.17946175054651	-0.167616706105944	-0.146497339591516
339	Res-002898	-0.0861471203473151	-0.160133209125947	-0.217633511917692	-0.192146432986788	-0.235187656170326	-0.210494121031702	1.72682906066236	-0.194394191597217	0.098552053655879	-0.192137500513053	-0.220739231179982	-0.261844404160021
340	Res-002902	0.0393824963406345	0.0789358340836928	0.0495045099599548	-0.0701405378311974	-0.0222159068381602	-0.118385481556664	-0.107314955223523	-0.0579335723930839	-0.0415179489062802	-0.0663208549419159	0.0375232126446017	-0.0025744027772383
341	Res-002904	0.0819700296311707	-0.00600148532033562	0.00376121436098009	-0.0572779508715354	-0.0777812058974119	0.0298205211747351	-0.128380683250525	-0.0118160693115978	0.0634356560491406	-0.113784026463286	-0.0460103172487389	0.0209609173511007
342	Res-002909	0.00550709259879878	-0.0246367286382625	-0.0382667248396971	-0.0351879849635048	-0.0332486773533791	-0.0220239882634005	0.358747457901546	-0.0234847061252194	-0.00741221404366336	-0.0288309995050479	-0.0313148702111046	-0.0342744274741062
343	Res-002931	0.00719825965943288	-0.0127187130657175	-0.0176439540300785	0.00325944458056331	0.0205754075866354	0.00954067066342923	-0.0200514516564014	0.0117324426797922	0.00168065390900353	0.00084107878937173	-0.00906614175974207	-0.0186057066855194
344	Res-002942	0.138511041329016	-0.0813930093109672	0.573329762205	-0.264553410611733	-0.310442963097998	-0.342686417829797	-0.159950542871899	-0.187470984562169	-0.168840470154731	-0.336531497927767	-0.164034275063405	-0.0712012558935561
345	Res-002943	-0.00487139423528879	-0.0119969723558474	-0.0174324604965854	-0.0216842717677587	-0.0160301084460012	-0.0216897909265645	-0.0134044541654102	0.0063446013045149	-0.0182872187401433	0.017780923558055	0.462592003086683	-0.0205924188708834
346	Res-002949	-0.0754118101679305	-0.365240665810322	-0.523002857165083	-0.485335351983731	-0.450840794454283	-0.47104568437756	2.62054175021375	-0.34626746164168	-0.315732892347784	-0.424627240887411	-0.431510626049108	-0.517773565641821
347	Res-002968	-0.00165057110980278	-0.0730842818667322	-0.0828059814524065	-0.073819757503828	-0.0636971803076992	-0.0743586207260547	0.785561756372527	-0.0427816069796872	-0.0586130373776169	-0.0460048915778962	-0.0661241761635087	-0.0664200489147578
348	Res-002972	0.0414275083770237	-0.0397425754760583	-0.00230832347274504	-0.0169850643843391	-0.0497776774452616	-0.0453193315974182	-0.0361558988185867	0.0367387657407946	0.0190099125165259	-0.0329056414666082	-0.0482284119783074	0.465710421644632
349	Res-002977	0.0707479335861438	-0.0188763821708011	0.118490633659022	-0.134449142877363	0.0956307798148937	-0.135881180891803	-0.0982950958615542	-0.122171934386241	-0.143134194122962	-0.0883432706121273	-0.0618873991470895	0.0629625413892613
350	Res-002979	0.0565285892283777	-0.232418620838138	-0.222785469459723	-0.227054462812982	0.178142841370995	0.165514572914091	-0.129344527295054	0.606437201892414	0.476507954218568	0.0197206425175477	-0.182699269499739	-0.0462971713530567
351	Res-002980	-0.0119225053547987	-0.00640755295133632	-0.0159158599439775	-0.0222299193725619	-0.0130774274019148	-0.0152217049789872	-0.0172182674964412	0.240910221676489	0.0437985320294993	-0.0183514904174919	-0.000154662124925695	-0.0165809789171807
352	Res-002988	-0.00656563222945118	-0.0412702263244365	-0.0370390544492638	-0.0290301055555891	-0.0348924498202218	-0.0318196615613701	-0.000657229750018459	0.197754405444123	0.199492211988424	0.115846989209411	0.120174870103685	-0.0270086881502796
353	Res-002992	0.0451567457068151	-0.0720916786288661	-0.0749193767119845	-0.0834952041183644	-0.067145983872264	-0.0272112268996378	0.36980397589574	0.016503920962804	0.312205362345556	-0.0623736288700672	-0.093389131841105	-0.0984257283386353
354	Res-003007	0.0414775761380593	-0.0261760063537358	0.0198171586829232	0.00802265797756958	-0.0461937269460709	-0.0326849425243459	-0.0461389100848017	0.00245583270940732	-0.010352187639531	-0.0400562789192887	-0.029328719338891	0.0439047430814241
355	Res-003012	0.00271717025282214	-0.0134906999011593	-0.0179870255897382	-0.0140241699035864	0.0184803703174355	-0.00880949734484312	0.0188233268658065	0.084747864640256	-0.00888218370852368	-0.0117514866892371	-0.00230312609220849	0.00386711750842227
356	Res-003015	-0.0607549774208496	-0.111133393148634	-0.116421915871807	-0.10073633059242	-0.0819822307287424	-0.0942847821356178	-0.0599128763614532	-0.0491401533831418	-0.00813174788350129	1.07041325016859	1.08807108782041	-0.0543232378804041
357	Res-003017	-0.000352239869645273	-0.015477204399303	-0.0160318220489743	-0.0219266707481233	-0.0166669651697096	-0.0119200714702042	-0.0141389465840446	0.0192848362725006	0.144064872437598	-0.00559211209181948	0.217511552794195	-0.0222288582756726
358	Res-003018	-0.0660538074453859	-0.0837846674617404	-0.106039168465002	-0.0949425146588553	-0.0922736208153087	-0.0963238289706355	-0.0294947552595191	0.288933830461987	0.0145821094146479	0.872414328421003	0.825189936178512	-0.0584156476560098
359	Res-003024	-0.0780610427473993	-0.13023359452548	-0.149508880839616	-0.153670891974901	-0.123336507684869	-0.120036161936919	-0.0697040833761096	1.5265554966461	-0.119482355313472	-0.117272906584853	-0.127606106570125	-0.147079814309978
360	Res-003029	-0.0138734525101332	0.080458812301673	-0.0151266148688912	-0.0641197261031746	-0.0764986750950909	-0.0773107487164298	-0.0177690390688225	0.00582547609763501	0.471846101535743	-0.0868014487364819	-0.0453826696965967	0.0420149715155439
361	Res-003030	0.171044023459051	-0.492709105580997	0.175393012263862	-0.550058045486267	0.659220772141122	0.209074788898561	-0.307320541835618	-0.230928358481143	-0.404235354243933	-0.364702105129636	-0.28658558376121	0.288117946677519
362	Res-003034	-0.0581131158035919	-0.053601394671685	-0.0482297739968614	-0.0434665846456586	-0.0401783282271188	-0.0437272330090276	0.713212579231718	-0.0376446205841727	-0.0152224159541465	0.0180125673714506	-0.0454379807137588	-2.86137781334433e-05
363	Res-003038	0.0206008102892989	-0.00968919755501438	-0.0489574104784415	-0.0438666430607307	-0.0546021044438701	-0.0558109721923452	-0.00457892928515739	-0.0211212570488774	0.537990189571161	-0.0214922170716884	-0.0503629524205636	-0.0454040364162938
364	Res-003046	0.0596575419135963	-0.181424005863418	-0.00261967970581173	-0.132476669802903	0.317687177938299	0.105258326281845	-0.101187509327538	-0.113961423814812	-0.0904737971626818	-0.104184360297539	-0.156771644737754	0.0826970225611914
365	Res-003050	-0.00517382886231812	-0.0244015321830274	-0.0237752722341677	-0.0306546481017109	-0.0316241130186073	-0.0294677325297015	0.299187903031156	-0.0116192984586811	0.0780050137135834	-0.0136209014087398	-0.0154778312649272	-0.0297734232817752
366	Res-003051	-0.192254312327504	-0.390229027704494	-0.507311121508047	-0.488222723274041	-0.511271962020459	-0.514213421091372	2.77546552615102	-0.311034119142454	-0.171928795664385	-0.466930050736462	-0.427681956820019	-0.449584231435126
367	Res-003052	0.00993641221026639	-0.0197373906693421	-0.0207788724131005	-0.0171646932996846	-0.0171998665684154	-0.0215793069226485	-0.0126885705449549	-0.0122631745927132	0.302618762811413	-0.0201166976592845	-0.0177726559680196	-0.0161274409550286
368	Res-003058	-0.26967503497193	-0.943802860432942	-1.84340101809904	-1.55685892898043	-1.0527984903024	3.45456128890119	-0.392923251698008	-0.595037325635654	-0.597728426216929	-0.437010534311817	-0.737431453862866	-1.44713161568901
369	Res-003059	-0.0435576511942602	-0.0769013845163513	-0.0834226102652939	-0.0346946912181322	0.38714489514491	0.0278756477638984	-0.0606176774740965	-0.0689835102813729	-0.0657266516909075	0.00273284360946549	-0.0682214776126428	0.0323459615135646
370	Res-003075	-0.155336975427462	1.43576455399099	-0.306618173578183	-1.00117794518316	-0.125393331695143	0.0679706694321718	-0.708946018594868	-0.650397787138251	-0.741470630377477	-0.968112156167337	-0.970559586561455	-0.439927656412014
371	Res-003079	0.0142062759760249	-0.00866204912158792	0.00771298794259008	-0.0147079712338233	0.0116982196667156	-0.0123235901712183	-0.0223534751720916	-0.000899579204757691	-0.0141271951986275	-0.00729754315877656	-0.0219884805646847	0.021354653588826
372	Res-003089	-0.0020124886532725	-0.0144770720148501	-0.0132916547148873	0.0150119693744684	-0.00853557472668413	-0.00563864484667114	-0.0110776017471735	0.0869928999645798	0.00829351209490309	-0.00788347514906378	0.0268247326831112	-0.0131474019434332
373	Res-003090	0.00289236572116612	-0.0163234581322824	-0.0181425488924686	-0.0072411184745313	-0.00948367037415484	-0.0134801969287936	-0.00481101092020161	0.0581902670889245	-0.00191375736125641	0.068784842286147	0.118653588786284	-0.0108678503066099
374	Res-003092	0.00445991908353906	0.000307006588241894	-0.001464799832412	-0.0018668328931748	-0.00309844974628515	-0.00270750276742599	-0.00290835803921534	-0.00294847232541356	0.000755868285777656	-0.00224438501392749	0.00410792998129922	-0.00261288583940083
375	Res-003116	0.0495287897641524	-0.0549910329991012	-0.0784387980798905	-0.0689068190926887	-0.0672593996349828	-0.0496513140783821	-0.0626400298751671	-0.0475833033434881	-0.077154129044867	-0.0318368207095036	0.000416986256298879	1.4684495205954
376	Res-003122	0.140662218991088	-0.862001307358717	0.545370529790127	-0.970976553684756	1.38623750544554	-0.843195582649264	-0.583473268354816	-0.67896425012583	-0.585663876317377	-0.803964171787435	-0.615601948659072	0.139826956884922
377	Res-003127	0.0462402972552369	-0.815331503874181	0.675327837301372	-0.952851778621587	1.34433098391681	-0.885528615366433	-0.581508751534744	-0.559212312125162	-0.638087284529282	-0.94542014560138	-0.6346613427212	0.504195233965217
378	Res-003128	0.0503134174923602	-0.303526405507444	0.286080628479035	-0.352710718537546	0.642258775816945	-0.292983034686571	-0.247391339954172	-0.224315810620314	-0.149429516730139	-0.288696737560051	-0.202713166733661	0.157476795670771
379	Res-003134	0.0876841997360684	-0.147139261442898	-0.266071740666229	-0.23303632458402	-0.277377045115639	-0.0346840542101403	-0.0555201497519383	1.08801304172618	0.767188634487752	-0.101352957338879	-0.203697274091774	-0.295047127947871
380	Res-003138	-0.417580628576254	-0.645140897199699	-0.881990170447413	-0.805969157148707	-0.789623071712954	-0.842993894229892	3.59999158219784	-0.537767312125483	-0.412952122955348	-0.736770647945364	-0.726512926703247	-0.737388529110191
381	Res-003145	0.0960778680018503	-0.0451391407867308	-0.0837508417036572	-0.0714664699477711	-0.0586641308593449	-0.0856464708889045	-0.0685360096318066	-0.0472822642902676	-0.0634120120295705	-0.058862731636744	-0.0200205287175355	1.14841867938472
382	Res-003156	-0.0972099168317546	-0.147488392312354	-0.131880329511469	-0.128837839559425	-0.154939479987656	-0.113147428346061	-0.145091766924818	1.43140133041949	0.0933444350672543	0.247730596136571	-0.104398504881946	-0.142987966456483
383	Res-003157	0.0955319029748102	-0.085404184162533	0.274197117492979	-0.123722115699288	-0.141330097676751	-0.140795089866886	-0.191572403506465	0.0195394543555735	-0.099956615117009	-0.131623493351174	-0.00233108501135809	0.0244057997293892
384	Res-003159	-0.0197548310996238	-0.0244218310436972	-0.020607033153045	-0.0179435050663015	-0.0141316255461309	-0.0156226869131508	-0.0226828667508713	0.280802240335001	0.00992158565597447	-0.00297123822095385	0.161219626419404	-0.0164868885876032
385	Res-003160	0.29738383520706	-0.347802361463395	0.975056491868139	-0.574378637547174	-0.65545534579247	-0.70074765700142	-0.350121108593224	-0.0966885122783316	-0.317465607554227	-0.512017813529242	-0.309971582784539	0.190207340610494
386	Res-003166	0.0028454543989206	-0.0255469430878115	-0.0308463521250305	-0.029849516515869	-0.030813873050457	-0.0284897731476856	0.345678599602874	-0.010262424022115	-0.0232261747976072	-0.0288992543906564	-0.0290206561564764	-0.0287393340986727
387	Res-003186	-0.0653874354378257	-0.0890071087142015	-0.101420023372552	-0.101710872558532	-0.0774681949467429	-0.102676398326036	-0.073867562446196	-0.0565943432094206	-0.0400723130945428	1.05222576866797	1.08555078813725	-0.0918587286244793
388	Res-003187	0.00924465270115796	0.118066517198625	-0.0198209978957301	-0.0402655373341364	-0.0301317014718101	-0.036370203797839	-0.0210895806318502	-0.0470538979469534	-0.0442672944065355	-0.0522760442480699	-0.0442928112927912	-0.00399730104657457
389	Res-003198	-0.00371846714426933	-0.0265690994351586	-0.0306055863851047	-0.0345704209334459	-0.021924513794447	-0.0328722167500369	0.336776746257676	-7.37829847367033e-05	0.0301471134448278	-0.031589436580484	-0.00580629695048158	-0.051348999364638
390	Res-003208	0.0174458702707277	-0.00873250042636316	-0.00463924283585192	-0.0553926372475598	-0.0187040882320033	-0.0539038216267657	-0.046652711902119	0.0659014747245299	-0.0125128399501616	-0.0305130179784105	-0.00655462362671613	0.644248197098506
391	Res-003216	0.0265095410628254	-0.105717107973456	0.393685486601829	-0.122230861935513	-0.110052896346661	-0.14387778717526	-0.113776330564711	-0.0942106714572055	-0.0708918454395013	-0.174167720415576	-0.0384149667602048	0.10875608651226
392	Res-003240	-0.0285418967878069	-0.0581931231783581	-0.0627332474043209	-0.0539962455830636	-0.037188502709507	-0.0430209124441315	-0.0448661877461642	0.255236388630636	-0.0214803828091063	0.770946896643209	-0.00280153761369532	-0.0497272163698341
393	Res-003257	-0.0794394744878182	0.524760126450859	-0.253034558993507	-0.0814453105391761	0.168545436717208	-0.229139416840126	-0.169012604317052	-0.151224955592187	-0.0933579228144395	-0.177614162788894	-0.184414822341649	-0.185021102646602
394	Res-003259	-0.012254276003432	-0.0292322007878697	-0.0200054545838309	0.110621172147095	-0.0232080548806067	-0.0310648798017717	-0.0238093645845965	-0.00249881019659108	0.0282787838684768	0.0441979044725531	-0.0200660222837521	0.0111183027941306
395	Res-003266	0.0231059842172451	-0.0893799649226699	0.131287925950651	-0.120934878113716	0.238801206837801	-0.162570634201101	-0.109632040487547	-0.100979621904203	-0.106722508546359	-0.102814108643187	-0.0238001345091839	0.252315480914335
396	Res-003268	-0.130226838249161	-0.180569715323623	-0.283913847115276	-0.117010452951921	-0.0784693990281025	-0.243208119108425	1.32740594011078	0.0547985273653706	0.92341938146907	-0.197302537861452	-0.180119341538104	-0.236248472148933
397	Res-003285	-0.0166740430311042	-0.016919455431563	-0.0129085811857277	-0.0154330331838386	-0.00776507032830489	0.0017100573007646	-0.0123936721701938	0.249869951675514	0.0176893258576795	-0.00393524590341615	-0.0223219950035412	-0.0152947495394841
398	Res-003287	-0.00643981389764064	-0.0203316088328933	-0.073226839831794	-0.0600865832802132	-0.0492455242530779	-0.057572831331334	0.602454403850686	-0.032966846198567	-0.0279079885778499	-0.0423741959332772	-0.0537218954735793	-0.042756509722047
399	Res-003294	-0.00935706056067508	-0.00408046239169191	-0.0119147653952634	-0.00832148917171297	-0.00911838674860128	-0.0101404804250026	0.16558220563168	-0.0125379562382422	0.00242925933317814	-0.0127279166057014	-0.012413964006049	-0.0128558073924225
400	Res-003297	-0.48887395789759	-0.458202685047894	-0.945271055212931	1.74614615609204	0.551266365874346	-1.22597923999091	-0.876666954367381	-0.360964803068106	-0.149961020179098	0.458563518538361	-0.877468760446785	-0.656157561619495
401	Res-003318	0.29242882170209	0.54526545443291	1.06545709228691	-1.24048998998638	-1.36015415883104	-1.34153588583765	-0.818196302706431	-0.612467855372775	-0.868500664282117	-1.03262677350158	-0.337769158791234	0.866308486693338
402	Res-003324	0.14954353323918	0.136009885356707	0.137658735947639	0.230618464718133	-0.353893418898334	-0.515260706917224	-0.319303413202351	-0.204181440515144	-0.226049972811118	-0.147940960071236	-0.46031603446944	-0.254993149264674
403	Res-003327	-0.0162213205855903	-0.0499872003990907	0.0585705699851736	-0.246208698638794	0.648505054264283	-0.180692685680223	-0.21393511713709	-0.170884286463258	-0.306832103365047	-0.269615727794108	-0.210592181600317	0.0735303116412804
404	Res-003328	-0.0886253396890607	-0.290857628854922	0.0146611316548986	-0.342030849885587	1.06702851442681	-0.165077260389787	-0.212234013888891	-0.204849283246939	-0.32413881633592	-0.310631373021436	-0.204611079596349	0.13248844827977
405	Res-003329	0.043438222267661	-0.166372422501367	-0.213943002880368	-0.193123002665836	-0.137155327041481	0.693654258950979	0.163439005694816	-0.0714449458862038	0.50732029512757	-0.119651770611118	-0.18227581743345	-0.226190896636388
406	Res-003331	7.53884610746672e-06	-0.0265882169056474	-0.0178998610942195	-0.00894851832871468	0.00105068287031592	-0.00935383721837935	-0.0191115377027398	0.0590650889563196	0.0506892803624279	0.00560970413130308	0.197676211182686	-0.0192013611458029
407	Res-003332	-0.0117604159066207	-0.0164635560265538	-0.0206748358242568	-0.0170571904300636	0.00795163378829334	-0.0147034320453788	0.0233724339218087	0.0450694824746835	0.0395657514247316	0.0102315327220818	0.251642969765351	-0.0194561367185737
408	Res-003338	0.00849962457165193	0.0307154339671957	0.1036133751899	-0.0248871910678016	-0.0693506704145122	-0.0802631920297719	-0.0404084571954801	-0.022661610396255	0.00989927144664361	-0.0350309178027989	-0.0720061730175176	-0.0349705378351564
409	Res-003340	0.0188478552314829	0.00824192704045879	0.0851816611924467	-0.0419681737698528	-0.0399331010251096	-0.0373305219166325	-0.0402797711551842	-0.0269723710689716	-0.036197699657572	-0.0349195434283946	-0.0280512212253154	-0.0199920347310965
410	Res-003342	0.22956172649813	0.571072862048791	0.617542943440839	-0.660279355958727	-0.720942597319764	-0.876386670171653	-0.627367644646259	-0.349154226331378	-0.348296655695978	-0.57578490735786	-0.57740678164681	-0.464099479727207
411	Res-003343	0.018513240956008	0.203038317009854	0.182159486899953	-0.146935273885566	-0.129629035567621	-0.175967938715787	-0.127954587723576	-0.112292096684382	-0.0851967959051159	-0.189659521371673	-0.0682094161469903	0.00907257053581273
412	Res-003347	0.322214812964989	0.920072954483988	-0.254321912579817	-0.578455055696859	-0.676530809379097	-0.5772470272428	-0.355377734572011	-0.371228883165599	-0.523002714038537	-0.379426773291006	-0.404653916620845	-0.639819227465181
413	Res-003348	-0.0182777291041531	-0.00909153615071021	-0.0138636739922675	-0.0035891907302647	-0.0112657929552508	-0.00779391403718373	-0.00957921920536621	0.130287535984725	0.145596445549745	-0.00537951076022878	-0.00797584886587591	-0.00476192700639263
414	Res-003351	0.00193213959669542	-0.00306430376056325	-0.0043269930017634	-0.00343196468343102	-0.00240511627332054	-0.00257513411841597	-0.00101353244098197	0.0348792075819166	0.00112119959057005	5.6491525140717e-05	-0.00418802900517202	-0.00428611716700343
415	Res-003356	0.0213921651921487	0.00208193174734646	-0.0127686178600182	-0.0193534710966734	-0.0124265154444756	-0.0181231756907121	-0.023698226991065	-0.0166347086354913	-0.0287235302392665	-0.0154580892588981	-0.00716013196897479	0.29339031013183
416	Res-003374	0.0196818628985578	-0.0207672237559278	-0.0194607860825644	0.00800850026731624	-0.0173276382466525	-0.0118706995860624	0.00189740016014027	-0.00438698594886505	-0.0103970199204741	-0.0148528934552589	0.00680880809431505	0.208412823441694
417	Res-003378	0.0128052601482617	-0.00876478441054466	-0.00770985823725182	-0.0153093178754212	-0.0139089840495527	-0.0153503521650955	0.0940696077598481	-0.00923256526305665	-0.0144535798488384	-0.014886950492441	-0.0142275545162599	0.0195410771732808
418	Res-003384	-0.0446527905869344	0.161410329320122	-0.101927583550217	-0.075441364715911	-0.102256076458108	-0.135365116450183	0.639690697867256	-0.0505908988418087	-0.0248630775145624	-0.102611575105633	-0.0975322367144194	-0.144964959264013
419	Res-003385	-0.0772462804609664	0.334211997093597	-0.0743288163152377	0.0582494366060958	-0.117452105793564	-0.112016250580802	-0.0950044508360036	-0.031782539076811	-0.0656007149476795	-0.0283987469063713	-0.105124262957681	-0.0272418038035217
420	Res-003386	-0.00903678353506579	0.140632522978958	-0.0544821060901716	0.0446888238979537	-0.0676216270640139	-0.0659576982566701	-0.0428712214974015	-0.00572695758286548	-0.0563049599688845	-0.0173052711216459	-0.0562487011580161	0.000690582283656385
421	Res-003388	-0.00574743981100064	-0.0187917742293765	-0.0200509821754283	-0.0125032494621852	-0.0171719339867611	-0.0231233514694652	0.254480317614685	-0.0156355159508991	-0.00420252932085667	-0.0196239843819145	-0.00391819364987086	-0.0180025737973675
422	Res-003396	-0.0212888230249178	-0.0145539971195859	-0.032064710545395	-0.0382259045302113	-0.0274400290395315	0.00161335839328101	0.362294400033958	0.00448864552310988	-0.00663592413875857	0.00562925009930116	-0.0201244346120136	-0.0323986674365406
423	Res-003404	0.00788104638094962	-0.0796885309186601	-0.0866423636567131	-0.0828656069398981	-0.0880060894980112	-0.102676290586504	0.855893315120956	-0.0762422378711469	-0.041505699961761	-0.0338882738860884	-0.0928790633440248	-0.0899849492442797
424	Res-003416	-0.00857118114758515	-0.220487486007088	-0.20281102368029	-0.151747931312927	0.0420526960396382	0.91962570189599	-0.0388430210839383	-0.0683572669988973	-0.0864388087491773	-0.0227437530534791	-0.147168152095745	-0.214116976721786
425	Res-003430	0.0180022911778089	0.00313489985588145	-0.018635656425192	-0.0257487211414969	-0.0348905410657667	-0.014207736611726	-0.0145014693797427	-0.0314269733834398	-0.0232427050871235	-0.0230295923280978	-0.030031048657851	0.580969602098729
426	Res-003444	0.0546797578102513	-0.0419869919778062	-0.0353182332534194	-0.0487451279073644	-0.0540227131016542	-0.0291107759687718	0.00455434702868468	-0.00962404149019175	-0.0116308462254771	-0.0406529605471025	-0.0297929283160139	0.739129675778758
427	Res-003449	-0.0924218918016479	0.149136005718503	-0.0357898061917347	-0.156112858736242	-0.11006307377597	-0.27386788254394	0.83035769622579	-0.110846509920977	0.356960757597239	-0.244090724221089	-0.0349117100782649	-0.118062512580072
428	Res-003457	0.0378424790103163	-0.121869498496081	0.453840091260465	0.338837454340428	-0.298349156793491	-0.543794048707223	-0.389718606440943	-0.303293293166359	-0.290376160146355	-0.118128355972624	-0.212802342309322	-0.0974367229955762
429	Res-003460	0.0612895297997466	-0.100808369793911	0.372186179015739	-0.171038683095823	-0.0403114826904343	-0.203497118027847	-0.164418956534952	-0.114975317669223	-0.18412482651744	-0.17830213801292	0.105274419413416	0.0810238835665813
430	Res-003477	0.174210072792052	-0.157747846966878	-0.181916529247715	-0.331942216886754	-0.262456454234132	0.906874166979645	-0.167646162969135	-0.00716610735169854	-0.176650395827945	-0.169468638132786	-0.114669221266715	-0.153767855887916
431	Res-003488	-0.196833234163514	-0.799812355293589	-0.916325487383826	-0.90429712604337	-0.883104444422112	-0.762479839976837	-0.504410502926695	-0.722327502910339	-0.823219425875657	-0.615383440498756	4.66303235946512	-0.701972791105474
432	Res-003490	-0.712625746629608	-1.13038364624155	-1.33342159772425	-1.301906231154	-1.23740304734141	-1.31574537571156	-0.905015511854305	-0.890529031751752	-1.00134798717573	-0.873196303080361	5.58218782146538	-0.94855262821133
433	Res-003500	0.736138844605139	-0.256953299811148	1.04413042137831	-1.27941925610727	-1.36477539517744	-1.37257370725864	-0.504621298809176	-0.434088471513046	-0.803146840674628	-0.956049278256804	-0.459942846110808	0.408682416880808
434	Res-003517	0.00641748717875411	-0.0378312751329999	-0.0469921252315989	-0.0503707619167338	-0.0382089278603734	-0.0340910404247192	0.45469431650523	-0.0339786550451243	0.0163963663421092	-0.0323835108347747	-0.0377611766126824	-0.0473811356140096
435	Res-003520	0.179050101970186	-0.367331737176461	-0.840181785052786	0.930721401368918	0.230449426957908	-0.691529809584752	-0.527546176320701	-0.248060290219687	-0.0708882484151516	0.289509764997655	-0.712574434001414	-0.00101056137092104
436	Res-003527	-0.110894374985374	-0.107968505476338	-0.170111066703834	-0.0148972305588777	0.244400110152137	0.668625703248795	-0.228970961126286	-0.0759095666994303	0.115880525744643	-0.125582190283641	-0.0880774977055772	-0.198697499726045
437	Res-003530	-0.0286425369300476	-0.24430041653197	-0.279821834893191	-0.245466990030001	-0.269819953424533	-0.248010072181561	1.88868391723096	-0.146087477104344	-0.160904218445763	-0.21769887792606	-0.253517766892467	-0.263636782331418
438	Res-003536	-0.00381245444631381	-0.00575100333766439	0.000693854512599371	-0.00456516302335982	-0.00209604518226015	-0.00281109443878614	-0.00176901287733824	0.0721166296630932	-0.00169016320728672	-0.0058400562649844	-0.006626542233	-0.006484707951167
439	Res-003540	-0.0288602608995309	0.00145357810384364	-0.0191407746313685	-0.0207531097244881	0.0300663570317992	-0.0147992914332054	0.0214596948130159	-0.0014897798722717	0.250067496149862	-0.0250776541515538	0.0164490888989215	0.0606406504104427
440	Res-003581	-0.00080449449635378	-0.0549480028877306	0.0357420756976993	-0.0448815569870208	-0.0770452801408937	-0.0431230834807786	-0.0228738926098183	0.0312772336496115	0.528743578667856	-0.0330861431366555	-0.0320470720925784	0.0296808286898294
441	Res-003596	0.00420730253527787	-0.0246434930688724	-0.0247657765607744	-0.0383315298997139	-0.0230545339651332	-0.0238603475989819	0.341834011119975	-0.0354529237830442	-0.0322978342560061	-0.0332641036049556	-0.0232383708366631	-0.0110188553298854
442	Res-003597	0.0217611971120624	-0.00674142137498698	-0.0110761561776618	-0.033279717964036	-0.0269774034228348	-0.0337905389467003	0.0653729872264138	0.114673644956908	-0.0287168633920741	-0.0218463331046929	-0.0441528072552947	0.00353747080281423
443	Res-003607	0.00495562908529162	-0.103149029222265	-0.113723295182456	-0.0960008974420045	-0.104170333915326	-0.123323334873625	0.936199167423625	-0.0175581591767611	-0.0550887804406625	0.0115119301210299	0.02236839343195	-0.145509933086111
444	Res-003620	-0.217892890092117	-0.472228185725544	-0.610358010168161	-0.582549960748889	-0.535369235103688	-0.576670023498698	2.95350319106606	-0.382487316189649	0.0480340921840308	-0.558763002904822	-0.522904470184948	-0.560795915350222
445	Res-003621	-0.209457973839195	-0.337319398257065	-0.391877161900174	-0.353500349842147	-0.365548233549934	-0.370796159534425	2.54300320013978	-0.357890698314375	-0.27459477250072	-0.289327734260566	-0.367049924117533	-0.386261329718859
446	Res-003622	-0.200104405052345	-0.326540252563945	-0.417668632681253	-0.398196800272334	-0.355507752548544	-0.383170406677736	2.55750853768201	-0.29726622443107	-0.299840603703606	-0.370125968027206	-0.343481545661427	-0.322113895757321
447	Res-003624	-0.00177242408701027	-0.0137682218908911	-0.0108622601097286	-0.00969556984147111	-0.00816805195959554	-0.00950731349217767	0.156900339876285	-0.0117266288604204	-0.0101269338166882	-0.00976988770622356	-0.0105998861549954	-0.00810854574135786
448	Res-003625	-0.016507628728468	-0.0600911054309727	-0.0539228240484293	-0.0473377296154034	-0.0620946496432263	-0.0583252717346591	0.709831291630565	-0.0527096881048906	-0.0561194465547014	-0.0634316309477035	-0.0449662036485601	-0.0611797418989184
449	Res-003626	-0.0127097184410209	-0.00200252275095691	-0.0048200238390596	-0.00199983909826826	-0.00591609954679228	-0.00960205507363844	0.133438863706333	-0.00816788919606176	-0.00464877324350677	-0.0110382500341184	-0.0066515997736401	-0.00876778793634726
450	Res-003645	-0.0580391530430506	-0.110987691671503	-0.11581904110683	0.0679806467366783	0.441200373121598	-0.0561825652672736	-0.0749019972846244	-0.0632612586309276	0.000692476028871264	-0.040904100570363	-0.091353145984746	-0.056586816705182
451	Res-003662	0.155576270825946	-0.233737568961996	-0.0429225658522452	-0.425386364302116	-0.210332012801212	-0.105462760123823	0.956491477629074	0.14103208464203	-0.147717348078362	-0.000811628572778833	0.293206161847001	-0.134643027573875
452	Res-003667	-0.058562745625526	-0.228690481078698	-0.265197505840863	-0.256258818476955	-0.256982493267464	-0.246914364552897	1.86792398300026	-0.121871039732939	-0.0561542620543031	-0.194575237704251	-0.167193686002443	-0.21954826744351
453	Res-003668	-0.0993597210410835	-0.227163421658314	-0.304304304020005	-0.280185240946027	-0.248704042857732	-0.256604325861009	2.01766033192543	-0.202503426771867	-0.0423039475683036	-0.239529844913849	-0.207934612892593	-0.295236678007607
454	Res-003669	-0.0205973647185383	-0.0474304666037113	-0.0618799046260469	-0.0609137176406601	-0.0618144423392051	-0.0674545244164645	0.70737364035546	-0.0503125069555309	-0.0267112796659405	-0.0140440889340143	-0.0423987058709093	-0.0428750082799925
455	Res-003675	-0.0160181323036263	-0.0579456906770291	-0.0740956967016164	-0.0594702199975583	-0.0719620944591826	-0.0820397511542402	0.160132905003385	-0.0215069623670577	0.888271317497457	-0.0430321844237631	-0.076342480557427	-0.0654030253390785
456	Res-003686	0.0328868655929605	-0.014810000267877	0.0309402667163024	-0.0267137235414104	-0.037161221614229	-0.0290224486714115	-0.00473840097659902	-0.0243650667003805	0.00190874280790852	0.0133201531370118	-0.0265254536898593	-0.0067775443167829
457	Res-003723	-0.00592352130764401	-0.0315921360316867	-0.0245895442941777	-0.027370867252043	-0.000463236995539101	-0.0132831818012412	-0.0251830694815476	0.311843301463781	0.017194372780551	0.0023878039473789	-0.0140661625902438	-0.0377342462528914
458	Res-003739	-0.00115628217170601	0.00282429261393301	-0.048257786965938	-0.0483924240193577	-0.0384056933008687	-0.036999443996459	0.216434045465931	0.0126243315825412	0.200630267194123	0.0309724479175878	-0.0149946330625044	-0.0552302757440374
459	Res-003758	-0.0158403450447563	-0.016271409530467	-0.00568673598650808	-0.0217121915267773	-0.0176950396495936	-0.0119493969480352	-0.00956922664166375	0.0369560243687493	-0.0290776701243359	-0.0154234754742067	0.0170929084336001	0.733744842939529
460	Res-003783	0.0223236475061713	-0.0521876697818038	-0.0667126866565527	0.0298291648029732	-0.0461795204008768	-0.0190022825389131	-0.0507031535599626	0.0104255805514493	0.0191200419100745	-0.0977965475951411	-0.0312661297259192	0.969895690201617
461	Res-003799	0.0223121589727278	0.00484895929619593	-0.043270080598618	-0.0439290936965505	-0.0405980137560308	-0.0433960010233269	0.307785971343957	-0.0291793959187892	-0.0247338295777209	-0.0413385472512967	-0.0544060883029593	-0.0315843222753334
462	Res-003809	-0.0491430661824473	-0.176859468740651	-0.300375394938006	-0.26876775813171	-0.273295121568118	-0.291446983483014	1.92450908009835	-0.18217257039648	-0.118878851501069	-0.279531012839577	-0.245027657957339	-0.226829662463648
463	Res-003810	-0.00444346857795957	-0.024916476812814	-0.0214272414954002	-0.0349431079456043	-0.0313429609073444	-0.0258538430202304	0.355726756478622	-0.0193617328094984	-0.0145223982738214	-0.0272178494740068	-0.00401079834343424	-0.0351240251963427
464	Res-003815	-0.142997720515817	-0.389406107351288	-0.350902478760544	-0.0546436579598882	-0.0733202252241485	-0.353638973570195	0.44777302930461	0.147978615412967	1.70183922261895	0.540885697233917	0.620602457829215	0.0724578886498188
465	Res-003834	-0.0200656975022563	0.0971244572833676	-0.0428422205183808	-0.029881253274921	-0.0566099815252814	-0.0705065316085038	-0.0322137527106669	0.246907545018395	-0.019400318336511	-0.0775431931924361	0.198955961761798	-0.113273561886942
466	Res-003836	0.0890261190935477	0.390202326444435	-0.0236277450654948	-0.190497763819072	-0.212965314735825	-0.243330058913996	-0.120350452899447	-0.110669055160728	-0.127705070722644	-0.24401173084867	-0.188573594671256	0.0601388180329276
467	Res-003837	0.0779874564578573	0.143327777621011	0.296887466494257	-0.211496416154076	-0.228256308000898	-0.21828226868643	-0.167233294153766	-0.12083894140803	-0.183348632716813	-0.163617321229223	-0.0962763798448894	0.0340526762582709
468	Res-003838	0.123378420827084	0.591134857264251	-0.177980342322542	-0.324795917582526	-0.246664750372737	-0.296515593563878	-0.184334357770578	-0.0838958897246054	-0.159505687801186	-0.240329045275574	-0.230351992909579	-0.112144658163221
469	Res-003843	-0.0286062541771512	-0.00566007801459025	-0.00839677419014359	-0.00232021607234119	-0.00140614586779087	-0.00754959417197546	-0.000429709223944978	0.108299841144725	0.134440405432997	0.0316402457213861	0.000667727612635083	-0.00901689247672607
470	Res-003845	-0.0988836214299667	-0.0790234549442786	-0.121811512798954	0.00564656017812365	-0.0444131060130074	0.28813473192656	-0.074426934320387	0.680633333093844	0.052907995393942	0.096446840709933	-0.128279903452832	-0.129549420394179
471	Res-003846	-0.00496811803475282	-0.027717414066233	-0.0440314277794028	-0.0482530788179838	-0.0462606585159384	-0.0448291329769109	0.519957565541101	-0.0295555706660012	-0.0233630743944925	-0.0529302652580749	-0.0468725280722111	-0.0549384051418505
472	Res-003847	-0.127367762156122	-0.405906995022773	-0.515321495742703	-0.495536304128202	-0.483151071864676	-0.481834322405029	2.72193430233668	-0.356337642950654	-0.268963344365748	-0.453731394868286	-0.45944007746109	-0.492680205912499
473	Res-003852	0.371641252261324	-0.378735002214045	0.773674852718963	-0.499696073254493	-0.553240652431691	-0.525730476047445	-0.357692318911309	-0.205541389007456	-0.416306999399383	-0.487751012105128	-0.123049515174707	0.466897561827115
474	Res-003861	-0.0116865960217812	-0.00505199946255282	-0.0393309435389762	-0.0165180027295812	-0.0467793060862065	-0.0333924138844302	0.0507454390911691	0.0130919477576684	0.433277096557439	0.00338710531091738	-0.0356492599006689	-0.0372901833806871
475	Res-003880	0.0366491937646242	-0.131231635569129	-0.281700185108672	-0.0733359752344993	-0.00934339978850818	0.863048338253397	-0.214052740953876	-0.106042338277411	-0.194821289773887	-0.0109698601222861	-0.0952673882022547	-0.204832094524945
476	Res-003881	0.00401575316171712	-0.0389863292589303	-0.0379510960371079	0.0452413750869151	0.0344735618375674	0.0440552920540757	-0.0290392343045992	-0.0207533353902812	-0.00697647694401858	0.0554637409550608	-0.0547610463921893	-0.0428655440818349
477	Res-003883	-0.0497651233206163	-0.0800203796305878	-0.0910309736793435	-0.0852644497967034	-0.0727308438872386	-0.075073496568784	-0.0530893259193473	0.774722330043615	0.186475236798189	0.0358635621842855	0.448159542628972	-0.0915672564538467
478	Res-003902	-0.0135799859859629	-0.0186785690458689	-0.0168568144975927	-0.0225796358988189	-0.0252389184297837	-0.0243424398452882	0.247767522608648	-0.0141458770677064	0.127616289943389	-0.0176928376731713	-0.0229021871594695	-0.0232216187556862
479	Res-003905	0.000273266049992227	-0.0332662171818336	-0.0258826213738766	-0.0178785674050216	0.0702354201302021	-0.00676869686611381	0.0733063299561974	0.00550622683925824	0.0361471473916519	-0.0310891580894646	-0.0167290976047652	-0.0244853757754041
480	Res-003906	-0.0423150423346728	-0.343196317974123	-0.314228946901585	-0.327350605242197	-0.278614921354345	-0.325324756922668	-0.187101958365868	-0.147911812565459	2.607735138454	-0.253271438237018	-0.150704991642188	-0.312755063532012
481	Res-003922	-0.0042074674341564	-0.00457601279082381	-0.0250456640048455	-0.0263944730121592	-0.0324011962738368	-0.0309232541012736	0.296974655871305	-0.000365050016805181	-0.0278251934533307	-0.0311765549569527	-0.00935585933998575	-0.01461774911154
482	Res-003951	-0.0139776438782141	-0.0240756917771094	-0.0239126637627452	-0.0193515935959718	-0.0225162513157311	-0.0257410708318812	0.0165317533129244	0.0821351148432373	0.0461241452059476	0.0729765140380756	0.361114988367588	-0.0269545297119018
483	Res-003967	-0.0370220070372168	-0.0118922995407562	-0.010179675713083	-0.0164670119148081	-0.00960455763102827	-0.0197862967138968	-0.0186331780113768	-0.00321804925694037	0.491334571786249	0.0014386206043552	-0.0211270501527096	-0.0213006950917466
484	Res-003982	-0.056903066109688	-0.0736850216085674	-0.027600015073367	0.101293890905973	-0.0858182225521734	0.0306497415137051	-0.0518152087302824	0.0328450981220736	0.650465137741341	0.00246684833602434	-0.0950808515689302	-0.0551572241568581
485	Res-004000	-0.00294179191661493	-0.011178660731031	-0.0266172129848058	-0.0397811234825434	-0.0290839164872524	-0.0311273837522881	0.345692323708679	-0.0144032923102069	-0.0266631979671559	-0.0287393026879784	-0.0320061039514076	0.00202548821028482
486	Res-004003	0.00429676677157419	-0.0231720385079268	-0.0315808910740686	-0.0306784432202163	-0.0163507727537308	-0.0248014731937796	-0.0212779751580541	-0.0242139078203782	-0.0452654190124373	-0.0304495897292588	-0.0202762680868886	0.998945488388601
487	Res-004010	-0.0317669107215466	-0.103515372984773	-0.121331043527411	-0.104067323705787	-0.118159316961577	-0.101473471999492	0.569093704060454	-0.0634801712067856	1.00560708203147	-0.102496708832598	-0.0885230510432758	-0.14613802643645
488	Res-004024	-0.0264897198911305	-0.0917172652822886	-0.116258225182926	-0.156786992766209	-0.143676141197616	-0.0702053625864492	1.08555409478174	0.0571526663318689	-0.0109732920673999	-0.0657942790903209	-0.104698483942472	-0.0930124529892929
489	Res-004025	-0.0675132987511724	-0.0740100322876911	-0.0725335849607622	-0.0626021812106015	-0.0323523204626824	-0.0706734679119939	-0.0537408028402367	0.0216393742060934	0.105847154426354	1.22088344625972	-0.0600742022379535	-0.0665418917929102
490	Res-004035	-0.000265902069514379	-0.048732687531826	-0.0359764906177684	-0.072641487692652	-0.0764346508238704	-0.0783923331664839	-0.0664560282049394	0.174951562949715	-0.0569171096326178	0.326956359119892	0.756476135516295	-0.108526110234926
491	Res-004039	-0.0199711089419539	-0.0666262488991894	-0.0957902498141528	-0.080317516589251	-0.0663662095869096	-0.0773004688801489	0.873319588676851	-0.0451989095769689	-0.0237955813193257	-0.0812612462995052	-0.0872287366976102	-0.0701403406397087
492	Res-004040	-0.0140593555426064	-0.0227207318139934	-0.0326028161800223	-0.0353779421601024	-0.0258267334228265	-0.0309044568639321	0.43537191426134	-0.0322859941910726	-0.0290859880937061	-0.0248610938280139	-0.0311147322923384	-0.0323253542895139
493	Res-004042	-0.00153740700956026	0.0638025024508915	-0.0631654805981844	0.00187707841909845	0.0971739678680857	-0.0671142808694146	-0.049520689461724	-0.0230395878853244	-0.00803847388627385	-0.023950612310007	-0.0648403506664887	-0.0593100368322039
494	Res-004051	0.14247443108063	-0.0492109026103048	0.0583391437648824	-0.111125078494732	-0.102366201010125	-0.0890660140912235	-0.107538808497523	-0.0429102798692008	-0.0169078960566006	-0.0337499777339353	-0.0889914236911143	0.121820383447896
495	Res-004055	-0.307953956747765	-0.416829182922144	-0.459866073389222	-0.399909117487444	1.77360194677952	-0.265055919195307	-0.28718643661387	-0.197073045784485	-0.340698558556509	-0.346088880873777	-0.244455639379146	-0.0658419671788898
496	Res-004056	-0.0507729731767581	-0.126364894725245	-0.159542207347369	-0.14939223887349	-0.132674535608409	-0.116962454222095	1.38956953273661	-0.141737666865568	-0.0986634650645048	-0.130127174322549	-0.115253905107739	-0.143405694329427
497	Res-004059	-0.0370113180737205	-0.0786563422219083	-0.121903954744256	-0.118512358793719	-0.116633935099004	-0.114833130020967	1.13460500417111	-0.0521885406751619	-0.0704199938676229	-0.0740032069874078	-0.0940207679932457	-0.128051836241412
498	Res-004087	-0.0577506062163892	-0.0837248557383367	-0.102331369110821	-0.075564455629596	-0.0762281825545888	-0.0790773372806217	0.0275942072567363	0.236542423960251	1.12078783376457	-0.0535319387488052	-0.0385565447874462	-0.0644767738848203
499	Res-004095	0.00293123419224149	-0.0185068138291076	-0.0237759896538324	-0.0224338013787071	-0.0218214947546275	-0.0164378044630108	0.208193631760938	-0.0227964407535031	-0.0154196816755975	0.0775599950073245	-0.00602515430489408	-0.0231345467277258
500	Res-004104	0.0475839131638969	-0.0446168948202696	-0.148192491723013	-0.141651523474823	-0.0536961881204549	0.470839512312362	-0.0202375607649232	0.133926486225593	-0.0439166862012799	-0.094057453439814	-0.116653800028584	-0.113083515223053
501	Res-004111	-0.0369874300673853	-0.117445852135461	-0.139366160772406	-0.103260142711186	0.256546509275041	0.476332589101986	-0.0487086495575016	-0.026093337560693	-0.106236210623588	-0.0420174539079558	-0.100720127667423	-0.035864192261456
502	Res-004115	-0.2996055673962	-0.784475536482696	-0.312962934726191	1.27191386366739	0.179332076765836	-1.40061747072776	-1.11156521742047	0.372315371599933	1.08404773764907	0.202036971824592	0.0517444600456543	-0.00276625662374697
503	Res-004117	0.00751258140205713	-0.0359375620367693	-0.063613139562872	-0.0594584003070123	-0.0542218889941115	-0.0555726547805319	0.279265436142097	-0.00155395825068083	0.434765803213518	-0.0410243982477207	-0.0556050747119277	-0.0368003321896885
504	Res-004151	-0.00373936488676054	-0.0122348938500318	-0.0940234961871454	-0.0876709255796929	-0.095206418207733	-0.0943725211874111	0.762026916452234	-0.0486337533144564	0.0677526105854717	-0.101645652091083	-0.111357880882318	-0.080116368401203
505	Res-004169	-0.0150700760456253	-0.0158847977207923	-0.0280387669609219	-0.025050550530749	-0.0226343431705111	-0.0208958611310315	-0.0214725751004464	0.0136603103822472	0.0465728594943318	0.284239003035561	0.291977725159765	-0.0264946256264031
506	Res-004171	-0.0876058987868387	-0.252417261859098	-0.285289928523712	-0.251553761336293	-0.220973140792513	-0.269294796294449	-0.133874807901804	-0.0898064003466509	-0.0704843810556834	1.39813089755271	2.24263656729567	-0.23604471792709
507	Res-004173	-0.13730518900381	-0.214359728572313	-0.259589194798649	0.400323283240632	0.593621617756786	-0.216471679023869	-0.20692479375729	-0.0801834836986552	-0.00282200261296528	0.0167868172590709	-0.112251335342436	-0.0165781029090323
508	Res-004188	-0.00193607689544705	-0.0187241906811932	-0.0184686008317275	-0.015968317307753	-0.016836692985185	-0.0122667739186567	-0.0191164338601587	0.207523388116257	0.0071193880602387	0.0175016186571571	0.042933131958006	-0.0181178041634903
509	Res-004228	-0.0468143214961448	-0.046997132948174	-0.0508442823720599	0.159981899131594	-0.0243712014046724	-0.0269184832271273	0.106166044277042	-0.0350136499804293	0.206492282000983	-0.00518312643907261	-0.0385406382817616	-0.0448212550545937
510	Res-004245	-0.00891227747695451	-0.00834891180420318	-0.0090162227717691	-0.00382856605789446	-0.0103602085299429	-0.00658296522361126	0.00974670823930549	0.106769242108256	0.0440954279682978	0.00909800272224335	-0.00883820110537466	-0.00879203111214115
511	Res-004260	0.10582632255213	-0.0997028759073116	0.332813926012778	-0.176350622803729	-0.145382275176241	-0.191735731907367	-0.0222760088885705	-0.0634703158288636	-0.134368576318326	-0.160206814278938	-0.0960261203889475	-0.0374843888976159
512	Res-004261	-0.102107544282409	-0.157135221829332	-0.0903039025599736	-0.12067728112689	-0.136912829213355	-0.109316991931958	0.510604887471473	0.133304693801791	1.27115055775477	0.0458767721207593	-0.137137502114701	-0.181943451828108
513	Res-004263	0.0252523792679314	-0.0101661289953119	-0.0103950270784013	-0.0175334135290448	-0.0200396478084469	-0.0173210528901091	0.0188392341228316	0.00843182688248122	0.0298129698276921	-0.00387474920179703	-0.0256840413820776	0.0136846994238144
514	Res-004269	0.122294122320624	-0.0884483272593902	0.0756445848640552	-0.197484568564711	-0.072973416757117	0.179699903812321	-0.0456809927443834	-0.0612975530982154	-0.0655423833032088	-0.109907217243778	-0.0195265497744999	-0.207117354135118
515	Res-004277	0.144670755840928	-0.234407173278951	0.0186989699222962	-0.235094807924421	0.100380678480468	-0.29719940225166	-0.105117566581997	0.402588386819071	0.505014377325676	-0.168622884227518	-0.0979656158582231	-0.0254784375087217
516	Res-004282	-0.0388935227449946	-0.0606292283828917	-0.13502260433948	-0.117590380046781	0.0756710122548848	0.678716464561172	-0.0635429725265013	-0.0612219722958647	-0.11228302855937	-0.0888541759009252	-0.138896770571275	-0.167814255683639
517	Res-004287	-0.138677784011198	-0.248397707025362	-0.152218748461524	-0.230676683632526	1.09883501948223	-0.205783601388194	-0.168484787431061	-0.0891041833870722	-0.176514238267347	-0.176156024771196	-0.09179374612702	-0.0106044065501149
518	Res-004288	0.000524861062149197	-0.0293420426595228	-0.0405600793163227	-0.0453976982345433	-0.0347690767364896	-0.0405101510698825	-0.0259797227423373	-0.0142975705154245	-0.0255231280511674	0.223892442648611	0.646035007534385	-0.0370575403081359
519	Res-004317	-0.0250189353659998	-0.0777616824042008	-0.0842803811372737	-0.074512338088086	-0.0760973356371472	-0.0711664619222327	0.477140375253486	-0.0418700919689685	0.705756714823768	-0.0498549929208564	-0.0730895379748597	-0.0869915832828844
520	Res-004331	-0.017715745835698	0.0088165746464569	-0.0440618323875281	-0.0534872436536946	-0.0204079977606543	-0.0403053751205751	0.162840101179461	0.166962913060671	0.125765596337178	0.0330094018679978	-0.010715708797855	-0.0424488916966068
521	Res-004351	0.177036877652796	-0.116005585284657	0.0439472424120818	-0.0636759696561713	-0.0835513284925399	-0.293574173700278	0.245354107453807	-0.129589815040923	-0.273203366288664	0.00685681364863622	-0.222334169568311	0.263623184320777
522	Res-004359	-0.325712621755577	-0.45161630666011	-0.511404415959939	-0.404387556869194	1.85866553252362	-0.317451516042091	-0.400917107982743	-0.198725676019783	-0.344533337814374	-0.28479062728579	-0.258898468501027	-0.0341762381720939
523	Res-004360	-0.105639175440046	-0.668499934159986	-1.41840331171418	-1.16466688247865	-0.60818172890441	2.90849130719751	-0.346727347637748	-0.426361462209739	-0.407738291317025	-0.404394177801215	-0.532157183781403	-1.07706972803084
524	Res-004361	-0.0117373524515933	-0.0167085238200009	-0.0219525108973411	-0.0156472033241808	-0.0118720638657098	-0.0140334027330505	-0.0137854331569192	0.280628830630621	0.0101725581834925	0.000604329109568248	-0.0161437321692136	-0.0207943013591657
525	Res-004362	-0.0113787186695052	-0.0534113382727554	-0.079321247362493	-0.079485642126941	-0.0719223208873467	-0.0627669513110554	0.703760777393155	0.00805838544622978	0.0786258606638682	-0.06137226372194	-0.0561252001047462	-0.0785113877074286
526	Res-004363	-0.0714434338136331	-0.0645437899627887	-0.122420622665804	0.131015839450481	0.235461478961841	-0.0975350031447208	-0.0999159744977366	0.132233532520011	0.147755996493966	0.140318600780533	-0.0761282077212594	-0.0923083287996365
527	Res-004366	-0.0194974750053324	-0.0675588335876858	-0.0797945033706316	-0.078011857767391	-0.0698720940282334	-0.0648693817581454	0.188116948342124	0.264376108930847	0.259458382382943	0.36925905113955	0.138733293400859	-0.0395698396722884
528	Res-004371	-0.0107635363315896	-0.068975596156167	-0.0177879808798202	0.175642440649255	0.0142563645425145	-0.0943341968616822	-0.0569011795380067	-0.0367030674183486	0.00123295218529887	0.0529542388723327	-0.0476484010432684	0.0938010436647586
529	Res-004381	-0.00961427265909783	-0.0568087639446947	-0.10191623485673	-0.0748748654645067	-0.0952037996430039	-0.0897745462763002	-0.0315191392912418	0.310933291752862	0.83248101659296	0.0535869168389456	-0.0358218968800924	-0.0903067734836702
530	Res-004403	0.0448944977230201	-0.260519278831034	0.354855520726948	-0.0906449314300672	0.0427402778929813	0.349002867208295	-0.280742734498285	-0.297302526918283	-0.25010887384418	-0.34542090843209	-0.491685537418659	0.0127657535223116
531	Res-004410	-0.0964546550092747	-0.136115926421548	-0.201202341757534	-0.151090200293042	-0.111454052028844	-0.169682686840093	1.39310779660046	-0.0987360493165832	0.0946416215099942	0.285167294220792	-0.173181454039776	-0.166316009554342
532	Res-004427	0.0214268279767605	-0.00918398466634622	-0.0139226568677733	-0.0130460557794368	-0.0153191453638361	-0.00772131508729437	-0.0113358690820731	-0.00607254067256212	-0.0152084993441398	-0.00826231590665268	-0.0113984319209244	0.227880756626998
533	Res-004431	-0.0374468348175738	-0.24813651245248	-0.296740121474865	-0.262365897343395	0.703199050409921	0.520464395426717	-0.167507014450173	0.0354551259968366	-0.185760507165504	-0.205030288295107	-0.174501556087058	0.0599641124209028
534	Res-004435	-0.0743644947661209	-0.296415111802217	-0.387879433364204	-0.314267396237782	-0.301319204983637	-0.292154094864267	-0.193266130150773	0.121204817952278	2.57676525293742	-0.247422177790791	-0.0375221373610249	-0.306988622556646
535	Res-004444	-0.0204141819602327	-0.0193231045437274	-0.00949575655488768	-0.00184547026127049	0.00608108890086172	-0.00610454989426069	-0.00512687717661813	0.20503797155182	0.0151912307070989	0.0031061454601931	-0.00678637068426764	-0.0331307433609476
536	Res-004454	0.0796518308580795	-0.163737563090895	0.0602780959700275	0.110455916509194	-0.178603303128354	-0.109176647269272	-0.122591027553764	0.108711231017507	-0.00275900027417109	0.113982511753216	0.104088649522502	0.00426325306105885
537	Res-004458	-0.0655727289951071	-0.0594561510154984	-0.0721079143329483	-0.056720347369735	0.0344164423884404	-0.0602564594808183	-0.0262936753426368	0.421714838474023	0.0174145789449148	0.495658792951559	0.240542947965947	-0.0545277613977002
538	Res-004460	0.0557120569439131	-0.0259416975906721	0.244186097354301	-0.17200968412398	-0.0548488111113851	-0.147236358803309	-0.104991445866629	0.00759651754990298	-0.0879718693596212	0.0331507987107598	-0.181219481305019	-0.0112786265181015
539	Res-004463	-0.0363521862624262	-0.0467485479043016	-0.0558941381405196	-0.0700742016026862	-0.0673165195806278	-0.0628607806271841	0.764798149985051	-0.0378035064586041	0.0175969036386797	-0.0552051782378523	-0.0726775080605623	-0.0546041340263056
540	Res-004464	-0.168237873949872	-0.327728804268544	-0.397420311119859	-0.374565470810939	-0.337260107084936	-0.357302163486859	2.44809482198089	-0.234070451248626	-0.193445095245775	-0.315302073213916	-0.385706301643921	-0.295685490850095
541	Res-004468	-0.324022121028086	-0.452015077594982	-0.462325563579626	-0.440553235381231	1.86196106118285	-0.319019031855154	-0.373468060367285	-0.248149360156455	-0.331893964555462	-0.375249230210411	-0.189948292669562	-0.147194454500534
542	Res-004492	-0.23898470046244	-0.766885150878621	-1.1610139046564	-0.316130848438759	-0.606144698935919	2.70258348111556	-0.498028718654977	-0.278178488162364	-0.178159131353711	-0.193797213688338	-0.652130663562554	-0.822182469757318
543	Res-004498	-0.0052924797729957	-0.0340040856056936	-0.038887512446289	-0.0377675747190313	-0.0329524569923197	-0.038627974468973	-0.0060231976649866	0.239399343722873	0.301598018328478	0.0220869146383878	0.0125260156073159	-0.0449711311868865
544	Res-004502	0.0148723261511765	0.0352004846396914	-0.0361331689987599	-0.0448378632536028	-0.031434469255145	-0.0525337969035428	-0.00698833083541817	0.202538518810504	-0.0164492342357303	0.0089165623319853	-0.00214894003304347	-0.053173405031267
545	Res-004504	-0.0446617490803161	-0.0403062858907813	-0.24378047911892	-0.25030642237782	-0.260508001243948	-0.270315352500483	-0.146823002502147	1.84698344549551	-0.261981087146657	-0.257283731262487	-0.259681098304228	-0.296548829477045
546	Res-004512	0.0409805569853486	-0.227935843438293	-0.0456886550237919	0.355897630014876	0.0729192187738097	-0.116217069258678	-0.22725007222058	-0.182142335852665	0.223763038017572	-0.146570541053411	-0.222760905003556	-0.171168876856922
547	Res-004535	0.0969887028387729	-0.0251059188772075	-0.0740261938731042	-0.0688504824402959	0.0388832889924744	-0.263450968476335	0.50192613824475	-0.190736494010928	-0.0768239226028247	-0.150699853458368	-0.163652926097694	-0.111991976037013
548	Res-004538	0.217209146030243	-0.159494716638006	0.573471745227001	-0.308584815849021	-0.325282811723387	-0.394682961180413	-0.29770833861068	-0.17749243360143	-0.310863740064023	-0.294841024456089	-0.149202726866812	0.375096297819319
549	Res-004539	0.0443431429327916	-0.0178723119886111	-0.0481760041031827	-0.0703542126666862	-0.0864014173632827	-0.102910656060716	-0.0768498349905943	-0.0260870101680097	-0.0663308345098328	-0.0202037312020543	-0.0803769235288587	1.42464851942976
550	Res-004553	-0.423276711805153	-0.639239070639008	-0.735666620083677	-0.689680750456536	-0.681585922477257	-0.734729402170246	3.45386046590095	-0.50976537178403	-0.393297056787392	-0.487279043396346	-0.710476725894385	-0.730331419304173
551	Res-004558	-0.0829243794675945	-0.0711833090630546	-0.0691449181180048	0.322498578791415	-0.0903526762665004	-0.0657858769441336	-0.0871274595614867	0.00335596089495466	0.381467665260608	0.0987562483810674	-0.0751131610768871	-0.0232378843498309
552	Res-004561	-0.0158247444439274	0.326170711211852	-0.167618026457075	-0.190261623433934	-0.0646364076824766	-0.201541898218362	-0.100497416554319	0.483891443597837	0.13341589232423	-0.119816376500564	-0.163523880418278	-0.120036825858989
553	Res-004566	-0.445279442708746	-0.451595202204168	-0.401530355938268	1.13164971444791	0.619776875886013	-0.501749459008613	-0.397391949622596	-0.0608945367663482	0.111833755781064	0.327163269402219	-0.392189834266224	-0.226148414728522
554	Res-004575	-0.28933360307264	-0.435031052332858	-0.322476203488344	-0.539226129204895	0.572253126310368	1.59259671733933	-0.320766186134532	0.340970842003706	-0.307578414630146	-0.286274753078153	-0.376413156826048	-0.414786006183207
555	Res-004581	-0.0111108498574985	0.00408220201619402	-0.00789922648797867	0.0230769914683348	-0.00221973701950033	0.000582749217483406	-0.00511630882831257	-0.00734305957659544	0.0171041714142978	0.0191240204865492	-0.000182181055451029	0.0100998315906669
556	Res-004587	-0.0348867767509494	-0.0785496461150278	-0.108827647213545	-0.10009107678813	-0.084054019561717	-0.112786757853687	1.05177098269051	-0.0238359042888334	-0.0773957895662426	-0.123104889334695	-0.112880105252082	-0.0511745134804397
557	Res-004598	-0.00817774932325185	-0.00276248817570977	-0.0124992536833188	-0.016045962781209	-0.0158469773997543	-0.0125117458525747	0.120664330639727	0.0821064004274502	-0.00754959658998487	-0.0180653694932704	-0.0111091313641365	-0.0135806644645553
558	Res-004603	-0.109988682443457	-0.159175150972069	-0.217057080822183	-0.193018768117776	-0.156743978782307	-0.191313885765953	0.0133746897483588	0.103025483803473	0.450613515323934	1.62536568975049	0.887777549026361	-0.188371842622657
559	Res-004616	-0.0171620863607112	-0.0316849566060224	0.0463649854106855	-0.0855494106905211	-0.0422649302114605	-0.0504442456051696	-0.0691232971004891	0.449364364211337	-0.007030433428417	-0.038114316876953	0.0979832825691732	0.021729966744654
560	Res-004621	-0.000493251939424261	-0.163276166424235	-0.190280888101581	-0.191076410266309	-0.175904337084466	-0.175808501205913	1.26566217956882	0.0421959273982104	-0.011152908853942	0.187107103695388	-0.00492450126538246	-0.159096518906144
561	Res-004623	-0.0105447647445173	-0.0390453046739162	-0.073038888809441	-0.0588203641691936	-0.0661081387375568	-0.0558513631671823	0.00812072789691612	-0.0416752540523867	0.910515744818099	-0.0402525494529943	-0.0392616867330943	-0.072023999472823
562	Res-004636	-0.00866024495814937	-0.0295389232863028	-0.0358715321475363	-0.0371895036142271	-0.0408330586041818	-0.0319302618882767	0.465711556594272	-0.0299720253654452	-0.0226843744762342	-0.0320914515377538	-0.0386355691411439	-0.0378165147337633
563	Res-004655	-0.0157856564284115	0.703863477829438	-0.221685254461628	-0.222119457325014	-0.220652084446533	-0.1775080442738	-0.167141195120839	-0.112189651645829	-0.187078265081999	-0.19434534621263	-0.219086427159777	-0.207297778007903
564	Res-004712	-0.0127186819118298	0.0436143661180899	-0.029484277199175	-0.0413032288524925	-0.0370475561392723	-0.0369841950215855	0.271448532367308	-0.00360651032842595	-0.0180688510385691	-0.0315430238925304	-0.00303184419641001	-0.0495949837602931
565	Res-004754	0.0667162366652141	-0.394009396335362	-0.609355082264784	-0.578957455656201	-0.489137287490345	-0.587132258543481	-0.289569679718057	-0.325845765113136	-0.176461410954909	2.40983238794017	2.33881514446317	-0.48671141325568
566	Res-004755	0.145080264449694	-0.462298973491193	-0.837361386641406	-0.738540233179862	-0.631290019899728	-0.838548445423917	-0.41846334162244	-0.303287098643884	-0.33154923101483	2.65821108146737	2.54412203149758	-0.736491550748513
567	Res-004761	0.119634361186678	-0.164952655651052	-0.0825074734513916	0.155399527513664	-0.0322031476423153	-0.0809608724859571	-0.115995377734198	0.0524861902475288	-0.0952693070153627	-0.0506121421088679	-0.101762892567019	0.112878582890468
568	Res-004762	-0.0117088192845702	-0.09064691634173	0.0896477259502077	-0.0599957044510055	0.0486564383534566	-0.090366019480898	-0.0723887512876793	0.228881995803301	0.185323671665832	-0.089579695118811	-0.0168790855463635	0.0772417243300262
569	Res-004782	-0.0197332672380827	-0.066600639182174	-0.0927671287315875	-0.0907916245628399	-0.107841430138223	-0.0957606574727756	0.937821835165384	-0.0757141183478393	0.0310926823178479	-0.0662811548515836	-0.0958566996854696	-0.0833780871130244
570	Res-004789	0.120148280510113	-0.0116011460160563	-0.286525853103123	-0.261736596344123	-0.024313150615785	0.843515381955936	-0.342312688641175	-0.224600315552798	0.265435209467373	-0.489434276053059	-0.33145981344336	-0.441080230934054
571	Res-004809	-0.120920368616869	-0.201695698970466	-0.309305440244727	-0.24220621188985	-0.0638789003641563	1.21145670778788	-0.0478293350154976	0.445855989256229	-0.127553796223253	-0.109973683445666	-0.12360537879221	-0.256791400606817
572	Res-004830	0.0139142645658683	-0.073172078351672	-0.106060092454873	-0.0908071720225881	-0.102397748197791	-0.0947534609724047	0.865567880888862	-0.0396671947196347	-0.029007671725551	-0.0406588683245235	-0.118845306996684	-0.104908020917285
573	Res-004833	-0.0205283748516236	-0.104062237433189	-0.130971568518272	-0.131360990971291	-0.140682364276091	-0.132173444214953	1.21079008075632	-0.102465957794416	-0.0200992497102757	-0.1105407383126	-0.111183300001432	-0.15657475957957
574	Res-004837	-0.00341069252173154	-0.128554730909208	-0.150561320619094	-0.13232974232793	-0.15258439103363	-0.174827150284753	1.30579672196735	-0.156513503985811	-0.0509005285579074	-0.119569054727214	-0.170084039645917	-0.150636463713862
575	Res-004838	-0.0291790171891412	-0.0764303191525579	-0.107819667904009	-0.0925457823642998	-0.0973207026733006	-0.102921793639609	1.01925189394805	-0.0884715035174191	-0.0500195533490639	-0.0619177891613151	-0.0612203119294773	-0.0481078095007628
576	Res-004839	-0.0104398837975138	-0.0749838493366504	-0.105516474801495	-0.124302852127231	-0.128297788593725	-0.110142614243258	1.09055404299854	-0.108348956612272	-0.0754658461319962	-0.112319018776354	-0.0998917965359283	-0.131239690778729
577	Res-004840	0.00474738313905237	-0.0124332735800745	-0.0118760238362178	-0.0117638996307935	-0.0137519178028011	0.000660447590875206	0.11030656600976	0.00552153911604323	-0.00510441904437984	-0.0122803230227849	-0.00649887870993071	-0.0141678415231188
578	Res-004841	-0.0639003093401112	-0.0791257243231447	-0.0968837089058612	-0.0841262581912474	0.541049852510352	-0.0649014288359616	-0.0499263864971595	-0.0293170160042262	-0.0792890552333294	-0.0623892133214037	-0.0791295961847331	-0.00629777136460481
579	Res-004857	0.103304274852977	-0.0163427475830751	-0.107545164088572	-0.102106004898929	-0.083522033733414	-0.0695337932378456	-0.0516025535594853	0.00721214125463893	-0.0277656092059029	-0.0395891305292527	-0.0220384317167913	1.04573116841825
580	Res-004910	0.0347123405498353	-0.176343993834304	-0.192019248031984	-0.207397638603653	-0.217555355121487	-0.222715563017659	1.13527366290009	-0.139847724726666	0.840989651973521	-0.15246592790283	-0.188846657979629	-0.197202860438427
581	Res-004917	-0.0363377582395164	-0.0643607966733615	-0.0724254524647847	-0.0692195308707868	-0.0562150994907671	-0.0681823812751374	-0.0501287284750763	0.310258541773285	0.0661111216534016	0.868610027465917	-0.028762709160251	-0.0624495354919654
582	Res-004921	-0.216648185581141	-0.469063373422465	-0.53414423838056	-0.502483255333945	-0.263916476961719	-0.373621668152168	-0.312132938270404	2.8379866232327	-0.178970339940203	-0.11626539775566	-0.402848161702221	-0.469369008061979
583	Res-004928	-0.0130461243718561	-0.000739396743709783	-0.0147521377389641	-0.00898304782555639	-0.00334669989090194	-0.00661844417872428	-0.00621135105958754	0.175931034797457	-0.00810781927417915	-0.00043797195822416	-0.00154297131478059	-0.0144394456714576
584	Res-004937	0.0710468512749146	0.185096387960974	-0.013942330444932	-0.0713004412874666	0.00429144468303472	-0.215049936701471	-0.124444632783407	-0.192138273187803	-0.118118681678091	-0.129310038544032	-0.221263550913634	0.218350866474947
585	Res-004941	0.0121449452218007	-0.0254331390350411	-0.0479311678640063	0.000748732000620367	0.143129716769205	-0.0434149353904027	-0.0141151217622792	-0.042533655398842	-0.0476046997505366	-0.0229819292916129	-0.0252285387009893	-0.0112314114197573
586	Res-004969	0.00166442204396967	-0.0382450538210496	-0.0369811897791429	-0.035802917648321	-0.0270899967837396	-0.0217599627295262	0.194038697163581	-0.0240643498160057	0.172772761249598	-0.030431406889437	0.2169882027526	-0.0397572630706443
587	Res-004978	0.0784103594260849	-0.210096232838718	-0.0150268353609711	-0.0517534799705193	0.198869492375929	-0.214877365967492	-0.140809039037835	0.0383289201350143	0.398627766235943	-0.0266272696736539	-0.0210953026013033	0.0769981025310706
588	Res-004979	-0.0140087909171624	-0.0291065781685934	-0.0312252532965023	-0.0350320487562181	-0.0265921001847929	-0.0267694499491243	0.355955403003088	0.00892110693611443	0.0395860165199148	0.0186360021278889	-0.024280114700796	-0.0289676935911505
589	Res-004984	-0.0562211841774405	-0.129208196951856	-0.16434849101065	-0.0597725730500482	-0.137679340793804	-0.143413768880508	1.25322278239999	-0.0671957765238017	-0.0287971090448708	-0.0746917871446459	-0.00827062518813174	-0.144208688527633
590	Res-004992	0.00285678592437571	-0.0425989242446931	-0.0305476126995657	-0.0301558419891679	-0.0286101905046174	0.259963158901147	-0.0192394357307327	-0.0163836532112406	-0.0207225753140156	-0.0114917043465091	-0.0226261905057452	-0.0487937462388067
591	Res-004999	-0.00266995528315244	-0.00957993297326173	-0.0175301133442399	-0.0221946127720843	-0.0171945442053285	-0.0163889048286698	0.229717598688199	-0.0114683453838613	-0.0119089550976248	-0.0143605380849703	-0.0191204280959192	-0.0253669314255434
592	Res-005000	0.000934642536122425	-0.00345811775212389	-0.00180941144820585	-0.0035845856466318	-0.00350868030938547	-0.00321918367741807	0.0398364438282814	-0.00343512948165023	-0.00327050099173388	-0.00162958895837805	-0.00321898050100198	-0.00509044920358897
593	Res-005001	0.00116824765610345	-0.0153940492784278	-0.0185929172283017	-0.0149033184985319	-0.00922961903238367	0.030504697490596	-0.0169950364791558	0.0701447288419493	0.0672620770189104	0.0160439919433348	0.0101948328753019	-0.0140811542197542
594	Res-005006	-0.129781661939886	-0.189392544852684	-0.251931689347661	-0.235676364422246	-0.218416518941639	-0.215261048276181	1.91921706398719	-0.144445077900077	-0.110666863482052	-0.208640019331712	-0.216560159802788	-0.232261869811163
595	Res-005013	0.0045020051897635	-0.0108582408479462	-0.0114395657189471	-0.00973184474049839	-0.00958773956292838	-0.0088323794661039	-0.00529953004417865	0.115823813423617	-0.00558854085391246	0.0104797299897755	-0.0105542911928915	-0.0102592526744188
596	Res-005030	-0.171686266824658	-0.234987789917709	-0.278280362076364	-0.246146659476879	-0.192734907572804	-0.186360191239378	0.142703759924681	1.79007476997133	0.760672968824858	-0.116923377498935	-0.269206875105043	-0.225007899134113
597	Res-005031	0.00464263022749503	-0.0555787975857357	-0.0641800739351328	-0.0645932501737408	-0.0694221568978175	-0.0718200517214297	0.682215832274282	-0.060723205660976	0.0143884745674688	-0.0744721299197321	-0.0792333882869788	-0.0472184097789369
598	Res-005038	-0.0436277442361137	0.907390846255731	0.770743234553767	-0.863630563985505	-0.792210762995474	-0.923964356921675	-0.712278073333594	-0.253490564583216	-0.520057562768045	-0.79391267409348	-0.456346005049908	-0.196818946995598
599	Res-005039	0.0039016990670853	-0.00470585043156341	0.0259556319104849	-0.0189286506559653	-0.020813299701321	-0.0449138012081211	-0.0107780179550267	0.0348772334910064	0.118537077895801	-0.0357624253354501	-0.0175950401536842	0.00746615143322045
600	Res-005040	0.00873695013192564	-0.00742559194430087	-0.00841658328688596	-0.0151365534973651	-0.0216434739519896	-0.0165038982726928	-0.00333958398284297	0.117087088061904	0.0348118097867963	-0.0172208678703033	-0.0209198280785034	-0.0124214581200221
601	Res-005043	-0.0106328673774973	-0.00753229666866912	-0.0174560724339844	-0.0312178923515625	-0.0181174642422521	-0.0237847134617203	0.0196712356049959	0.0617400001698183	0.31314572383885	-0.0235442177407613	-0.0173451991998526	-0.0310837970811918
602	Res-005049	0.195465874988473	-0.38957836544494	0.0478762280403341	-0.504049781155597	-0.188735445826758	0.161304817222821	-0.000144438332338126	0.411520794544312	-0.245628846841213	-0.0253302875711425	1.17731437008508	0.165352593169128
603	Res-005068	-0.0354119530812507	-0.0027102990193589	-0.113638738471106	-0.097264849842723	-0.077739368491644	0.603372386841741	-0.0439296358874885	0.031230289171341	-0.0450503744213487	-0.0827464992143033	-0.0857341015958403	-0.085262013849573
604	Res-005075	-0.132792095119876	-0.437281044838417	-0.270099401120284	-0.0876696054775699	0.00174747833993583	-0.24249280718659	1.10408499885288	0.163495186391144	-0.114192173506219	0.713475700788358	1.27994101100845	-0.0386949075744772
605	Res-005109	0.24704731524394	-0.236783895353345	0.629277265510521	-0.367329850169688	-0.402175520265463	-0.431843152667755	-0.183007097630744	-0.0866865456768761	-0.282115404480384	-0.277486099257977	-0.214233565487129	0.2496937183259
606	Res-005111	0.0185886127909431	0.206728613103487	-0.111028169058124	-0.143210881788123	-0.0583342395826295	-0.218613334321145	0.404808090992189	-0.0709857998384254	0.13648297858779	-0.125314596707786	-0.182002961857506	-0.126813569245504
607	Res-005118	0.206567246457316	0.12976423325989	0.102694528759535	-0.20760759840694	-0.199408389540072	-0.202977866178427	-0.184565042657768	-0.168580400931325	-0.194677968674892	-0.145906995484905	-0.180646482927389	-0.191272322459166
608	Res-005140	0.000367109236121438	-0.0029415581277014	-0.0124163470598123	-0.0130352993269434	-0.00922319222906715	0.00027601858846873	0.00743044200205116	-0.0113565413151804	0.148528148339862	-0.00363242326478459	-0.0039878493650961	-0.0140724010883848
609	Res-005144	-0.00385226598959458	-0.00202828011972741	-0.00319104309490882	-0.0051857119091667	-0.00428549870036496	-0.00252112567933179	-0.0037991422647551	0.019596113128536	0.0762817798355679	-0.00401434762230147	-0.00327924566585524	-0.00358745167515909
610	Res-005146	-0.146261620210153	-0.237274571794372	-0.343933035236218	-0.339215083780118	-0.292825101522493	-0.215604992180028	1.32155703704898	1.02338399085399	0.768416196946984	0.0196736011892989	0.0206888169556402	-0.301231250004609
611	Res-005160	0.0224561589219892	-0.00820643476584682	-0.022169837470631	-0.0317088744669826	-0.0295877255525085	-0.00517645969176464	-0.00971224282227356	0.0199288547692445	0.0163022027554314	-0.0124039723842235	-0.0238653874068649	0.377228492529738
612	Res-005176	-0.00909314776030582	-0.00804773846605599	-0.00910960357110346	-0.00892473459408574	-0.00794682485109175	-0.00288281526976342	0.14145503230301	-0.00934437998246069	-0.00788815905941891	-0.00680844940861811	0.0229672916069537	-0.00340214036544489
613	Res-005184	0.133965335143099	-0.19845787791726	-0.0490298873629204	-0.176352063714137	0.246432331223926	0.191249748163193	-0.15682946163794	-0.125769000879522	-0.0657603570873992	-0.170940771172654	-0.11466412206839	-0.000947338603374648
614	Res-005186	-0.0119520305753324	-0.0169036978513714	-0.0300460802789502	-0.0238925731364268	-0.0254609483554965	-0.0212268375982027	-0.0129045211807518	0.143154900050965	0.0537629562980624	0.204098295565735	0.125933453586968	-0.0223540094667599
615	Res-005192	0.0768902130452321	-0.129466170772626	0.0299814117370021	-0.107611051375542	0.16726445482368	-0.130514859976386	-0.0655518868750722	0.00906670945153065	0.103456898139128	-0.0874313354306503	-0.0566840464786696	0.0627509881906989
616	Res-005201	0.0796997746132546	0.885548664607825	0.22698427582402	-0.599822219290333	-0.57934484259917	-0.706116525640895	-0.410275069180603	-0.14461461326908	-0.329333258268032	-0.583988488727276	-0.410825719276734	-0.37395377218926
617	Res-005204	0.079664466016869	-0.00646315889102084	0.318855863427482	-0.134943106589393	-0.184936257687681	-0.156095183504264	-0.0707283604798105	-0.10580954781022	-0.155984803327158	-0.183951663312995	-0.150272344352521	-0.115690944705338
618	Res-005218	0.046772727905251	0.96489818486009	-0.828762249783362	-0.816125776574103	-0.787985195794067	-0.717934529582421	0.44636476279858	1.01226427212244	0.712808735477218	-0.388488987786121	-0.694384058213605	-0.611542462131514
619	Res-005221	-0.0175437092750371	-0.0207146786491705	-0.0582157879409528	-0.0677491652555956	-0.0363830979520514	-0.082456318887872	0.624870970255043	-0.0685704010904682	-0.0346899012165676	0.0252669635406193	-0.0116075262567211	-0.0818100826231855
620	Res-005222	-0.00652453143649157	-0.180920792682085	-0.243741524150114	-0.201714554372742	-0.23639041200741	-0.216044982983042	1.64823908413523	-0.191230205314032	-0.0162204812842879	-0.194042029679619	-0.156865471473695	-0.25337819509343
621	Res-005229	-0.00092919995093961	-0.06985197914066	0.0214693467951707	-0.0621921745704734	0.104324662999095	-0.0758412884306282	-0.0495975919889418	0.107417709609894	0.273682133849875	-0.0684672532180107	-0.0285122318257416	-0.0468973481573952
622	Res-005230	0.00463112621530568	-0.0896954142174944	-0.133758383168261	-0.12471743435107	-0.101267155570186	-0.111994258145799	1.05079326261215	-0.0805008481138051	-0.0549424740013438	-0.115560995377079	-0.0594526622876719	-0.0850038168343566
623	Res-005231	-0.0328319773206396	-0.0556153256375647	-0.0374907509382065	-0.0509694347699397	-0.0441476663980181	-0.063445036690515	0.507986768799478	0.0141785780473563	0.128545304430869	0.0665550697272173	0.0402818322443762	-0.047504096439108
624	Res-005253	0.087908430877507	-0.0876007402512154	0.323642744915438	-0.125695151063739	-0.136562142030525	-0.173143422811124	-0.0777351382721251	-0.111844224938186	-0.096824856280302	-0.115427891914284	-0.0737372738635473	-0.148750178174567
625	Res-005274	-0.0194181782200538	-0.072369314449602	-0.107226023815815	-0.102301116871721	-0.0610344231185099	-0.101785485363396	-0.0467397627859182	0.840462439440977	-0.00801070918345123	0.0762516832181477	0.342108182117299	-0.148641672250907
626	Res-005279	0.0955945735938006	-0.116091488173671	0.333880952824238	-0.137271659983822	-0.132284295596889	-0.138432449209559	-0.133618081283166	-0.0640036577881231	-0.120385015397415	-0.136578922363002	-0.120951479478172	-0.00357845502533674
627	Res-005283	0.00812254576845984	-0.0283976873883538	0.0274056398190118	-0.0187992079116724	-0.0166556180079802	-0.0156603925153355	-0.0236036396433525	0.106449939781782	-0.00853210864925378	-0.0114960058972172	0.0322904829225868	-0.0323943706036876
628	Res-005284	-0.0349170631591372	-0.0751509515983318	-0.054060667070517	0.185053272188442	0.0468986830829504	-0.0554398597494701	-0.032557789311305	0.0375390187582753	0.111183009271197	-0.0213155867058069	-0.0378957592222812	-0.0253637662200923
629	Res-005286	0.0618936285405971	-0.0841384290363343	-0.133082030739289	-0.126143493948821	-0.132237420279904	-0.109784283881964	0.90703041517493	-0.113279463445573	0.0024606419673216	-0.0971604287581644	-0.0764111137981051	-0.127945235656284
630	Res-005287	-0.0389394690886755	1.19697608221226	0.243659095403328	-0.226282001862969	-0.803537921605324	-1.26212556880496	-0.910605335363	-0.620880034726213	-0.65754982801483	-0.458014644055043	-0.823923428587451	-0.306952319107281
631	Res-005300	-0.0975239057083543	-0.2290823848051	-0.252173691979012	-0.220192329503762	0.939978903116798	0.0386972519082558	-0.143785729157429	0.105102919724054	-0.187174325661934	-0.11863722650722	-0.149580580687385	-0.0253660652730407
632	Res-005311	-0.0763945530565858	-0.181631654044421	-0.165306493796363	-0.11117877654342	-0.153240401683726	-0.173340078346659	1.36826958368611	0.155232095264267	-0.125170451224095	-0.0461082652657578	0.031066224895409	-0.0959863139030092
633	Res-005321	0.00223466477509723	0.0022158758042146	-0.0267189499781008	-0.03879240567189	-0.0335849579058483	0.219636444162971	-0.0227181590061572	-0.0310734955998682	-0.0230266755448026	-0.0406096045811949	-0.0446297846808427	-0.0350512694473428
634	Res-005325	-0.0654414823682811	0.19136615460043	-0.0990809201574574	-0.148760335897878	0.0616256254833191	-0.0964484493839046	-0.0890410175216285	0.198861643504868	0.375672881021718	0.076001687359335	-0.129927350334687	-0.00856266744309545
635	Res-005343	-0.0232042749563279	-0.073961657260668	-0.0781337442222895	-0.0633262353231402	-0.0376255067354765	-0.0639208093641853	-0.039039580389207	0.459290281484077	0.177763785864071	0.451124058384293	0.0494508185703147	-0.0722601386085828
636	Res-005362	0.0104292794602385	-0.0341946335423609	-0.0272289072623612	-0.0280870925423176	-0.017252898961579	-0.0416887516071886	-0.0426054500184227	0.119210445112252	0.0282337751586575	-0.0347061694731084	-0.00643188970151188	0.663616959234978
637	Res-005365	0.0051485857842826	-0.0100892802581886	-0.00346852151032761	-0.0143945498450243	-0.0130491125889552	-0.0140104612030908	0.105116922283094	-0.0119582435379464	-0.00708557966005529	0.00132483648677468	0.0122168623010508	-0.0141982482326099
638	Res-005369	-0.0651965537933297	0.11923707205322	-0.138144652950646	0.300729425770509	-0.113270084032205	-0.125445999251062	-0.120357686903329	0.0103905073441898	0.0903527661066078	0.0177738639829086	-0.0977060326907611	0.0306753701143868
639	Res-005374	-0.00425961974171993	-0.0169482417088911	-0.0230741587025501	-0.0167594025620158	-0.015293010898503	-0.011123123138499	-0.0201278595789414	0.178936578884866	0.0671196782385947	-0.00032297819207093	0.0742731658608906	-0.0105436137702876
640	Res-005387	-0.0291845626541592	-0.0269271531509233	-0.0513839499302636	-0.0539318631996624	-0.0306110982671599	-0.055509404919587	-0.0345653324959871	0.629474609113318	0.0741790222544786	-0.0598598769637437	-0.0235253548610112	-0.0557396097956549
641	Res-005408	-0.19042118218321	-0.244940907789775	-0.20887503914451	0.685702825993531	0.191806943995322	-0.181125863538895	-0.140768801774467	-0.107293029742341	0.11931970315388	0.231447475276902	-0.0937393998304396	0.0510974186346828
642	Res-005424	-0.0244568193332344	0.0349857960153276	-0.0500049183412185	-0.0417121307674301	-0.0424653583213113	-0.050231172630934	0.242320826281177	0.00640268501683926	0.287626001226265	-0.0505036804435506	-0.0554494719129828	-0.0014232135616353
643	Res-005441	0.00672756989331114	-0.044921870649034	-0.025208870318967	-0.102332529397269	-0.0901561259364806	0.467678481922856	-0.0558802666172367	-0.00957627501489364	-0.0292174625331026	-0.0738276683422728	-0.0855181203823983	-0.061583677432088
644	Res-005448	-0.112199198686788	-0.168193733888903	-0.219258242827759	-0.216836374042401	-0.208217154600803	-0.222232988254605	1.81754294312323	-0.115697093385286	-0.119780015071766	-0.198769171632143	-0.234749964526667	-0.207550226415328
645	Res-005449	0.00391882602301294	-0.129332841660923	-0.155093419685226	-0.172970921671328	-0.164318379801485	-0.15307867684284	1.29169418159439	-0.121024637592135	0.0468550307247598	-0.141397854697702	-0.132692922954784	-0.162905991314579
646	Res-005450	-0.0030948554000654	-0.0292142766958312	-0.0367404951022151	-0.0383037699207192	-0.0318737308122886	-0.0328988910240351	0.413588724268585	-0.020541209845013	-0.0231795561069364	-0.0181772067021412	-0.0160184500558306	-0.0355146410373167
647	Res-005451	-0.336869993067932	-0.989591960683036	-1.51479782535854	-1.32266035796392	-1.50899594106837	-1.4095782556435	4.24559885198661	-0.994149876260406	-0.800026835705194	-1.20789579357837	-1.29053360522346	-1.50162773568599
648	Res-005452	0.00664576347324797	-0.221100595348814	-0.327306304304263	-0.343980731055265	-0.348817776126654	-0.303077451006101	2.02849154535385	-0.258863351237293	-0.115042993800931	-0.295592746431255	-0.342462696396618	-0.348694804710325
649	Res-005453	-0.0366892808307624	-0.181705858598266	-0.302689716332207	-0.266843771464417	-0.307193680100854	-0.259894634696494	1.92095843988386	-0.160993805513334	-0.166104995304808	-0.274280175772726	-0.258883106790838	-0.242151084284528
650	Res-005471	0.0607372688626445	-0.33541428767078	0.205912341867112	-0.0554438430164328	-0.0282532626539307	-0.271909004871247	0.53582132667181	-0.0120204804284431	-0.0665081022019186	-0.117247873728838	-0.144717755572985	0.326788869388417
651	Res-005475	0.186735569281785	-0.0727651215196196	0.207299651627122	-0.190619671265553	-0.144792959337877	-0.171796262319266	-0.105484058170891	-0.11672754929492	-0.121911290201719	-0.164370382160653	-0.16067103264575	0.0820994460334661
652	Res-005478	-0.0565862882886634	1.35864609990345	0.115659956024958	-0.271348956090546	-0.813942658375426	-1.35712509752675	-0.921404171134069	-0.686267798883295	-0.703623508122963	-0.593081751993056	-1.00192020079272	-0.300870848057196
653	Res-005481	-0.129303526840139	-0.241790480270595	-0.236757207450988	0.863576750886955	-0.190118038817832	-0.089114359071238	-0.117823238161252	-0.129546872106697	0.117905402378148	0.0176174009873862	-0.106919129002263	-0.262107210938905
654	Res-005495	0.000883175602917091	-0.0141301377436691	-0.0272624004597138	-0.0198656544238644	-0.0194225760425582	-0.0386287512445042	0.285999574102987	-0.0409594450540633	8.829303486977e-05	-0.0410743446916808	-0.0264621834546061	0.0582686647281532
655	Res-005506	-0.200746476062152	-0.282081742490092	-0.322698860114054	0.109398770100357	0.475131808480235	-0.215910066130054	-0.122604024529373	0.419573263071058	1.26224710348637	0.0320519048306226	-0.161627380524938	-0.178776214082397
656	Res-005507	-0.825637408524691	-1.1820539607514	-1.32802940274537	-0.666550711779146	-0.480592847366038	-0.628749750383366	-1.13012045117404	3.64667195616664	1.8244227969938	0.999765515376879	-1.19593995010355	-1.65940667370705
657	Res-005508	-1.06814055774166	-1.48133645521623	-1.99585278785034	-1.95221995046926	-1.89947543341684	-2.02050417551638	-1.02543400514449	-1.0049565280759	-1.44641468513817	-1.44221585881585	6.32320640342778	-1.57793647702379
658	Res-005514	-0.00494936334826319	-0.0551969506898126	-0.0877581474050694	-0.0715670310562013	-0.070559687200685	-0.0685825802575524	-0.0349164128176222	0.321542865054027	0.751418951125392	-0.0692317902669453	-0.0412383038771233	-0.0828998061263024
659	Res-005517	-0.00034082540267133	0.33916105983625	0.516494033209473	-0.322459756843419	-0.305444268690312	-0.364436710437911	-0.287643499411397	-0.258497361446822	-0.158692322036764	-0.305908241253173	-0.252662820313267	-0.376607395915914
660	Res-005528	0.072335007414638	-0.0522690281168926	0.112549770900741	-0.0883676338468521	-0.0782742508695375	-0.074224043023582	0.0187799158467388	-0.0230929897659238	-0.0301290497436621	-0.055928311189552	-0.0289314788063227	-0.0117462892760949
661	Res-005531	-0.724429645104084	-1.05889273064818	-1.44869631621515	-1.31642621969412	-1.07775541427856	-1.42500432591369	-0.833466711952934	-0.751504599690434	-0.787260627179418	-0.6582855203566	5.53766286891887	-0.949249937591334
662	Res-005537	-0.0812106470671451	-0.0696411261347856	-0.0730076382983924	-0.0617769141458446	0.00598729767021024	-0.0598482061025592	-0.0459457960783233	-0.0384601236490608	-0.0277506461812972	1.24123022182566	0.0823955853126655	-0.0349794140234468
663	Res-005540	-0.00922445175532922	-0.0180063685273252	-0.0154964816338816	-0.0159185996445067	0.00320533166067069	-0.0152666716909027	-0.0119815650022625	0.0135099602401742	-0.0190526648373474	0.0504521536649443	0.366385541282822	-0.0154720210672873
664	Res-005541	-0.0267890838939855	-0.026447656227861	-0.0275595516250619	-0.0281286920303378	0.000925667690123266	-0.0267469113365894	-0.0251715421430091	0.00761101192098673	-0.0204019613557687	0.0359006446544918	0.726033446514898	-0.0255164792252686
665	Res-005549	-0.0269596486729823	0.156096511285411	-0.0446959001829154	0.165798898286581	-0.0310122788496058	-0.141199161487326	-0.11980947276907	-0.128176641565108	-0.04273160544948	-0.0670988038631105	-0.147571836836116	-0.158770226388509
666	Res-005556	-0.110210676159639	-0.291562306582977	-0.355901030514667	-0.362775086951247	-0.359628483088886	-0.352870243196377	2.33592117703708	-0.283548629224171	-0.166350762496575	-0.372264799221392	-0.349519765960821	-0.34344445561826
667	Res-005557	-0.0440365644575418	-0.209037234718333	-0.265667187823465	-0.263130509367777	-0.286651336897299	-0.258031885109734	1.885677117728	-0.178814355660631	-0.134358488881587	-0.139703507555208	-0.228466622203255	-0.251598169229513
668	Res-005564	-0.0236797172031105	-0.070862223023482	-0.0853524059985861	-0.0770128439034635	-0.0689033652059078	-0.063813752458652	-0.0448731450558841	0.89381664099165	0.0645825770582813	-0.0535833936337069	-0.0626379200121194	-0.118215154177317
669	Res-005574	-0.102218282747866	-0.440969446579224	-0.545537140072441	-0.528008030127589	-0.48582124628752	-0.493027601676083	2.71358937503823	-0.276507631544617	-0.15837051328466	-0.342942065478345	-0.539662987776052	-0.566629407221082
670	Res-005581	0.20407334765542	-0.0170178562622291	0.366255047746519	-0.301743540963929	-0.24374400958508	-0.277287195930552	-0.192073469795069	-0.112087873619467	-0.26449736097204	-0.160056463926273	-0.257223090507183	0.038595912453511
671	Res-005608	0.000394514849988458	-0.00476148832396351	-0.0131263205388087	-0.0112477903162706	-0.00421890991132726	-0.0108683949986236	0.0315552014723631	0.0588440422592698	0.00562494091279385	-0.00562757950718327	0.0337891859352786	-0.0011467022514075
672	Res-005626	9.88684715685813e-05	-0.00322975396805525	0.035567128284167	8.42387007711741e-05	-0.018181827331102	-0.0149107921774013	-0.0178836597705341	-0.0111910757213011	0.00314784119308069	0.00382187581986453	-0.0205700047278339	0.0048672360294138
673	Res-005627	-0.0105642068594772	-0.121370538762381	-0.176447539742558	-0.163122528470582	-0.149992291713562	-0.163365385124332	1.36862818210468	-0.123580241126587	-0.0380870729128578	-0.191434775277528	-0.158266394852188	-0.182111660266467
674	Res-005628	-0.091777882677837	-0.193900711348722	-0.326724454107499	-0.299241268666286	-0.326327596666633	-0.24107269499527	2.03273679833097	-0.0467524001464431	-0.144557476552975	-0.282919103934126	-0.244333726940508	-0.265743047874467
675	Res-005629	-0.198406765651649	-0.388635765976483	-0.487929950220209	-0.494278457233786	-0.484794690779739	-0.452138594355358	2.76322627464217	-0.287848745190714	-0.317802984316147	-0.409328852999144	-0.469122461373516	-0.468584746125438
676	Res-005630	-0.142243258415373	-0.471563071223807	-0.607490377026947	-0.577134804285017	-0.614017056142642	-0.569262040264956	2.92883020506931	-0.407670648562504	-0.27959325262235	-0.439994967294313	-0.597081431665221	-0.438946197170587
677	Res-005631	-0.00590308639466422	-0.0587228739093084	-0.0537972763906539	-0.0633250061774834	-0.0648970642455219	-0.0709216013452433	0.701354932674984	-0.066458300987659	-0.028126785806535	-0.0305812086762565	-0.0705458543400329	-0.0550912224228552
678	Res-005632	-0.0377816658122519	-0.151156202052276	-0.228292579476364	-0.204227979811061	-0.219896171242766	-0.196711354219708	1.65729999927542	-0.168014193470728	-0.12224163078031	-0.178382241251542	-0.158848749655385	-0.202827120501688
679	Res-005633	-0.229044362470574	-0.677373167394316	-0.981357940718002	-0.940590927572413	-0.968406933183558	-0.927764178709612	3.59564425158768	-0.642066091253301	-0.361542593594955	-0.785613520181492	-0.930182191272951	-0.986845315470719
680	Res-005634	-0.687061641595345	-0.98709502693431	-2.01801712298343	-1.81916840865169	-1.96811400384664	-2.00388353860218	4.7954071828526	-1.14163013356459	-0.840736963820688	-1.47026101349745	-1.62932277501777	-1.98669209879156
681	Res-005635	-0.504483889676106	-1.09363896137406	-1.93097013218167	-1.67675085479124	-1.9408071605131	-1.91032725478792	4.63724435193776	-1.0459226329612	-0.707992108060255	-1.38656633064665	-1.6781359893454	-1.89102009324635
682	Res-005636	-0.187156144912725	-0.520978005578034	-0.707338782039259	-0.626361715434005	-0.60177647361169	-0.568951663814495	3.07185958085844	-0.388648553134527	-0.314823360547888	-0.546323387391559	-0.587507451538538	-0.622539718447982
683	Res-005637	-1.11060525124616	-1.27042881690958	-2.15913297776714	-1.93423544491444	-2.04787917716412	-2.05023021284491	5.20158780498999	-1.23439033629722	-0.861646343894982	-1.55747912538826	-1.88078584113413	-2.11632551794687
684	Res-005638	-0.446001851864294	-0.609141928087387	-0.918916384271532	-0.823417376052032	-0.863499889116286	-0.904412558848969	3.66733295387304	-0.595724340082787	-0.420241380302782	-0.725512762334434	-0.828530483283953	-0.938419146282203
685	Res-005639	-0.656785654005026	-1.01157352633081	-1.91753148431455	-1.76834840279075	-1.8871115079736	-1.9614518617308	4.73767430356408	-1.10735513176756	-0.693336009398839	-1.52707671109263	-1.62148516759187	-1.84903000653127
686	Res-005640	-0.283475705612295	-0.851361054592126	-1.19149009015211	-1.08929557944441	-1.19544192564948	-1.14048761192718	3.92346690893532	-0.973543839062436	-0.480544764006766	-0.961406764287042	-1.11826221954301	-1.19537100963408
687	Res-005656	0.0015955105410394	-0.00918222663485835	-0.0194336749239486	-0.0269892951303821	-0.0238811097024366	-0.020102724374017	0.215390911164504	0.00893119619351704	0.00259547866772354	-0.0152629834661364	-0.0167773721116083	-0.0220084029533508
688	Res-005676	-0.0301306535889397	-0.0758231055733399	-0.113442299317505	-0.114215997999678	-0.104259143637811	-0.121383149879403	1.09100272956537	-0.118032156590452	-0.0319119282044186	-0.0671054855613921	-0.0520504095754215	-0.113795882857644
689	Res-005677	-0.0154065563117746	-0.0680469900269086	-0.0639442233091445	-0.0599361473449054	-0.0570561969534177	-0.0551182028885603	0.456402539603164	-0.0501857222609317	0.0442160262713053	0.304999819881489	0.206715810189258	-0.0496377133596399
690	Res-005678	-0.022814056221508	-0.0267163504648436	-0.035048779516123	-0.0291865633363437	-0.0375679049432253	-0.0294857654809959	0.394780901925047	-0.0136118458711167	0.133716071116542	-0.0234020898407954	-0.0383272135157456	-0.0385341980058893
691	Res-005694	-0.043088057043957	-0.0297325392154324	-0.044339205290221	-0.0431205419616574	0.00113245480037889	0.00642627649730108	-0.0332976872253957	0.490044603934105	0.130273007350188	-0.0171089334567817	-0.0492278623722523	-0.0380736771505457
692	Res-005698	-0.118984459675521	0.37351925517201	-0.436845550587498	-0.43839256041093	-0.368407701632521	0.423007560338349	-0.30386364835684	1.11186575655756	0.142990229375367	0.360361521892028	0.152128848806724	-0.516451962795452
693	Res-005709	-0.0203803142214621	-0.00351921866377637	-0.0130298240504257	-0.0121110558103063	-0.0108799951117608	-0.00846952348192382	0.224261268357454	-0.0162778820773324	0.00673219029314753	-0.00843098560908207	-0.00953077542586895	-0.0125387670060081
694	Res-005711	-0.00385324161377685	-0.0137870261329138	-0.0169462703721723	-0.0199172350367806	-0.0201735019254017	-0.0183813479488051	0.00565750791201839	0.0178182482271957	0.14918778895249	0.0218519066789178	0.193865159535267	-0.0174544815435056
695	Res-005722	0.00778354344980525	-0.123907090859108	-0.00246976511556413	-0.0190935865566693	0.00443102815458263	-0.113735969561929	-0.10346985068713	0.190905139209499	0.565537058590327	-0.0711010888520102	0.0354253708997205	0.0482535068462713
696	Res-005725	0.000502746573265201	-0.00343373091778622	-0.00895677236257259	-0.00810973125258233	-0.00499375992000874	-0.00474406477401944	0.0885716927295902	-0.00849103410042178	-0.00748856169025166	-0.00576999842412904	-0.00602676742777258	-0.0097719123222683
697	Res-005736	0.231887978667082	-0.409281593046762	0.305520612877788	-0.690590015761956	0.92230806307898	-0.848112258704922	-0.432365834894679	-0.22638072983535	-0.509292207821046	-0.657999901653295	-0.276846416843388	0.316284131719843
698	Res-005767	0.0126543597092323	0.0215726501717717	-0.0378920457225645	-0.0212703718437702	-0.0274297766315634	0.0195452501115923	-0.0267491371201873	0.0227227986527914	0.0056572544442318	-0.0329519373342114	-0.00787285087637087	0.273328138636138
699	Res-005806	0.0669348891592004	0.121771377992885	0.41088580260957	-0.201469363121063	-0.252937964473848	-0.404928176313489	-0.000103474218029809	-0.179793192089213	-0.2329571483575	-0.239136521989054	-0.142667807353828	-0.0736361886134337
700	Res-005812	0.00511689517858008	-0.00776980397534326	0.00221699402604525	-0.0092931548057589	-0.00308754409655432	-0.0102373845306016	0.0314913184332578	0.0139280336988227	0.00349497353279707	-0.00834832147690396	-0.0102130394866947	-0.010203645056155
701	Res-005813	-0.338801080197996	-0.806951413503766	-0.238851387897318	1.79698481608974	-0.538626990052311	-1.0049043318101	-0.824427867145573	-0.190983494404276	0.157039797587684	0.494614315793737	-0.578071053405536	-0.391393136870718
702	Res-005823	0.00391135886341285	-0.00288056148518139	0.0575449410899514	-0.0152783023625461	-0.0205434142285622	-0.0160566899175649	-0.0243437694113596	-0.00598970940372216	-0.0124053750954526	-0.0230442840614045	-0.0282848544757168	-0.0240012111523353
703	Res-005830	0.000604344059069638	-0.0110455438813963	-0.00933704303694026	-0.0116982799390313	-0.000716484544647436	-0.00739603493867441	0.0999840096023926	-0.00570311553933615	-0.00928345274416976	0.00683532966473379	0.0044373833024689	-0.00440316274982866
704	Res-005904	-0.00207713972616245	0.00991044215877881	-0.000745037958175853	-0.00215257832500757	-0.0041172904843862	-0.0020945064016233	-0.00452597832374536	0.00551072122291223	-0.00351975332687014	0.00270337305387368	0.00372030410904927	-0.0036382412357141
705	Res-005905	0.119160182673544	-0.108608373230866	0.152415730940517	-0.114020350075631	-0.122726583433811	-0.0843561578436716	-0.100165776364117	0.0513190403474247	-0.100919949226815	-0.104867375670937	0.0487772148940969	0.131229118926252
706	Res-005924	-0.0170070067366291	-0.0456347675794865	-0.0524324852885542	-0.0457181312432002	-0.00370763635987531	0.273160128346419	0.00808831866434147	0.0796664622065913	-0.0201656774261891	-0.00611797603997688	0.0212228442348123	-0.0552866096975276
707	Res-005939	-0.04903359905144	-0.164721214334469	-0.189348206566015	-0.167784877542511	-0.189769269740411	-0.169571399244518	1.4590220096422	0.0185205011078537	0.000436537009687737	-0.0852805087339504	-0.158046158154159	-0.0509488319701303
708	Res-006020	-0.0401681740663483	0.103289988221511	-0.0180515814375218	-0.0258307805082477	-0.0304340721624168	0.0731997605824756	0.0607021089639484	-0.00772289722568772	-0.049312788176259	-0.0564239515230153	-0.0378869845935584	-0.0400928226240569
709	Res-006068	0.0387087685016006	0.0708009893596468	-0.0527807343946222	-0.0418872288803306	-0.0488236582652822	-0.0612181595390906	-0.0521273838859246	-0.0502375554231285	-0.0459839351686163	0.0262972864866719	0.285820101842771	-0.0549346071174971
710	Res-006073	0.00288698215267613	-0.00229601933488985	-0.0255843236721781	-0.0289987464616788	-0.0617783729399246	-0.0689971723769767	0.267876081952868	0.0292298909368209	0.0451540479423957	0.0272031973428457	-0.0548658713312955	0.068899640712605
711	Res-006088	-0.0095977918373019	-0.00771652585276264	-0.0157033513708332	-0.00758361819062915	-0.0147838980096964	-0.0128001018627621	-0.00902702507042858	0.18941218201419	0.0350999605812991	-0.0115140424052253	0.0022526561997266	-0.0150499634147325
712	Res-006090	-0.00851414669083874	-0.00786826624057993	-0.00429398913768139	-0.00739205325629031	-0.00407546590761903	0.00248215090736563	-0.00725455645713966	0.112067004714736	0.0205195122272789	-0.00566537374605622	-0.00341339224385375	-0.00801770550189673
713	Res-006091	0.128665034907978	-0.032809242653648	0.0933976420925947	-0.095901195307655	-0.116798951361785	-0.130444280566426	-0.10409006617736	0.00570487902622016	-0.0381913678854571	-0.0978415185864809	-0.077061755241533	0.0243225298840062
714	Res-006099	0.0604811868131685	-0.127949418737264	-0.178132912875085	-0.164586079932091	-0.132408429028505	0.790338343324786	-0.0590645526189803	0.0226214980929985	-0.148979603289234	-0.11316094410723	-0.118239046878451	-0.0904831894826144
715	Res-006100	0.275320711958327	-0.444429721514586	-0.799362851215574	-0.71566952879475	-0.584558517856663	1.96771858491246	-0.163684113623492	-0.324533033127942	-0.368693298085596	-0.372101314913235	-0.349308744174905	-0.778000668980769
716	Res-006105	-0.004845009307608	-0.00320195195596195	0.0138898813233101	-0.00854291522349019	0.0118198947585605	-0.00892140645930431	0.0241101469023955	-0.0085831426741123	-0.0131941161322929	-0.0132221246183805	0.00767336954274727	0.00713311412156412
717	Res-006108	0.0396244291638899	-0.051012613805452	-0.0166939923872975	-0.0152826949785825	-0.0345616933421846	-0.0375688285752203	-0.0186608093582199	-0.0225964444689585	-0.0322268369514313	-0.0388890182471006	0.00253153386412217	0.687147023598108
718	Res-006110	-0.0698909921799923	-0.140661407552326	-0.0906218283299704	-0.0018446763983426	0.547575707776105	-0.102945444636812	-0.0703714324254972	0.0168191011656783	-0.0404137166642525	-0.0819770269652583	-0.0713493485369958	-0.077208597169297
719	Res-006112	-0.155673386244508	-0.22970786125801	-0.22411968628388	0.185888337916394	0.786499306637251	-0.160967079105744	-0.164501591841707	-0.12075575789633	-0.0708592053637256	0.0681598297208589	-0.160865244432677	0.148382448768132
720	Res-006113	-0.0051744135413085	-0.0453211489090614	0.26316143257472	-0.0715698768953286	-0.0640551651562668	-0.0749962116036873	-0.0809327245514727	-0.0352791097750094	-0.0586931405874148	-0.0567144877008729	-0.0240040254979614	-0.0575507760341181
721	Res-006128	0.152205861600803	-0.00194134773250526	0.147425978971028	-0.184096681249192	-0.172821040973435	-0.15899177705027	-0.120548462770403	-0.006666710330968	-0.0535866127032525	-0.111238387309598	-0.0234631755489459	-0.0040075442036302
722	Res-006131	-0.176729689454644	-0.159547710168289	-0.148183445637146	0.368425791188563	0.406747821461198	-0.122938217624886	-0.111617171878826	-0.0187343133619422	0.147827518352037	0.0104913330115732	-0.049483317807992	-0.0345810502508724
723	Res-006151	-0.0187411788635114	-0.00828969206293204	-0.00960758835724251	-0.00419058746906632	-0.00952690237075595	3.93695677721739e-05	0.014951815222077	0.165659916034805	0.0383099059882491	-0.0154610090657092	-0.00912518981521856	-0.0157125847960554
724	Res-006156	-0.00589661787734683	-0.114743087677835	-0.154520862809835	-0.132115558227515	-0.149267703056072	-0.14005321555143	1.27612704342861	-0.117522482768017	-0.0992379648354639	-0.149151337129295	-0.133708416789538	-0.167001442682332
725	Res-006157	-0.0139310288945324	-0.0281370143481095	-0.0389575701056036	-0.0296519269615728	-0.0276332019081478	-0.0149332554309412	0.414719985276952	-0.041489175657011	0.0368431437069367	-0.0312576559154455	-0.040199879751867	-0.0380383668392982
726	Res-006163	-0.0308553183802012	-0.0474688996228381	-0.059586391711593	-0.0515956994558129	-0.0546249675393063	-0.0397726249603127	-0.0180252952677388	0.12631908447657	0.365845748940895	0.205646784389134	0.505742470343616	-0.0373097359663418
727	Res-006176	0.125478051010057	0.3574384872908	0.313332185980423	-0.348079649495642	-0.171458648664947	-0.403808922088454	-0.334704028505385	-0.182769693733724	-0.441252384663819	-0.332011975049143	-0.398381610260228	-0.348134849336288
728	Res-006184	0.00115748037801076	-0.0310535673169175	-0.0611719777765173	-0.0468163984421025	-0.00691755962533447	-0.0503935529535754	-0.0283659916693583	0.245945791847339	0.362200176898276	0.00562204183833015	-0.0236627674186682	-0.0688787265618802
729	Res-006186	-0.0125157088556773	-0.0150660312090387	-0.00522943086189048	-0.0101406363763534	-0.00736018933228332	-0.0119818588023141	0.015840635387177	0.172687574320434	-0.000304540368166274	0.0192628665414673	-0.0155436340160909	-0.00282938314699374
730	Res-006187	-0.158453500632579	-0.616711339515826	-0.718900541033674	-0.487925613118934	-0.18554143267807	1.91337045564565	0.0113214622890385	0.0158680100464765	-0.160645047816967	0.437666592391092	0.779469419185902	-0.512899906754094
731	Res-006190	0.0448000877952016	-0.0242015712442801	-0.0278548276523684	-0.0158018550170092	-0.0201454760446002	-0.0242783815778412	0.0145706317296504	-0.00166388133270916	-0.0233601334954512	-0.0273759881447601	-0.00234699820494072	0.167939374907037
732	Res-006192	0.0551169247005407	-0.0937527567013847	-0.120291660234477	-0.170207416501902	-0.120569508180332	-0.0741130410736945	-0.0129835996647069	0.732385038644906	0.410471321304665	0.00493756002844942	-0.0626689148463626	-0.179537868069264
733	Res-006198	-0.000807711212051813	-0.00979996197283038	-0.00501397511991246	-0.0156518360239121	-0.012462779424869	9.36514550573808e-05	0.12767447797499	-0.00426788843345548	-0.00187066506198752	0.00277905948911019	-0.0244288133683429	-0.0245983906141166
734	Res-006207	0.0367648423443105	-0.0134526313786351	-0.0157043174757374	-0.0252717620557059	-0.0183273707889228	-0.0261461545407034	-0.0382764714984794	-0.0106911227027896	-0.0376542835492062	-0.0179821705976406	-0.017118362087815	0.389073063681204
735	Res-006213	-0.000771194107006823	-0.0168053572039368	-0.0812746201116093	-0.0794796078910586	-0.0744699671011937	-0.0641304188596811	0.69429657920887	-0.0162287154519215	-0.0753020240032424	-0.0596449474143448	-0.107258627557523	-0.046709519917031
736	Res-006233	-0.0190615551950891	-0.0758908111287383	-0.0931230148294615	-0.081146194270506	-0.04538934475525	-0.0672139673886303	0.372988188700414	-0.0105903132310164	0.67310959629931	0.0427640360375139	-0.0209376318389372	-0.0857129754937023
737	Res-006243	-0.0617882180860985	-0.0841622970576986	-0.171074618884854	0.34482175378445	-0.122212823571011	-0.134137088944269	0.0956516688461141	-0.00321786699986876	-0.0291591152517584	0.596906993480275	-0.0416005848495948	0.0791990293796574
738	Res-006261	0.0201437743672498	-0.0214543334513628	-0.0394513495474255	-0.031698155258021	-0.0246486939881747	-0.0365702154492946	0.00892272295415456	0.0972156419034435	0.248422985650528	-0.0103922636012486	-0.0269926369728561	-0.0398923883778876
739	Res-006268	-0.0762642394958877	0.000760020646901172	0.231961711489806	0.308721861343763	0.0188572955292693	-0.361273056118481	-0.258661748227267	-0.14455343179417	-0.171506549414695	-0.192879122879241	-0.221074603982742	-0.132184576310153
740	Res-006282	0.0513723665772402	-0.122999804137669	-0.165145624657703	0.0414750413656066	-0.131912108949943	-0.148450546793398	0.0343155460606969	0.0892139587560678	0.86650582193363	0.0442885838532278	0.0347165115527759	-0.142639701127365
741	Res-006294	0.0173967498142843	-0.0222216229426342	-0.0180639718857509	-0.0165694146440987	-0.00666148679202686	-0.00553821434466654	-0.00976445488877479	0.0566781810057402	0.10178735412815	-0.0181695503990033	-0.018878236164052	-0.018663732646651
742	Res-006299	-0.043141831107256	-0.0234475860972971	-0.0447801231212338	-0.0380938965945932	-0.0171857767338547	-0.0298035161616633	-0.0399258789736624	0.590502198153939	0.0124776003791444	-0.00808412026490545	-0.0254820261708169	-0.0122053709753075
743	Res-006305	-0.113088681065963	-0.168523656205846	-0.20952870199308	-0.171296182100886	-0.190904965645889	-0.186649929660816	-0.157742281842634	1.7377443160012	0.139526584272849	0.11041826526561	-0.175925321294713	-0.206444720209451
744	Res-006310	-0.0175209331170123	-0.0359856416125781	-0.0249862217509308	-0.0330128981358264	-0.0281939979587388	-0.0321103843649241	-0.0229293961291553	0.00635019989768867	-0.0173421315668555	-0.0160664026098147	0.831174319118671	-0.0186477589111941
745	Res-006316	-0.219203054032868	-0.829991864672726	-1.28857457556198	-1.17336744413359	-0.70803531220103	2.9898358216685	-0.397356405064138	0.240119497688562	-0.527281429107039	-0.407968250165097	-0.614783122560905	-1.19739476847119
746	Res-006320	-0.195830682716021	-0.232239473709661	-0.207486652447161	-0.220308136072923	-0.290801052842476	-0.114770157743687	-0.119978977922334	2.04615484181161	0.129884709946389	-0.0583106726669926	-0.152934852722497	-0.208893092236884
747	Res-006328	0.0529341170226008	-0.0624196026187633	0.0923780514554392	-0.111300887004209	0.0236304655009108	-0.109718879790491	-0.10321340439004	0.0888974653768489	0.0443548394533802	-0.0965780059294646	0.0862897027242178	0.0669265920151236
748	Res-006334	0.0562034419880924	-0.125656784232617	0.126059350830258	-0.428617071860721	0.845166029228777	-0.460055330146252	-0.406333499377181	-0.0852645553707446	-0.355918427424121	-0.461005257559989	-0.292001597425409	-0.0482952717753866
749	Res-006335	-0.120506553598247	-0.199803854214737	-0.13659133728198	0.27840256329945	0.142640368680877	-0.24443670574907	-0.0433180557238603	0.0201743113703212	0.0319204231212319	0.586637143183302	0.755643324436167	-0.143892152752616
750	Res-006337	-0.296552640315471	-0.35512381457585	-0.105456344414509	0.740080886592098	0.475408959449417	-0.10143692300922	-0.356309927463082	-0.104649971433874	-0.0601454944090293	0.108921743268796	-0.138414850436445	-0.264818077085146
751	Res-006344	0.0283677122416508	0.594822938728592	-0.0387210064802325	-0.275895077303487	-0.274771710993169	-0.305990180436761	-0.160066247894907	-0.0669515152351852	-0.208023913890806	-0.116005231373878	-0.192549203440593	-0.111093656570813
752	Res-006346	0.181073851208977	-0.10243681829036	0.170608858448159	-0.154931308820757	-0.159288115578676	-0.166796854785435	-0.0915647539609702	-0.107328675666471	-0.0642714875406451	-0.099718512204959	0.0010492427251429	0.109069671786905
753	Res-006361	0.0488872672492923	-0.0236471622448923	0.12190344062213	-0.0635276807785553	-0.0706292313628025	-0.0568844057845425	-0.0537527770874053	-0.0339669630730706	-0.052271677142718	-0.0881454069896901	0.00409295396622639	0.0389923839156099
754	Res-006369	-1.28385764052486	-1.96709272221634	-2.26288578581333	3.19462734404506	-0.805850349769072	-1.54761915704904	-1.38300074129848	0.0362351769504414	0.514444252212007	1.13736847290641	-1.07235821665366	-0.678617954166723
755	Res-006371	-0.0106382564082474	0.173340445865808	-0.0599823285589517	0.011176670345635	-0.0444581492006599	-0.0756130829617845	-0.0283986819914324	-0.0489540835680999	-0.0572168332500427	0.00703951133327871	-0.0602788059251622	-0.0716482624677297
756	Res-006372	0.0389457595748241	-0.127134892217881	-0.136947700358476	-0.152277661417095	-0.115077939707136	0.479085782107304	-0.111251743134291	0.444116521229932	0.130512965691855	-0.0860580733377126	-0.0612473640029585	-0.149761832028361
757	Res-006378	-0.0488257172313736	-0.0696505891835519	-0.132492733258237	-0.0849895839049408	-0.0792794814236248	-0.102667914928806	-0.0443008563042706	1.10772716351193	-0.00750037249203427	-0.0309431043849163	-0.0267899683599594	-0.0882883026956156
758	Res-006388	-0.0566691962390439	-0.153322014630304	-0.200577253329275	-0.212498587400259	-0.161268510473017	-0.0793548739040337	1.53089005276055	-0.108175300252315	-0.0670945503139931	-0.104169460386055	-0.182453259949964	-0.209029926544738
759	Res-006399	0.177622646445782	-0.0084929457352596	0.660598202801989	-0.394350359418946	-0.159405056381058	-0.644845021453039	-0.375411898213197	-0.181754308745282	-0.290140169694855	-0.511014618854349	-0.273335265743604	-0.380788015230074
760	Res-006407	0.00607788287076122	-0.00477438081158245	-0.00582890531402042	-0.00231397420710612	-0.000448845010080827	0.00835424224794819	-0.00168999814575626	0.00966456943938676	-0.00896074074599647	-0.00685161996085469	-0.00656612045902524	-0.00404939590458481
761	Res-006413	0.0253692193875821	-0.476736292010697	-0.498126963707887	0.213919348923185	-0.293796234187064	1.44210141155064	-0.37589621892771	-0.103083346382285	-0.13936358639224	-0.197171497153386	-0.463279397854578	-0.397399050976692
762	Res-006425	-0.0750979098054024	-0.118813185742343	-0.103576848548645	0.3104624340604	0.0717821217326621	-0.0786813975964266	-0.0857311954851319	0.0984001921982376	-0.00224251228859138	0.200411586287367	-0.0191091612420472	0.0111882803579403
763	Res-006441	-0.901554768831884	-1.45822487231665	-1.51408572171575	-1.44342333535082	-1.73437031904017	-0.957650708397088	-1.25564304719199	4.71320717123157	-0.550618622893012	0.940434498453507	-1.13839245453626	-1.99253686972878
764	Res-006443	0.0377012068219225	-0.0629830083189302	-0.0846730294548375	-0.0892622438999477	-0.0877183393875993	-0.0930502294863132	0.715926309614695	-0.0767662845393161	0.0069647722866544	-0.0748390967382841	-0.0815990642006363	-0.0683866213135736
765	Res-006445	-0.125787782012967	-0.245003041072528	-0.254368028902031	-0.249578160293906	-0.255343728394463	-0.257582181394776	-0.194411431577136	-0.159747225644875	-0.194972550825427	-0.148924119328138	2.99801219161837	-0.225589547710734
766	Res-006456	-0.0756921194936226	-0.0765803962274113	-0.0977117676796643	-0.0821356884046228	-0.0720334460278743	0.778977873519716	-0.0428138578350571	-0.0800519466826631	-0.0614809468267971	-0.0363809409396039	-0.00298487045399859	-0.084031554356827
767	Res-006457	0.0252031208397908	-0.0237590104845418	0.0832944490714263	-0.0340828256080915	-0.0330470891670229	-0.0185849648005067	-0.0324931073460216	-0.0398400857816901	-0.0320692522569453	-0.0307898075694392	-0.0245154629759789	-0.00515450448799461
768	Res-006469	0.00516363298426795	-0.0300850135276803	-0.0287743682298168	-0.0372588960000595	-0.0265539011160784	-0.0322321540755595	0.0598184959412624	-0.0431974123525272	0.438462877434791	-0.0141437474315795	-0.0106982574290326	-0.0372872253096992
769	Res-006471	-0.000836330600416484	-0.0389208724692522	-0.0445689199170746	-0.0459403046765926	-0.0501656705683683	-0.0448582408918254	0.501532513338514	-0.0368503866083934	0.037613363780813	-0.043942076529496	-0.0465196876729724	-0.0508673389986144
770	Res-006475	0.0215910895258989	-0.0849507215046598	0.00312202815674081	0.114684652749042	0.0394680463295279	-0.0789139573209539	-0.0673076472399946	-0.0925653347341221	-0.0491080169688608	0.0302623073705781	-0.0609139342344326	0.156319163038805
771	Res-006481	0.0588836951595939	-0.220861091630346	-0.0674476659329839	-0.297426731229383	-0.18075620016948	0.154406981265983	-0.0166007642782385	-0.00584642783116285	0.0398205254705116	1.15578734809249	0.556081686672568	-0.0202443168787154
772	Res-006489	0.0293563359357285	-0.11208837266578	0.043251657767554	-0.125977403058738	0.233192000576669	-0.170490651754963	-0.155328541249771	0.0922790364237773	0.268914075957842	-0.0825076117857407	-0.079683598478506	0.0574974013148229
773	Res-006493	-0.0465323408943232	-0.16404437458784	0.084821292330456	0.375051516704109	-0.0356073687276663	-0.140781471947234	-0.149071116594027	-0.0711002720014187	-0.0148303960835451	-0.0441946351651463	-0.172071031472087	0.0546298224875801
774	Res-006503	-0.133185118101195	-0.186442865609946	-0.211434990215211	0.382271464354464	0.456305734053737	-0.167928310556247	-0.13773375449674	-0.0390932016168581	0.0912434697383923	0.0437842378506245	-0.133508433699896	-0.0422891148034482
775	Res-006505	-0.0120590576983286	0.113525293332013	-0.0151928835765765	-0.030850564308869	-0.0327803407094926	-0.0228158657018318	-0.0282807712090672	-0.00733136408562397	-0.00795557515838687	-0.0299310275967514	-0.0145454390252633	-0.0066152893782014
776	Res-006506	0.00887659840385391	-0.380098027639452	0.366626969660766	0.590750536176706	-0.203250952148786	-0.574981762781313	-0.39465775779871	-0.227621501401947	-0.220182613953539	0.0554833562409174	-0.480285103987954	0.218600001248386
777	Res-006515	-0.0690235516120476	-0.0373361404518182	-0.119399415902874	0.129530181401384	0.372973305904337	-0.114129605249756	-0.108227856023359	-0.0435182950855574	-0.0289992752560459	-0.064946553084972	-0.132271017429838	-0.000251047616706579
778	Res-006517	0.158183042253506	0.0742992902424244	0.0748571063636934	-0.023412735917001	-0.198299381602566	-0.264902318242227	-0.236483882695172	-0.035461126226266	-0.14551611589448	-0.129931382401112	-0.157808754497313	0.00761432975042997
779	Res-006524	-0.00460021757000724	-0.00759017796767668	-0.0125756782054829	-0.0117112794064592	-0.00492068615208488	-0.00774276633493816	-0.0118303155315198	0.00413964294109836	0.182104059249062	0.0174529411932048	0.0141975628376285	-0.0152135252416848
780	Res-006550	0.0235099437136447	-0.0517602483132402	-0.0673874286001421	-0.0775170303075736	-0.0656899319827302	-0.0581292914770647	0.574492173205327	-0.042681435654852	0.067934577120919	-0.066888843791656	-0.0684319100523939	-0.0428737541085095
781	Res-006587	0.612227123381965	-0.194991488741104	0.97295327937314	-1.17880504026647	-0.79494770712025	-1.28490165901212	-0.569354553142924	-0.35621381870567	-0.692777712865694	-0.855792947620017	-0.518403076253814	0.463010384978919
782	Res-006594	0.00753976448583679	-0.0572530426631885	-0.061483371916023	0.102260847600907	-0.0026808848626301	-0.0229489050451488	-0.0544995574403499	0.0965810277190303	0.0964038420126932	0.00337875749075609	-0.0519685913254088	-0.03299782598281
783	Res-006595	-0.0980840519474433	-0.253235226047857	-0.269609012040461	-0.0243212947081592	0.0241745443934852	-0.191207350894608	-0.199926036979019	1.35625201884676	0.499043878054439	0.34003064680352	-0.214950697410963	-0.223004911022161
784	Res-006602	-0.0224340949245719	-0.0385238785615382	-0.0312156354530684	0.150651784155173	-0.0169491122278108	-0.0492492968008223	-0.00867933714913747	-0.00270436286344559	0.0887641416666028	0.00185931687454477	-0.0392814543106953	-0.0128338040608289
785	Res-006605	0.0760645874362175	-0.0261054400687659	0.0545743534295468	-0.0442300050440605	-0.0612100180439403	-0.065081549764642	-0.0169032740087595	-0.0349722157474092	-0.0567553550546111	-0.0538494568239159	-0.075497981830382	-0.0124911360104084
786	Res-006618	-0.00553871078973237	-0.127682027931574	-0.162060750713948	-0.149837984579002	-0.141755953746123	-0.151265037876752	1.10147150433094	-0.148764916732001	0.239006409659608	0.0799016278312832	0.11840077919926	-0.160913117402909
787	Res-006621	0.0435844721183798	-0.11221748948685	0.274561209636207	-0.112962521147576	-0.163637742796442	-0.134478930707985	-0.11613760699272	0.265536654355093	0.0152547767493219	-0.113204771582844	-0.0955181692395743	0.0563521384561489
788	Res-006625	0.0569129155365124	-0.00238509006181353	-0.00440762781011297	-0.0391973632066713	-0.0378552351047058	-0.0108047509282512	-0.0655760587110037	0.0192107379487364	-0.0285572725927066	-0.0822190748018931	-0.0379509260396899	0.139817316846197
789	Res-006635	-0.00377696938032126	-0.00430878058013475	-0.00967310889818515	-0.00781989221952011	-0.00761688474582189	-0.00503494853165607	0.119013703609674	-0.00968030772761701	-0.0066357608908579	-0.00523786475815832	-0.00654696888493554	-0.00927453120490223
790	Res-006639	-0.0573599208816017	-0.0678087573322371	-0.0896820583751854	-0.0770726198334176	-0.0835062370791732	-0.0873351746767441	-0.0422449709678338	-0.050463212348013	-0.0431282640008874	0.464301047252104	1.40770448647853	-0.0658468255735818
791	Res-006652	-0.0936463084744569	-0.442524871401167	-0.292497362990728	1.22702366047843	-0.428926525595078	-0.587431439149308	-0.330586873799711	-0.177660379397264	0.0897803860513038	0.471319747966191	-0.407521641886609	-0.226730607799497
792	Res-006671	-0.074375997500978	-0.139272940012202	-0.146698619563312	-0.23962618427815	0.870798019166346	0.00783336711718996	-0.234768030107039	-0.162859972465788	-0.184902646823909	-0.225050718250194	-0.0573285421744027	0.0748714430614085
793	Res-006701	-0.0148064375828066	-0.0414605517941483	-0.0497186401902245	-0.0390852128946566	-0.0448395943563296	-0.0376479990327607	-0.0094838171085893	0.0783929254655778	0.678945967774206	-0.0470177040641595	-0.0108355063340312	-0.0528167113780978
794	Res-006702	-0.0153980218698053	-0.0331617833645217	-0.0218363368480659	-0.0211150891627347	-0.0225331664325214	-0.0170648806407788	-0.00334219354935289	0.391989936411736	-0.00402796908826585	-0.0209497162532042	-0.0201497106390064	-0.031331046467468
795	Res-006737	-0.0887939085980919	-0.126631215872896	-0.145903080402137	-0.133966698015617	-0.126389709868759	-0.139610454275828	-0.069998887901892	-0.10982379103821	-0.0869670721559688	-0.0027144462061372	2.23428476104935	-0.124969269978917
796	Res-006739	-0.0147147509050776	-0.0259811603303702	-0.0388499625674688	-0.0405018224148207	-0.0383357662439798	-0.0374335956239145	-0.0372276249137067	-0.0386590078425988	-0.0490478633608741	0.0812635138348636	0.910329283552918	-0.0428257594953858
797	Res-006750	0.0686542031716018	-0.284562103464819	0.101532613580567	0.54460100479007	-0.341297679524408	-0.333496771116797	-0.168808183733088	-0.0892678734512749	-0.0501901787860412	0.0512349581543732	-0.256892160365205	-0.0278584864757868
798	Res-006752	-0.0742071767971531	-0.0361403367744413	-0.0766876346097473	-0.0759261803362432	-0.0496990000415912	-0.0780981073047348	-0.0438908503493202	0.549360167835608	0.203238665326568	0.464827922285018	0.225623670976664	-0.0609535766249687
799	Res-006767	-0.0681627715869235	-0.109726496574895	-0.124607431270587	-0.131648924549435	-0.0797316762516744	-0.118743122299787	-0.0871709449710471	-0.0366553931761868	-0.0790100012187576	0.585030256796719	1.71748476923143	-0.0550095769987876
800	Res-006769	-0.0112448970905079	-0.0628889181259477	-0.0750510133750157	-0.0489465079151708	-0.0716910615198557	-0.0731086304505185	-0.0336310399998427	0.148688761112641	0.889425385741258	-0.058797406296914	-0.0620718880713328	-0.0731762585222703
801	Res-006773	-0.013514344837163	-0.0481451021788025	-0.0520334287363035	-0.0331751336789104	-0.00773721257014074	-0.0523003698998654	-0.045715827917307	0.0568743030662192	0.35454365347405	-0.0339891035908673	0.539912011022707	-0.0505164694265106
802	Res-006774	-0.00958866393218063	-0.00840028765791807	-0.0167829539419206	-0.0209616205910668	-0.0155584810522828	-0.0183301997917099	0.00780946042594564	0.00349676582849054	0.119469542550821	-0.0268509297131219	0.309435201614716	0.00542582989859804
803	Res-006781	-0.193300017359107	0.0191868430118736	-0.359074689451784	1.06052137985039	-0.405277772939456	-0.464925241857951	-0.449247657048106	-0.0868131242564764	-0.0145003205287813	0.464095340307705	-0.119838318497834	-0.45563232921964
804	Res-006783	-0.0108880844040992	-0.00434531565042069	-0.0115500554753145	-0.00942910241876536	-0.0100148698905538	-0.00227508345285616	-0.00248386324518471	0.15902273952968	0.019972637902953	-0.00803675870237028	-0.00769417916893963	-0.0101080460589075
805	Res-006820	-0.114936197792482	-0.176212857898386	-0.226990319063471	-0.243799724954348	-0.211559995302838	-0.198242888399611	1.84691014786962	-0.19006489651359	-0.0325289726753256	-0.232348761629034	-0.168187596425201	-0.200718768594874
806	Res-006821	-0.041066328974614	-0.091228678661857	-0.104239035330251	-0.0976592354447727	-0.0790412755871497	-0.0821417666928966	0.992484083959099	-0.0655267017962877	0.1050242277525	-0.0829887356421778	-0.0837481830417507	-0.0909861402101294
807	Res-006855	-0.0139509251138924	-0.0213327314990907	-0.0170980605927942	-0.0127984577965801	0.00378736341646052	-0.00604202870807104	-0.0135291757058301	0.271800679712905	-0.00180005396177899	-0.0249100746242973	-0.0296147004961734	-0.0267698809466931
808	Res-006874	-0.0481808923678709	-0.0902505169925924	-0.0804384315531487	-0.0930462688528221	0.191451658957902	-0.0611773354676661	-0.0273661182406444	0.578517468226877	0.093420229154222	0.000939177038323996	-0.0427959762521182	-0.0803640654323156
809	Res-006890	0.0464366174103415	-0.0357075034434013	0.00665592482324213	-0.0321417547432749	-0.00010709337887442	-0.0261166633459918	0.00582029678947325	-0.0172057384958756	-0.0135106671734099	-0.0247961838789725	-0.0293173994992864	0.0183361034699827
810	Res-006894	-0.12846707267067	-0.0483451221575981	-0.21773673168222	-0.00124812278260256	0.893749986844298	-0.310923551402197	-0.265811114577238	-0.110804645329453	-0.169842443346335	-0.22803095309565	-0.204623788949125	0.134847426075811
811	Res-006900	-0.17663313082601	-0.312201648883772	-0.363197995937508	-0.33542399683239	-0.369667401539266	-0.359550780143038	2.41196719418637	-0.198505314268017	-0.170627762417136	-0.324740077088923	-0.347287894319238	-0.335668431663599
812	Res-006901	-0.0378829669119508	-0.102396382537733	-0.116508342311215	-0.108146690318997	-0.103083193342566	-0.109069214427218	1.13386343675421	-0.0467856573626376	-0.0750114222187569	-0.0886411096286818	-0.0741147147664316	-0.134019169871099
813	Res-007001	-0.0512813147643397	-0.26114003614606	-0.288921819132219	-0.278057285843791	-0.312391425086929	-0.306217457932498	2.04814538194123	-0.209450776517207	-0.162692630535499	-0.283148978166922	-0.274180162882303	-0.277164467907832
814	Res-007011	0.00301027588391112	-0.00569744216033415	-0.00544538275842134	-0.00570777040496648	-0.0011840177934926	-0.00508996595856484	-0.00500894997452557	0.0498911086777934	-0.00307173023169947	0.00174722025299242	-0.00181594826541996	0.00667102018562313
815	Res-007024	0.004394686831447	-0.0128316428096306	-0.0208613515241225	-0.00465321337693443	0.0723208091338506	-0.0169709394584223	-0.0168027410824584	-0.00691335321659093	-0.0107388542612682	-0.00732444455026143	-0.0144110006864857	-0.0215704545598519
816	Res-007033	-0.0902339465959542	-0.116859279810099	-0.174764190628729	-0.145237558032701	0.0564376461629773	-0.0452417088302219	-0.106518990337869	1.30384097042098	0.0219390208443554	-0.0856347100902823	-0.140226776056792	-0.146240015378998
817	Res-007037	-0.0296575253337245	-0.0150038414400542	-0.100327696550884	-0.0585465461501021	-0.0557724410330148	-0.0204744756649197	-0.147732844525749	0.165982912263119	0.931698579856486	-0.0723380009479991	-0.0861852882860297	-0.0773177650495772
818	Res-007039	-0.00988025122550724	-0.0140394071069794	-0.0161931307313411	-0.0381125545474541	-0.0336234958064259	-0.0311198319819296	0.362649519407252	-0.0311590585263423	0.00143377976148171	-0.0305482447729127	-0.0280674293187591	-0.0130394169668016
819	Res-007040	-0.480557130556701	-0.688097731915715	-0.540016477603939	-0.456187667969653	-0.34566608465682	-0.555963302699096	-0.496221157096794	3.23304153399507	0.281510077285347	0.0419309928922849	-0.714466100905976	-0.34820560510626
820	Res-007046	-0.0214866008500048	-0.110434004413401	-0.232182441349455	0.0286983922644878	-0.0302588467886643	-0.311322976857821	-0.102818425096919	1.22573126628399	-0.0806982813258506	0.026858055816891	-0.0573821836620024	-0.187343067575205
821	Res-007057	-1.10557430292505	-1.90452007254627	-1.54873795529172	-0.616237594562371	3.53954299748129	-1.10357516201159	-1.06258587659275	-0.742422197588035	-0.79470056886489	-1.06285846926802	-1.17782193000364	0.117133735761635
822	Res-007060	0.0284932760805707	-0.377590669987428	-0.664322124433057	-0.658925835554968	-0.631464224247269	-0.591009720208843	2.41196741156811	-0.212000704589452	1.11665624941218	-0.404317915266042	-0.600551165068533	-0.528683502932558
823	Res-007134	0.268782850477396	-0.227490805242025	0.661092858632276	-0.444858518548616	-0.462340182835427	-0.451679591516058	-0.176297345930524	-0.0854288242072759	-0.394238182726409	-0.384876505584084	0.17557787837527	0.0409128571906971
824	Res-007139	-0.0109764389020598	-0.0129967845284043	-0.0588206255682292	-0.056621520686507	-0.0495340414260855	-0.0484611064069435	-0.066859380338202	0.0216916071318445	-0.0217336547034461	0.50196270629841	0.540529588916011	-0.044808890988774
825	Res-007190	-0.171613792399918	-0.141567760443739	-0.182520883092899	-0.367744729201707	1.19723441408482	0.0292764143522891	-0.213932051154885	-0.214710660947989	-0.299540367124053	-0.31630030844816	-0.388969335595886	-0.216228714557973
826	Res-007194	-0.0147343456565687	-0.023094364774162	-0.0173689002528182	0.0197519814819284	-0.0184919975275783	-0.0185849623436268	-0.00106175856373805	0.117038450766876	0.0155930673807049	0.0135526668806289	0.188056470543623	-0.0250791017636655
827	Res-007204	-0.0223514221439688	-0.113721049961499	-0.151716989262243	-0.127716442660323	-0.123945343709484	-0.114510128653146	-0.0614998075954737	0.389705886651655	1.32008500917904	-0.068577092539612	-0.134618963551385	-0.143743691703074
828	Res-007206	-0.0116387704892218	-0.0544267747704582	-0.0594899139429478	-0.0538817307617474	-0.0583803389435555	-0.0567381178094254	-0.0517608418903914	-0.0152210043440882	0.936879609355755	-0.0491399994931689	-0.0532959753465847	-0.0589644357418822
829	Res-007211	-0.00290563099917696	-0.0102877075505778	-0.0374790367936503	0.0175787261738094	-0.0333764655181862	-0.0310578393703564	0.208928972389817	0.0401178094350155	-0.0217625265869064	-0.0217158122153919	-0.0224564740766584	-0.0170664367170628
830	Res-007225	0.197237672936083	-0.510778462055127	0.23643418853154	0.60958804102815	-0.0596252548983116	-0.872819205292183	-0.411945609135344	-0.282322875796876	-0.459744906657072	-0.0974554230916558	-0.655642956863353	0.104004589987782
831	Res-007226	0.126858571638698	-0.656480522156065	0.23128023375287	0.637787831920451	0.194124379795615	-0.834813386621966	-0.501773434196391	-0.275162344450036	-0.342941487042505	-0.0790945408325765	-0.563320702750365	0.113604093482093
832	Res-007229	0.00495005103693225	-0.0533917329427235	-0.0768671654866409	-0.0318481203591057	0.163677137902295	0.144800095463352	-0.0790305490422481	0.00317132049903304	-0.0550551805510498	0.00244219167620324	-0.057551401258606	-0.0981035165683523
833	Res-007239	-0.159723938944961	2.19550214697354	-1.13401821689613	-1.05414659132567	-1.07075059002804	-1.0481256613794	-0.896303818158155	-0.615284919755232	-0.739501780773009	-0.686521152519862	-1.14883039560207	-0.635068402690551
834	Res-007250	-0.0914673598852718	-0.203420424439255	-0.26423715869568	-0.253214862053285	-0.238133769661575	-0.272053486857639	1.96174721532972	-0.216500460899698	-0.121076104685575	-0.263199021625557	-0.272364182468609	-0.232151087314848
835	Res-007258	-0.511783356804579	0.289702134527351	-0.796176630080303	0.660404971175505	0.336853858184823	-0.366700546412735	-0.40209905012797	0.148609421898799	0.891109101227794	0.702677575833952	-0.0257642438644394	-0.0329986688167603
836	Res-007273	-0.0060945825890622	0.00547644558786551	-0.0307333343053723	-0.036196340018051	-0.0313919474282464	-0.0431386524299316	0.333375166182119	-0.0159477995260456	-0.00934984261170843	-0.0182115185648924	-0.0259078497088717	-0.0451825052464104
837	Res-007276	-0.0160179713908083	-0.0629754103584663	-0.0661329589200031	-0.0573896223225533	-0.000157223757640698	-0.0301138422601808	-0.0388146546288642	0.420024347640226	-0.0297361296773465	0.0136762025410196	0.505526328879705	-0.062292712398841
838	Res-007277	0.0019452484489878	-0.0128576558975057	-0.0144695404318926	-0.00309564978038241	-0.0212958564242905	-0.0157061663174815	-0.0130735420586843	0.0406880387789668	-0.014636035240311	-0.00992515798653137	-0.012906798981921	0.451745414412572
839	Res-007279	0.00887425314668833	-0.283738606860216	-0.400916148195519	-0.185034785532548	-0.236894907858758	1.43275066085481	-0.216291008568784	-0.138726367710384	-0.0869349501777551	-0.123652370754315	-0.140271095183054	-0.181990652564188
840	Res-007280	0.0311589108921894	-0.031796133763692	-0.0337560591759365	-0.0324495023763161	-0.0277130596471043	-0.0094328843096194	-0.0283443092850513	0.00846641618371795	-0.0178044876967215	-0.0397684746889868	-0.0509154303170406	0.734725720134686
841	Res-007293	-0.0251677736764745	-0.0416371774906191	-0.0669357464402066	-0.0468981291409457	-0.0486742101538372	-0.0527335193096087	0.694552128355735	-0.0297200824150944	-0.0580893381870516	-0.0588526612514838	-0.0570670472185683	-0.069592078425047
842	Res-007309	-0.0176234415225801	0.00585789720335605	0.0587899963495043	-0.0195025620655308	-0.0027044094812642	0.0102710623136881	-0.0286106754442859	0.0125485975622503	-0.0183526674938701	-0.0230388674056062	-0.0318658168287377	0.0198959384129336
843	Res-007313	-0.000450686066457427	-0.00407620846777032	-0.00998140318748491	0.0286306367386226	-0.00690837447730458	-0.0134158603919906	-0.00635692949463519	0.0132147585234803	-0.00374849340317123	0.00988334484207638	-0.0150825346844637	0.00541571345483656
844	Res-007315	0.19348084480793	-0.197638182813453	0.519652885990909	-0.317689942957928	-0.243033566347949	-0.457015660904988	-0.227815406391526	0.172763413067438	-0.207537112824783	-0.341983677862453	-0.0927423614746342	0.188206399582797
845	Res-007322	-0.0137413946416438	-0.0501770330915775	-0.0738950040814507	-0.0611112867914193	-0.0667459380725005	0.496726484011084	-0.0161451678402102	-0.059801790997162	0.0166885215019657	-0.0487001637193279	-0.0534441835287048	-0.062386206583572
846	Res-007327	0.016497862426451	0.000896654753653192	-0.00387142669224901	-0.0215709686042493	-0.012299451461786	-0.0234666960515628	-0.0107910156374371	-0.0223148464073933	-0.0213416884120184	-0.0258784988369937	-0.0487058078564153	0.381634585921813
847	Res-007342	0.00468418340329291	-0.00977061312902498	-0.0197994528197671	-0.0103243307689206	-0.0130382545335992	-0.0169927268323769	0.148937209594793	-0.0121329311460184	0.0227667301823472	-0.0178740173169466	-0.0190171351033137	-0.0193171311206955
848	Res-007372	0.42902419736556	0.250752242477036	0.81321656361377	-0.980937613167164	-0.75623414020523	-0.943688904589289	-0.553153381457225	-0.380415665009797	-0.725897840791251	-0.763108686394782	-0.590154470541602	-0.0406672728485793
849	Res-007377	-0.0709739825783404	-0.0320874888851888	-0.20332526455769	0.323674543168228	0.271234971367234	-0.178572336574481	-0.124493522949327	-0.0761808366535415	-0.0028200727195995	0.0474745073391105	-0.156668729986752	-0.112904806695263
850	Res-007407	-0.182389130081979	-0.27268072781073	-0.392975427193219	-0.373334714146908	-0.347963289171925	-0.386337345054868	2.45599338172166	-0.279695075498007	-0.232031729180886	-0.318130755794832	-0.346440119487977	-0.376243256560312
851	Res-007418	0.0981445123566895	-0.492596443747446	-0.618656097765869	-0.674346385005048	-0.506178600869431	1.96830114246019	-0.143267930162096	-0.0568174775395138	-0.132388278498094	-0.179523033299656	-0.217369333314246	-0.489523919723224
852	Res-007419	-0.0179883287944859	-0.0579719680074857	-0.0680098731438474	0.0404759064385817	0.0257644677381212	-0.058530664628773	0.393555218162683	-0.0616246274595027	-0.0237543157788839	0.013857196419677	-0.0507839747205264	0.0486429809779197
853	Res-007476	0.043625330387129	-0.00823056460682774	0.00991522205193527	-0.0235730086678779	-0.0376764652760069	-0.0238827418149656	-0.0209023204598826	-0.0226486580024965	-0.0349480773220581	-0.00993877023467034	-0.0254042186616702	0.0679487304142398
854	Res-007498	-0.034770503483759	-0.0495239381302494	-0.123419429658479	-0.147203401242061	-0.126786454195853	-0.141060695702092	1.16474463534735	-0.0745489451245867	-0.0330122146701924	-0.109096012462504	-0.118536969541525	-0.151251276811327
855	Res-007499	-0.78526417275733	-1.26264118268066	-2.07812959292227	-1.7914923731301	-1.96785274129715	-1.96253109724933	4.96549855418026	-1.27921963621241	-0.99497955085862	-1.67716437764639	-1.80340846339793	-2.14585864084872
856	Res-007500	-0.00550922789865185	-0.139953228835574	-0.148266981323394	-0.133750558051254	-0.151619063068907	-0.129104538151151	1.25793409380111	-0.102385524151441	-0.0504446657440801	-0.0996709714724421	-0.133985676819665	-0.103586676565342
857	Res-007506	-0.0370268853608581	-0.0949442745410109	-0.110817919072102	-0.0921403516861241	-0.0495210762097072	-0.101659824699197	-0.0467722873839175	1.07809932114548	0.0132559233133721	-0.0620564745842939	-0.0836073341833064	-0.116077141808441
858	Res-007509	-0.0270730168337289	-0.0670394112787018	-0.0765876491562701	-0.0546473150754386	-0.0414108203125027	-0.0579092698224164	-0.0603386567892341	0.640458294927149	0.198161768137866	0.100301764476846	0.0341141554632153	-0.0538778670693493
859	Res-007519	-0.0545049704014852	-0.0684564006067327	-0.114066538001007	-0.129580485961325	-0.0973961039934449	-0.0965321377517319	1.15615656229917	-0.0914997831481367	-0.0639584314072303	-0.100785788036341	-0.129043602624232	-0.0485123163793615
860	Res-007530	0.0210546931829099	0.157030286119846	-0.0840020576748031	-0.0612999174663792	-0.0774495165497445	-0.0746098059442456	-0.0350624284374331	-0.0269228445686868	0.2815308306211	-0.0933594127626984	-0.0513931260676531	-0.0929343485491995
861	Res-007565	-0.0227954524565742	-0.056901077799316	-0.0528102679120679	-0.0629489262151259	-0.0743821846110533	-0.0588304367120141	-0.027316822291778	0.63504360794947	0.28149137191967	-0.0384448185967859	-0.0361567972333665	-0.0601936915038439
862	Res-007567	0.0414073985476984	-0.0388730123908945	-0.0447980460892978	-0.0476045306636541	-0.0452187881976546	-0.0414320660319382	-0.0374377211683255	0.0029605025870179	-0.0239056795010879	-0.0237728310337898	-0.00967613095342267	0.959765530785437
863	Res-007577	-0.0663428718429001	0.465614479710519	-0.0531378201486648	-0.193035354424516	-0.0612824898904714	-0.323377074662418	-0.112173682309945	0.0513874653497062	-0.0229666433065689	-0.247470715131567	0.390899696203941	-0.183323170968568
864	Res-007587	-0.0350113642810539	-0.0202731009273071	-0.0554215459020863	0.014828772689437	-0.030705906790444	-0.0336255467171453	-0.0361537780815503	0.405879096295221	0.016702453279606	0.0644021398726525	0.10930467268526	-0.0377620488992745
865	Res-007594	0.233696973470997	0.164135486079536	0.387300454938776	-0.342414353710411	-0.334679353967524	-0.561393992857053	-0.317066434556448	-0.199207082466708	-0.339275932529048	-0.37162250977276	-0.219233499142913	0.293735037916203
866	Res-007598	-0.0075101914928676	0.000429374248537827	-0.00392959583988541	-0.00854344953946058	-0.00390051028485035	-0.00455509984932576	-0.00530221441123281	0.119485230811708	-0.0114104867197012	-0.00702661908179048	-0.0130318703848714	-0.0125369049763209
867	Res-007613	-0.0143323960158654	-0.0262089157244271	-0.0380798976247359	-0.0370765808188879	-0.0385848105833388	-0.0281662125512168	-0.020449269546713	0.00187343660459828	0.630601154872293	-0.0254148260856599	-0.00131412257556848	-0.0399984330218008
868	Res-007614	0.00160500871410885	-0.0225654223750116	-0.0447998858477897	-0.0460364509900945	-0.0158302026874902	-0.0360382208048805	0.390258398261874	-0.0350879999167238	-0.0174122933147857	0.0146034324352163	-0.0328868047315874	-0.0547015099085522
869	Res-007615	-0.0152866674820038	-0.00621742190372474	-0.0145137218620236	-0.0162340868254856	-0.0182848277167074	-0.0130828404464698	0.234637396681922	-0.00950200297507182	-0.00258697460941395	-0.0081913623862274	0.00583825509814075	-0.0166700745637081
870	Res-007620	-0.000867762356703564	-0.0701787127883548	-0.0948492902488637	-0.0940966655115803	-0.0780789686733189	-0.110259457594634	-0.0606506582560604	-0.0607943270588195	-0.0572988014273884	0.779448179534699	0.943765004333237	-0.0848493132193249
871	Res-007635	-0.0727760171517299	1.17313026776607	-0.399498327563893	-0.36279778335423	-0.405856343739861	-0.393672199152242	-0.314305700882868	-0.263717993858984	-0.340996091747689	-0.345365753532502	-0.414144645465843	-0.342878640289896
872	Res-007694	0.40995992313959	0.989779353211885	0.385189963937172	-1.15418569745165	-1.20898092648719	-1.22086279243904	-0.667587592575081	-0.617923065388994	-0.696589282182352	-0.867656168270412	-0.685563386188287	-0.0014016362414262
873	Res-007701	-0.504208466612852	-0.789942885500012	-0.876363892122546	-0.589330793802463	0.722508036811438	0.140351273447703	-0.857164262635841	2.6192709889738	0.877717203594863	0.447532274380183	-0.874993345024943	-0.991371575974412
874	Res-007704	-0.183078897528754	-0.237281293364966	-0.372629244106819	-0.321515093384367	-0.315448044765295	-0.3114046709922	2.32373013694062	-0.234440532234751	-0.201461821542768	-0.268980719619153	-0.29816018377741	-0.279393019752082
875	Res-007705	0.000429103755241016	-0.0119001933562887	-0.0158744993669706	-0.0102059085814142	-0.0149256008911807	-0.0138762778777679	0.114464557676658	-0.0139296472786686	0.0908974292953115	-0.00731453202018241	-0.012643721710105	-0.0174138661369403
876	Res-007710	0.349285802846912	-0.290400965632808	0.381634646650701	-0.289007380411249	-0.289962136328932	-0.377966838519223	-0.252355990487314	0.0247025393076757	-0.244553197787725	-0.258159042688553	-0.306286963582705	0.220188587907886
877	Res-007712	-0.103136890464096	-0.144879741620479	-0.14710281246155	-0.138921401198053	0.103101444508201	-0.0327281276241178	-0.148972020702249	1.14513216293877	0.263972923809973	0.103203813656235	-0.142941251094714	-0.174898396280317
878	Res-007739	0.527513461662716	0.173658803268248	0.831150364741872	-1.07748472698399	-1.0900262834456	-1.25896701533274	-0.639356580853432	-0.371344359445581	-0.405671178116572	-0.679921580072547	-0.394978040224789	0.548015341557469
879	Res-007796	-0.0190907181732077	-0.0809483792708192	-0.202919053449285	-0.181466571314867	-0.133290500080185	0.972123501380704	-0.0775486403191206	-0.0794235273583809	-0.0897542405994934	-0.0664623613283626	-0.0690329114508409	-0.182219689968671
880	Res-007801	-0.0451944260283604	-0.115538852153392	-0.133752899532104	0.135136059173373	0.363406879705235	-0.107023453122091	-0.0484307310207586	-0.0614174616687978	0.0561140518393806	0.00223195298693393	-0.0975814576873407	-0.0489110555615483
881	Res-007832	0.00351038815317782	-0.010044343836859	-0.0101868910321543	-0.00752225818729237	-0.000724219131232353	-0.0106525743362754	-0.00121461691868387	-0.00854600415854256	0.136921092344288	-0.0082588488400957	-0.00744053039137736	-0.00855226478462835
882	Res-007840	0.017731010013539	-0.038076555623929	-0.0548643546970018	-0.0171045533645274	-0.039312658491853	-0.0373516936260614	-0.0271734086350561	0.192779946091121	0.31407714377891	-0.0145555922689559	-0.0415302922964508	-0.0502762124536354
883	Res-007864	0.255403657882308	-0.209161860805063	0.624377721932479	-0.401564939908909	-0.350103414571099	-0.36256683989329	-0.290709017602996	-0.232265442812058	-0.219722008938829	-0.277835659110695	-0.136841645727506	0.0669003536557837
884	Res-007869	-0.00588218832489203	-0.00931280859646699	-0.0300551180674483	-0.0287276470029031	0.00108917808293749	-0.0198769270214708	0.172345271527918	0.00553320283900043	0.0307448804978808	0.00710237529800675	0.034317589830707	0.0432965888483752
885	Res-007879	-0.0135220550407025	-0.125165875669167	-0.0738272652197964	-0.130072354814562	-0.105243246799357	-0.121177181577333	0.0497703024101149	0.363054164342636	0.356536152340871	0.731378491573259	0.264139484765229	-0.114347273254954
886	Res-007901	0.0285968272537709	-0.0270421378450678	-0.0321964419809661	-0.036316599663284	-0.0261762895670045	0.00386999563864572	-0.0081156227100378	-0.0222372758379389	-0.0213308282753998	-0.0331046957059179	-0.0351311992819542	0.691523665203592
887	Res-007905	-0.0134666136094728	-0.00587376892779333	-0.00107882524307067	-0.00091930034368904	-0.00662256242033252	-0.00536644438898021	0.105716125382546	-0.00483872719183609	0.00963739681880317	0.0131832212717813	-0.00535876680596126	-0.00685390352729069
888	Res-007915	-0.00353168262362202	-0.0569976432789947	0.0613742643689617	-0.0819835856734086	0.0981517601504242	-0.111778757870037	-0.0524889449265941	0.11681747646875	0.143685196198076	-0.0387056417533247	0.0203882503791553	0.0555112031696005
889	Res-007923	0.161890755207143	0.188772302262032	-0.0104910720589693	-0.129475248462047	-0.15304152841591	-0.238513517425191	-0.209552053510486	-0.105618764065199	-0.113851349637493	-0.187948335957885	-0.183461343576385	0.188069208764312
890	Res-007924	-0.279201520845267	-0.41943776806643	-0.714686428197139	0.756343038757574	0.174172265853814	0.04111891507557	-0.404005855337904	0.192017542381844	0.89632560411079	0.96310648664363	0.20741248842628	-0.378532930340242
891	Res-007925	-0.0778290107262634	0.0377462331031977	-0.135866207995158	0.144625295567841	0.0667887413631078	-0.0825843283671378	-0.039707923101084	0.0379581866751956	0.184089877145619	0.184539465877381	0.0914421005501174	-0.118944890480072
892	Res-007926	-0.388974550245467	0.30322960011363	-0.531542753142341	0.628600200342419	0.144577556566732	-1.03941736408861	-0.660819288339037	0.144070268037333	0.701534352707739	0.838917730547847	0.708668099800452	-0.313629369476425
893	Res-007932	-0.0825246445513045	-0.118470172615226	-0.157265109879608	0.104153376023713	0.512340947510542	-0.102090445955506	-0.0950892263137291	-0.0454071428899655	-0.0207577288045157	0.0458044469258954	-0.108799140814293	-0.0445528896481463
894	Res-007945	-0.00371744335650409	-0.00643158827501748	-0.00386865654209215	-0.00706255828441767	-0.00493102794439967	-0.00644276180941022	-0.00931891406136786	0.0464344521102372	0.00322862237399074	0.0599594386074445	0.0399867330539063	-0.00907931768660483
895	Res-007946	0.093232606617416	-0.0082233148549275	-0.0897113414001044	-0.128849163552152	-0.100504855610667	-0.0852131451571291	-0.0100405802996707	0.0104409544845063	-0.108104089905599	-0.122060642806824	-0.0541884198735674	1.33201597881372
896	Res-007955	-0.00984537408005924	-0.0358694091544374	-0.0325985860280426	-0.0119468333972422	-0.0346209359476716	-0.0335900987291188	0.287394007049319	0.14519686797462	-0.00631099655283228	-0.0375155248707326	-0.034190087022925	-0.0507244508136245
897	Res-007966	-0.0838164503227917	-0.139496712715545	-0.137610563019491	0.428190229824238	0.0717841668982404	-0.113511574691946	-0.108524460881237	0.0839708992929191	0.0635520809662439	0.0745498802393604	-0.0862107107031593	-0.0565714776886979
898	Res-007969	0.417022615265283	0.0645055821550553	1.1175664797101	-1.12610054151968	-0.947268483511824	-1.38313096036031	-0.736076546412685	-0.388373028475819	-0.618105111474172	-0.939208645857692	-0.429875969613101	0.564115731248084
899	Res-007975	-0.0364882931979167	0.24067628772466	-0.205915331267193	-0.234940373235961	-0.277957833140235	-0.225219548128661	0.691169894034795	-0.162660715421384	0.953175417317579	-0.223363696739947	-0.204997327855165	-0.0824503342608846
900	Res-007976	-0.0776479936059628	0.351070243619409	0.31739054997875	-0.192116538504614	-0.188780886094083	-0.227437045703507	-0.271200087178841	-0.0908235807341867	-0.106832632217348	-0.226524033796973	-0.083888713042194	0.0102171670014288
901	Res-007987	-0.000741764111886541	-0.0152419207380715	-0.0231989830456708	-0.0229935104084048	-0.0116366608013141	-0.00880924971437139	-0.0130661880524296	0.242664413173956	0.0028987460770401	-0.0151857664290019	-0.00521622937384503	-0.0197080987272008
902	Res-007988	0.00170917631294241	-0.0428634555039945	-0.0701748929177647	-0.0488357491798117	-0.0604728369585153	-0.0636470271602999	-0.0537378568867294	0.129245350040466	0.757222353469345	-0.0422374771677581	-0.0614633066395159	-0.0656948450824092
903	Res-008001	0.00457087095039217	-0.034671687217637	0.0749612303385328	0.00676680037221747	0.0232277409501293	-0.0675115022544482	-0.0233156820225611	-0.0441479957249102	0.0528579637607828	-0.0514283910188607	-0.10328630799078	-0.012141388717075
904	Res-008003	0.00350552606280585	-0.0127012585063452	-0.0011844696085849	-0.000590112132431584	0.000630723310505181	-0.0039034200305949	0.032651297246995	-0.005496711330321	0.0036545881913614	-0.0040024490794633	0.00253775967048908	-0.00338832666159552
905	Res-008045	0.00761745080790109	-0.00472042518395923	0.0169631958986425	-0.0126563380481482	-0.00706318573640754	0.000354124778216329	-0.0101786587347555	-0.00691027515415569	-0.00686125556843502	-0.00954125101687334	-0.0145136380146548	0.0207012119419771
906	Res-008052	-0.00486860097887996	-0.0298553905716692	-0.0693046372646913	-0.0634532575185659	-0.0816193680091447	-0.0545220292525088	-0.0623617565432181	0.220015071792536	0.630533452767606	0.086373478380308	-0.0517274577382945	0.0375879628562998
907	Res-008053	-0.0254126793679445	-0.0423106740579777	-0.0660349627190183	-0.0572840731097812	-0.0561484120122023	-0.0545656651643435	0.158988553859484	0.0441311254416422	0.705945785099821	-0.00921385356507612	-0.00281024896862779	-0.072584605493565
908	Res-008101	-0.102038359769651	-0.168942536812133	-0.191789037153691	-0.159981737847509	-0.122463821154996	-0.170047048599842	-0.0963721247483282	-0.0939025514776767	-0.00765811116941786	1.556842683964	1.39909588471579	-0.135066860425651
909	Res-008102	-0.0730924444562379	-0.140436245730546	-0.113744951161322	-0.183011052587157	-0.0499213172819342	-0.192377536947949	-0.104401989110183	0.000954966605233865	-0.0425621593661246	1.18992176974029	1.32417404909985	0.0832795536057571
910	Res-008119	-0.108168052061795	-0.170684799310653	-0.225662549766444	-0.215983542974121	-0.226214225501104	-0.20750095944946	1.81613065147506	-0.148561457155588	-0.0670250476793816	-0.179948806349814	-0.216452572434399	-0.222907431405023
911	Res-008125	-0.0873119946922246	-0.120063939340654	-0.0149038254919537	0.0759708121959779	0.308698468862067	-0.158921331515048	-0.107981608525175	0.125053748805148	0.223333219392234	0.0254749832618559	-0.0635504451016545	0.00320430391082388
912	Res-008131	-0.00555654013392353	-0.0117790735212342	-0.00549946113961048	-0.00649209127290357	-0.00212460680894761	-0.00348641095765814	-0.0103740110844075	0.122769874887426	0.012281552000797	0.0031491742402921	-0.0130005308154171	-0.0114816686640135
913	Res-008133	0.0334895878191789	-0.00116829618323279	-0.0262544881423039	0.01879553250145	0.0213459943778569	-0.0691266232534001	-0.0500398729767305	-0.00767785856207012	-0.0167859606816076	0.0110145521971528	-0.0642130372261184	-0.0257476657801171
914	Res-008135	-0.288833329920682	1.93147327737845	-0.545707392021068	-0.537826220586092	-0.672851784346188	-1.21596191563034	-0.736563591805411	-0.742297786768624	-0.712576002653189	-0.864670383030048	-1.09075751410401	-0.654414620206081
915	Res-008139	-0.0199954827557134	-0.0407101451182455	-0.0175558139225101	0.0257398018716201	0.13701947939216	-0.0196131560492458	-0.0366554191829547	-0.00944553967757607	-0.025457325272757	-0.0101200339153518	0.0235589732370461	-0.0221575498297293
916	Res-008148	-0.0313104481858599	-0.065087776983228	-0.0272098372839361	-0.0387149408884189	0.0757626741241188	-0.046812012149029	0.250001067304204	0.0711954476613517	0.193098684546684	-0.0515460319568176	-0.0331670324954422	0.00842118628233074
917	Res-008152	-0.134175577217475	-0.44088955244117	0.143619850268237	0.42056527418377	0.338619477172476	-0.117137385728217	-0.280555000837339	-0.108842340806243	-0.0439518278600469	0.210301075181205	-0.311345115977539	0.10953131956286
918	Res-008153	0.0203286933984093	-0.265669204997557	0.0526435135720065	-0.378054503099472	0.727296699034861	0.088952815825238	-0.302280037106901	-0.153420284927893	-0.193813444494406	-0.199178213968953	-0.25470027232597	0.270403184606738
919	Res-008155	0.00349276461726797	-0.137307008113745	0.00708916584081382	0.152712464775733	-0.0481414400500097	0.0505297780455881	-0.0797069921481405	-0.0131310746040055	0.184789942074713	0.0337732944633204	-0.0997282170211202	-0.127715459724053
920	Res-008162	-0.0148799502448427	-0.118781366535219	-0.0544714294825054	0.173304649164684	0.183028327364479	-0.0918265970359899	-0.0713976788442663	-0.0458497090026448	-0.0514823145414099	0.00450758672372739	-0.0830674161640955	0.0644404967619207
921	Res-008165	-0.0295101874474034	-0.0166382005008482	-0.0168824563796261	-0.0193235851776053	-0.0218843162835221	-0.0302367633680727	-0.00947859221650708	0.175417828153759	0.175579868169107	0.116425365001326	0.0973696454131149	-0.030854542996072
922	Res-008166	0.000814364079414185	-0.000768883280239135	-0.00194691106702475	0.0142068863713103	-0.00775289170845057	-0.00647548219068653	0.0050475609737954	-0.0011674907145735	-0.01367505875694	-0.00482049423741154	0.00456589805285752	-0.00379314940638626
923	Res-008174	-0.0806080963674466	-0.183571658559648	-0.251176356332771	-0.249859284316773	-0.238932918340829	-0.234703117819011	1.88121160932954	-0.19125006252438	-0.142129433429581	-0.215320304416851	-0.220330854884839	-0.228609149945486
924	Res-008196	-0.0332457103375433	0.0101816791416657	-0.075690161067349	0.0350464574277393	0.0337622999091824	0.0653289092167817	-0.0534619485799431	0.19664516550519	0.00670244274393	-0.015521440577352	-0.0691096193782646	-0.0272785923435764
925	Res-008201	-0.00486265319754118	-0.0108646550936473	-0.0162627001166644	-0.0149819603389021	-0.0133840672250365	-0.016276236480287	0.0122415232173427	0.0343881623511892	0.190271072149856	-0.0106859985029744	0.0543530266373165	-0.015775767173739
926	Res-008203	0.0105168684425228	-0.0124220583517771	-0.0197142812320398	-0.0171870462042374	-0.0168878102701327	-0.0174576507383374	0.0115494393730355	0.000242683688160411	-0.0212482595401948	-0.0101110591156454	-0.0233276601468407	0.499903490515421
927	Res-008204	0.0547811704941064	-0.0415501587699617	-0.0504643331929028	-0.0479315327967239	-0.0566221219878633	-0.0419069867175895	-0.0153552543488318	-0.0209743796540826	-0.0317577770829573	-0.0486444253546414	-0.0367767429581701	0.974765974420313
928	Res-008230	-0.0181973305291992	-0.0674382090764005	-0.0750489910955195	-0.0877600830141937	-0.0812513770976833	-0.0648660777919394	0.832187997454853	-0.0400929464620668	-0.0309717592137336	-0.0429434143148057	-0.0396581953747678	-0.084634010510404
929	Res-008252	-0.0544556040762351	-0.190466195168162	-0.218834645036975	0.0357078624945036	0.71569464798322	-0.144075369435961	-0.126126829115903	-0.0797091795162714	-0.0796466962184357	-0.0768652749562489	-0.088763073525481	-0.0128096294193275
930	Res-008254	-0.395812646535935	-0.366684726964794	-0.457649176588309	-0.367805404697796	-0.139814516339728	-0.287892863117673	-0.310939947597134	2.71156601277485	-0.0315809706633204	0.113137051947993	-0.0764494040164529	-0.360692699839638
931	Res-008257	-0.0041300019729962	-0.0224678916164804	-0.0246838102556767	-0.0246915165991387	-0.0130376625346106	-0.0141594765751722	-0.0145980907865874	0.160828126144192	0.103713578853935	-0.012921552233634	0.152679514707318	-0.0263332393853221
932	Res-008258	0.00681440967954638	-0.501511271239039	0.0723649727912101	-0.305872124637012	0.544605922026419	-0.623200596177919	-0.361197451727441	0.0649512597633373	1.5137945320276	-0.353591553928977	-0.279241905760017	0.267304297241224
933	Res-008267	-0.245905202182384	-0.32092833068983	-0.250913734199094	-0.284643560369396	-0.299805995838878	-0.0542503659093785	-0.302204764916932	2.18852262102405	0.00600100340624343	0.463416874083193	0.172514141218895	-0.366765743862523
934	Res-008269	-0.0741191042288595	-0.138212781326827	-0.147665755825952	-0.104661392849751	-0.119068415239149	-0.133935921990022	-0.0558163607682219	0.520078534673471	0.111117424312828	1.42289003592684	-0.121344937975737	-0.109599710359882
935	Res-008270	0.00438897989675975	-0.0326530356628322	-0.0338025817373748	-0.0284372876704495	-0.0299989841430784	-0.024700968315318	-0.0264416209896565	0.384339856096294	-0.0299435059624228	0.00254322654681247	-0.0232220278599647	-0.000343534748660911
936	Res-008272	-0.0032405207492255	-0.000569995112138839	-0.00142012229522771	-0.00216096069386556	-0.00258352441282859	0.00120637778806084	-0.00452895901855602	0.00934222199153615	-0.00386196795846428	-0.00558508497903852	0.0763164999726184	-0.00519986307604146
937	Res-008276	0.193843186241557	-0.37819740639628	0.157217409183441	-0.260629001724534	-0.0276696256255384	-0.525138437923473	0.675130479449849	0.138645423673606	-0.268357760700997	-0.0539683987491306	-0.0691135586880374	0.31995311163806
938	Res-008290	0.640022383780315	-0.239417217482262	0.751180003651893	-0.74449313248183	-0.816124637237128	-0.978904825107062	-0.552505505237792	-0.0538017579428267	-0.668889313072277	-0.651634603191471	-0.714537738049046	-0.323344622632044
939	Res-008292	-0.579084776455443	-0.528861165525038	-0.788928572461983	1.67499041713781	0.390386162687761	-0.964574727998912	-0.908446181535634	-0.0175491087749959	0.607415017619269	0.385590563123616	-0.654786525385578	-0.315884959948023
940	Res-008293	-0.0760228378412877	-0.0756922568983011	-0.10675280659867	-0.100034039458156	-0.0826544987196926	-0.0109008547848412	-0.0697026318431777	1.16377113443654	-0.0390319028287661	-0.0603160888853024	-0.107169943143874	-0.0862880306819267
941	Res-008297	-0.0144281885460321	-0.0465777452209697	-0.0486872320450143	-0.053188162271135	-0.0526387364786697	-0.0603640058176074	-0.0298069144237583	0.0979095431548588	-0.00628055915327169	0.132930824252846	0.896537004560934	-0.0547901924966652
942	Res-008306	0.0206971438976456	-0.0307957208938445	-0.0245541016575886	-0.0232464136137296	-0.0206344659168801	-0.025141241317808	-0.0181976666065301	0.238207421382677	-0.0140600510036372	-0.0286869716661437	-0.0193105925158192	0.0339539654907938
943	Res-008309	-0.0839010870521477	-0.213318996680111	-0.260533365116589	-0.275150225255682	-0.279696406317096	-0.257773028144463	1.99097797172937	-0.217340283802868	-0.113554608255673	-0.273686838480251	-0.274035219177995	-0.255575076994005
944	Res-008310	-0.0821185916282484	0.00177457136758983	-0.02490654347619	-0.0114634775517715	-0.00665527298700757	-0.0210552155108676	0.502465408271618	-0.0270603030178212	0.0334046424648199	-0.0212761020627887	-0.0194156487616613	-0.0214109654531455
945	Res-008311	0.00374028601690413	-0.0178454168143991	-0.0269373236533778	-0.0201746772211695	-0.0311602425548175	-0.025525677404081	0.302927524795488	-0.0311675220699877	-0.0124583247266962	-0.0293781643962989	-0.0306409006632964	-0.0312889976792525
946	Res-008313	0.00225237462140687	-0.0326385192183491	-0.0261872334979249	0.063806972056465	-0.0394074313812436	0.0238517098205779	-0.0328560065294535	0.0159350207948979	0.068957045055279	0.0294937578978413	-0.00582253631738035	-0.0069960727167654
947	Res-008332	-0.00333866350962494	-0.0104715427943454	-0.0156389649203657	-0.0152760652176642	-0.0113253506423896	-0.00682342249277283	0.178944910756293	-0.0149801593509948	-0.0181443073444509	-0.0163883664535127	-0.0167590713039182	0.0602248702187001
948	Res-008344	0.272941428127761	-0.125656523239105	0.732335006017823	-0.441137135760835	-0.497829511662862	-0.531650130294604	-0.291470049945827	-0.234495625694214	-0.328117526627621	-0.421225826504139	-0.26637683888639	-0.143982771690971
949	Res-008363	-0.00206403758125175	-0.019721886176586	-0.0252560562905501	-0.0186464349655163	-0.0202689098824764	-0.0232565199756858	0.0277565659419763	-0.0101010827536282	0.370112402831259	-0.0309648829440321	-0.0271827936841316	-0.015558286080198
950	Res-008366	-0.00817189910878885	0.0208474398125779	-0.0786121351334307	-0.00282564106836175	0.00133392556623585	-0.0840037446851691	-0.0049813604452334	0.0418856954632952	0.403819896954026	0.0708122543302878	-0.059166100889049	-0.150324080400581
951	Res-008374	-0.0110225416026312	-0.0138390368760978	-0.0158042927596872	-0.0104780155767207	-0.00600135815683772	-0.016574657638725	-0.0136851445748916	-0.00398091006318986	-0.01499115226726	-0.00837467476482748	0.459785256480931	-0.0143762844954377
952	Res-008381	-0.0126907073371229	-0.0303150382258586	-0.0365034976082675	-0.0356214623614654	-0.0378104026820373	-0.0348823244445704	-0.00360184573511724	-0.0141306590278094	-0.0280258396443462	-0.0340926757256225	0.874097517311477	-0.00925304947582429
953	Res-008382	-0.711985694204375	-1.13737740551336	-1.50925196976896	-1.39061779111156	-1.3729367309879	-1.47795081892651	-0.818107335987218	0.412481288492936	-0.761895821751751	1.27716448703595	5.23133346116352	-1.10579877888502
954	Res-008386	0.0136302141920934	-0.00727986653442873	-0.00977235131438031	-0.0106719680931772	-0.0118322556486054	-0.00329752897570691	-0.0048993006777291	0.0228396007850929	0.0430052992327527	-0.0067836132121437	-0.00912346444681431	-0.0123592706395553
955	Res-008402	0.0227260415461891	-0.111180582868695	-0.110596385284798	-0.137532820048743	-0.0457874608665887	0.228820039581229	0.0185737185273861	0.399726133840464	0.246204203915664	0.0711438027293823	-0.123630429029093	-0.0698426983897349
956	Res-008407	-0.00612152769764744	0.0132421001470548	0.0323640332975574	-0.0146111959428856	-0.00208340779522589	-0.0126730801779014	-0.024855921525188	-0.00241768213696528	-0.00320986684441489	-0.0198268447514267	0.0036607950012153	-0.000469067401009028
957	Res-008410	0.0293689928032011	0.0128122757370575	0.0215548594972575	-0.0371769914745795	-0.0315509660188273	-0.0294701080186111	0.00184986751414208	-0.0210224822642109	0.014096695905531	-0.0410979877376349	-0.0219894601252496	-0.0468247624027885
958	Res-008411	0.105051246906302	0.0118688946944932	0.0365041779465431	-0.0868149889059013	-0.091621169148	-0.0892093622382781	-0.0446665961985119	0.00561759690560606	-0.0702935859970085	-0.0789165842981621	-0.0927378162280824	-0.00810321383546815
959	Res-008412	-0.0236465844641043	-0.0336908163693844	-0.000977897343024163	0.118520761885938	-0.00481041621554667	-0.0160721200032843	-0.0397278242199273	-0.00109199072595641	-0.0175321017668347	0.0467088217700755	-0.0489284922213318	-0.00684197448482725
960	Res-008413	-0.00859691391593297	-0.0254432340930497	-0.0480331600144123	-0.0409256372668617	-0.050438298550651	0.0769976185570287	-0.0215534035563894	0.0700670698345043	0.332212720370115	0.123846048431663	-0.0256820917425217	-0.0291870512918323
961	Res-008414	-0.186633579182631	-0.136610319448649	-0.226572916799043	0.371394503749776	-0.0896104328775736	0.0182236195069535	0.0302367414078771	-0.0153443978237026	-0.0831607364179919	0.333830560278101	1.18516084229411	0.287289835894033
962	Res-008425	0.216488072681204	-0.12359445325446	0.267764448303179	-0.201038916435522	-0.2293237756642	-0.245253329871928	-0.0366161157684307	-0.134150053166442	-0.150166996580496	-0.192263481894089	-0.0524789396513617	0.0895132190578431
963	Res-008436	-0.0829222681044008	-0.273712489394681	-0.199414534485055	0.616780470307361	-0.00175991913986318	0.00998997105209842	-0.19783284535161	0.088969878455616	-0.000636905792836484	0.167668523805998	-0.0983386010614912	-0.282416866281107
964	Res-008441	-0.0318941417193845	-0.135800342525775	-0.125434965411015	-0.108791410756474	0.403209590662983	0.299648318777684	-0.0851413366102813	-0.11877488078657	-0.103259216801343	-0.0395775039268778	0.0882451752782319	-0.113029427122649
965	Res-008450	-0.0332382595230414	-0.0295845383609931	-0.0126198739552001	0.0303198173664162	-0.0439480186365109	0.0462218958193053	-0.0449594574838679	0.140194826073322	0.215042531326544	0.0576530646656142	-0.0518797947129935	-0.0299029236895767
966	Res-008454	-0.0248397159965675	-0.0436361566687095	-0.0373612659264871	-0.0506103231304884	0.119006471380877	-0.0145515622784421	-0.0240434629862188	0.222988357449051	0.00737967803350239	0.0909953631222042	0.0175974482047984	-0.0361599621973547
967	Res-008467	0.0137004137959244	-0.0353415029631187	-0.0532184430709082	-0.0110297714011383	-0.00492707544471278	-0.0447366940375583	-0.052283458824034	0.0954707680406836	-0.000677947825795125	0.026187399129495	0.448711262141304	-0.0240265308646121
968	Res-008480	-0.0358111245022631	-0.0314000757335039	-0.0266924431913702	-0.0302899818391144	-0.0318911458434115	-0.0326834887414163	0.3375484813883	-0.00512708293571123	0.02188886263112	0.143217250604047	0.161613649869771	-0.0337150017496228
969	Res-008494	0.0434878462963743	0.026091731574432	-0.0454152966809533	-0.0457013491625875	-0.00394907870316025	-0.051765271608183	-0.0514111331532048	0.0300198001082682	-0.072044363299257	-0.0256180434276726	-0.0625462088271966	0.405583300532949
970	Res-008500	0.0587706051677308	-0.265127097132398	0.287671150095262	0.18473344197167	-0.106834684304655	-0.342905705415608	-0.193121895697878	-0.123600874083587	-0.161452138729856	-0.0627317745560373	0.375619042087383	-0.0729248226594895
971	Res-008509	-0.131942623842642	-0.400993737421838	-0.25575602606337	0.595281081818745	0.190241038116677	-0.393717484898777	-0.394112843934728	0.591816072894265	0.677416936429181	0.0673150110986678	-0.234836558372913	-0.141129508926389
972	Res-008511	-0.0415879546363504	-0.0813277272888313	-0.0992906988732303	-0.0858306656707757	-0.0850293716392877	-0.0822734528540567	0.98407562871877	-0.0328516295749731	-0.0472133704825171	-0.0620650003309224	-0.0621866273087737	-0.0359284322196788
973	Res-008548	0.107945727144099	-0.0386376602931922	-0.0271938856363316	-0.0482614331733423	0.0209140928650071	-0.108341188779422	-0.0874363004278789	-0.0215165827906713	-0.0546240247364941	0.0085471395210151	-0.0852550739739945	0.0451790334901344
974	Res-008551	-0.0178690316727572	-0.0342002283981094	-0.0588184502163714	0.115667720752908	0.0439615954793814	-0.0269233799414087	-0.0391824164658043	-0.00488473893090542	0.00836453840532499	0.111099027120211	-0.0486329124272286	-0.026818741017327
975	Res-008556	-0.0982827773935563	0.269274446913599	-0.247129711060106	0.0154478700753778	-0.101219569386481	-0.031540944745521	-0.0599965937135258	0.190647253500886	0.565599639186306	0.104681622918632	-0.203840924652176	-0.180950655343814
976	Res-008572	-0.0260524184899357	-0.177290905517171	-0.210893217177739	-0.196842404159766	-0.152420954291376	-0.181070411765797	0.567774623692296	0.161732677327382	0.731380938813082	0.674903439303189	0.586981513396507	-0.217434651984193
977	Res-008587	0.00744051364529873	0.0114113728798091	0.0103855671958991	-0.0165251349305296	-0.00756193496553604	-0.0126306441438883	-0.0239960942592981	0.00952925114416271	-0.0049335234356564	-0.00532901568236397	-0.0303040778179946	0.0305002376567555
978	Res-008602	-0.478589741973972	0.400607197109536	-0.614923633807384	0.703064044879929	0.392522036911518	-0.964696095308623	-0.651654589253869	0.0610066051741018	0.508564373946068	0.653882169579227	0.304269588458353	-0.280983207336511
979	Res-008603	0.00862512459459519	0.154126978786043	-0.221066713090941	0.0591419373413266	-0.198396122752523	-0.291477044598298	-0.0133401754424144	0.111011933539039	0.491530147139895	0.410647344449552	-0.0502937577945363	-0.165299624898109
980	Res-008622	-0.00596859757908069	-0.0129858254848584	-0.0227225521994056	-0.0190774370182597	-0.00888964597586532	-0.00924736026816436	-0.0148179530504515	0.0325845980776658	0.294995484550923	-0.0138253031127586	-0.00659522078644525	-0.0240306490611638
981	Res-008634	-0.263476841419383	-0.455192670455034	-0.428136263313894	1.26328022653186	-0.293416611871276	-0.252148526653386	-0.331269400094576	-0.0516083896594064	0.344082548765899	0.597922412486548	-0.312349126944803	-0.296819850485306
982	Res-008641	0.0375289295858417	-0.0629412970211941	-0.0565001139505637	-0.0614125350300531	-0.0595687903064428	0.352058378589301	-0.0559682403130478	-0.0278851212677712	-0.0264800792991164	-0.0246797898038246	-0.0628208362911608	-0.0429293106070998
983	Res-008653	-0.0454878368278614	-0.314853041134069	-0.366232626537072	-0.339718550607037	-0.345905348251702	-0.320838137579435	2.18535624010229	-0.176323636230787	-0.123542437682229	-0.260449859467441	-0.339559100693354	-0.28007844106971
984	Res-008654	0.00306490306105341	-0.0541882159667382	-0.0495012580684861	-0.055065833709943	-0.0375164775752936	-0.041201172088187	0.524163837953822	-0.0124431062360612	-0.0148318487395708	-0.0349684677409574	-0.0477579916494388	-0.0270656452133973
985	Res-008670	0.0040423222827102	-0.0770731799435433	-0.105422991081261	-0.0867169752535553	-0.0957796989646664	-0.0800672205081581	0.290197273505568	-0.0564109203925721	0.0789257037332005	-0.0331190367777304	-0.0561049913338654	1.56178449046089
986	Res-008689	-0.0289189191568544	-0.0595870395449806	-0.0661929238543911	0.00720560434676322	0.298338994452631	-0.0370945451993663	-0.0492039801484631	-0.0333024906277173	-0.0438706592527122	-0.0270371996268905	-0.0561889559801628	0.0274833681501331
987	Res-008697	-0.0244374752737261	-0.0474093014909944	-0.0446633134081032	-0.0345274484650421	0.289173278081202	-0.0369443370515615	-0.045639526697767	-0.0256221790753367	-0.0231123053901047	-0.0437331993407557	-0.0416388231227768	-0.0133429940802854
988	Res-008701	-0.138218867209681	-0.198730152534881	-0.1920008894769	-0.161127675074237	-0.187619864947031	-0.160224243548062	-0.0988582971771696	1.68593912173438	0.245409783393739	0.210873865519041	-0.149104731036518	-0.118037071766126
989	Res-008719	0.00768634861591046	-0.0536096748731642	-0.0607449673999125	-0.0725884362347519	-0.0670984002728166	-0.0771011639415694	0.492725778253411	0.0956862263017498	0.134598077434813	-0.0506850843175008	-0.0122500764487008	-0.0598248304005642
990	Res-008729	0.0118304314272379	-0.00595836864360219	-0.00524512417460711	0.00744575321702703	-0.00605028725629633	-0.0142023667103264	-0.00278671158835974	0.0021966336725185	-0.00856735539583781	-0.00342092627648372	-0.0154839465205871	-0.00075700419529388
991	Res-008788	-0.00564610251543688	-0.0482921309831832	-0.0340999051499527	-0.0415124483983053	-0.0347562284442569	-0.0457774682576523	-0.00592569822344328	-0.0450576107011753	0.70582572450404	-0.0430762255288784	-0.0273076908008235	-0.00770612114061944
992	Res-008825	0.163994858716444	-0.383753471724861	-0.760793211441616	-0.529914732191178	-0.246014126746739	1.79704784928404	-0.16208054950916	-0.313669010453662	-0.202694402151254	-0.120475680883455	-0.515413425380006	-0.702223871054382
993	Res-008826	-0.0122574613403112	-0.00379247595014437	-0.0182131176057951	-0.0126818467942332	0.0994522138494286	-0.00982771889411284	-0.000668968991527564	-0.0233101371641912	-0.00733631986064249	-0.0224004777079517	-0.0245475300724874	0.0264971433709865
994	Res-009015	-0.0216852427218419	0.401199281700777	-0.920424690129677	-0.361269514443471	1.51186257527567	-0.871072623751547	-0.847798817560408	-0.49998355281546	-0.806765097441156	-0.706964446806642	-0.912192039634063	-0.453601559456496
995	Res-009016	-0.0611934141357737	0.330820491442842	-0.0778469938820713	-0.055693444353265	-0.0569636376316209	-0.0634925903977812	-0.0468201408469747	-0.0475103060074512	-0.0600259431268272	-0.0445499623595086	-0.0497136603179772	-0.0786669200202878
996	Res-009035	0.0566265627192563	-0.208197181581019	-0.177844372697547	-0.212046544541111	-0.0736097017259939	0.837620859594498	-0.156073273224689	0.215164522519165	-0.139419682554467	-0.150112343484532	-0.0678699508823551	-0.0182216901652792
997	Res-009063	-0.235581308212412	-0.48167485640699	0.348560156526708	-0.553948234046393	1.43530589462483	-0.491121140505388	-0.358201613562911	-0.356306686129643	-0.425972699770579	-0.527338382068283	-0.275699774339082	-0.0483646609932674
998	Res-009064	0.00832252068768951	-0.00852744303068886	-0.0139984201548253	-0.0121806696895265	-0.0100634694238378	-0.0101298959918468	0.0759946112761279	-0.00539424146216993	0.0243815846045152	-0.000564719311739752	0.00152193388890281	-0.0123010583189584
999	Res-009065	-0.0196418643517708	-0.0453255264073526	-0.0672058680020564	-0.0621719461651578	-0.0224644969565227	-0.0639772697075071	0.698379383540787	-0.0742249067039212	-0.012939726636536	-0.0742109446541379	-0.0735045955780003	-0.0667057681680452
1000	Res-009066	-0.032244727338298	-0.0641526019409166	-0.0871796194056421	-0.0711238205967846	0.341665560808119	-0.0561138576075331	-0.0563725994261024	0.17461949656458	-0.0368702204438813	0.0127005667516454	-0.0654953433132367	-0.0253183178375487
1001	Res-009073	-0.00859827867337785	-0.0299865111671153	-0.0294196280459862	-0.0460826358698691	-0.0268257543876429	-0.0367609984718896	-0.00157675256983551	-0.00319850976616064	0.595716189499847	-0.022252308516259	-0.0291595156675262	-0.0477784168066077
1002	Res-009082	-0.0307025258821766	-0.0669634775998089	-0.0908260778561692	-0.0764264764061827	-0.0748070105285107	-0.0792386303658861	-0.00572515176773694	0.0470485916135966	1.11111352934393	-0.0627980091149065	0.00650728249797947	-0.0713314199105967
1003	Res-009098	-0.0729098289726806	-0.117004608932205	-0.148053413684997	-0.135020421747973	-0.10510264986237	-0.108642111807282	-0.0460123849613797	0.651739051880853	0.0850735825329635	0.829925344299108	0.767519396378772	-0.0898549522143906
1004	Res-009104	0.0539941083562572	0.264671980400217	0.00747746971785374	-0.0191201681947675	-0.174311865522496	-0.228356291220138	-0.172422777616582	-0.0917034786209696	-0.06191350704745	-0.122498464482917	-0.176117815272163	-0.0725992945515571
1005	Res-009140	0.729970231190336	-0.0640913730045769	0.815399786141759	-1.04973059944424	-1.08904946303024	-1.24734179370206	-0.680958900141799	-0.427858865480752	-0.448922709342906	-0.832996248307816	-0.587673295005507	-0.351281022608616
1006	Res-009141	-0.0219225787502014	-0.0301465499747927	-0.0345012759500338	-0.0288263852790175	-0.033187216833922	-0.031449418920412	0.451432496462631	-0.01322864617657	-0.00956189492033729	-0.0075889392882953	-0.0294043453121239	-0.00769239291504046
1007	Res-009145	0.11065701370801	-0.265208986869312	0.0148078597135762	-0.24958766656748	-0.119796859396619	-0.30027354595056	0.978565522259922	-0.219052057069162	-0.0411404232657751	-0.315884322892667	0.618896232015742	0.0772577498650849
1008	Res-009148	0.00431850895394478	-0.0182993045634823	-0.0181421310108883	-0.0116949765971365	-0.00618689783712852	-0.0152430627444208	0.164057731326232	-0.0110190577463178	0.00656560546929595	-0.0144309796671581	-0.0200340208939216	-0.0163022039965249
1009	Res-009158	-0.00482658477719401	-0.01527203020305	-0.0777871126813749	-0.0782825180439297	0.0940054775963481	-0.0633170067453672	-0.0256557978922364	0.232666602115765	0.27627407342261	-0.0662389333844513	0.0257554343408945	-0.0429250187311223
1010	Res-009167	-0.00890868035904639	-0.0188029610938395	-0.0197209311433459	-0.0157886262360593	-0.0198019833399181	-0.0103673001869278	-0.0108130163751182	0.271045312911216	0.0251127213643419	-0.0104345605570136	-0.0146692957105471	-0.0209718132342252
1011	Res-009190	-0.0131572723890861	-0.00234330617763234	-0.00344176887839082	0.0267974809435526	-0.0074935300734976	-0.00720949062178213	0.0382331304922062	0.00143175135373567	0.00871105206464575	0.00766061547391586	-0.00736875619345574	-0.0114666126583662
1012	Res-009193	-0.0167064943160448	0.107915540052523	0.377393172172858	-0.060732361590254	-0.181652886018287	-0.228778476749293	-0.158875069667486	-0.115137635402155	-0.1710916446249	-0.281393575907845	-0.171856619471472	0.0191461625314509
1013	Res-009212	-0.00790285380821722	-0.0490493266114849	-0.0143507922427469	-0.0322100733525621	0.0942038607762518	-0.0872537781648869	-0.0408330124081319	0.288650804571053	0.00796228812963996	-0.0216288607136714	0.00210591981979039	-0.0453634272421906
1014	Res-009213	-0.0268251014758707	-0.0283025832278951	-0.0295346001630515	-0.0253508105057466	-0.0101591433894359	-0.0297368895956585	-0.0296883453563588	-0.0173953101377836	0.0148018543137387	0.60419826952347	0.0856620141501531	-0.026041318362596
1015	Res-009227	-0.000932546923205151	-0.0377591807873737	-0.0442255624282924	-0.0416590356106871	-0.0450262193298077	-0.0397279059599078	-0.0127992820610667	-0.0218746009722147	0.683736887366217	-0.0373668113988374	-0.0273171978903631	-0.0419127251692387
1016	Res-009228	0.00890055397482691	-0.0266595611611503	-0.0321294830344035	-0.0309487495005892	-0.0215530453094502	-0.0353458003884935	-0.0333830359088459	-0.029550775329094	0.487519014316964	-0.00599307563388029	-0.0328637641443099	-0.0320454665392687
1017	Res-009231	0.0137031103636013	-0.0231218969071566	-0.0445315291248702	-0.0421917217222259	-0.0366311895645232	-0.0445345297430743	-0.0262292188063097	-0.0253825129249189	0.575102056108555	-0.0263215547348422	-0.0502212599170336	-0.0442576326540913
1018	Res-009232	-0.00908241638277121	-0.045710065468562	-0.0601936618240532	-0.0447704624245622	-0.049674658917785	-0.0643136607151121	-0.0367723366568512	-0.0640643357230844	0.905225492144796	-0.0451122814643926	-0.0544194428675683	-0.0681317812979633
1019	Res-009246	0.17306772380345	-0.303702282010876	0.0855141723260309	-0.454790752149497	-0.424040940480787	-0.483723051343101	0.0546365897999016	0.23622262560008	1.47864356612525	-0.203511352353874	0.420399793009656	0.201920816875784
1020	Res-009280	-0.0517712665966751	-0.106201182124204	-0.101858071692215	0.217657093358061	-0.0603886647859896	-0.0986816951230516	-0.097663512117588	0.104187820802539	0.67891528940309	0.0408097015673201	-0.0763248719798455	-0.0661952731654614
1021	Res-009282	-0.12135514905782	-0.218638098255691	-0.0428380427616945	-0.0167318154397865	0.0962776692153012	-0.233373452599174	0.207829238922614	0.188678598134484	0.250250462237978	0.517779126502389	0.923280400627961	-0.0135989153521231
1022	Res-009294	-0.0327650660164248	-0.0832171677581263	-0.0677638665477246	-0.0723840732494575	-0.012564503022374	-0.0470941739862981	0.00166361835655103	0.240043403119819	-0.0287479149777178	-0.0373081886019092	1.07036117123126	-0.0770995601084902
1023	Res-009311	0.0122255152104101	-0.073547072105431	-0.0860250390697946	-0.0880250062207985	-0.0616948747122031	-0.0829132731112527	0.463639324075634	0.140364695056315	0.208271433796652	-0.0787991183354264	0.180872464384609	-0.0549845175130845
1024	Res-009312	0.0503045958868956	0.0407083650992673	-0.0182732974049127	-0.0833607987778615	0.0839716341731832	-0.0763605391720776	-0.0391421320010193	-0.0607214392313283	-0.0744156291122723	-0.0685580782477114	-0.0431480593632096	-0.0321722839512543
1025	Res-009313	0.0142832728677663	-0.0188307858368885	-0.0396672543767223	0.0133008999681731	0.0904303889495096	-0.0320192620571684	-0.0297730909030798	-0.0334394257164242	-0.00635172260052717	-0.00946684914263976	-0.0428302441852399	-0.0191250901453716
1026	Res-009326	-0.0146703334206629	-0.00611315700328112	-0.00994483836547173	-0.000471434830867083	-0.0106956052806184	-0.010696019593193	-0.00696720064269959	0.170921623404939	-0.00324268430575931	-0.00771058923790433	0.0325937823737288	-0.00473283282401545
1027	Res-009332	0.0571972730469338	-0.0855348404768042	-0.124406804281007	-0.0940531502248005	-0.0983527982936784	-0.0922494668375807	-0.0402436115814096	-0.0313888324441096	-0.0956900097622708	-0.0821267998588413	-0.0755564647529337	1.93721960769712
1028	Res-009342	-0.18120070957565	-0.216342016894773	-0.234891535486409	-0.237658420370309	-0.144698352940713	-0.0652321575540356	-0.201308548433109	1.89770122631284	-0.036523133884664	0.0219101860012808	-0.0241474251612417	0.366733985202765
1029	Res-009346	0.0874691714506589	-0.380546856170532	-0.0996895811258965	-0.407453236162008	-0.0919351568149571	0.129145455062313	-0.289104037566295	1.48502678889943	-0.195636306065447	0.00138437829958171	0.0152175805335386	-0.220981396621594
1030	Res-009347	-0.0121979060262516	-0.0116528524251371	-0.00763801548769993	-0.018114053115178	-0.0106826314685536	-0.00200583012196978	-0.0131138059294122	0.223986498647887	-0.00842348610796085	-0.0112199957703445	-0.0136858964149417	0.0221034530907114
1031	Res-009353	-0.0123966561240832	-0.0319526096076341	-0.0183144135856538	-0.0344498932131396	-0.0337201469907541	-0.0331937865515876	0.427875048655118	-0.0259000768160918	-0.0260192122983853	-0.0214175831287297	-0.0360254430677465	-0.036313315161927
1032	Res-009359	0.0160849859956222	-0.0775670176269176	-0.0241220478709364	0.0762580118661728	0.171566513929202	-0.0598740159351051	-0.1043839533182	-0.0559309767045634	-0.0787190451886625	-0.0638790621425117	-0.064623397441669	-0.0524958458517927
1033	Res-009365	-0.0519425265706928	-0.684935602393754	-0.623133211685245	0.690665571573156	-0.153915426633572	1.19076234535432	-0.567673636496956	-0.0738516641349145	0.133302598128142	-0.0492479636775918	-0.559884922818423	-0.415524194559735
1034	Res-009385	-0.124761428352015	-0.00621856180048402	-0.150057203913248	0.496184384248325	-0.0241379382170233	-0.249603462496995	-0.165607762665294	0.117826650636807	0.0225226528557044	0.0927513204443964	0.0732043350578042	-0.107442356514857
1035	Res-009404	-0.00417022989915425	-0.0665310823681278	-0.0561195807492669	-0.0953469578000582	-0.0354706151307488	-0.0784240032707415	0.114480849347551	0.309694380869374	0.225153474250551	0.251373189861502	0.146296532001594	-0.105277899167092
1036	Res-009405	0.0151110906848954	-0.28437009267096	-0.0564013097603536	-0.0330685908338592	0.479622096032221	-0.256075717007724	-0.131540736908353	0.330875496841242	0.108138423141311	-0.123711793453392	-0.197321641240887	0.0409416528235214
1037	Res-009408	0.0602448433429545	-0.190379016907937	0.104652469045692	0.0371642081165093	0.196053456821905	-0.0658163879970034	-0.174532797948569	-0.195709325480644	-0.158262144940047	-0.157817635423581	-0.133066156142561	0.216953366034496
1038	Res-009430	0.00278991027210768	-0.0163276020580766	-0.0187814479709137	-0.020210773063419	-0.0294980993573557	-0.0181897590645296	-0.0121826019917277	0.0527419120439764	0.273681543650216	-0.00523946476975523	-0.0105995349250991	-0.00855307085244977
1039	Res-009434	0.257568483645297	-0.0852201056591958	0.517029063139071	-0.420281118428059	-0.389630724046547	-0.388707273060551	-0.242420477592434	-0.211111128458786	-0.268912576620423	-0.305691809469382	0.118932546322747	0.208765613528059
1040	Res-009435	0.482111162267227	-0.113553934746008	0.900160423216674	-1.06054283571307	-0.687006972458404	-1.01053475840228	-0.49935446726428	-0.215782606186453	-0.453568611121195	-0.75509414124421	-0.318345683865415	0.451961323089286
1041	Res-009439	-0.0116224991735538	-0.0109421663847966	-0.0183655977133315	-0.0189363818898172	-0.0103002234474668	-0.018235589596417	0.0144841299559218	0.133054443552856	0.151219480992044	0.00115915464498589	0.000352612903878242	-0.0207959788114567
1042	Res-009440	0.0662342397108593	-0.0510206795768115	0.394747617349332	-0.247971115477059	0.0816417149853428	-0.281513998987299	-0.314391155464404	-0.11897378517197	-0.201778396020105	-0.173658611600469	0.00842555593880656	-0.109442226811126
1043	Res-009445	-0.0178092788235775	0.504328952170051	-0.222312379745739	-0.285023234284661	-0.214340275144233	-0.343476038104954	-0.0533126517704674	-0.129418960308406	1.00784619688366	-0.144670274134271	-0.24984025583604	-0.348546606923205
1044	Res-009453	0.000163993444771138	-0.152818173811831	0.0773583119486595	0.0264956780539054	0.285045228689367	-0.162973935079243	-0.150112642974338	-0.0832181163199029	0.015966884901024	-0.0699135352520578	-0.163796210048416	0.150327636842787
1045	Res-009455	0.0495456765736347	-0.0998500451319972	-0.135024927669802	0.161613432381014	0.272299813126891	-0.213342015816105	-0.124418779924608	-0.0873755944426541	-0.100132017784676	-0.109523859614888	-0.124939062575136	0.0523606436131004
1046	Res-009490	-0.0229956247859126	-0.0880918818352331	-0.126235411883491	0.0797884459123333	-0.00314922364153508	0.0975551437087772	-0.0552707087121926	0.0596281145206543	0.123070008545934	0.276709021025831	0.24158358657969	-0.0245260602657939
1047	Res-009513	0.0103564954358217	-0.0710679303758515	0.105714274066724	-0.0781709017781731	0.127752944733684	-0.0702127382319051	-0.0326288627911215	-0.030313955039964	-0.0387963652832633	-0.0625799155102867	-0.00250216504572215	-0.050648127078846
1048	Res-009514	0.0036523784754685	-0.0180432948027938	0.00211921011627241	-0.0200293199019361	-0.00142716308682906	-0.013140336391407	0.00198757647263333	-0.0259700874751611	-0.00607851540531259	-0.0332449587982382	0.0125602708766631	0.448835932516106
1049	Res-009543	-0.426773836240341	-0.448172262334272	-0.700797716403066	0.706383467095699	0.99213495871238	-0.666341835931573	-0.274382620145554	0.851790417089571	0.0675022463532275	0.151230962511912	-0.0518989792742435	-0.167026574877022
1050	Res-009560	-0.115576942662485	0.0672607844447405	-0.200673651406721	0.487552340388512	0.0182822365912337	-0.223268670357278	-0.272072385261665	-0.0358359052028759	-0.121393328004227	0.316978667745685	-0.107268375431463	-0.0276899352031754
1051	Res-009563	-0.00492307583905927	-0.258743283251729	-0.0238977902144886	0.272867054721295	0.182559307466723	-0.209889936764299	-0.201287344699552	-0.0278142616006354	0.388361762779696	-0.0255397720453013	-0.213873066974069	-0.0531684976174946
1052	Res-009568	0.0523729585483331	0.0631235432350132	-0.0290091783028387	-0.01478973088363	-0.00686540498708318	-0.0971695537745543	-0.0648183581922488	-0.0576692847190457	0.0263062560881202	-0.127566301043808	-0.0962739132272049	0.0349441442910502
1053	Res-009572	-0.0209669929621426	-0.0478713039802667	-0.0742110775660195	-0.0816414511502228	-0.0761367493152979	-0.0674466747217176	0.819016315370589	-0.0530175616536097	-0.0411869098863478	-0.0774715547061319	-0.0660145803780949	-0.0655890600193984
1054	Res-009574	0.00269217048503439	-0.00501479986758338	-0.0137593586878727	-0.01252940446259	-0.0142258916473047	-0.0118984044951844	0.141837941390516	-0.0137585396721106	-0.0109759055041306	-0.0114437390242177	-0.00887924348736751	-0.00502688695686694
1055	Res-009575	0.13358037177065	-0.00306663483322245	-0.0653887851787029	-0.127400938530057	-0.201405783397252	-0.137573348455428	0.506113539210112	0.0079486895289782	-0.0953553199705957	-0.147032803651087	-0.172249196570918	-0.0574834253860044
1056	Res-009576	-0.0181615630848614	-0.0559196558781898	-0.0539821566851132	-0.0514674878533443	-0.0585732095250848	-0.0679756960249509	0.708168312956805	-0.0547185985634968	-0.0483409993735584	-0.0545104867266531	-0.0285567032689282	-0.0603685919237856
1057	Res-009594	0.00481130586801166	-0.0064356231836518	-0.00770384067107874	-0.00587358640026046	-0.0129817821417939	-0.00984024964229173	0.0369655796044238	0.000568476413316983	-0.0135165188388198	-0.0150164772560999	-0.00759745742198045	0.191966173155808
1058	Res-009608	-0.0731225137651117	-0.0526928854024987	-0.0581009612120123	0.218939719333507	0.0951782789321703	-0.0376736609885943	-0.0342741380517348	-0.0205531097035975	-0.0148060266177041	0.02987442042965	-0.0202179485350121	0.0523193185784567
1059	Res-009624	0.131952293149788	-0.0472260923614942	0.046659218018605	-0.334937381119157	-0.184695904138656	-0.502606109615192	0.790095599857783	-0.130529080711083	-0.447035245337885	-0.0335324338571286	0.43025495464981	0.621988326514201
1060	Res-009625	0.0169375003271175	-0.00153265172146613	-0.00546884069927148	-0.0262672119052277	-0.0150259526796131	-0.036736619403361	-0.0183563494381326	-0.0761138227826968	0.0161268063994737	-0.0265256331099118	-0.108458851337154	0.649479903604421
1061	Res-009645	-0.00330818979653165	-0.00739542087127256	-0.00474220009961199	-0.00309309314589467	-0.00662566693298121	-0.00674613692655454	-0.0048873088880559	0.0810841741010446	0.00519359868044319	0.0188275338317365	0.00349046224183252	-0.0070597203097101
1062	Res-009648	-0.565132819338476	-0.6586649036856	-0.675851408794102	0.451089327564906	1.75463145404113	-0.443968116922084	-0.45240490630919	-0.126521816940198	-0.0639507444169014	0.143210960494878	-0.398789884313048	-0.129325030812406
1063	Res-009649	-1.33168726232092	-1.84573966981989	-2.38740043712138	2.23060783469992	1.58603574834378	-1.45418015552633	-1.31220506579656	-0.177768697380182	0.339222850019078	0.944937146869151	-1.13849344994197	-0.478163962109075
1064	Res-009652	-0.55509545361134	-0.836849755329554	-0.860800628807432	1.11417418425572	1.42368026910228	-0.595373560495354	-0.493398026973654	-0.214053048386646	-0.121891517159361	0.138638766153906	-0.524975534041316	-0.026422761439834
1065	Res-009659	-0.638186197367403	-1.2475406344118	-0.317009600960807	2.23318620720962	-0.214309427453946	-1.12983070415765	-1.1826968132293	-0.363739036856545	-0.187828276650782	0.521035506740263	-0.877776933212306	-0.430394770576686
1066	Res-009661	0.0627574880006539	-0.0431376219967754	-0.0582614249715315	-0.0525547276991794	-0.0409269445499884	-0.0628774321381744	-0.0512022618190328	-0.00547727695313285	-0.0703889297470452	-0.0110490535816382	-0.0495162793969946	1.01646651673063
1067	Res-009672	-0.03473032787905	-0.22421610099724	-0.318761414812945	-0.29595802195905	-0.29906493896327	-0.331742070761995	2.02243724258549	-0.243483627417326	-0.163710749014471	-0.212087345615598	-0.266256970580172	-0.260986203142536
1068	Res-009674	-0.0155369341876168	-0.0205895662077742	-0.0184219850527812	-0.0232495256457766	-0.0250768672371173	-0.0177684951290423	0.3410468655326	-0.0197519522551233	-0.0214587624739508	-0.00930529803763547	-0.0192158040172495	-0.0224392160336333
1069	Res-009675	0.0186297853247453	-0.0334501287510539	-0.0374168861285134	-0.0495399336989584	-0.0490624987655485	-0.0556016704906689	0.435936885539703	-0.0473111797530293	-0.00453062939424263	-0.0570801846174722	-0.011358431540385	-0.047577893575429
1070	Res-009677	0.199061237283362	-0.268498557713703	0.795810843888273	-0.41220921720878	-0.347642847136852	-0.416788821142952	-0.28828051118301	-0.234852820303568	-0.364634997091679	-0.346902286699359	-0.24247337080774	0.192543966536468
1071	Res-009680	-0.0285800744040593	0.00621083993898761	-0.027447832884029	-0.0981055170349938	-0.0367288022162132	-0.0697636797890416	-0.0404379775375522	0.651620450697263	-0.0566410048763475	-0.0186092586415995	-0.0057628814269938	-0.0416597490466912
1072	Res-009723	0.0311079872505887	-0.0162247581273489	-0.00952083563443818	-0.0143561250957804	-0.0151331817450172	-0.0101506614520776	-0.0187053982736549	0.0244431766313834	0.00838622835426097	-0.0242150060423761	-0.0212022301901398	0.0264713374023263
1073	Res-009783	-0.0646360538856267	-0.132665256569818	-0.155018448683036	-0.137172610024113	-0.0876661374483608	-0.0900859627367306	-0.0639483421988182	0.182920742691552	0.160244668503943	1.44956831732022	0.343906913069293	-0.128088525910208
1074	Res-009784	-0.247498071600297	-0.309449663444496	-0.447112467782136	-0.371521714845319	-0.282007959601629	1.9101744789629	-0.0929424722464438	0.111966777451832	-0.179162308077425	-0.0114274125039412	-0.221611900291586	-0.470256685833031
1075	Res-009785	-0.0230978628270675	-0.0363960765047573	-0.0399601997594949	-0.0380550399986774	-0.033958336751209	0.289689461920052	0.00256791449172523	0.0639270577848369	-0.025458101988257	0.0146602345630569	-0.0104891427428822	-0.00661188078934795
1076	Res-009786	0.0122276369609666	-0.125570474287759	-0.218433200996109	-0.161742192108974	-0.180380376628919	-0.150489493035519	-0.112040432425514	0.437518955979214	1.53013604670863	-0.134603456738981	-0.211674053779627	-0.255999787843123
1077	Res-009789	-0.00887432453975635	-0.0224181590766121	-0.0352260666507138	-0.0377264966661993	-0.0203603777746694	-0.0270272883964167	-0.0288059332333131	0.165136590800651	0.379742248983114	-0.0172450116383389	-0.0189189260672457	-0.0327559088773534
1078	Res-009791	-0.09294943995001	-0.046790681781443	-0.0912390400597822	-0.0643863694683987	0.528790340084376	-0.0583913446246331	-0.0718292621391425	-0.00345790802136131	-0.05459554208157	-0.0669266984053782	-0.0741301959236221	0.000118918467663862
1079	Res-009800	0.0341187516758754	-0.102805463502435	-0.118541411264166	-0.11001552015849	-0.108796598989062	-0.103849698684621	0.949490433032154	-0.0912297673055719	-0.0456129213953889	-0.0693342047625119	-0.101197830509775	-0.111739200921723
1080	Res-009801	-0.0214605178223717	-0.0622910832772426	-0.0728822327957643	-0.066398309916218	-0.0690905587231737	-0.0611287921418719	0.775876194759662	-0.0324713945300843	-0.0290590642156749	-0.0425318463184372	-0.0632897566561877	-0.0454015683015891
1081	Res-009806	0.0931554485838205	-0.0817325608419436	0.288480985801116	-0.131434319114724	-0.117820334880677	-0.141003494679327	-0.111703643868789	-0.121137339281522	-0.125766795729265	-0.109917550485674	-0.113528618046138	0.133488088398851
1082	Res-009807	0.222459912029205	-0.168382032021572	0.517010600208149	-0.28139938271301	-0.303756732802985	-0.283706751397451	-0.288388064315879	-0.186830745990478	-0.245342639460855	-0.284280683826407	-0.123579381249191	0.125913632594554
1083	Res-009821	0.00354379695827649	-0.0132161813383954	-0.0229802031971211	-0.0161215977553017	-0.0265486539818809	-0.0189050078857647	0.242982723150106	-0.0257364597230067	-0.0187047880008677	-0.02365798242603	-0.000838384282694532	-0.0255528502316216
1084	Res-009822	0.032452634578795	-0.018387658967813	0.00303803509426992	-0.0655544354750565	-0.0582009362992643	0.0191078642593963	-0.0456633441134624	-0.0244644891829957	-0.0438677123767966	-0.0184542536231095	-0.0422591948357836	0.737998095043305
1085	Res-009828	-0.0310892384441914	-0.055799950842563	-0.0645057896258519	-0.028658376182539	-0.0155627562075178	-0.0433718736464843	-0.0496034160649454	0.634173347208638	-0.00050380885097559	0.0337006010778641	-0.0504678829706857	0.077830628856714
1086	Res-009844	-0.0231324751953687	-0.0414385829795106	-0.0444561163077152	-0.00866489540185498	-0.0190574932905661	-0.0233283262211532	-0.0216866350467564	0.452109549154636	0.0167969719641298	0.0330202545038616	-0.0171986062063438	-0.0387269028254746
1087	Res-009856	-0.0819345960755524	0.0693066205163015	0.360127890734594	-0.0134398574537709	0.198131318438547	-0.636929927133979	-0.30638440702338	0.00433726993175965	-0.213078168053059	-0.355627959168827	-0.0350413747510436	0.276540060083639
1088	Res-009861	0.265444774503452	-0.127093391105941	0.594534017433176	-0.315287253559626	-0.320638441105953	-0.455087061496921	-0.248977401616919	-0.213357933812008	-0.350239780115178	-0.49287568103503	-0.350682042774401	-0.317321077265363
1089	Res-009880	0.00120739104408196	-0.0088147897455177	-0.00768985023979605	-0.00761560331903179	-0.00824877308395128	-0.00579067543144721	0.0122912739422818	0.053187341990527	0.0259089767966585	-0.00123665933004429	0.0248399004471514	-0.0100991647935502
1090	Res-009900	-0.00187251229453745	-0.00241445840271806	-0.00395667971389336	-0.0037116242791134	-0.00382596085187998	-0.00117332681787088	-0.00356644798911082	-0.00400708387397225	-0.00397172104636273	0.00439647039747971	0.118252513855552	-0.00351033271670732
1091	Res-009909	-0.0137193415236905	-0.0876695133565829	-0.114018377020244	-0.0969095411120025	-0.0750289035252076	-0.0989152809559422	-0.0940998101218742	0.682216177208787	0.0512551842396167	0.489369608935719	0.282390366767949	-0.0775844645466458
1092	Res-009911	0.00403160590276692	-0.0279052728133092	-0.0362309654477003	-0.0350507947921906	-0.028160411820354	-0.026233664725352	-0.027016146772282	0.0309660613185985	0.475751989385719	-0.0200412641194011	-0.0143740454673331	-0.0261963430870848
1093	Res-009931	0.00849097626489174	-0.0431656709958648	-0.0458932518055407	-0.0531094074651056	-0.0519660463407485	-0.0471681902208502	0.421059478769409	-0.00853624618825358	0.0968523768193417	0.0133363533590527	-0.0519766264822028	-0.0429809383915021
1094	Res-009949	0.00365881459986863	-0.0146232858482399	-0.0105812783906199	-0.00950636513847523	-0.0110549233881376	-0.0130754037385365	-0.0165646441157116	0.164209762433373	-0.00814454080460167	-0.00478989318368768	-0.0130280976457082	-0.0202309014609079
1095	Res-009950	0.000624980344756105	-0.00191027720478533	-0.00389787689257449	-0.00464555075978436	-0.00462394247297642	-0.00399058965344115	0.00273684640878664	0.0332686659492848	-0.00323998864720457	0.00704835870780376	0.0156429521305142	-0.00605800715557297
1096	Res-009959	0.00563360345146636	-0.0132130645141289	0.0209130692095402	-0.00605132315753821	-0.00885463094730758	0.00210930830759782	-0.0094784875527424	0.00701304746014095	-0.0092558821604786	-0.00655750840512243	-0.00953866382447211	-0.00260943997214949
1097	Res-009963	-0.00536865349062403	-0.0229373129205215	-0.0298706944675359	-0.0181172878707213	-0.0184563316567441	-0.0223931690961141	-0.0233689089630931	0.345601955336652	-0.00145729363247641	-0.01305063922627	-0.0293297964008521	-0.0266513508346862
1098	Res-009981	-0.00391725700698169	-0.0096163320763351	-0.00635085364516945	-0.00872203542596571	-0.00425179267448127	-0.0192631177838058	-0.0179886552923228	0.0189384209518492	0.160892452107554	-0.0116111961110274	0.0516663275326344	-0.0105309993244631
1099	Res-009984	0.0147581088271096	0.00979311039436871	0.046289452301007	-0.0500085146592263	-0.0154195466775663	-0.00613123380393833	-0.013571527785442	-0.0143711020812439	-0.0343360654116197	-0.0509888975687417	-0.0299682550440008	0.0708558218688634
1100	Res-010001	-0.00711949915681567	-0.0066027423413459	-4.75344104582968e-05	0.014461492747525	0.00983591165783498	-0.00262648905828222	-0.00137163833222189	0.0069974148968699	0.00307518312698425	0.00335096199979001	-0.00666080198037122	-0.0078992987141413
1101	Res-010014	-0.296408830215696	-0.506903771707114	-0.53530470239181	0.831785916437068	0.745226525723026	-0.400665612326596	-0.362300579952034	-0.145390956477107	0.999004937597871	-0.243179944215775	-0.505694532523979	-0.18073594083952
1102	Res-010022	0.0194974796432489	-0.0438000301870358	-0.0933058399321232	-0.0856753547066542	-0.0675649910291612	-0.0702524969119123	-0.0633542640907518	0.756705472731492	-0.0346435348675042	-0.0396348904676131	-0.026585023970848	-0.0822702662835652
1103	Res-010044	0.0346740266331922	-0.0346633229051484	0.217287395701982	-0.0832426801844267	-0.057689945791723	-0.0964459499830597	-0.0785524210865511	-0.0355541598153689	-0.0850975882882404	-0.123041923499012	-0.0765764960723091	0.0223151196034071
1104	Res-010048	-0.524147740764335	-1.01379771916815	-1.5225425436365	-1.32782623813846	-0.753470602588478	3.47200407783097	-0.335968311654494	-0.696558301230832	-0.440017923283691	-0.244988398322962	-0.490251113112021	-1.1900455312822
1105	Res-010066	0.00182058280121176	0.0320957323711683	-0.023466962885452	-0.0079899219077023	0.0953205628090061	-0.064200622480305	-0.0634823822650955	-0.0261174321772547	-0.00769130025031939	-0.0493255950986181	-0.0438529468902877	0.00847015484078323
1106	Res-010078	-0.30864552459192	-0.530598862590141	-0.667019627046247	-0.556675344838549	-0.456383709274225	-0.476611909168504	-0.332387659547688	2.56905486446017	1.2634756677079	0.547082230396496	0.840312768700587	-0.566492508523812
1107	Res-010080	0.0761979868145248	-0.306330560372605	-0.119700863154468	-0.0526224430896303	-0.105012276873508	-0.402594305549573	-0.662636620366591	0.852623027618879	1.30802407038838	-0.239717989579408	-0.279205470923323	0.160507393282828
1108	Res-010093	-0.0157500540474003	-0.0265771909958157	-0.0355532396998861	-0.0445747455668081	-0.0452295962069671	-0.0437841309645631	0.501096198688893	-0.0183314237165041	-0.0209726086328375	-0.0196065672753604	-0.0285898367924064	-0.0358109846429897
1109	Res-010116	-0.0132489940261775	-0.0734760239522695	-0.0430402003366271	0.0816254270993214	-0.0372407648282043	-0.0427730147389299	0.0410142435503669	0.25582718247511	-0.0224596476109419	0.088841686469827	0.00898693565635805	-0.00532923846225924
1110	Res-010149	0.0433687589896313	-0.290722615043966	0.537127142067756	-0.300932647283935	-0.10012591575128	-0.0442867590285463	-0.203541835419938	0.0138511764301299	-0.163792212410599	-0.208961555681613	0.431714976882503	0.0149408701167209
1111	Res-010156	-0.405250660197936	-0.667456513216605	-0.807577725613088	0.993508615083879	1.04499196236497	-0.139188509914766	-0.490743428489593	-0.154252463920127	0.303501056246034	0.243751807031993	-0.741024273855624	-0.0769128023385992
1112	Res-010162	-0.637453650213658	-1.05693542521765	-1.55410870442676	-0.0828225267518214	-1.27162710782761	-1.2456900303607	-0.725856982630016	0.403714235413236	4.2103920387643	-0.218220818115622	1.226492905633	-0.927242865579033
1113	Res-010166	-0.00497392765927943	-0.00398545890522444	-0.00477557628794095	-0.00850942319468018	-0.00321369608387338	-0.0088035658485741	0.0092226427834409	0.0931219166581699	0.00235219483174887	-0.00583097860299415	-0.00280493833250548	-0.000489734987314798
1114	Res-010167	-0.00307316449625462	-0.0114101337102711	-0.0200269470996031	-0.0205540473258387	-0.0204543019464821	-0.0132818325756858	-0.0225649211341514	0.184767885775588	0.0144505339836861	-0.00435388367623148	0.137767270211013	-0.0245393265609553
1115	Res-010168	-0.00328322087543155	-0.0144483625355727	-0.0230207699950376	-0.0103358365801156	-0.0141901220937299	-0.0138987762889127	-0.0125017801836077	0.197155935921308	0.0337848180713834	0.00919801012664598	-0.00073644183551368	-0.0156036653295251
1116	Res-010169	-0.000896858629571971	-0.0101835407228658	-0.00993141015912654	-0.00898399239734752	-0.00937571993876714	-0.00942575989203726	-0.0082751057607774	0.0533689667146792	0.130000146637463	-0.00895281844701551	-0.00896267590994444	-0.00952603747782546
1117	Res-010174	-0.000952467284649689	-0.00261155376933587	-0.00838076161575287	-0.00919063693262779	-0.00533802885579087	-0.00593478399559129	-0.00355227060051035	0.0786967413748923	0.0191523714347399	0.000324668726795114	0.00258038613658858	-0.0154200420411002
1118	Res-010183	-0.245992621832109	-0.589046186724733	-0.823418751592542	-0.752396488085695	-0.752041547354863	-0.776126397988784	3.29541455273817	-0.567038522818963	0.237028802037067	-0.639695381489834	-0.721363313488342	-0.747173589878306
1119	Res-010189	-0.00139670915638117	-0.0133562218641938	-0.0322789100004854	-0.0276592371833655	-0.0280959610160612	-0.0232325308397485	-0.0151014486625009	0.106387413471504	0.335047200112179	-0.0261275688714193	-0.0280901993419433	-0.0248870854956262
1120	Res-010195	-0.0111931930878881	0.0255282433737378	0.0148480911191201	-0.0291983053460819	-0.0442342863386408	-0.0383778921428022	0.227825439190501	-0.0199885838380405	-0.0442119346963441	-0.0445112117016199	-0.0146788102561361	-0.0247634620464234
1121	Res-010196	-0.116250430616005	-0.21639281382005	-0.21599486429398	0.451697351032521	0.0477402363036403	-0.130449524460261	0.34108299434943	0.00408500018195374	0.0473066610813027	0.17621120570501	0.152731083096019	-0.0599020497198027
1122	Res-010197	0.00361704839710135	-0.0164780532356641	-0.0185888842880698	0.0322127120004629	-0.0146162495965518	-0.0106680874866858	-0.00318216809482045	0.0455011529235979	0.0152220557205511	0.0141814757359049	-0.0183612572890692	-0.0101531768667584
1123	Res-010202	-0.10384750780357	-0.121269149458613	-0.0348732461916196	-0.090719123568347	0.622581071458332	-0.0925731356299977	-0.100015767103801	-0.0221674278775248	-0.0417442876078209	-0.123537884845049	-0.0401519385915487	0.0402502100747478
1124	Res-010207	0.0466113077126856	-0.0113504678752397	-0.0548907016348442	-0.042923036319447	-0.0638155701344362	-0.0499167176984964	0.26309143949135	-0.00019620366859812	-0.00137874903146157	-0.0245814747302015	-0.0397645545778489	-0.0261341737283116
1125	Res-010209	-0.0207116222346927	-0.0950887892742854	-0.089735331964455	-0.105227639210558	-0.0912533896724657	-0.0829230415623654	0.958258068019544	-0.0623199114382047	0.0568185850222868	-0.08980552904737	-0.0683531261608241	-0.0895106166474246
1126	Res-010212	0.0435456909266908	-0.0469836896459346	-0.0474028303072465	-0.0410590890275765	-0.00692552678352835	-0.0442935787484783	0.273389976122663	-0.0481638081549921	-0.0168353982571963	-0.0220896546779773	-0.0500116862052893	0.0284284309398932
1127	Res-010214	-0.00923426301393902	-0.0154276193724841	-0.023533018775908	-0.0248051294441276	-0.0226476526771249	-0.0106704639431808	0.293230795697558	-0.0227734174576382	0.000537539458310528	-0.0189214128614	-0.00371638084908673	-0.023290607763354
1128	Res-010216	-0.0449043657103058	-0.0988587074469123	-0.119494504920147	-0.117659126209042	-0.111423615157648	-0.111808735863183	1.08088263712571	-0.0433053486304707	0.169529398387083	-0.0985444912235537	-0.0745833133083188	-0.0666583652858182
1129	Res-010217	-0.0425882140414071	-0.796425653326473	-1.19442165442273	-1.11841144835213	-1.13512024841136	-1.18492698581692	3.58011145331159	-0.729461852586263	0.355939549053363	-0.875111708866656	-1.02481773470949	-1.38032749186256
1130	Res-010228	-0.0117693195647552	-0.033168419209132	-0.0307119363858655	-0.0252817697626597	-0.0227498994228291	-0.0276285051683734	-0.0233769162895945	0.25175020307984	0.0438805344626058	0.258381867175573	-0.0293968103449639	-0.0327098852626998
1131	Res-010230	-0.031182736043528	-0.0743274294848862	-0.117655035462402	-0.0768777630402553	-0.076429663665684	0.627609040327004	-0.0575965312539008	0.0401485748536696	0.0840848655744913	-0.0431625420184459	-0.0931593392297486	-0.101620567699934
1132	Res-010239	0.414660525295356	-0.389011457968588	1.0199730878627	-0.716630338649904	-0.618160464420389	-0.803426796122099	-0.465802959802753	-0.406989491309381	-0.355058370226901	-0.626580569480313	-0.351421801362868	-0.0661843052575737
1133	Res-010242	0.00282252438534931	-0.00412341435139773	-0.01195672271511	-0.00848714414813813	-0.00771979878934681	-0.00780452359116108	-0.0122589398427214	-0.00791286665095483	-0.00986373464949696	-0.018342143648267	-0.0112594187076685	0.396797126146998
1134	Res-010282	-0.0134171029248964	-0.0589638778101661	-0.0568278162324867	-0.0678153241084615	-0.0464250602887932	-0.0800538083333706	0.743278562305599	-0.0540710759185673	-0.0392482833141318	-0.0924008890473434	-0.0649304277036685	-0.065022393571445
1135	Res-010286	-0.00883326010970701	-0.004867391838954	-0.031415510463754	-0.027420405761863	-0.0213553547102865	-0.0267970442056479	0.306644551575321	-0.0188164433541381	0.000182329940928684	-0.0177726986545939	-0.012746637114067	-0.0278335002491097
1136	Res-010289	0.203556773616384	-0.212725473677012	0.179051863792864	-0.297325245182319	-0.0109665757306184	-0.255471111747355	-0.168224443579691	-0.00952163264543338	-0.105324858393839	-0.267723181532214	0.0950528497422849	0.985532489192406
1137	Res-010303	-0.0264949319476005	-0.0396510907351425	-0.0392067934081635	-0.041196365004942	-0.0324028669041095	-0.0484013241671116	-0.0345364957035647	0.617553568317644	-0.000424063788109136	-0.0195924080467443	-0.0302927819171271	-0.0592094782291511
1138	Res-010333	-0.0147575844207928	-0.0584594660566778	-0.0683367183401093	-0.07056946533727	-0.0757194928547289	-0.0642553879895955	0.753320966267518	-0.0588430241656368	0.0518760584334518	-0.0536349330418321	-0.0852201354573442	-0.0830761392251547
1139	Res-010335	0.0098018149174624	-0.0381384856351683	-0.0601776695291385	-0.0655669261033735	-0.0637607362787657	-0.0548560059962488	0.557998037244719	0.013891451988087	-0.0561676214894407	-0.0321871555294538	-0.0238378159647322	-0.0725529358557229
1140	Res-010338	-0.024655404892788	-0.0272790123887024	-0.026653457894059	-0.0309000309372191	-0.0357385705070631	-0.0391183545145797	0.47103750989257	-0.0230305465975668	-0.0346260121428615	-0.040558079545795	0.00523621397083684	0.0225578390406452
1141	Res-010339	-0.0223569143250713	-0.0231210273812624	-0.0296119225638739	-0.0226920776693593	-0.0276927049412488	-0.0235282242000547	-0.0262816937502966	0.00629878853350857	0.0164817857126968	0.604571029442643	-0.00817896268965535	-0.0264453381911851
1142	Res-010357	0.0727805300747232	-0.166337963380458	0.79849223627212	-0.289771051009869	-0.312947614121677	-0.331104230219074	-0.25830357620268	-0.187383533628578	-0.25864084471168	-0.345803903592965	-0.258251164564591	-0.277555038594909
1143	Res-010358	0.727863074458996	-0.2848315168442	0.898629861463109	-0.936367136454761	-1.02597278881915	-1.08476853791751	-0.645686434668029	-0.331731957296821	-0.667567091050414	-0.832068196891297	-0.662272841392963	-0.555112146207109
1144	Res-010359	0.0227329819155155	-0.030094685303644	-0.0300738749992528	-0.0195848608058706	-0.0305830725650156	-0.0337384080992759	-0.0329871780833	0.113844256817136	0.218353751736908	0.00258206037906841	-0.0136906287321215	-0.0404792795271547
1145	Res-010361	-0.01168863812118	-0.0366273332071627	-0.024221569857203	-0.0322448693219397	-0.0300775742539562	-0.0259206062865314	-0.0162523511865727	0.460508678299262	-0.0307676485960995	-0.0270739090758938	-0.00845831730361305	-0.0263627928698043
1146	Res-010362	0.0331644109789675	-0.0315628339662469	-0.0303447664719321	-0.0293434253692673	-0.0225900362362891	-0.0197843719257362	-0.011561147465153	-0.0211365931876602	0.246116793907116	-0.0141723472981276	0.0154239811071866	0.0219219132778414
1147	Res-010363	-0.0182530848726369	-0.0681461471669343	-0.0511877214770681	-0.0652571542203103	-0.0689026523440918	-0.0620075734449494	0.0383957874811557	0.106958861434052	0.822682718565263	-0.00954547386511882	-0.00592264104247463	-0.080201091968603
1148	Res-010365	-0.00790606404588624	-0.0237614490633574	-0.00297930506002225	-0.0497056265201024	-0.0325447077856896	-0.0445798389792913	-0.0319800788969473	0.389724782093009	0.0623694428093409	-0.0433745773351983	-0.0341853818825937	0.0306513998609174
1149	Res-010380	-0.0107764902102716	-0.018655076272232	-0.0182240332139341	0.0129070058934397	-0.0127054431536952	-0.0201074820529624	-0.00906432492781546	0.158928325659643	0.0223346832492336	0.028562073711603	0.0314331597021632	-0.00573795904490394
1150	Res-010388	0.00595553178019606	-0.12058815357325	-0.148927826881406	-0.13099475031715	-0.146264575243939	-0.119223785119639	-0.0680679178912856	-0.040310954697536	1.55166428592348	-0.117209851257238	-0.118466966688069	-0.13773739645515
1151	Res-010392	-0.0366134424245804	-0.02549721610172	-0.0424760735826183	-0.0642050051687493	-0.0359653620340163	-0.0574380234161986	-0.0404062703869356	0.711658155441915	-0.0150479006647868	-0.0199773813876603	-0.0589806307814461	-0.0742055005828832
1152	Res-010403	0.00659928016986909	-0.0403454194075884	0.0712036079002631	-0.0451094973391383	-0.0420544399519181	-0.0501336579414108	-0.0527436797366702	0.0273611731690561	0.000728291717751656	-0.0102175352208552	0.380606931289295	-0.0303226806938005
1153	Res-010411	-0.00447295098036701	-0.00810631315535614	-0.0132132137255379	-0.0145192119988063	-0.0262823142297426	-0.0154849108177929	0.00467963195342026	0.00902061298165291	0.288189699049058	-0.016724332007696	-0.0208054652745077	-0.0214651650278868
1154	Res-010415	0.0159247537435535	-0.0548690014323561	-0.0971341578793216	-0.0919209745658754	-0.104669473761812	-0.0871029713846783	-0.004784824076436	0.0882661350008576	1.0005784973028	-0.077188766216226	-0.109972805117387	-0.0441227023471497
1155	Res-010417	-0.0152755814209179	-0.0410662047349362	-0.039209507322134	-0.0432928987174584	-0.0392519894073269	-0.0277872186681711	0.536902627945558	-0.0444211478751877	-0.0226289705178837	-0.0323460069473498	-0.0376893019384432	-0.0444949817902702
1156	Res-010419	-0.000860914832148688	-0.0660019917360452	-0.0895541202948014	-0.0774017277182037	-0.086616593151476	-0.0797884102030848	-0.0595022839732334	0.000651954732837579	1.10829151414185	-0.0580707997689245	-0.0847342596180386	-0.0697433171431008
1157	Res-010440	-0.00128509173621876	-0.00104085659016373	-0.00102727154379444	-0.00101073223348296	-0.000728727124446413	-0.000954842576437305	0.018982060312841	0.0010429036376629	-0.000944333185917426	-0.00091763492412443	-0.0011076726645785	-0.000905504894300063
1158	Res-010444	-0.00460562008137162	-0.00712182979936243	-0.00967956923036477	-0.00965775701762395	-0.0080031623291289	-0.00789312721655174	0.1367074355999	-0.00409977069478161	0.00116454882190356	-0.0121788052645111	-0.0121035740057823	-0.0113669025367467
1159	Res-010466	-0.00194063418812774	-0.00311684389003631	-0.00214911507365694	-0.00313172865700139	-0.00304714173486456	-0.00282140389502721	0.0440653938085551	-0.00268223966099852	0.00552980027478678	-0.00122186361552732	-0.00277475098703518	-0.000993806262035202
1160	Res-010535	-0.089929506714962	-0.194763246302013	-0.203429492370477	-0.169537580699189	-0.128925597597696	-0.157048781763693	-0.106546291922249	1.52760902433548	0.457750346521949	-0.00496576726402828	-0.0830586569559479	-0.174004879628606
1161	Res-010539	-0.0425763719585378	-0.188677607105734	-0.204143312280305	-0.0716251422568053	-0.163330908318114	-0.159425630010233	0.020396777547017	0.658919761171057	1.18741343173802	0.290903069674765	-0.119997879603337	-0.181096568189643
1162	Res-010546	-0.00383905238992414	-0.00150168484723219	-0.00347680842046378	-0.00664402305679975	-0.00510698929088687	-0.00760739197664792	-0.000837266469364163	0.0783607083731033	0.0085579424616495	-0.00790673832170287	0.0058703666303142	-0.0084060579627707
1163	Res-010551	-0.140287557738613	0.340517149614877	-0.0922188955818912	-0.311309846147523	-0.00794008828492254	0.53175876415237	-0.451603430258865	-0.140326314142754	-0.0585081888337935	0.470103650382079	0.0933957530952565	-0.523609433333154
1164	Res-010565	0.0733267758534979	-0.050206881522063	-0.00261632752029722	-0.0324252300737281	-0.0595389188839041	-0.0605423103697314	-0.0746074718711621	0.0431398302482825	-0.0490353904713595	-0.0139012536516126	-0.0414074611333186	0.472196191772696
1165	Res-010587	-0.0129146993083036	-0.00584608549776249	-0.0132628557670261	-0.0117973779647108	-0.00941415176584548	0.00438603648020726	-0.00662483905655807	-0.0107839226409244	-0.0104089141683011	0.0124105028287139	0.354015870116848	0.00599661316787766
1166	Res-010591	-0.0306863551544855	-0.0405286062538673	-0.0508268601002332	-0.0402572356944588	-0.0249514028147092	-0.031062063340266	-0.0397173893873369	0.373830253629393	0.0858344859029039	-0.00253416426322112	0.421076643682623	0.00943871527751826
1167	Res-010593	-0.0506785695789438	-0.115543427146366	-0.150566046451511	-0.118815139024725	-0.136638936299714	-0.116728868878042	-0.0422278445018492	0.5689858556985	1.25792488330777	-0.0988418574092597	-0.091003846217923	-0.0955592929356984
1168	Res-010600	0.0525820948989076	-0.205346464147351	-0.256942557648362	-0.244100431959294	-0.161116004658032	-0.24459280797279	1.58092597021037	-0.113824756786877	-0.154594063226956	-0.197874124445597	-0.246139845421164	-0.211024508272736
1169	Res-010601	0.072723706609284	-0.131356902788467	0.062275488549516	-0.104999508539689	-0.101575439278506	0.352010711454886	-0.0983865253566167	-0.0437302144909579	-0.0458938539803849	-0.0589159188108925	-0.136526407171999	-0.1122661269909
1170	Res-010606	0.00312379238810188	-0.00853068781216314	-0.0142929710152933	-0.0137850141421741	-0.020403235229958	-0.0124566141412058	-0.00383410952777071	0.00784927141142291	0.22189293775816	-0.0224965320473122	0.00396486132971444	-0.0231409659795245
1171	Res-010607	0.0131442703276463	-0.0600288944825857	-0.0647260073561379	-0.0431443709838722	-0.0256137477245003	-0.0496207777240872	-0.0140158122639008	0.0558087011109551	0.667594175649362	-0.0654461930347561	-0.0441747586425393	-0.0642064104196751
1172	Res-010610	-0.000529915169236839	-0.122225732745866	-0.0196752396702594	-0.143570836705793	-0.0522731692987682	0.107551469326295	-0.0832328747173416	0.450132178940418	0.260075037106879	0.143307107842129	0.140533953950934	-0.0859339966577558
1173	Res-010622	0.543236062593099	-0.332085410350991	0.681691349026081	-0.680332143205891	-0.660915882506124	-0.693295893075215	-0.299164224638135	-0.438119320041866	-0.464813934704982	-0.54366073969578	-0.272740121425613	0.771207141004186
1174	Res-010624	0.562293095559446	0.115013468928498	0.870414887069041	-1.08131464570466	-1.21895973708616	-1.38524691363932	-0.412013671299331	-0.195611830434573	-0.485288536963654	-0.770611583497375	-0.633973284036382	0.243535848441025
1175	Res-010640	0.0524704866473197	-0.054860129654895	-0.0500184527035925	-0.0482589295993811	-0.0548324095366481	-0.0535322603422692	-0.0186945844379621	-0.0385537401305352	-0.0647524724647016	-0.062329857455955	-0.0495965749957971	1.18731407835725
1176	Res-010643	0.0170682565949346	-0.00281668638096816	-0.00304017738071108	-0.0274529957911477	-0.0327400256595389	-0.0295304477287548	-0.021385983828866	0.132577473845651	0.0600464985315915	-0.0189115630954882	-0.0291508032251956	-0.0516591988352187
1177	Res-010651	-0.0199293399328074	-0.0487356831270829	-0.0528016270726889	0.208863732566414	-0.0432525950509406	-0.0514712618469494	-0.0436584294671387	0.0276562836267353	0.0540338874072717	0.0265418294158572	-0.0520719818544642	-0.0344942980633341
1178	Res-010654	0.101170029168532	-0.0627391886717451	0.0504714569898078	-0.0934951620075344	-0.0193882221381782	-0.0876297450180109	-0.0867028484238338	-0.0312063560078033	0.0236183784354443	-0.0943890223463218	-0.120983633793138	0.329871167150242
1179	Res-010697	-0.172358004890425	-0.134176344289854	-0.160208815454676	-0.263139059160352	-0.171659754814314	-0.146833260104902	-0.131306077135331	1.92644481611059	-0.122952414775414	-0.136483605397839	-0.205997981308303	-0.20287836604865
1180	Res-010719	-0.0309690231965089	-0.0507614515424069	-0.0654891368496031	-0.0626732296414152	-0.0407571288967129	-0.0564184562297978	0.421681807723194	0.396360649036892	-0.0532323059712208	0.000507609980858095	-0.0603701352195214	-0.064461101015942
1181	Res-010742	0.00521716838956759	-0.00782698392277895	-0.00802177658825601	-0.0148981726055559	-0.0132127770324681	-0.0143180050332529	-0.0113810622143318	0.0685799889605728	-0.0104781481485707	-0.0125593045057506	0.148467882963007	-0.0136610966919452
1182	Res-010757	0.0206156474649181	-0.0598923061087899	0.0893855962900989	-0.0285995447125996	-0.0434922962027752	-0.029939392172631	-0.0464788489515657	-0.0058538619917986	-0.0289763034215058	0.099423431616599	-0.0112604571004135	0.117578995715615
1183	Res-010759	-0.00952207990954062	-0.0186276012414281	-0.0237420642941285	-0.0205290797826057	-0.0245747658265504	-0.014201817722967	0.147926554541724	0.111333338809371	0.0123542482540107	0.0147623515561384	0.0479851550030425	-0.0137812923697718
1184	Res-010763	-0.0234856133541063	-0.105255925374254	-0.158294870279711	-0.158852640548581	-0.131555932857122	-0.148511468196161	-0.101784544478576	-0.146459434630699	1.72662704634278	-0.0758307503150843	-0.140218384070689	-0.154374399758096
1185	Res-010775	-0.01333255869641	-0.0487866845292596	-0.0570500779148207	-0.0504680691464161	-0.0352278225166165	-0.0514745630342665	-0.00718570607586327	0.0463220331490391	0.604526296950372	0.238667571755505	-0.0416308270216595	-0.0619632962227097
1186	Res-010776	-0.0424685488334533	-0.0564559452536653	-0.0800855560357219	-0.0777814683059692	-0.0810281953196721	-0.0834975312448732	-0.0350689602350677	0.0256783484065789	0.987468275237745	0.347559375875201	-0.0560707225675674	-0.0940204443413773
1187	Res-010787	0.113544550198168	-0.096676425810461	0.157141687833701	-0.100835676548876	-0.12513216575402	-0.105230925790134	-0.0390364544400274	-0.0440833717420404	-0.0375777326185473	-0.0673537649969427	-0.0940941278040233	0.178157882926669
1188	Res-010790	-0.0244208577118935	-0.108204050788979	-0.0960721785635232	-0.108735858567505	-0.0987558677695638	-0.0803559566647195	-0.0261834794339618	-0.0353579055260557	1.38391355133932	-0.112586932940525	-0.0858246889799222	-0.112066922739192
1189	Res-010791	0.123272299330955	-0.0228843853513713	0.454966209822561	-0.240305130110954	-0.282633036101877	-0.259831530802873	-0.154627093892883	-0.205173748574696	-0.122913729859061	-0.122882397642616	-0.208390362426155	0.0218802726756493
1190	Res-010794	0.00469037315357379	0.0479023558613596	-0.152902266003203	-0.248080200558997	0.57759943167033	-0.475239271579917	-0.36960129777658	0.310048237646804	0.186267070244482	-0.117644731010389	-0.0234098318170934	-0.170441397871769
1191	Res-010795	0.0340196284396208	-0.0839884236214529	-0.0364743951856139	-0.148642671575827	-0.112580524875093	-0.135442197547329	0.782285450404545	-0.0783413191378909	0.188041530598309	-0.130531465066104	-0.0845954516856656	-0.0826046039953535
1192	Res-010803	0.459841500979574	-0.252476744914749	0.6817075780902	-0.656987159909784	-0.50405733864149	-0.373437517199162	-0.466893945496076	-0.276389584779062	-0.337974332956505	-0.475630258315147	-0.455772284894105	-0.271288723051853
1193	Res-010815	-0.209697716189973	-0.334571555394772	-0.331338582894475	-0.315010177584287	-0.233311841692576	-0.317725423231789	-0.251152758958435	-0.203468198940406	-0.134369758604606	1.77613936640301	2.62058387933881	-0.253546720703287
1194	Res-010835	-0.0797455472850137	-0.219031898649614	-0.243062090855754	-0.199025097554575	-0.189772032781492	-0.208935197277359	-0.142103413441342	1.84280711506511	0.0659795540752224	-0.0973949116820902	-0.116871693863808	-0.201005979218248
1195	Res-010837	0.0618255140030355	0.232703107929911	-0.0811619044527222	0.0154352133186449	-0.197048278771486	-0.13110851441039	-0.0989061138661791	-0.0928965453250045	-0.0459485664324026	-0.0725729668851057	-0.121693414971694	-0.0271914996187691
1196	Res-010838	0.174375590719369	-0.0418946394932351	0.166459884077114	-0.136766259277004	-0.175493294839506	-0.173200906202052	-0.149705157844466	-0.076993551473029	-0.0868399724497985	-0.170782071972506	-0.116551590670008	0.122040766378897
1197	Res-010855	0.0244584914741724	-0.0168247545310924	0.0796529958070479	-0.0300724890761988	-0.033896831661584	-0.0449564442367022	-0.0278963034273622	-0.0353758181427903	-0.0277604082827952	0.0015091065334081	-0.00983418377895341	-0.0562600743309441
1198	Res-010858	-0.00656406504202385	-0.0184465017868726	-0.0194311189212965	-0.0117275466825531	-0.0120803451447351	-0.010479030004889	-0.013369766104003	0.243612334694259	-0.0111179995042583	-0.0182720795772842	0.0159238103136337	0.00252432767442979
1199	Res-010865	-0.0135485957188257	-0.0524343764061409	-0.0445181406400922	-0.050486532628555	-0.0436729870998602	-0.0397107871138544	-0.028842662666135	0.198898645281294	0.064878185839281	0.533028170221198	0.112007108424423	-0.0457617246072164
1200	Res-010872	-0.00806251862507056	0.0107328113645313	-0.105304903269362	0.194040906486248	-0.0217838557471337	-0.0685689357231075	-0.0631631824222219	-0.0505233521130729	0.0810198988809628	0.0432925682796729	-0.0849896748453011	-0.0474856555720445
1201	Res-010881	0.126524915629965	-0.106438188235379	0.254235090712411	-0.149115311529221	-0.156107181647978	-0.125112353623489	-0.0850603971119329	-0.0275293067542471	-0.151375158026723	-0.167246555063149	-0.0616429745026779	0.175284815498817
1202	Res-010890	0.501723573315878	-0.368601818555255	0.828898711919795	-0.746584243060723	-0.753905198113399	-0.713258544349038	-0.335638971119446	-0.204447208936103	-0.33805570541834	-0.696288236843472	-0.362773763834062	0.5231976512657
1203	Res-010896	-0.00766804042569676	0.0120207140674914	0.00574770536953328	-0.00918315998861524	-0.00440971967331704	-0.0109039051496365	0.0168022859588113	0.00562069347580222	0.00724031878968862	0.00918830960992899	0.0165119872343044	-0.0128193023688725
1204	Res-010897	0.0254441150583994	0.0427733703910912	0.0432482046374616	-0.0414875338073161	-0.0394351489875991	-0.0552523132055538	-0.00685171353645818	-0.0271774567132069	-0.0410662910207794	-0.0671654138538196	-0.0260222726544292	-0.0516014551170905
1205	Res-010901	-0.118947654098289	-0.0947368281037718	-0.0829572625234632	0.292396338612004	0.335633653271821	-0.163192599791683	-0.129691629569571	-0.0611016546209527	-0.0192866634058028	0.00951642972229994	-0.118944025864692	0.03588204833459
1206	Res-010912	-0.0211999357829967	-0.0300045512236914	-0.0267862278881498	-0.0298235154014217	-0.0327656560289976	-0.0233607275866231	-0.0198408072746597	0.020704754651849	0.590393291989988	-0.0057851186866799	-0.0318412648600076	-0.0264778210827985
1207	Res-010934	0.00152715695094958	-0.0490606271930187	-0.0503538465906993	-0.0588229587418227	-0.0520462190011963	-0.0631139719752594	0.0040761214063967	-0.0435378531995997	0.734961330458113	-0.0456636133638392	0.148361733311057	-0.0533675479213443
1208	Res-010943	0.492078878122595	-0.110164127278773	1.17982253427642	-1.08092179894554	-1.17215437869395	-1.29843786232641	-0.608094563089812	-0.446887196662399	-0.602840603483513	-0.947635282216588	-0.526963999125374	0.326658756357809
1209	Res-010944	0.727114933921789	-0.270393267726193	0.997719455082807	-1.06707045197025	-1.17620396395897	-1.36548188177286	-0.472525563216968	-0.255130752497055	-0.65946552620259	-0.818209253433877	-0.728509944390085	-1.16193538849982
1210	Res-010960	0.0196869053375252	-0.000147498661139195	-0.00908994005594507	-0.0207754794226032	-0.0120082648492972	-0.0230544388984957	0.00742493590588069	0.0143715524766377	-0.0202812302156929	-0.0207330727901884	0.0497314790350634	0.0527455304929451
1211	Res-010979	0.107856020723454	-0.317314809917361	0.259172756963813	-0.478920901040245	0.806708331318817	-0.403337349842351	-0.297990463628483	-0.330079403699249	-0.314919119807663	-0.499726901110152	-0.398410786435515	0.369628597887906
1212	Res-010984	0.0830144445156364	-0.167511303262145	0.0353069327480569	0.249431710651871	-0.0446195857020977	-0.170366894215944	-0.133502617956196	-0.0684353086811811	-0.100195744630733	-0.0851572031120758	-0.140827708297618	-0.16755420685
1213	Res-011001	0.188088679186155	-0.182123846415642	0.617117754997705	-0.349906545692579	-0.337958654125384	-0.388647317667113	-0.189746570589121	-0.147316304049919	0.0122389910956988	-0.311094504306947	-0.177270822366131	-0.057873581657762
1214	Res-011015	-0.00630253146675297	-0.0197355618146901	-0.0192817825051723	-0.0118195938479357	-0.020487525286861	-0.0174131741939417	-0.00157380273333551	0.240719987556725	0.0340517995598312	-0.00421557804239463	-0.0113241115114192	-0.0166451249532754
1215	Res-011027	-0.00925475697915613	-0.0120012431942844	-0.0178286571453033	-0.00789179064184469	-0.0151879882667356	-0.0157406801985434	-0.0105695199020333	-0.00884020200125653	0.0268435558028002	0.342840610939391	-0.0294330549697994	-0.016866018581262
1216	Res-011028	-0.00838446550604282	-0.0258387974210989	-0.0296455742568769	-0.0249698788659461	-0.0188723087763699	-0.026523547991804	-0.024023937236599	-0.00826078020710445	-0.00300615651551407	0.54788974809027	-0.0111516746261504	-0.0259993290536954
1217	Res-011030	0.0737697210139205	0.142090481692163	-0.23088865160607	-0.450475849214936	-0.197014962999765	0.408330424366651	-0.546076937180389	0.244511436976074	0.198522357796375	0.840910536988699	0.0630853967392824	-0.460736492709926
1218	Res-011035	-0.0134973321725395	-0.0173203601332856	-0.0166499882527402	-0.013694279087254	-0.0109948215143007	-0.0129580129320175	-0.000991393666860289	0.141203344343834	0.0512468488946249	0.004314424030791	0.169084555167545	-0.0166202641005508
1219	Res-011041	0.000329020557138957	-7.81870379516136e-05	-0.00605537165359572	-0.00619241425585566	-0.00709311400059921	-0.00749962572381578	0.0648028782050512	-0.0069536849557556	0.00869722140072047	-0.00694555529424514	-0.00732746218226438	-0.00736225574853876
1220	Res-011046	-0.00671228467303624	-0.0118500676593403	-0.0161279886868646	-0.0217596529115109	-0.0174645467012918	-0.0215638468237873	0.236176672154895	-0.00566938748264255	0.0169764511844163	-0.0140198803723116	-0.0219985618232438	-0.0243048526794656
1221	Res-011059	-0.0978295930439886	-0.0650406677921021	-0.231189804346111	-0.226244308040675	-0.0121888338907602	0.901445469743047	-0.0913856196890171	0.219984401348465	0.0724639933430071	0.0998497376886276	-0.0531202504083719	-0.25814443595553
1222	Res-011065	-0.000146373212496856	-0.00465102970337643	0.000346350321401941	-0.00500884204037187	-0.00468392909855476	-0.00268237939785487	0.0202823638287033	-0.00299900139320508	0.0168816939404354	-0.00408746655219515	0.0316734743010059	-0.00378072433987375
1223	Res-011067	0.0637946727940856	-0.0483977024769654	0.0617889169761579	-0.125770891892982	-0.0620543668573118	-0.122091364438538	0.0118765653429323	0.0745098820624359	0.223804668041983	-0.0811580030874609	0.0207259620302719	0.111601643608966
1224	Res-011068	0.044757025102597	0.013456767744602	-0.156041142334673	-0.134475346506192	-0.0894324812959074	-0.126464515617284	-0.0930496165133072	0.884870394558422	-0.0658588221558324	-0.0975040135312643	-0.0884006805259115	-0.0384787094457511
1225	Res-011076	-0.0625266973278964	0.697822787413767	-0.0468012198603439	-0.359556980028363	-0.193199748744424	-0.418752537705542	-0.155348965283644	-0.120712274309237	0.0610063004670488	-0.234445636393451	0.282142388234968	-0.311325387135723
1226	Res-011080	0.0189096488429064	-0.098622218122969	-0.161111576426401	0.0214293589221717	0.118853894957315	-0.134143008814176	-0.0511165671738388	0.300582128552776	0.366119898916408	-0.0315676610699168	0.051330684218172	-0.135440600639632
1227	Res-011092	-0.0271089608568243	-0.0438230585312661	-0.0893971668436195	-0.131699854253942	-0.123201636079941	-0.106163078339779	0.303755683137736	-0.0962337267274529	1.13661508528496	-0.0754932939564827	-0.118109395095394	-0.126851797995559
1228	Res-011098	-0.0096056385739661	-0.0185425938881867	-0.040940648553935	-0.0416849992121575	-0.0306266675731078	-0.0191028132866284	0.0104937442362426	0.163172341138016	0.281423044865302	0.0438037075343043	0.0414459436724278	-0.00378930420247615
1229	Res-011102	0.00974332140365546	-0.0114464244739994	-0.0247695004130883	-0.0298501786385879	-0.0285762640989182	-0.014709724844287	0.0253048810919212	0.230307139935273	-0.0171962024388297	-0.0256837609879923	-0.019589432307352	-0.0255407046072618
1230	Res-011111	-0.0172043788158401	-0.126718516567932	-0.194161506890646	-0.239352500721677	-0.180154055428599	-0.049769836115073	0.596069171837885	0.206773178037024	0.829894445276159	0.358792788251897	0.274729116640438	-0.23169898661123
1231	Res-011130	-0.269505480424993	-0.435214168499135	-0.547020895833429	-0.483279196087454	-0.436928614608186	-0.335295613226473	-0.30300768761612	2.95554857499113	-0.167873996872679	-0.273157133856086	-0.454147887610345	-0.486871112516449
1232	Res-011139	-0.0699741228702067	-0.228042758683943	-0.262395630702573	-0.224751137035146	-0.221848760374411	-0.196442228502741	0.0561130156182346	1.91902115549878	-0.186489855075286	-0.226558115185486	-0.193057427213445	-0.286981500024288
1233	Res-011140	-0.0184637675940882	-0.0071096249279556	-0.0403654517105588	-0.0463999215380254	-0.0275844627829895	-0.0413593983802083	-0.000636347918050457	-0.0083240229401391	-0.0148264438893018	0.12978470312702	0.709879475306199	-0.0295732361209595
1234	Res-011155	0.036325666612405	-0.0250264929847814	0.121946352150585	-0.0529488680797491	-0.060171732986748	-0.0631260545253862	-0.0349408844598574	-0.0146357214852057	-0.0297774275288023	-0.0557166504181413	-0.0358858914926419	-0.0275613040786395
1235	Res-011167	0.052133179670791	-0.0103647625820046	0.0591588138519707	-0.0512215259217773	-0.0465498977672642	-0.0425916728569227	-0.0534826784924032	-0.0236717448897109	-0.0299706383840154	-0.0255836268606327	-0.0412791441534129	-0.00557865002238044
1236	Res-011168	0.368022170111506	1.25268037041458	-0.279310457282142	-0.873577450668014	-0.930667459936934	-0.913635146858113	-0.701775189144696	-0.590104556902458	-0.662529214645719	-0.757180299516972	-0.91052608236396	-0.129573536392292
1237	Res-011169	0.224155909129879	1.25453068782823	0.0462794318537059	-1.04477758882989	-1.07087181339397	-1.03105523947285	-0.474219423591224	-0.47554727961606	-0.484887709394752	-1.03459032283727	-0.499607836276635	0.292110089577299
1238	Res-011174	0.0631708797498883	-0.0170742861648615	-0.0680871818660135	-0.0833073904964169	-0.063149390180697	-0.06684762710193	-0.0285757189694542	0.002270530753977	-0.041198947526627	-0.0599725231858622	-0.0106581771008952	1.08383662702442
1239	Res-011178	0.0471777383993749	-0.135279301642404	0.0301908635008918	-0.0740871930721218	-0.144168683237496	-0.146377872855109	0.767669926910262	-0.114802537723646	-0.0481649849434404	-0.108389261947382	-0.141351515861487	-0.00660240741534646
1240	Res-011179	-0.0276315562386147	-0.142151465788435	-0.194751713983729	-0.160167705266464	-0.184205777148658	-0.169864285053474	1.46476228878208	-0.141830834629542	0.00365755153593855	-0.163553695117717	-0.124095354411264	-0.20239468376165
1241	Res-011182	-0.0924622099324252	-0.0719590845307133	-0.12973807340968	-0.123213349179468	-0.109477967652328	-0.0832690310701905	1.26987680259835	-0.0915554926786661	-0.046775836492864	-0.103692001097782	-0.124828402432308	-0.0910244644815776
1242	Res-011189	-0.00796772470120041	0.0044023157586704	-0.0116086952102883	-0.00136479792991423	-0.00603798456117775	-0.0102458554574368	0.0128618161757065	0.0884989984051804	0.0152485026006683	-0.00865184733179569	-0.012947087629241	-0.00800690510351021
1243	Res-011199	-0.00549951233891455	-0.0620548774948599	-0.0688784609692238	-0.0631809940305701	-0.0524594304844914	-0.0595386788404296	-0.0394186792530792	-0.046563082291336	-0.0130626702019651	0.654709957253472	0.660621437283201	-0.057152713989066
1244	Res-011206	-0.106462587759643	-0.30821847342646	-0.54613789597175	0.101896077697377	-0.265820868494598	0.116902770796749	1.41397236526319	0.120359937921645	0.244020005676157	0.512614517938732	-0.182238353978286	-0.0618409638726538
1245	Res-011219	0.00138907539508617	-0.0192471411870809	-0.0145598508232224	-0.0105114434570066	-0.0160003524187117	-0.0239539670019191	-0.018395908049574	0.242300264237609	-0.0222293720378482	-0.0216018075781595	0.00147374365276112	-0.021593024745495
1246	Res-011221	-0.533231209898301	-0.711154095056588	-0.558136508710332	1.65058344011473	0.095783015943505	-0.571906460607271	-0.448132015266615	-0.127622999416933	0.535919406915408	0.440953331975056	-0.458752768763833	-0.364107753784205
1247	Res-011238	-0.204484415792625	-0.0753912881781335	-0.393827726156375	-0.17431253375281	-0.115614536953142	-0.0994598010577133	0.777325296565996	0.173772592800254	1.72844993290988	-0.0135158914211607	-0.248887235528671	-0.36255680207537
1248	Res-011244	0.014521310416866	-0.0181703795867226	-0.00875010061091479	-0.0227694952594424	-0.0156451303080779	-0.00612409989928842	-0.00841743319497402	-0.0214469702995257	-0.00321972216452718	0.00284426668345537	0.00600926539868306	0.409881457564521
1249	Res-011260	0.00793574136165245	-0.00731876374430264	-0.0111261721955301	-0.0102538963358007	-0.0105052780938	-0.00569412724716073	0.0906364519896291	-0.0100867316541863	-0.00732941875910656	-0.00979524824305384	-0.00979174837876247	-0.0103316298353149
1250	Res-011267	0.0574460303781485	-0.0587079941136539	0.0483362547093622	0.028279559580957	-0.0476495540751269	-0.00935132092524829	-0.0529492269966692	-0.0630402365126958	-0.0633175758741209	-0.0661840752673303	-0.0769928355079593	-0.0251936084763384
1251	Res-011282	0.00666791991865594	-0.0196522187358914	-0.0228065818954496	-0.0239605746801408	-0.0205424131273318	-0.0194337480182093	0.176592114884907	-0.0211389438961925	0.105560780028473	-0.0210373575416192	-0.0217423945054465	-0.00647083054384831
1252	Res-011294	0.0030600436939793	-0.0102005249543171	-0.0186879622829867	-0.0114873619583436	-0.0171504088684039	-0.0117701707149357	-0.0133102145073363	0.00522446304745361	0.237235985842483	-0.0142646971186502	-0.00203649868947086	-0.016007661446372
1253	Res-011298	0.016569618021309	-0.103944692070618	-0.115299395160494	0.327615143792912	-0.0995341310287862	-0.0835273676794871	-0.0518846496921061	-0.012248685537294	0.0823250114737355	-0.0193087842531049	-0.0765508900884378	0.00450286231718998
1254	Res-011301	-0.00760689097839015	-0.00480532123336688	-0.062579834195408	0.116353626940809	-0.0389430318029089	-0.0534032467325988	0.018039240515867	0.0229980437363272	0.0315800841447531	0.0908039244029632	-0.0567867109364391	-0.0339111023577886
1255	Res-011309	0.0120784963707611	-0.0399362422338966	-0.0620105404544483	0.0527384590714834	0.00315970349657138	-0.0492739446546401	-0.0266760651454116	0.159766312075994	0.0748558079781002	0.0124272602963383	-0.0502363931477248	-0.0261381647686906
1256	Res-011319	-0.383655703499169	-0.490164511234376	-0.540736962053955	-0.458092008342404	-0.208623930520843	-0.454074126565039	-0.350110565927583	2.56197226916023	1.45397968097647	-0.0743160885800567	0.0834769517013797	-0.525101274393149
1257	Res-011320	-0.0763046523652056	-0.155432441458522	-0.174099416997701	0.565535874642664	-0.142705608229246	-0.134918281861185	-0.105136395752493	0.0486968064005298	0.171534730749553	0.188040203459786	-0.0994149552483602	-0.0119360087133852
1258	Res-011323	-0.0204820468915859	-0.0109606382349264	-0.0317355303279817	0.140404355066818	-0.0279923368162656	-0.0341367225428154	-0.0301702250606519	-0.0224751131603976	0.0348089591651212	0.00847617107750244	-0.0152438884544845	-0.00974016566098204
1259	Res-011338	0.170535255465432	-0.42270378532701	0.735290950925055	-0.43745428953291	0.108444136133051	-0.509565395946916	-0.228315527562618	-0.16688289965808	-0.352667560652234	-0.429118574659394	-0.265639582634064	0.0942345362365348
1260	Res-011349	-0.00205008055428652	-0.0933618682127369	-0.102470838475554	-0.103377131991424	-0.0963431420551533	-0.0915941120726674	1.01064924435021	-0.0930397406527295	-0.0681448276174014	-0.11244532183938	-0.115275252746934	-0.115820790954173
1261	Res-011352	-0.00287191293027067	-0.278739239660944	-0.344204231304491	-0.318269439082316	-0.339342663756037	-0.319781413634167	2.07453945419218	-0.216071191199534	-0.142113744815137	-0.265355921194628	-0.353241823975008	-0.283366567411516
1262	Res-011353	0.016173258910095	-0.123030333881179	-0.159074707563315	-0.140563872425814	-0.145429191397805	-0.140571526207856	1.23228067793908	-0.0949263084846896	-0.108588507445242	-0.151101202404582	-0.134977077265731	-0.110475602195831
1263	Res-011354	-0.00211147096437678	-0.012645741399567	-0.0262506887522974	-0.0216528805059579	-0.0228890599900781	-0.024868710171856	0.257778143723045	0.00235167125535135	-0.0028166348213046	-0.0228887949037964	-0.00379244800988195	-0.0263492575969613
1264	Res-011355	-0.0445077319159069	-0.346284510398974	-0.397548238528879	-0.389867231734728	-0.40293376775619	-0.370129964336953	2.35792386519748	-0.274340454631678	-0.262990290185479	-0.340028035134373	-0.38103645104219	-0.313807633529754
1265	Res-011357	-0.443430658635937	-0.958854294668532	-0.876803728650454	-0.264710159616175	1.49930454100602	-0.024390722078695	-0.463832624341164	0.995794880333061	1.34466145761964	0.0349417361908939	-0.155471969521478	0.281125425047742
1266	Res-011370	0.0354370734851301	0.0600612065965262	-0.06215729456136	0.00965728286722582	-0.0128102210720371	-0.0787172588692342	-0.0441619634857874	-0.0104415091061748	-0.00104912577516092	-0.0338261503219092	-0.0138700532628107	-0.0237396718905732
1267	Res-011380	-0.0124602847579641	-0.0484531810455722	-0.0533133980402759	-0.0514175587366166	-0.0403521268829149	-0.0568439602878556	-0.040804796007259	0.0201635161285705	0.00812684905523051	0.462209323416178	0.629595704064929	-0.0175825159857822
1268	Res-011381	-0.0405657429242579	-0.175732126953364	-0.170584812776208	-0.15945745122819	-0.160809881178218	-0.166412244195934	1.47097486061261	-0.0960447317569956	-0.0970656364559561	-0.0961202009485779	-0.0875069460302693	-0.167674432773658
1269	Res-011382	-0.0123616761699866	-0.0659564824159964	-0.0681233089517224	-0.0626124597573212	-0.071071421245221	-0.0603573685335588	0.752271821661796	-0.048930478029851	-0.0533603812514486	-0.0204329304641789	-0.0683421966835631	-0.0402467399658321
1270	Res-011383	-0.0191360082190216	-0.0290131375440517	-0.0527014741885639	-0.0455695296977892	-0.0454264414361338	-0.0389155201784724	0.571872894696663	-0.0211494136006795	-0.0262840861790808	-0.0532641453535709	-0.0505654734118528	-0.0233257611233285
1271	Res-011384	-0.410560667438866	-0.600923698873726	-0.679592235500342	-0.696283980999793	-0.682539794456566	-0.646299897043438	3.41801322182763	-0.59547534172987	-0.431208599557445	-0.674053153010433	-0.677164281519194	-0.636789182672131
1272	Res-011385	-0.432525531234375	-0.922253366892013	-1.26265451489446	-1.20232975903526	-1.17893871299678	-1.14870937294753	4.10249291212558	-0.925754291638682	-0.637578791953771	-0.951948509957994	-1.00256005451662	-1.1500698281783
1273	Res-011392	-0.00119056826485163	-0.00293322373079275	0.0293135310638781	-0.0249522308088762	0.0363889868048371	-0.0295938599794039	-0.0264931177677737	0.0190697733205158	-0.0419745656336882	-0.0284878204245267	0.00332382611249174	0.0437962587119753
1274	Res-011393	0.00597043476911692	-0.0442312243483349	-0.0635040467353741	0.0468686707820026	0.191305535764225	-0.0799026945347302	-0.0630033156722661	-0.0397830136684872	-0.078688197011383	-0.00689990230307144	-0.0540500031123555	0.0645100259278826
1275	Res-011395	-0.0460842469560755	-0.0618298775683244	-0.10067173501505	0.0269547604288148	0.376398482492983	-0.0689749727137452	-0.0441817500591491	-0.00121519932561329	-0.0523134148618616	-0.0604800626658269	-0.0907055476386131	-0.00797842570941051
1276	Res-011398	-0.113488030069007	-0.144047817418762	-0.157574030911424	0.2206479310973	0.496681365524163	-0.104088332196809	-0.114562068615877	-0.0761409482437419	0.071921596128023	-0.0405966825918506	-0.104537358500043	-0.085279535688312
1277	Res-011401	0.00749377598581146	-0.00481888250409829	-0.0109288051732413	-0.0125190778154903	-0.00976232359154182	-0.0158911091916508	0.0932962173060505	-0.0119072826122318	-0.00401153702275249	-0.00815535167948572	0.0104227510859617	-0.011614192064897
1278	Res-011408	-0.0148697549523474	-0.0428351361180103	-0.0486811075526787	-0.0416049993194181	-0.0358777842683711	-0.0270443919101977	-0.0211029391771643	0.572768355240925	-0.00497975412954473	-0.0335704392688329	-0.0175104898172705	-0.048013368145866
1279	Res-011411	-0.111875804289717	-0.111058403603275	-0.124267152479658	-0.113090950630142	-0.100692853079746	-0.0942782696804333	-0.0956438734427157	-0.0712068559599571	-0.0352141608333417	1.63590865670717	0.635686773970932	-0.104477715560835
1280	Res-011426	0.0053162152617829	-0.0304070571506675	-0.0471670666549371	-0.0491225862082512	-0.0261634099666672	-0.0390285976753781	-0.0383199897900616	0.2170525784168	0.20153752855851	0.192987076569815	-0.00881622274108067	-0.0247296053471884
1281	Res-011428	0.0212652806936478	-0.0531865658809019	-0.0935635638201889	-0.0767522834661682	-0.0235564877431581	-0.0807283402608938	-0.0621389274119451	0.706159726066843	-0.002394009469042	-0.0586965302171527	-0.0679065495401011	-0.0832509385438766
1282	Res-011431	-0.0226214023122345	-0.159357262832809	-0.218750895674217	-0.188427027265826	-0.098610364580883	-0.180608272995238	1.40802888161234	-0.116254397827848	0.0914273180431009	-0.186934804489005	-0.0210379951836837	-0.139858509127444
1283	Res-011432	0.0483292103238312	-0.0345450799980015	-0.049537911445078	-0.0541538568707687	-0.0435249318660187	-0.0516862316125074	-0.0163318666497972	0.158944185410552	-0.042771197665186	0.0448001232750933	0.329777499559482	-0.0684178368497765
1284	Res-011438	-0.00316921455640567	-0.000189868176727835	-0.00845559816539562	-0.00743591493355907	-0.00676504733677536	-0.00320843271215133	0.0793950595297113	-0.00765535449394266	0.0115022355803726	-0.00753874920777443	-0.00752172162981768	0.0133239031023652
1285	Res-011439	0.00118693724971035	-0.0231820133862306	-0.0207149779985165	-0.0173873902203038	-0.0133050073527254	-0.0177458213293223	0.18855817798938	-0.0153588763662816	0.0596876554613393	-0.0133593418372668	-0.0176099089661858	0.0193459840729257
1286	Res-011455	0.000346860801496609	0.000434110376717724	-0.00143338249469958	-0.00163474440445935	-0.00174516717265437	-0.00265178459902276	-0.00173858094802568	0.0176482867748819	0.0014174075161888	-0.000654295871852248	-0.00351868174901675	-0.00259352131775371
1287	Res-011555	-0.19048525564998	-0.354628265160712	-0.531309877454005	-0.393557779727874	-0.190714404435217	-0.277803227813367	-0.342059786879674	2.70246274106547	-0.457677023526684	-0.365078830981694	-0.432914542805224	-0.496557602878476
1288	Res-011556	-0.0621193519028581	-0.0935255088209768	-0.11975327353652	-0.0873289292028315	-0.0346294278868127	-0.045009095640543	-0.0971888393180965	1.17109892254961	-0.104982966188279	-0.125580654013853	-0.0376719842360046	-0.108778067023702
1289	Res-011558	-0.0853302121645411	-0.547380616023594	-0.510915770052693	-0.641179985600962	-0.636654188760139	-0.651630023345483	-0.366509921043474	2.97253235046239	-0.473177031544136	-0.644631693081283	0.630901911337735	-0.648367003713133
1290	Res-011562	0.263731273353488	-0.625052244787263	-0.564347637880741	0.142308973546293	0.524808823433355	0.228157760313137	-0.30679382389329	-0.222821847552912	0.3910744717659	-0.0754599958071516	-0.595584691545106	-0.230115368090059
1291	Res-011563	0.270744617839128	-0.863171025403793	-0.5797865704562	-0.0328210781707077	0.651500962883482	0.518414670698714	-0.338619137098511	-0.243319252608609	0.405866403473562	-0.177603448975121	-0.335925329863609	-0.101226667092124
1292	Res-011571	0.167539182067504	-0.0950298762596066	0.349746795925327	-0.215538512278005	-0.216919084459393	-0.22342166615526	-0.1819466311184	-0.139939870250664	-0.113972323001273	-0.205888601478697	-0.0838568113014023	0.241533176281007
1293	Res-011583	0.0345152454099509	-0.0470523396531495	0.121521094325024	-0.0686879176676426	-0.0915280779153989	-0.0866051107479105	0.21916845285459	-0.0286573409787436	-0.0916102565321947	-0.0517202359211174	-0.12775921325958	0.0747129073023089
1294	Res-011587	-0.0433240516387036	-0.0866604449259083	-0.157017001134992	-0.111515195211664	-0.140323747058278	-0.121829701247951	-0.0686933121631708	0.596604409408268	0.995740887824528	-0.0760876373160331	0.343248516816202	-0.0430588802627109
1295	Res-011588	-0.179718784210449	-0.263419736345245	-0.278646778130378	-0.232610750105775	-0.182763846177583	-0.183406605746864	-0.139154546556388	2.18508635889199	-0.145167812397745	-0.23203960475087	-0.22669947053437	-0.256436637106405
1296	Res-011591	-0.000232154103977453	0.0019352242561373	-0.0157849152451841	0.0253969689755623	-0.0103599221455743	-0.00919951770565935	-0.00866132655659428	-0.0117023345066238	0.0691746186084262	-0.0121860044507421	-0.014660425249259	-0.0153762295161935
1297	Res-011592	-0.0671713173736134	-0.130531663730692	-0.133953470813781	-0.132498839750141	-0.10846703271815	-0.101068048593973	0.9783139862672	0.541075400148444	-0.0272287735772359	-0.0883299360543621	-0.148029217663517	-0.0926557497840003
1298	Res-011593	-0.0030593665226093	-0.0296823652953035	-0.0520604958593204	-0.0481837756747439	-0.0458739768375089	-0.0410009571470399	0.482136190172765	-0.0533394764628912	0.101799905457065	-0.0524837456615561	-0.0514868877964465	-0.0526978904641332
1299	Res-011594	-0.00964193298467003	-0.0619425445679808	-0.0761861436392309	-0.0782400341039775	-0.0800022621298869	-0.0695769918847661	0.821595248031442	-0.0588724893869401	-0.0362341237692219	-0.0854197452148869	-0.0769671907637589	-0.0810583817721573
1300	Res-011601	0.0059348683276485	-0.0198578304164116	-0.0197058958366927	0.0521730281649241	0.0151087479589482	-0.0277535987622553	-0.0145951801551171	-0.00451580874715379	-0.00652325612478383	0.00885631857637296	-0.0433069163605046	-0.0221052837370822
1301	Res-011610	-0.0128331025455703	0.0891664333941248	-0.059786888962111	-0.00959015412494699	-0.100767202773428	-0.0788015393690423	0.0271620890922904	-0.0714025426663302	0.0556251744540568	0.0261077007428167	0.183981814569754	0.594573155298724
1302	Res-011617	-0.0102767325833426	-0.072193763072421	-0.122211748038118	0.149359895568819	-0.0111090443142839	0.0870634655964302	-0.035146599889552	0.164530347644521	-0.00484392021386112	0.0248834709019411	-0.104009973407014	0.0429543674804914
1303	Res-011624	0.0714356928098883	-0.0721253353652019	-0.0562528380780534	-0.10838509180964	-0.0925038179828031	-0.112006128141926	-0.099499658108307	0.190658757019249	0.126642359163096	-0.0901269880400384	-0.0179819627180509	1.18888996663668
1304	Res-011630	0.0676028933085934	-0.0635581880344728	-0.119627170439243	-0.102865541212888	-0.106846510388661	-0.0811182513830609	-0.0771302511390818	-0.00228979664275589	-0.0627418001347252	-0.0113307819687268	-0.0908031967841207	1.76802469737331
1305	Res-011647	-0.088106879799466	-0.14634071569038	-0.136651608904657	0.505882585873171	-0.086769651094002	-0.0899447997084265	-0.0770141504153377	0.0303224862942063	0.0616174941016616	0.211764429017253	-0.0376157394120824	-0.0447521668185201
1306	Res-011648	-1.01901076354221	-1.36281663098801	-1.54134049921108	2.58179687771507	-1.11238227910941	-0.951658926576957	-0.83965762742028	-0.087696310885631	1.49915863480177	1.15665445040151	-0.766118360130153	-0.693635079133345
1307	Res-011675	-0.0878509332339535	0.717594505336804	-0.0756257684498248	-0.253584459448387	-0.12064046120687	-0.261400997878186	-0.161905096827841	-0.178057122306979	-0.145553093188746	-0.234646340293044	-0.264157769237946	-0.259530973934749
1308	Res-011676	-0.00489266129415533	-0.0213171419318704	-0.0209811747827367	-0.0165347218914205	-0.0169985499725967	-0.00963454272661275	-0.00620919395060796	0.254815854559393	0.00617209717360564	-0.0187592729665466	0.0167945795689761	-0.0180451472043298
1309	Res-011683	-0.0341539621289105	-0.135190717629728	-0.152363742338589	-0.0639720464295797	0.108819105953087	0.166182413310587	-0.0682083880109877	0.531136900588625	0.204551304518764	0.0915756314763012	-0.0912991910050014	-0.055298317535816
1310	Res-011685	-0.00298976391183911	-0.0499639733466677	-0.0642046714257262	-0.075324140474666	-0.0636244851480184	-0.0662882895988973	-0.0554405968382941	0.789745817437164	-0.047394908130605	-0.0739804188646864	-0.0664419526987827	-0.0435708054882563
1311	Res-011687	-0.0273613026866993	-0.174263518568178	-0.292585864873785	-0.157854497416926	-0.231621137206794	-0.186502587409534	0.296586091170622	0.795595993424155	1.21929192872283	0.140432096438872	-0.0976709740748732	-0.131543213603147
1312	Res-011717	-0.141570520222885	-0.101706282098954	0.0338358813619746	0.644271588439963	-0.0649739069308209	-0.354158889316255	-0.264307313509113	-0.100483245098644	0.0599413981535128	0.0278832713211326	-0.197807726096895	-0.13000625701971
1313	Res-011721	0.00217395681153916	-0.0185484281047933	-0.0153531968692253	0.0359201916081545	-0.0226386338592972	-0.00627461742681306	-0.00699611430318995	0.0692986382870454	0.0274798295112114	-0.0119569741536825	-0.0249537070322151	-0.0198262124696362
1314	Res-011722	-0.000604838407328431	-0.0346442070512179	-0.0279436950952754	0.0728710526421575	-0.0109635464963382	-0.0404770572398638	-0.0212546396295001	0.0766006655044403	0.0715111960001069	-0.0131808574935591	-0.0371500374420232	0.0138117170155362
1315	Res-011749	-0.0173685177711724	-0.0100454182605201	-0.0162552048094461	-0.0126066037868256	-0.0128729609764108	-0.00932089165121339	-0.00433340998309477	0.266128479039638	-0.00362041311327941	-0.0111762287850896	-0.0121780000049532	-0.0126460185263178
1316	Res-011751	-0.0474633994861669	-0.0642226666655672	-0.0599706678293238	0.17465009729479	-0.0517727437171159	-0.0435281891879105	-0.0372349876051441	0.0176697693927911	0.489353969583031	-0.0465659840894694	-0.0396358221485654	-0.0168908320832865
1317	Res-011752	-0.36740492110846	-0.358020723317255	-0.490563122559597	1.12822527820438	-0.397802724171852	-0.27445885333889	-0.372594818792003	-0.07739046211002	1.6318749526117	0.0582359386627511	-0.213450049655251	-0.443210485277214
1318	Res-011791	-0.0318611206842226	-0.061769649270962	-0.093697200743233	-0.087347662733389	-0.0897345701981681	-0.09549413721471	0.948059640402927	-0.0753192470606626	0.0115570188249212	-0.0731770345308799	-0.0821201251433741	-0.0842555175632163
1319	Res-011800	0.00241984353839701	-0.0304871807508686	-0.0243889998350698	-0.0345543727348768	-0.0317216946849346	-0.0380051987907839	0.332340031538291	-0.0300108550194869	-0.0240130786594479	-0.0178575273293969	0.00486652514924015	0.114317810803724
1320	Res-011801	-0.332331299455024	-0.64957393228004	-0.924315008807224	-0.848180853529746	-0.809778393406554	-0.842516903935495	3.56610285113968	-0.625936322887101	-0.329557993914608	-0.729185268203402	-0.721767243065226	-0.932127999112671
1321	Res-011802	-0.0682006708787771	-0.286379533045857	-0.376529023891951	-0.384221565156594	-0.380682784866835	-0.395480739352565	2.20229521394128	-0.144920339815724	0.280511455376268	-0.389779858743073	-0.341512322060815	-0.273308482046689
1322	Res-011804	-0.0379637576769876	-0.0964270268422796	-0.123832632630485	-0.0956223101838825	-0.107893758420976	-0.120786573178794	-0.0338378712126943	0.358872918769147	0.707583443088756	0.410355530569914	0.504884477387405	-0.125411787904191
1323	Res-011813	-0.380218575990131	-0.40478402411005	-0.53542335883035	0.417929758302952	-0.294180926001001	0.109969438968433	-0.564977684020437	-0.179491434778499	2.04815356275178	0.80280372319643	1.22644675787963	-0.356723217261522
1324	Res-011823	-0.0254528268957769	-0.182713199791134	0.0433395370095733	0.295362489948812	0.0816294468136561	-0.190767378684548	-0.144192829904313	-0.0940733619422032	0.0966849131629158	-0.0138359894659182	-0.0671130735539082	0.0260262717905562
1325	Res-011836	0.0203108873522529	-0.0556385502437557	-0.0560556265978787	-0.0337029886470118	0.0870113826566937	-0.028434435097096	-0.0215477170537946	0.0659260960184236	0.229945647034284	-0.066553020885448	-0.0611122927797407	0.0354364213645986
1326	Res-011838	-0.183345649567652	-0.340995717819695	-0.31418954137633	0.982578589729251	-0.103401701352547	-0.0918936344656166	-0.191962078478427	0.0211449254656078	-0.13210641175115	0.294860052556194	-0.163634393974639	-0.148360374743685
1327	Res-011839	-0.138220300865209	-0.391278117808156	-0.408957736336507	1.48769653898378	-0.366772932070187	-0.614794518872892	-0.903442169608644	-0.394507003047688	-0.0660304908807108	0.187829192264096	-0.775011801719637	0.0107252786075884
1328	Res-011845	0.290705405271036	1.4161371066753	0.115909906404982	-1.22698279730131	-1.25507691398147	-1.35556368393005	-0.840279500734535	-0.433180202194952	-0.71111589346861	-1.04357777254276	-1.01138238869071	-1.16420249553381
1329	Res-011850	0.0248241537686734	-0.00825322372400989	-0.0176711519812757	-0.0191824941294342	-0.0200059070754791	-0.0197790184992564	-0.0222683542703525	-0.0253739411518624	-0.018334307171608	-0.0253354116172396	-0.0154328607976111	0.448315992033535
1330	Res-011854	-0.312581870307466	-0.353671624565532	-0.327971442677654	-0.323136065433848	-0.0636284221999645	-0.268041542547228	-0.298027134703993	2.51643283435805	0.039898248324609	-0.17668845834965	-0.345046744624396	-0.445313806861084
1331	Res-011861	-0.590436040034615	-0.702299180893107	-0.886798674137455	-0.766567989293151	-0.45675753415907	-0.592047621516106	-0.709931333935332	3.78894903920163	-0.332411736970718	-0.583929570246464	-0.864002350440986	-0.933586782496193
1332	Res-011880	-0.00727607766087235	0.00213528905122443	-0.0107724445520329	-0.0117520825622309	-0.0143260899658299	-0.0161693277554308	-0.00287485730432089	0.0103447267040697	0.209079385993683	-0.00220099096743094	-0.0133346278822304	-0.010983776752213
1333	Res-011881	0.00428577906931622	-0.0338841038232568	-0.0365972730633399	-0.0299187694390434	-0.0317138574440526	-0.0233311459807067	-0.0188302498685729	-0.00544399092520609	0.474547319379469	0.0102573307519099	0.00622970588725627	-0.000556228018062016
1334	Res-011883	-0.0141136272279632	-0.0497025470140915	-0.0635092272892602	-0.062942667377382	-0.0493038200801042	-0.0512652177402123	0.106097660914285	-0.0309380534639855	0.815044696200446	-0.0522034642313754	-0.0514793496865513	-0.0546468846603829
1335	Res-011896	-0.0979041478572776	0.239655912154702	-0.257907655221208	-0.245768449177129	-0.191539612734619	-0.215097641509254	-0.18019433656109	0.535508521307806	0.0402771604189197	0.996826596106243	0.786350616148027	-0.18438370578091
1336	Res-011898	0.00983658420175548	-0.004515270603821	0.0237647675810165	-0.0172746867874253	-0.0176880851416438	0.00790549139259156	-0.0190895114590615	0.0158817073469418	-0.0179826110904589	-0.0218536657688318	-0.0126077822220297	-0.00443518078217848
1337	Res-011901	-0.39957771354663	-1.09472459463325	-1.17907999571468	1.97597999883906	-0.069392485402183	-0.97109199152513	-0.679322698455187	0.0327543807072064	0.49927775628205	0.670509048853993	-0.648241877180262	-0.106341039257441
1338	Res-011908	-0.00849841264989051	-0.0230505864691111	-0.0285324372345103	-0.0216174388276533	-0.0268737649400665	-0.0245803374939557	-0.0071767583926408	0.00910675521250331	0.474046005063409	-0.0335930871147487	-0.00715717274436645	-0.0314841141699784
1339	Res-011909	-0.141878327992107	1.47990507150324	-0.596671109542536	-0.390149365492449	-0.465342854134342	-0.58690199722948	-0.437435457387215	-0.336944885697852	-0.463554382034755	-0.495728243965359	-0.711481969022164	-0.695007537861373
1340	Res-011912	-0.160564246058166	-0.234397217946308	-0.244173541644188	-0.24339123044553	-0.125902683309632	-0.245985714004704	0.464912171398118	0.102805320285173	0.0184732683477491	1.53257819860149	1.50458782864318	-0.215459408568775
1341	Res-011925	-0.0249475444028789	-0.0906731685219617	-0.0982111990490487	-0.0727720531913722	-0.0662325377930262	-0.050945954319063	-0.0517676272826353	0.94054216886806	0.0540804963281873	-0.0578478460665234	-0.0618548714932342	-0.0947124393528768
1342	Res-011926	-0.00804420020241645	-0.0223833303695754	-0.0400494630827717	-0.0379956524668929	-0.0119694662523563	-0.0173775569038626	-0.0125261520076434	0.391500206500158	0.00426037961542189	-0.0197055457320724	-0.0116494377797927	-0.0336399143089743
1343	Res-011930	-0.0160268338290345	-0.0211068063196081	-0.0307108655108801	-0.0314000669124901	-0.0193876605107618	-0.0284348834071933	-0.00359041157801657	0.20392962761361	0.32080003119573	-0.0160598616076266	-0.043705852930191	-0.0301277144577272
1344	Res-011937	-0.0170446958605117	-0.139857258135134	-0.167915422026346	-0.158627569969333	-0.167286994585259	-0.158849649077364	1.40961618028339	-0.145057560813293	-0.10459165933213	-0.0987981456165798	-0.180320568931937	-0.15829351583579
1345	Res-011939	-0.0234883212160351	-0.127207357940646	-0.136140774608405	-0.144306465439978	-0.102629532746874	-0.109875326862199	-0.0482171034309132	0.965107386951589	0.444952464388154	-0.0854816293890951	0.314801175168252	-0.0893361394028087
1346	Res-011951	-0.0465477090073594	-0.109915368578855	-0.159888434786838	-0.0897137148343174	-0.152313826496303	-0.148008060799636	1.25026254762966	-0.0895751340224726	-0.019271056570736	-0.0214658676557746	-0.0656697387005588	-0.12433286346721
1347	Res-011953	-0.231493073637362	-1.33392023666806	-0.397600905681884	1.08871766576023	1.23804921676136	-1.31994489236805	-0.98216060521314	-0.324245207626501	-0.327894124835289	0.345238843145812	-0.764832325574107	0.756937230399387
1348	Res-011955	-0.544041218992183	-0.991231806721838	-1.13409407010184	2.16559246783529	-0.350048658511802	-0.719402680869552	-0.698730530468219	-0.179327091568988	-0.287220502182477	0.880115095305364	-0.493569450129965	0.420575124488754
1349	Res-011960	-0.0585201280088621	-0.110931046900146	-0.0359555407916393	0.105774922787645	0.336079915752152	-0.113747948681667	-0.0908052850975639	-0.0302248389519183	-0.0656104622477924	0.0279586713502175	-0.0234058280740568	-0.049897896606312
1350	Res-011992	-0.0790722964226219	-0.109620715599067	-0.118200692464457	0.0627719179815366	0.245032200978872	-0.0856342738255501	0.515259664433972	-0.0739040639935957	-0.00322811801463133	-0.0401287328774612	-0.0972548034722545	-0.0785740870008025
1351	Res-011993	-0.335551455585484	-0.324905249982572	-0.419336906656343	0.37837571907734	0.973410537715927	-0.269016295626463	0.486970522532525	-0.154715468086258	-0.0831079905325004	0.0379548833879858	-0.291190576063316	-0.172359941946157
1352	Res-011994	0.134848324786663	-0.0890409693096531	0.250370496405795	-0.176216407565778	-0.175625248160333	-0.20391576759205	-0.11923438680286	0.0452379388518064	-0.0754051642250936	-0.073254984605177	-0.0753249068633219	0.157587275601272
1353	Res-011995	0.110077833648425	-0.0943162661912385	0.313265362878974	-0.175924111082938	-0.174371618432591	-0.180844924340404	-0.0933520506128858	-0.0949400683576114	-0.10244209178489	-0.180580810708204	0.0735128684586011	0.234218207419307
1354	Res-011996	-0.0305040980138775	-0.0599952148555293	-0.0667872600470977	-0.0663779844960435	-0.0675977951223586	-0.0451896466378642	0.77442879235384	-0.0637973687258961	-0.00559409721609769	-0.0528625879106589	-0.0114631371161443	-0.0598008313392141
1355	Res-011997	-0.163590915148591	-0.348042063939073	-0.411249933059651	-0.421278127854068	-0.400463099394225	-0.398921259909093	2.57356470594613	-0.309546447482014	-0.314513185175013	-0.388981271172846	-0.395607135857866	-0.439503566675383
1356	Res-011998	-0.132832430711296	-0.309241458814364	-0.359497475966591	-0.340050139131206	-0.334455086556927	-0.3640182809676	2.35051278423765	-0.266233001908357	-0.213695994043332	-0.286064493808917	-0.333299734168104	-0.319642766249073
1357	Res-012001	-0.0324317908489092	-0.196231151133668	-0.241579868369132	-0.232788631338463	-0.238296333519676	-0.223122549915633	1.75859891656118	-0.11409656531431	-0.157324617735441	-0.225769372849989	-0.191200454459629	-0.215985642864948
1358	Res-012015	-0.15802859655487	-0.0614238573436202	-0.266014820953772	0.640314586960699	0.180450254857555	-0.289727815866853	-0.281160542314579	0.0385609217844439	0.0430075533071066	0.160915909343215	-0.283361317909779	-0.0927337711804423
1359	Res-012029	-0.0581176600759106	-0.0622441139385902	-0.0440621753653252	-0.0708117473793764	-0.0536855496615521	-0.07125175417716	-0.0662798748953642	0.971399582840881	-0.0696710636984377	-0.0747624711350704	-0.0754697930534781	-0.0768430640753159
1360	Res-012039	-0.153965610046057	-0.151519044377729	-0.0921502225132258	0.884747357668362	-0.151865353561855	-0.394740612059585	-0.35678063110538	-0.200821509658168	-0.0170304623470293	0.210339857822012	-0.238876936939865	-0.152858864349906
1361	Res-012044	-0.0346505519900913	-0.131821525384146	-0.174573500320896	-0.160091295939188	-0.154919833215424	-0.161430679244408	1.42445487484357	-0.11819436488794	-0.115295487180813	-0.0940753789497684	-0.173140113498908	-0.101456426082974
1362	Res-012056	-0.00294140303795797	-0.019270364025652	-0.0185108001726374	0.00641501661058226	-0.0161082146979456	-0.017614259360224	-0.00998509395528901	0.0417959090613142	0.00942935624718183	0.245622296558425	-0.0422053709239766	-0.0204482580390052
1363	Res-012066	-0.00106060714362937	-0.00960202139778261	-0.00560920617576273	0.00167558536795696	-0.00715301752880263	-0.00520677415860729	-0.00432086261667034	0.0879356302918524	-0.000487682311409781	-0.0093952567676678	-0.00938550428675913	0.00496005227314415
1364	Res-012082	0.0176005319302481	-0.0161107047305512	0.04442472853819	-0.0220121378305492	-0.00924518603635222	-0.030012336551244	-0.013838637237604	-0.0313181615187774	-0.00547544477998226	-0.0216240237349969	-0.00875585398906262	0.0345870667035585
1365	Res-012084	-0.0234018273921863	-0.00958574351639165	-0.00791466099580322	-0.00985330289290002	-0.00529684392745909	-0.00394729545298027	0.218692457017339	-0.010407502707806	0.00164652430816289	-0.00896537570702999	-0.00958886410972586	-0.00953179368528123
1366	Res-012086	-0.00212239133843858	-0.0354500990887795	-0.0279120744725658	-0.0299918452582463	-0.0243957151751393	-0.0252826245759873	-0.0312009151420609	0.291004529254802	0.187577638753704	-0.022740503019188	-0.0286997104380471	-0.0251680070768556
1367	Res-012104	-0.00602923895642063	-0.0245238882248213	-0.00821461733206946	-0.127465584207605	-0.0950824815095222	0.0836772114946739	-0.0465925327688825	0.598346137286625	-0.0728550394849565	-0.0899433925561746	-0.0114289726805378	0.0158278230027172
1368	Res-012110	-0.00469838362421308	-0.0378392829822526	-0.033884196276734	-0.032631162205736	-0.0286943466435241	-0.0255648264533904	0.213995171130514	0.0380426484221623	0.245455161057593	-0.0356928515876773	-0.00672892248977303	-0.0329455007957414
1369	Res-012112	0.102457783041719	-0.137842939203575	0.273838563685226	-0.0950093960918569	-0.114632351688965	-0.20257973459358	-0.0701770161340499	-0.0290310596520377	-0.16912581419576	-0.184797340775801	-0.115887363476499	0.420291836010467
1370	Res-012113	-1.06947224572808	-1.15702354642773	-1.36029756682146	-0.822363239461816	-1.34736349089018	-0.790642305809236	-0.74043688089786	3.93186840131628	1.53151649498691	1.76161213659674	-1.25028862676141	-1.2674894864942
1371	Res-012125	-0.119241320336331	-0.258940493945135	-0.378587791871585	-0.34648323144553	-0.379426460145137	-0.387411105235011	2.33927775999474	-0.264583037411995	-0.19790071274898	-0.219778662635212	-0.381287592891097	-0.430155147975257
1372	Res-012178	0.0138175057199179	-0.047898945038697	-0.0556459433946521	-0.0420212913307919	-0.0382536241273663	0.283549239614149	-0.00996703510225042	0.0403839024452579	-0.0269383984825494	-0.033349045742186	-0.0342027213835304	-0.0637007046710424
1373	Res-012181	0.0324182888032126	-0.0481192942517966	0.171348273446364	-0.0780895049808863	-0.0664653458803785	-0.0668170169763373	-0.0293705347407782	-0.0575480327137839	0.00315217947270306	-0.0543697253899057	-0.0455556693892849	0.0952451226064855
1374	Res-012185	-1.10543747957882	-1.60640633753775	-1.91129147357201	-1.63558662023409	-1.01658760529729	-1.7352362192792	-0.922202697418657	-0.812783249592669	0.014711377078283	3.98830112951098	4.35335539914355	-1.08476846065388
1375	Res-012186	0.01461705332121	-0.0143164498678807	-0.0138127151599231	-0.014765398512687	-0.0103587752648973	-0.0123395639246886	-0.023770121219945	-0.0150955245343661	-0.0202109798262514	-0.00468294838102151	-0.0116234946981709	0.44692311169215
1376	Res-012217	0.097828536264645	-0.0768474745935175	0.28096222200228	-0.161282490810665	-0.172449833163104	-0.165412783635871	-0.0722583595210917	0.208394082485878	-0.176308534770533	-0.166843519807071	-0.163386394033595	-0.123188950453714
1377	Res-012220	-0.121322228872466	-0.200604452214121	-0.202168257564134	-0.186272816273263	-0.147375757495552	-0.19695145998447	-0.12258643719602	-0.0631693899709008	0.000326601644638103	1.67276670349278	1.54618690108763	-0.195870591283604
1378	Res-012223	-0.00299591915680253	-0.276350710202897	-0.428326653461433	-0.380339864703666	-0.315093465178616	-0.357900082919118	1.16419047685583	0.63298910303207	1.49396312443353	-0.152745301380726	-0.266192120928017	-0.316687241703653
1379	Res-012225	-0.115516002191975	-0.475305806083357	-0.480082844071952	-0.272184071961008	0.170539198523394	1.57914353067137	-0.137607635582036	-0.178331255588733	0.124371028498397	0.0271673568073015	-0.411529620927482	-0.225345898393069
1380	Res-012230	-0.102012019986675	-0.200970212621514	-0.299684228490307	-0.275848118443291	-0.269402813866681	-0.282484572705704	2.00827804698342	-0.219620515252542	-0.0222699150224596	-0.154087671969704	-0.243778042552392	-0.33074940868071
1381	Res-012234	0.0324264627987188	-0.0368108356360391	-0.0712350881639317	-0.0865001459697528	-0.0408355330382648	-0.088432684462155	-0.0135940470489823	0.0240489981860837	0.559302155192465	-0.00335502639170002	0.23796237376606	-0.0549276697715266
1382	Res-012240	0.00865689062666464	-0.161059439350781	0.153199845253068	-0.11397442703504	-0.0906509223972528	-0.276144976740208	-0.096670639668748	0.209653589179972	0.669554982957744	0.0350577697347791	-0.0668347410828035	0.481270814377751
1383	Res-012247	-0.273292705598396	-0.529896987984983	-0.707980547150358	-0.336375366974344	-0.0764369094215958	-0.621162182092862	-0.30009288739302	-0.44363528362266	3.40268435482159	-0.394269559408954	-0.53237004768252	-0.645754373589906
1384	Res-012249	-0.316889754359245	-0.76147091394691	-0.944846296334276	-0.896861377172635	-0.825314444355143	-0.883029973685308	-0.444278425380598	-0.510365069447998	-0.542731072526008	-0.432191080748435	4.70145437980997	-0.69475963231838
1385	Res-012252	0.0613606787037972	-0.0970471668430163	-0.0305316577456879	-0.0524441206142853	-0.0384893838472354	-0.089510514587044	-0.032819984468013	0.0336837345577755	0.261603924132984	-0.0296833581973359	0.0499484121867345	0.571827034754823
1386	Res-012258	-0.0140692508792815	-0.0891308627269308	-0.0914294545871712	0.241205161227952	-0.0972615022195172	-0.0500725148943892	-0.00333186362628296	-0.0252524624997875	0.0403180047089383	0.0588558151994959	0.116661546401886	0.38325034642802
1387	Res-012260	0.0073990701794226	-0.0601892171962493	-0.0635728102694297	0.152496520733909	-0.0610653656889185	-0.0405522003875359	-0.02579386291937	0.00094709399253709	0.0395703206579876	0.0309344856779872	0.0690151649703574	0.162574126092234
1388	Res-012275	-0.0428148330138153	-0.194142490012695	-0.231540155404289	-0.216043256230005	-0.23114423011472	-0.222235802363124	1.71404020920799	-0.160811209081661	-0.0285096695060701	-0.174675993224173	-0.167210831589203	-0.139234952548224
1389	Res-012277	0.0208706087831797	0.123830248785728	0.00929903800175597	-0.0717415576566238	-0.0134437979782565	-0.0815570202149789	-0.0374609439235821	-0.0740138937847281	-0.0535751860329244	-0.0837419205030927	-0.0371303706116157	0.0128237715070582
1390	Res-012280	-0.00375734151892004	-0.0125997002257792	-0.0426911850786776	-0.0727503817809528	-0.0629882192564816	-0.0874904788176288	0.618639644060799	-0.0377337468932037	-0.0289689754748741	-0.0797155916168038	-0.0681227583727759	-0.0854659998867729
1391	Res-012281	-0.179839103009471	-0.368991383670826	-0.537834911239471	-0.402842934915308	-0.292600436411242	-0.343710079525333	-0.271471462284847	2.58131481268047	0.228281304487913	-0.0655385226014656	-0.153618080582381	-0.415561747704794
1392	Res-012286	0.0412291004609399	-0.141107861975863	0.590199439938864	-0.238124962566244	-0.19572838626389	-0.213887057657691	-0.138197494382302	-0.084248588674091	-0.117285544250247	-0.156401095018217	-0.157644399019054	-0.157113170877604
1393	Res-012288	0.188193606949758	-0.19220846521483	0.867383567753461	-0.463710806591783	-0.348617302883395	-0.477633449979699	-0.295749093542171	-0.276735724945223	-0.415447223771607	-0.473796691341951	-0.339858857224304	-0.21879449149868
1394	Res-012298	-0.0269516159096957	0.581543134173889	-0.0238750836427487	0.00240396918531227	-0.400443854965763	-0.382605690092633	-0.381444037688188	0.0305792475075878	-0.188983162360405	-0.0712456907347812	-0.136992364392308	-0.100077713335264
1395	Res-012308	-0.0413937976967154	0.0218821416115196	-0.0800693772733985	-0.0196913963430332	0.200101358042125	0.0464240548886214	-0.0457693528432772	-0.0592585344110603	-0.0501382937678392	0.0386872150004643	-0.0391202422898445	0.104945264106004
1396	Res-012311	-0.0460143622520784	-0.0110885835425968	-0.0217140543936225	-0.0307661899128647	-0.0185525574301848	-0.0182204063883853	-0.0282940989141949	0.427619254265546	-0.00177440013868314	0.0552458816226125	0.0473463836780713	0.0341973874585499
1397	Res-012315	-0.00453366240944897	-0.00819033342530635	-0.0122446405122954	-0.00868192271038295	-0.0108318071717297	-0.0123425389568421	0.141571851661109	0.00790499690889659	0.00213538388021761	-0.012095694902759	-0.00707797472886619	-0.0085913376449225
1398	Res-012316	-0.0791328941326927	-0.206372289048145	-0.251233814470904	-0.248564987378999	-0.236884363200592	-0.216318803937907	1.90425581098106	-0.234676858183859	-0.156598151275739	-0.233465174386003	-0.230085533840666	-0.181221998342164
1399	Res-012318	-0.0252777947369526	-0.0716069878166541	-0.105118095270455	-0.0970199495726926	-0.100255362756084	-0.103392562281882	1.02416418089683	-0.0939835326620099	-0.0269394027081193	-0.0838626125593208	-0.104063789340573	-0.10008714647696
1400	Res-012319	-0.055007717812176	-0.128585994433886	-0.138188945896175	-0.13712362812625	-0.133137018794407	-0.139707589274824	1.3636709466323	-0.131461442201579	-0.0895477632981715	-0.10877719185945	-0.089682111235744	-0.148225022289449
1401	Res-012320	-0.0849427837344405	-0.08623375370675	-0.114630293172709	-0.115233324309512	-0.105194514234089	-0.104006147173669	1.2570949674186	-0.104588705963652	-0.0575054407702068	-0.088043697425421	-0.106423123534002	-0.119235745422658
1402	Res-012322	-0.049528230415674	-0.107638038273082	-0.143005111131625	-0.121255047170337	-0.136226817953872	-0.137280487554977	1.31072866843797	-0.119666170259396	-0.0913312799082017	-0.109590266401849	-0.124229079019126	-0.0856877670414056
1403	Res-012328	-0.00398074962369519	-0.0346131695923717	-0.0502857796233191	-0.0465017526230407	-0.0432877578491666	-0.0431098990139323	0.534656872876033	-0.0448452686010758	-0.0386957232953532	-0.0298535851122594	-0.0444421898040825	-0.0245498834073378
1404	Res-012329	0.562191014237761	-0.248408232920748	0.435803246927882	-0.483147295159294	-0.538951717812871	-0.639071286201681	-0.228539487285956	-0.213086086851175	-0.379214680699003	-0.470130363809882	-0.432756032080418	0.0236186854838472
1405	Res-012336	0.0248248829705842	-0.0976619192242646	0.128637034831957	-0.130742270470657	-0.117382758604928	-0.141664921758896	-0.064207687357873	-0.0835401889180047	-0.0911652782180258	-0.0827608037352394	1.09928379643309	0.188715455095093
1406	Res-012347	-0.0514700018322798	-0.0926619784904126	-0.100926829094156	-0.0973315183022265	-0.091972787435102	-0.0994698582091949	1.11237965884517	-0.0858291384929877	-0.0585038717325576	-0.0714207043208104	-0.101089682175537	-0.0986592835544501
1407	Res-012358	-0.0134245504951499	-0.0412584202409813	-0.0498744455510485	-0.0403114447470326	-0.0592115657418869	-0.0580177964511586	0.619152488224869	-0.0664546475695719	-0.0232869787444159	-0.0300684705053976	-0.0415004644455955	-0.0536093348348497
1408	Res-012377	-0.00600016767053733	-0.0649127513044342	-0.0741159840596331	-0.0715889413135277	-0.0727082143859228	-0.073620569806944	0.707609820685169	-0.027283693954671	0.0632163309335868	-0.0264275773612246	-0.0744940537291345	-0.027911419487909
1409	Res-012378	-0.0372145019315262	0.0911165845559223	0.0183434640959617	0.0179888987214255	-0.0331851075107773	-0.0287893303915998	-0.0403787445452685	0.0316763912845951	-0.0352912999092893	-0.0144872915501036	-0.0533678403115835	-0.0133224942819463
1410	Res-012402	-0.104010993630041	-0.323115624842844	-0.456472823135556	-0.319305500163562	0.0585149629799004	1.64548427668145	-0.102776506644423	-0.270736555128839	-0.167628922859295	-0.216957221191835	-0.303461222955049	-0.368649499335316
1411	Res-012415	-0.156414547184504	1.00280709620875	-0.246302360871521	-0.2729703267376	-0.273468869132375	-0.269392321996955	-0.269460468124732	-0.207894459963083	-0.267042272548871	-0.217231018094735	-0.105622248863944	-0.291670550932594
1412	Res-012427	0.0178569512710742	1.3774016505037	-0.25564595435128	-0.687713505251784	-0.695377532314881	-0.700903522451411	-0.41821585471699	-0.473013222850499	-0.601393484249775	-0.398767705749995	-0.571512056908798	-0.538618055465932
1413	Res-012433	-0.0331671269997201	-0.0329873369074579	-0.0507265474577637	-0.0598140606571787	-0.0400803752965026	-0.0530986643871696	-0.0616437574001089	0.31343028412607	-0.00340396689097684	0.671956276765171	-0.0212225781064585	-0.0674709988979749
1414	Res-012435	-0.0167690784383736	-0.0138691224832456	-0.0344147417196321	-0.0180945808824012	-0.0230137465721966	-0.0235765344683372	-0.0127807765343273	0.294108486890244	-0.0174140592913473	0.0661122472228681	0.115219314961886	-0.0307497622326593
1415	Res-012462	0.00294711107366675	-0.00157987125438416	-0.00631248662180001	-0.00434892050003784	0.000667164456316945	-0.000606146220067641	-0.000351097051124935	0.0232805622126408	-3.91310129579815e-05	-0.000146783355843438	-0.00598603985389901	-0.00296667697105369
1416	Res-012475	0.00144727485296286	-0.00884183894260859	-0.0291553937480636	-0.0297446073921355	-0.0276726506161753	-0.0313887685529191	-0.0036945821980503	0.0466454988262397	0.0551623026848351	0.0444875890861242	0.353132211588099	-0.0193807127931909
1417	Res-012477	-0.00140318077621708	-0.0371642857655046	-0.0229892507863703	-0.00737955583348814	-0.0166082537173518	-0.0365220499172897	0.284913208618448	-0.00716512390942595	0.0130591672272832	-0.0212309824115948	-0.0224058551526771	-0.0239406354914739
1418	Res-012482	-0.00117416113196461	-0.00203186955636138	-0.00187459465239314	-0.00198668841962024	0.00118666114834399	0.00760016141923229	-0.00308228188688879	-0.00413862100859317	0.028448544464083	-0.00227339551175984	-0.00274860056699428	-0.00263966216423185
1419	Res-012487	-0.0159016731392643	-0.00430114044988716	-0.0154539171429595	-0.0123493344517571	-0.00817972718257392	-0.000971434188043914	-0.0124689740531079	0.196362622885085	0.0273879248872816	-0.00390570746187853	0.0037791243047991	-0.0161713832923489
1420	Res-012488	-0.0265597361807111	-0.000941294836244027	0.00156151364287616	0.00918861877542391	0.00830570626266359	0.00307501366024958	-0.00881096701508375	0.0980783290636473	0.0106761934638579	0.00120146966365951	0.00773392071895841	-0.00234636978357989
1421	Res-012489	0.00439321245363184	-0.0373628925664501	-0.0338487950666468	-0.0241078998233514	-0.0449705866392785	0.250336932331465	0.00996159941615207	-0.00413888641099348	-0.0234157252989956	-0.0244736499754657	-0.0466036070897485	-0.0476831827063114
1422	Res-012493	0.00305673258776103	-0.0345622616046309	-0.0404220239768607	-0.0391529992909882	-0.0340576642975998	-0.0255013442673007	0.404226939039769	-0.0296214736950484	0.0046891537717992	-0.0255872381132989	-0.0256203564488434	-0.0361362022481817
1423	Res-012496	0.00324281993836623	-0.0893040491461917	-0.0894444461049268	-0.110002366786499	-0.0881349472382488	-0.0774994749158754	-0.079529870139317	0.826756029401347	-0.0506498665777295	-0.0558571492632318	0.454061411364204	-0.0876103894789776
1424	Res-012500	-0.0284232916770862	-0.0168400324022809	-0.0209580843051742	-0.0227066896078538	-0.0253258698852551	-0.0170783140940771	-0.00605130063876524	0.169113337406223	0.167273454150542	0.154053997830246	0.0672107509860741	-0.022847751980818
1425	Res-012501	-0.0433640059879047	-0.0241993247903101	-0.0328110382601371	-0.0322546969092509	-0.0297697585510503	-0.0256311735145557	-0.0111917276649949	0.194311686581256	0.229570378972642	0.291984484726322	0.099048052204159	-0.0191458068386839
1426	Res-012504	0.00938790694736135	-0.0140309853421567	-0.0396221198187394	-0.0451480969510945	-0.0402109385980997	-0.0417221402930976	0.359496724334452	-0.0089143781835414	-0.0112257924601708	-0.03511635999254	-0.0260638535853309	-0.00171610414046768
1427	Res-012520	-0.0902649249544208	-0.262349806780765	-0.153444102696259	-0.281633672743644	1.01196503301993	0.00678872416245319	-0.134101069816986	-0.127767155510456	-0.152087234009773	-0.240030380644147	-0.208349247119987	-0.0293204714107071
1428	Res-012529	0.408909527305452	0.113335822120151	0.802749364764963	-0.807591822140051	-0.715119436267603	-0.910654915065251	-0.438459459805045	-0.450057620654327	-0.381847000490258	-0.77209001674381	-0.441310524576728	0.0568402137550499
1429	Res-012536	0.00573325561035237	0.00659789410696909	0.025852856886951	-0.0126095536628937	-0.0181133347166657	-0.00572233560235621	-0.0177324760725127	-0.00362987397201428	-0.0154347961119508	-0.00792262613014226	-0.00892489103219552	-0.0183707230272053
1430	Res-012538	-0.0034995828994869	0.154396119133129	-0.0300343101586602	-0.021206850868409	-0.0583450985192186	-0.108516479516501	-0.0283744252062003	-0.00604021583920403	-0.0443009067922205	0.0697796888456788	-0.0502966636897635	-0.0376769264113301
1431	Res-012550	-0.0395973604118516	-0.045677228244143	-0.0928358188965958	-0.085680136874788	-0.0702285930337792	-0.0905029678428904	-0.0499734871960781	-0.0561493813515836	1.25187564423453	-0.064763369450663	-0.0930948077216569	-0.0656024134810136
1432	Res-012570	-0.247762379495586	-0.382591957907614	-0.423860036048619	0.811801390583586	0.59259720061081	-0.317155412074718	-0.300540047864655	-0.0772731298376531	0.238992191501654	0.134902656560936	-0.231080656694004	-0.157358783369522
1433	Res-012605	-0.0348738179166467	-0.195376645736464	-0.229149829162795	-0.240319837531356	-0.224318958479243	-0.157045399003202	1.59697027556061	-0.0741113575676036	0.137566790896685	-0.0938957841568369	-0.155235945050226	-0.18089014844416
1434	Res-012606	-0.0105227248016369	-0.00977419508200283	-0.0140427117861365	-0.0178920506991459	-0.00410834335905945	-0.0032442778645325	0.175110510726999	-0.00633107336233398	-0.00386725212883318	-0.0167250044492822	0.0215696579336301	0.0149813490245562
1435	Res-012607	-0.0281535006918208	-0.0698741986097993	-0.105479993242426	-0.0940840022268861	-0.109724971804857	-0.085555774491538	1.03548510703904	-0.0819968481554012	-0.0733011317696341	-0.10572256915887	-0.0953822936787591	-0.0797989200286744
1436	Res-012608	-0.0106990508215139	-0.0494529213983224	-0.0554913572826533	-0.058569220768426	-0.0582006770453812	-0.0436761172173152	0.651322695492418	-0.0404266281390985	-0.0391201628888571	-0.0443456780241478	-0.0467400691920202	-0.0628068215794258
1437	Res-012609	0.000144736296704449	-0.0130314444601551	-0.00689862397624345	-0.0157190009541285	0.000468358265148256	-0.0129872713131204	0.141563999033302	-0.00883320207837996	-0.0129247533278636	-0.0126486739825817	-0.0155169452635814	-0.0131731408048193
1438	Res-012632	0.0628273042745567	-0.0386843847162367	-0.0611653908346904	-0.0678403362977487	-0.0434594363111033	-0.0477399848848316	-0.0872197289249319	-0.00976929553771931	-0.0220349171441699	-0.0657235695298178	-0.0284876874389878	1.09994469357349
1439	Res-012635	-0.039178676590549	-0.0333837651180538	-0.0292097683897737	0.104449631301442	-0.022390224497352	-0.0124100422567553	-0.0266371928312315	0.00939518883341911	0.25472871785097	0.0532203207008186	-0.0235270738207834	-0.0267561632714582
1440	Res-012640	-0.114759342462886	-0.111543158463725	-0.13998581191871	-0.132928329800499	-0.12922147475979	-0.108266908045851	1.31267083265355	0.0534373788426188	0.117043082860615	-0.0989951000206581	-0.0822897554600817	-0.107227973311939
1441	Res-012647	0.0318927425643747	-0.194345854196762	-0.217662653322419	-0.234029230092558	-0.241087530842362	-0.216450370527021	0.230718096451886	-0.13632819841348	1.88676390607011	-0.213135402109539	-0.215916404425007	-0.188594280809969
1442	Res-012648	0.0120648127840403	-0.429069166091194	-0.61096883081356	-0.547905405695053	-0.530485018924605	-0.500681432532284	-0.150481910620071	-0.0199200579735782	3.11717597240847	-0.510308922573269	-0.517954946177305	-0.625326745848298
1443	Res-012669	-0.15023841972345	-0.252540622192851	-0.302193953031423	-0.306953313345963	-0.315283899422958	-0.26343966925795	2.18034229070375	-0.22929682361939	0.0283048566480066	-0.316444916553651	-0.266395120059545	-0.294559581637412
1444	Res-012670	-0.27584584933862	-0.403503711836346	-0.481329215512406	-0.47465946416089	-0.451700518356629	-0.472721403760557	2.80830175671839	-0.28084835409013	-0.137249965159031	-0.413847062962737	-0.410261610523292	-0.428992710130458
1445	Res-012698	0.0457320978177585	-0.0481205953561834	-0.0194302285186531	-0.00918779566407468	-0.046948427954575	-0.0261862201702565	0.00459500797476778	0.06814998463364	-0.027876117317064	-0.0187978768848017	-0.0396993989231049	0.309541368371934
1446	Res-012700	-0.0173305793596342	-0.0759706908990198	-0.11815884308296	0.148412589354146	0.0609565016360317	-0.130607627075244	-0.0415122575860299	0.29763170877732	0.0646278861087094	0.0884877144161597	-0.106226207662108	-0.0320429955415426
1447	Res-012705	0.00476864138601479	-0.0302027323517169	-0.0354132112901569	-0.0323392194497565	-0.0300379946529355	-0.0210413693537464	-0.0171718546184233	0.0704367106601515	0.395916381746156	-0.0201806000258487	0.0166161943897469	-0.0247443441303455
1448	Res-012741	-0.19209442673794	-0.269563547598661	-0.180427885695575	0.806688563644208	0.0260578484856805	-0.204348130071093	-0.162791243452454	0.0105683602413507	0.0603302545105703	0.202433092922049	-0.130915616609629	-0.1151914618216
1449	Res-012754	0.287180104227693	-0.331417589411976	0.922079883030452	-0.531709927051772	-0.596224567202466	-0.568748530031411	-0.312811377124901	-0.22508785067493	-0.290598876412059	-0.51605388359498	-0.28762749421945	0.198758474081655
1450	Res-012769	-0.0232516065328665	-0.0951537362624919	-0.141886609307465	-0.130569065230448	-0.136395079261763	-0.129932610764321	1.15846278709095	-0.0739171224581844	-0.0224106365744942	-0.0799582523138261	0.0144831259651234	-0.086105416636069
1451	Res-012771	-0.0530736770561782	-0.256756590911678	0.272058152320399	-0.0536803709174838	0.0875362816555025	-0.100010527698591	0.506732508582203	-0.12487199185584	-0.295326360482978	-0.104257063583671	-0.147784827211266	0.272464638429011
1452	Res-012782	0.185401609196852	-0.275759383114789	-0.335668433484459	-0.333343381183131	-0.369652359792943	-0.289998579137149	1.7467598761218	-0.252987848305499	-0.186349717205904	-0.190722844476011	-0.262132697793692	-0.368413490772591
1453	Res-012794	0.195152609243872	-0.348305651538671	1.08138405923595	-0.55487080138406	-0.502862002490451	-0.642453994442394	-0.31708711807151	-0.205297471753173	-0.300292288316985	-0.596011927787955	-0.407299579854556	-0.166387322632138
1454	Res-012797	-0.0240378077843685	0.146296824655665	-0.12205641177794	-0.115560365234027	-0.0730560757249927	-0.111295724130634	-0.096955149120273	0.568771241938016	0.0639046128191208	-0.0498273009084751	0.191971188541845	-0.147145595035647
1455	Res-012801	-0.0339527486344212	-0.21264390883645	-0.241470570382194	-0.255303509179713	-0.117635686230862	-0.224083021703073	-0.131010564222879	0.40369692015203	0.0386974341155479	-0.179721355248937	2.30967203405608	-0.204130063406117
1456	Res-012804	-0.0606543553923602	-0.173013808324731	0.635140630332804	-0.20126122896565	-0.127007665335229	-0.240365677803348	-0.179226680986601	-0.0691888597347366	0.167030344712555	-0.0550217368746785	-0.231875824225927	0.148400168557645
1457	Res-012806	-0.0449821309389541	-0.432943728163295	-0.607840040282957	0.12362533179578	-0.484278664840372	-0.514077835060784	-0.306751498580987	-0.268088661122592	-0.344411176585718	-0.0871891408246483	3.2881530329875	-0.403916975992555
1458	Res-012814	0.0833195612598039	0.484215935921048	0.330849171031153	0.201015982644717	-0.441215758451867	-1.26003997802765	-0.975248224732128	-0.346281887740568	-0.245440154154637	-0.197713287523223	-0.439159558880002	-0.392151557219723
1459	Res-012821	0.108630871633115	-0.0717045072085807	0.272532114220056	-0.139093736494787	-0.159550970054622	-0.182933133342596	-0.0895553023772448	-0.0242891277365911	-0.0869326299942628	-0.118494796217095	-0.104033183564142	0.00982781260818461
1460	Res-012846	0.143438714609021	0.0997442755281844	0.225814419139337	-0.14996227551449	-0.0387610069193638	-0.298370702082241	-0.281989846729207	-0.19627198264987	-0.278334401682279	-0.362293690140531	-0.310909233745349	0.0163134136790226
1461	Res-012867	-0.0365572421077668	-0.10416619812395	-0.120064433735813	-0.108152476453795	-0.11302980307801	-0.118322502980234	1.12485149823255	-0.0659256368283357	-0.000258236563484671	-0.028956858398933	-0.0887288828206756	-0.141093794207654
1462	Res-012868	-0.0122982875966743	-0.041766824608399	-0.0514759030838292	-0.0414819170004784	-0.0414604063046984	-0.0425011607648641	0.552437963127566	-0.0278099338336558	-0.0108043750976456	-0.0345453503309442	-0.0431709509790968	-0.0437928240240866
1463	Res-012869	1.24495121479815e-05	-0.0255046684651727	-0.0289192374852817	-0.0318231164312227	-0.0254528074248079	0.00272322365713859	0.299490903509514	-0.0314422804731556	0.00560844843964206	-0.0102199620822708	-0.0325526715791138	-0.00702512288574927
1464	Res-012870	-0.120971095077997	-0.603733383198031	-0.299681002545054	-0.447644549528052	0.766627036351402	0.620484583248482	-0.358284079766164	0.582700818775304	0.625185180214611	-0.0635256371152328	0.00663240879069971	0.244657027183613
1465	Res-012875	-0.00360144825115333	0.00211875738786111	-0.0146677605427206	-0.0168944881191386	-0.0182116782182847	-0.0173078187538834	0.149054982295709	-0.0153212195952047	0.0462678629660117	-0.0129804837472554	-0.00806538515941346	-0.0165932340100557
1466	Res-012885	0.0266860605882104	-0.200837676251146	-0.257975130507278	-0.221728546385668	-0.175659373874424	1.15827561875796	-0.119492437785011	-0.0622401447678713	-0.0735232643804494	-0.136250119219743	-0.125220561420074	-0.258830087955144
1467	Res-012887	-0.033453896058536	-0.0858540923996308	-0.130439720048938	-0.133419392014533	-0.0362813155310909	0.748914142703735	-0.0562508764744464	-0.0691034943027517	-0.00608630912263766	-0.023948036576781	-0.0531416381863753	-0.113968367082885
1468	Res-012888	0.0426811210579209	-0.06130961987823	0.20825708501663	-0.0735431064417321	-0.0868574034950734	-0.0976597429613894	-0.068763832478235	-0.0953448346624836	0.0140429470578659	-0.100421654232244	-0.0122089717706297	0.156562087172564
1469	Res-012889	0.0248847083111062	-0.148329365970863	0.017924591802685	-0.151756515432909	0.113773630722574	-0.178333604142048	-0.0873035020622904	0.576854360856741	0.239575132953872	-0.138141465221596	-0.0357489691967921	-0.0342667721596477
1470	Res-012895	-0.0310714348925697	-0.0211236954929688	-0.0299007692634324	-0.0270948078373438	-0.0314353911860124	-0.0172806776218893	0.0390973555334579	0.206778147962477	0.349200899169151	-0.0208925269534838	-0.0336372058928034	-0.0156418678512836
1471	Res-012897	0.168462060890475	0.219839602064693	-0.268902396861663	-0.242726498469604	-0.222610472638593	0.379603939252037	-0.0756979584095203	-0.0979557745105406	-0.17642736014322	-0.198345073455759	-0.165885137370472	-0.240814817716769
1472	Res-012902	0.0125800832758651	-0.0430092122078469	-0.0508233004576671	-0.0477301171637846	-0.0387471462341273	-0.0318924439134815	0.448916644462156	-0.0104739487585939	-0.0110160783606696	-0.0386985806600305	-0.0503661678037496	-0.0522665555672833
1473	Res-012904	-0.00854813865370036	-0.01403814545072	-0.0130848738618655	-0.0084009315957892	-0.0117302572681496	-0.0116150299343942	-0.0110179048130091	0.119980062325042	0.0203844055269016	0.0117196771815645	0.136257425247994	3.61160002283738e-05
1474	Res-012905	-0.00114332569549853	-0.0647752734137493	-0.0722814956720287	-0.0720522687514703	-0.0586432118154056	-0.0734587532072517	-0.061342103099203	-0.0362705759317482	-0.050650440339417	-0.0513932690867556	1.34025851759103	-0.051051227620141
1475	Res-012937	-0.142728735521945	-0.266634122067951	-0.275598558143256	0.13492495757037	0.667260392642758	0.0947242141965897	-0.161525871840251	-0.011750718307795	0.192843419093588	0.126962716822608	-0.125092052647823	0.053958581436249
1476	Res-012950	-0.06145223914441	-0.155106853066456	-0.177731383838557	-0.143413371491376	-0.069069313964272	-0.143995621935159	0.143719852363401	0.444038789088068	1.16179804693111	0.24600189975974	0.128944500968112	-0.174551593355871
1477	Res-012953	0.0183040841683383	-0.0385970701450203	-0.13294190752159	-0.0305580206540973	0.000833706685767599	-0.0596372480058524	-0.0232702059012095	0.0400904743143582	0.0383554119861415	-0.0671580339682689	-0.0690475559270597	1.31907102776038
1478	Res-012956	-0.880635835839532	-1.38552703788607	-1.50530568926218	2.05167284921439	0.920180408852524	-0.857878195203508	-0.775677206629763	-0.142843919574736	0.290225646365935	0.787386059793666	-0.691898280482464	0.0284299782714488
1479	Res-012959	-1.15362328544016	-1.9762459832743	-2.09947330812827	2.39069922475228	1.00555234679195	-1.08167398826811	-1.08544798702044	-0.195058373484372	0.485665241959107	0.977445212033595	-0.632576741441657	-0.0476668190479876
1480	Res-012960	-0.0109661523893838	-0.0572994629825407	-0.0852519788844419	0.21382835595205	-0.0233886369079436	-0.0587802854554794	-0.0310162397425588	0.0207891940998601	0.00988067166662907	0.0643866567947183	-0.0524070877864305	0.0450005598661375
1481	Res-012963	-0.119518436317172	-0.382445550658556	-0.451043930060166	-0.437444755548431	-0.460699848110649	-0.447616918100729	2.5874052654349	-0.296705596624307	-0.180602911962925	-0.389431024360993	-0.395039600245407	-0.472599610977535
1482	Res-012964	-0.0709570169376304	-0.171728937663441	-0.185894037590536	-0.172999481005889	-0.136059461495326	-0.169178333065856	1.48309887096653	0.0824025216755019	-0.0439728029636084	-0.111328693718977	-0.176862109144983	-0.18919266472219
1483	Res-012968	-0.00318969050996	-0.0184329417026549	-0.0263531644143071	-0.0179330781421073	-0.0260207688187595	-0.0267342652106427	0.304680664704955	-0.021395710648301	-0.000300362894782399	-0.0273227212131554	-0.0329205055086378	-0.0191052402225713
1484	Res-012970	0.0592080398207384	-0.0220931774273262	0.0760912206257952	-0.0401949888043537	-0.0529176401011539	-0.055114210491702	-0.047083618140943	-0.0589343500753339	-0.0485138042978862	-0.0432484881744836	-0.0246180600944068	-0.039205018233974
1485	Res-012973	-0.0105267448877594	-0.0278668201099226	0.0103360353060532	-0.0344406203868707	-0.000542223691061543	0.0215266018737365	0.0144738515808118	0.0260275917835061	0.0506903813171766	0.0465944951276584	0.00971719290452888	0.211128459344512
1486	Res-012977	-0.0307073811777492	-0.260256066990445	-0.23790373290225	-0.191433086895254	0.872333917738779	-0.0387910873472531	-0.203904064744589	-0.146082696096201	0.267885479874186	-0.043714940795878	-0.214843604747349	-0.330366343001075
1487	Res-012982	0.0426060653618017	-0.0393958866201032	0.0500764368366848	-0.0429504578679222	-0.013023837381011	-0.0274370856842367	-0.031239916162926	-0.0381114008935097	0.00268448588820656	-0.0283135810750787	0.00243310685276082	0.00629486804697167
1488	Res-012985	-0.044198683679835	-0.102429507777452	-0.153636474546917	-0.150936236303045	-0.149181668620484	-0.154386342036153	1.35108075990948	-0.131776135414024	-0.00779033400285065	-0.138868009993091	-0.135996574612507	-0.129466207350264
1489	Res-012987	-0.0656125903982134	-0.0157498029664547	-0.0922021417637003	-0.120085945947195	-0.0703773962383429	-0.156869003512113	0.413473323769926	0.502862867601447	0.0304124738760618	0.143862022678996	0.406030269925389	-0.118061523928097
1490	Res-012992	0.0399153571654731	-0.0309929147956111	-0.0290561383511156	-0.0179992252342072	-0.0382452312678301	-0.0176988863288201	-0.0427028673190311	-0.0106237280561347	-0.0407332265922354	-0.0056915846067058	-0.00804645172353069	0.5991302766271
1491	Res-013004	-0.169664974432307	-0.422954231166212	-0.381536132257984	0.991740422867735	0.186384435216368	-0.404137514395744	-0.271749326573645	0.018683524543721	-0.00420834920512059	0.320658463133703	-0.227775006977756	-0.100412806723138
1492	Res-013053	-0.0401110441369732	-0.120633348109811	-0.165133524758969	0.550316207302072	0.114637845279371	-0.416425256337591	-0.314306692665759	-0.0387574430293783	0.00555492927387602	0.170215329144271	-0.237079058885819	-0.0286824931924581
1493	Res-013061	-0.0284035907941725	-0.261771795085898	-0.376318190336678	-0.356065640760089	0.00963666190415768	1.45693166942486	-0.158563212385783	-0.198908220561775	-0.16587206072832	-0.170599847026787	-0.191655108142832	-0.269800090263729
1494	Res-013064	-0.0335231093994528	-0.152157926602991	-0.161741917771743	0.44049557196655	-0.0643614358888638	-0.163094404757681	-0.107369026958667	-0.00692795514806493	0.0608771486889597	0.302209687241164	0.0987717141048605	-0.0547935818591464
1495	Res-013080	-0.0323224307866989	-0.0145450038078067	-0.0282160211684927	-0.0262369613014523	0.00772785920005811	-0.0138049781750398	-0.0200405598496285	0.0144524339999501	0.405606388549611	-0.0200340409009486	0.163778602682208	-0.0248190619170702
1496	Res-013087	0.0206599559089621	-0.013570826763087	-0.0198892197512716	-0.0171755259418611	-0.0176873469429458	-0.0194467552282619	0.141426673146244	-0.0275279421286725	-0.0191987320149717	-0.0103248118582117	-0.00960886424832038	-0.0248543057034978
1497	Res-013097	-1.39385792695123	-2.15323389844364	-2.58376680636519	2.66932213129415	0.776824316446443	-1.42333972859226	-1.31992130837026	0.0358344832549413	0.80731401861429	1.02853202975033	-1.13648250497821	0.609403151754264
1498	Res-013099	-0.111300858266776	-0.281398669383717	-0.278398597595778	0.222650447751863	0.737062150616659	-0.128915120432309	-0.189982283559284	0.000734767003193471	-0.135238299650717	-0.116557988571296	0.067727504317438	0.209490744548181
1499	Res-013110	-0.0866864983742569	-0.197995236486255	-0.120946633850673	0.0761370064506022	-0.0377904799841469	-0.392346137570429	1.01860574785986	-0.122417985058373	-0.079857361045218	0.436024519857684	0.370159313313694	-0.0899849667388725
1500	Res-013138	-0.0010393982474806	-0.0285465930171943	-0.0364937568957463	-0.0304235054166761	-0.0364945666092834	-0.0317846110366977	0.00076612495842824	0.0174105865264228	0.505657167830383	-0.00977847784121116	-0.0262458729176154	-0.0268972476857182
1501	Res-013140	0.553401457182807	-0.429644419691046	0.963844581987371	-0.82530527496504	-0.810291505427072	-0.913942403944596	-0.566795239876201	-0.350865903994954	-0.467392643709585	-0.572040451619466	-0.452601056528221	0.480351309048064
1502	Res-013149	-0.0025593249568894	-0.0559059342788308	-0.062485470164907	-0.0486609768368481	-0.0441481953377173	-0.0328448111709684	-0.0237034448424185	0.214729799787754	0.594728470298128	-0.0416171120909632	-0.0226465419428982	-0.0781922292813181
1503	Res-013156	0.610236473579633	-0.463897735506331	0.825069464212603	-0.765227288003789	-0.812885120287177	-0.789464123842135	-0.365387488905659	-0.2929409686598	-0.546591379167981	-0.646391586594207	-0.20255189438845	0.217426348476481
1504	Res-013177	0.0599015390489283	-0.0944075763674784	0.248432428892345	-0.0675498709736703	-0.114923294718229	-0.122394502181291	-0.0578875114865058	0.0306324250802886	-0.109323708437235	-0.156971586073488	-0.0971706661041123	0.079678481356425
1505	Res-013183	-0.0168345996597733	-0.0218347983417429	-0.0330117974372424	0.108173522264523	-0.0250104567604711	-0.0228390640668024	-0.0170803694754285	0.0624590414658105	0.0140850408156502	0.00570328260867881	-0.0204304040318488	0.0224344065714028
1506	Res-013272	-0.043634185551637	-0.0932655881124929	0.0693543566009185	-0.0523524213021646	-0.0444856543069327	-0.169524878833861	0.622547387300426	-0.0340894955778674	0.113454047932551	-0.0303596756630746	-0.111417204575088	0.053005667214715
1507	Res-013273	0.434072989397137	-0.340684327331346	0.48810192270281	-0.540166224965705	-0.426050228412332	-0.841128829619114	0.704356990854841	-0.339676657948789	-0.542256706610993	-0.650956409425741	-0.403228606851902	0.22075189787503
1508	Res-013277	0.0281130484186269	-0.103001702243159	0.0520447966986755	-0.0927781119271312	0.208203590191378	-0.0952821653908226	-0.0739533420188422	-0.00798603295836742	0.0269307707407967	-0.100360072152711	0.0193085681356227	0.041995296263292
1509	Res-013278	-0.00920019156421758	-0.0304023902893655	-0.0548084941319769	-0.0421093323469434	-0.0418909935661819	-0.0450894641538579	-0.00646625882913506	0.102254329588268	0.62542316064372	-0.0428863229646648	-0.0379986079200198	-0.0463083311819815
1510	Res-013281	0.0877068567343814	-0.137213127942483	0.169469505896165	-0.0398067000672594	0.0507621831024829	-0.177960324408088	-0.102258781360065	-0.0463856515422466	-0.0809043438689112	-0.108568757957395	-0.163571403873636	-0.0193559886331164
1511	Res-013282	-0.39949468319259	-0.492133580177771	-0.572320730346097	-0.498098556342152	-0.227350399618135	-0.356287961434224	-0.355963384581144	3.09020845994436	-0.201212616796334	-0.365248917886066	-0.463312936440513	-0.545394739858538
1512	Res-013286	-0.0220390293682819	-0.0207349669437193	-0.0373599719988083	-0.033090095107106	-0.0271602410276484	-0.0411500991247674	-0.0209381453247513	0.101118767020068	0.014986609115934	0.541056934864797	0.0503745066467171	-0.0366285942533203
1513	Res-013307	0.0260188927780573	-0.0844417991762422	-0.15520510916761	-0.128107831867898	-0.131309570378185	0.742763327117803	-0.0662246455702596	-0.0673928719645001	-0.0590580624649812	-0.046122415585539	-0.0686757984911781	-0.109645643055292
1514	Res-013308	-0.0138944415748506	-0.153542152241454	-0.0702278211717891	-0.219063534725455	-0.16556215659342	0.954177966356254	-0.0883736701407087	0.0159963969104755	-0.0661302259481902	-0.117346331620524	-0.171283147806318	-0.14911847488589
1515	Res-013311	-0.00568376272372729	-0.0042873853805195	-0.00674347800992272	-0.00562673779261865	-0.00583360999225985	-0.00656663276241354	-0.00222236189314064	0.100711592965197	0.0173101300935038	-0.00429920639160569	-0.00295589672085564	-0.00569168057338499
1516	Res-013322	0.0392490598264461	-0.0422805645386499	-0.0408329055882059	-0.036212358927129	-0.057437995546526	-0.0190732822525157	-0.0339398633525646	-0.0388739972114093	0.0351589523037025	-0.0227171508912502	-0.0134783676331847	0.902338275678624
1517	Res-013346	-0.113440670230994	-0.249183727052558	-0.0615583788857413	0.385097893490979	0.412751012081078	-0.198860874866997	-0.175454232069903	-0.116683384504662	-0.0152863255839036	0.0975350941909245	-0.223470643784493	-0.0340544918943872
1518	Res-013364	0.111413641526465	-0.0894781344875872	0.120770938622421	-0.0473614031621239	-0.119437818770415	-0.146498812620387	-0.131267091946687	0.0586193677433481	0.0316751577840612	-0.0297960474581349	-0.0720474326098961	-0.063619471071098
1519	Res-013365	-0.0172564266978423	-0.0133594739151973	-0.0127353777253607	-0.00891664274059342	-0.00328375757587297	-0.00342353758413577	-0.0125123198155822	0.22016109415572	0.0148031766402113	0.00567606601245629	-0.0187849980625602	-0.0169766096087028
1520	Res-013369	-0.000504696060134008	-0.0501503769070622	0.0340051015755146	-0.0604160891062995	0.0768797682104071	-0.0443554115250274	-0.0577740239720178	0.0524957513243677	0.187679195001738	-0.0641789241621681	0.00766045957473757	0.0478951693036864
1521	Res-013375	-0.139382567928354	-0.181774824001261	-0.254287047665855	-0.214799071310922	-0.207131108207767	-0.215944345841898	-0.130922789122713	-0.170596353436947	-0.0947947999855013	1.1873672198563	2.33798272046999	-0.205200508810967
1522	Res-013378	-0.0213871684687023	-0.0245202739608151	-0.0191743626537273	-0.0168305779906803	-0.0140032889372659	-0.0157341940550479	0.00298161041023169	-0.00652700931220951	0.0166255256209954	0.4422859256673	0.0607127844483503	-0.0210699806440858
1523	Res-013380	0.0652731255395185	-0.0510733149557842	-0.0276326928677671	-0.0260594655253054	-0.0317209564682419	-0.0517114392954257	-0.0349918047276774	0.0162787292465761	-0.0514951838603815	-0.0141866023890391	-0.0340933302092796	0.510934903870209
1524	Res-013388	-0.00177239442337923	-0.0133621492349484	-0.0169303692920192	-0.0162471788842043	-0.00521793563263975	-0.0137413902318753	-0.00690309012028787	-0.0165101737426481	0.283175960802706	-0.0111415820888488	-0.0125282662142312	-0.0173834480636866
1525	Res-013390	-0.0106863752701965	-0.0132853729144466	-0.0466436050253652	-0.0315721078171631	-0.0264635322502253	-0.00906810744673696	-0.0277562506329818	0.353884531221706	0.0696038408661002	0.0155583512157666	-0.0203502344912731	-0.018467430612393
1526	Res-013397	-0.108113738619844	-0.171695775270912	-0.209165628895349	0.282668783504673	0.533806400993657	-0.172640134964713	-0.149668107534472	-0.043348056858641	-0.0266072116724448	0.0112259727467853	-0.131014194735038	0.0675372136657243
1527	Res-013408	-0.0189614064534541	-0.024369619399645	-0.0426710212100492	-0.0263674566478972	-0.0354630377473078	-0.039739389531087	0.448845690954645	0.0151410022030155	-0.00105432912560275	-0.0409633134672186	-0.041542208062084	-0.0187705418997065
1528	Res-013432	0.00228181442368296	-0.00465461740092641	-0.00426754010151891	0.00337939934896129	0.00448159063972313	-0.00714271377603489	-0.00536032743798931	0.0244725001621448	-0.00483690498671649	-0.00374594759705911	-0.0072370058413832	-0.00763006795872611
1529	Res-013440	-0.202304940679865	-0.341788256825802	-0.324125606201041	0.121125842818802	1.13971876064188	-0.269743555131796	-0.290911846182289	-0.0606368983131613	-0.151889540454971	0.134102551501804	-0.129125728263463	-0.20560218818588
1530	Res-013444	-0.154304938193353	-0.166073886235753	-0.325419130519357	-0.1106168991976	-0.172261801586443	-0.242774835893143	-0.199312417601653	1.78864105033176	0.363476998844043	0.35450711375821	-0.283549599563245	-0.284383727882497
1531	Res-013447	-0.00994146863072243	0.0793189042236297	0.0201148396326288	-0.0275378468224956	0.0301528978641888	-0.071312179127183	-0.0602614425633515	-0.0239421795687783	-0.0663495934974419	0.00568612702014312	-0.0429011978814558	-0.00373667446181106
1532	Res-013473	0.00692518764962623	-0.0312834568454295	-0.0376635581823746	-0.0362056830921516	-0.0434191131966133	-0.0417825972383374	0.421356295039078	-0.0358913765277395	-0.0094275855172082	-0.0327114994355468	-0.0340312807359754	-0.0440712855507155
1533	Res-013484	0.0245976529397045	-0.0605394768499343	0.00452491738407182	-0.0518102660894444	0.0960914877351685	-0.00904737552942352	0.00771296065999331	-0.0187174435940134	-0.0126281595241145	-0.0280041182156164	-0.0370712950527893	0.0710452193841514
1534	Res-013490	-0.0135579447155334	-0.0864513989321473	-0.056450409841554	-0.0560651286258235	0.0712202451253133	0.104431447597818	-0.0615109759318314	0.431338578611958	-0.0484463382271108	-0.0731791210399562	-0.0172111840731523	0.0191952710039741
1535	Res-013491	0.00228866747953249	-0.0528816022401646	-0.0293474177722933	-0.047993421899791	-0.0415543347419893	-0.0253410163078499	-0.0331162525688863	-0.0147360627248648	0.686547432270149	-0.0468252348149988	-0.0433650396815101	-0.0499769533707225
1536	Res-013499	0.00281657118348813	-0.016455627817063	-0.0448157735098358	-0.0648548974017225	-0.0442603042324832	0.229068690932515	0.0559364568823264	-0.0264745948823827	-0.0535337206266075	-0.0118223050573902	-0.0422809786742033	0.277274426789386
1537	Res-013500	-0.0419667594381864	0.0102551249572207	-0.110660670982842	-0.0902231796693845	-0.0137415779621846	0.312100903302458	-0.000260639528311651	0.323204550036064	-0.0712116645432231	0.0218065096821572	-0.0418985661794282	-0.11199374087617
1538	Res-013510	-0.0401439439818263	-0.0634839080570781	0.0150891039402812	0.0982158454857742	0.0970248009974617	-0.0641280907624725	-0.048876953554835	0.0562687841089594	-0.00179360533126173	0.0103742817788049	-0.0335651072918736	-0.0402067502543361
1539	Res-013522	-0.0351674002304118	-0.0207181047132783	-0.0257128754812189	-0.0210181475717793	-0.0414802109677607	-0.0462283059648746	0.487769414055607	-0.0259400356324887	-0.0148057867190217	-0.0224908765711594	-0.0287819487255435	0.0302216797616534
1540	Res-013530	0.0347644068067242	-0.00529345820216623	0.039350697494533	-0.0165102607668048	-0.035709700724868	-0.0670254875896451	-0.0707621174457627	-0.0768177165423478	-0.0669717493380074	-0.080044867012879	0.0162475251461214	0.479730023058361
1541	Res-013539	0.000843826933692782	-0.0773421809490675	0.243408101223116	-0.130011946066777	0.194640941197803	-0.170027353711193	-0.105025384065878	-0.0853702442040196	-0.077008884224822	-0.192422831880678	-0.115775186100197	0.00164706067879056
1542	Res-013543	-0.0438072260139339	-0.967017253340104	-0.553769044167051	0.830718213603761	0.469102305086867	-0.325293502097065	-0.76773800222171	0.686974789020454	0.722949385318586	0.140962595760441	-0.664828507895649	-0.380528369637511
1543	Res-013556	-0.00247108649227215	-0.00819543844093574	-0.0116519725406666	-0.0100119799421115	-0.00834233491586023	-0.0119740425891948	0.00178261968493749	0.00401625863361761	-0.0112331973109192	-0.0107541855580029	0.284865557381395	-0.0109974691101668
1544	Res-013557	-0.0096123791887683	-0.0202828200892191	-0.0186307899144129	-0.0144340090894289	0.0135423333455729	0.0346576109499947	-0.0129769783304899	0.0701194677636591	0.102592470473693	-0.00310192228042747	-0.00957667677902296	0.014157356550189
1545	Res-013580	-0.0236745369349889	-0.0382800206940904	-0.0543937672871278	-0.00932007091480718	-0.0462099059723184	-0.0381581372860696	-0.0471626315736557	0.529730973266398	0.0274456751250594	-0.0394124063257001	0.125755779261254	-0.0460178126450361
1546	Res-013585	-0.0124892655842662	0.00402318923871551	-0.00813919273450898	-0.0067310817078785	-0.0102044567270021	-0.00475337244888004	0.144210442471031	-0.0111275153181731	-0.0127790908337315	-0.0116376053427241	-0.00982068014912988	-0.00180794649619762
1547	Res-013597	-0.00567902325277364	0.00650102354980548	-0.0029230632309394	-0.0286921106447521	-0.0207456697013214	-0.0208340253833268	0.170479117599935	-0.00481604485103349	0.0151081105916804	-0.0384598363041323	-0.000225258010761505	-0.00145934707857555
1548	Res-013600	0.0568800512250396	-0.328575889361191	-0.535310891448024	-0.420721824004116	0.0803530589976231	1.52583603943652	-0.0651303972435495	-0.214517165184493	-0.329199911622245	-0.299280124312615	-0.404653213382541	-0.369274287367144
1549	Res-013604	-0.00587838446156827	0.0485636245728739	-0.00646121997522221	-0.0107721447823615	-0.0070909138755912	-0.00968268635876498	-0.0131910480293771	-0.0112609841494046	-0.0114590569209369	-0.0138959644599943	-0.00127078628135751	-0.0103101835254233
1550	Res-013614	-0.010216685570046	0.0400125171761489	-0.014485391554781	0.00404248743852638	-0.00229210852621148	-0.00823507429892886	-0.0150455077059052	0.00954535148784168	-0.014744558370272	-0.00367901826047912	0.00423270792443518	-0.0152269713925642
1551	Res-013628	-0.00398605334338532	-0.00558792485140242	-0.00234498822180891	-0.00545982864213041	-0.00495342325113208	-0.00868870436499408	-0.00790232176673152	0.0914299892647274	0.0074179283718145	0.00870417095265124	-0.00748399060116896	-0.00934015300550811
1552	Res-013631	-0.0221194123902007	-0.0362827099772107	-0.0671233786526032	-0.0575280534849472	-0.0464210733656497	-0.0567505451900829	0.664012347230328	-0.030932742099695	-0.00272960130582964	-0.0498108359195306	-0.0582411258598355	-0.0577197554780039
1553	Res-013633	0.107009699793269	-0.00528555936397157	0.489690558220342	-0.282940708451518	-0.262107616343821	-0.260480955301074	-0.250826344456009	-0.132280578979166	-0.216712952685796	-0.18607246162819	-0.163102107492462	0.255385617499128
1554	Res-013634	-0.0714063041812065	-0.0587808505674054	-0.158136193936564	0.127754693140106	0.0680537935474823	-0.29112818222197	0.468792307659153	0.128910081519378	0.101498490345179	0.301686067447803	-0.0486750082243578	-0.142717291990254
1555	Res-013641	-0.348050789223905	-0.559490640760701	-0.576665213660057	-0.558030589433091	0.689534972254478	-0.329345465007365	-0.377323962931871	2.40841086093398	-0.0988792922421554	0.45581545820342	-0.381953791716947	-0.508247394944827
1556	Res-013642	-0.0100125840217503	-0.135317324973776	-0.220100369515549	-0.201347804525577	-0.183595683942815	-0.198720098687464	1.51743107882135	-0.0375437839540839	-0.122069921687017	-0.194704324480715	-0.20351497277948	-0.230717621749817
1557	Res-013649	-0.0154780363112914	0.26215145609603	-0.124926795266411	-0.215350956002556	-0.200122483533108	0.580691097583701	-0.133341487529378	-0.0598258325683097	-0.166355434357621	-0.119814001244163	-0.245760733371031	-0.238524758406119
1558	Res-013653	-0.00188521790492191	-0.0171173759349634	0.00224507372594988	0.0146651192529239	0.00543426301271007	-0.0103623361767823	-0.0224321510917332	0.0202319801201422	-0.0049850424649967	-0.00583092921179167	0.0340813055143898	0.0605647480453298
1559	Res-013657	-0.2016532911195	-0.190225381627292	-0.188277793230974	0.387696474186568	0.600148834183248	-0.160129686628483	-0.156481455387336	-0.0702428650973361	-0.0296465617143224	0.0526476247315007	-0.122057339064563	-0.114895208743192
1560	Res-013661	-0.146115261577775	-0.167626341627594	-0.118012801719323	0.149027604727747	0.565433977314475	-0.232728276989919	-0.204683777363178	0.143357496477877	0.244362229913082	0.0725669591372591	-0.159895387691482	-0.042864738825476
1561	Res-013672	-0.00174492349136675	0.00127850998944902	-0.00374372560423676	0.0138516107455367	-0.00587690594685033	-0.00931102324705205	0.00553535668327975	0.00393703718579219	-0.00560592230174041	0.00595214969416658	-0.00152770240579579	-0.00602327003432472
1562	Res-013673	-1.45497627652221	-2.04521149009264	-2.34815376098186	2.15838257523428	1.54153763145025	-0.707822526109788	-1.10925017967046	0.198000102716433	0.76659212526998	0.483195917767838	-0.820732156308618	0.0777533542564814
1563	Res-013693	-0.0155220020311828	-0.0530900823609363	-0.0669105938315803	-0.0494518609741018	-0.0501196490873954	-0.0458559203516983	-0.0137456092774342	0.637269404181234	0.0100348628923958	0.0395260590674206	0.0176444068528067	-0.0603528589520228
1564	Res-013699	0.118051177580459	-0.2719742428558	0.119282199586478	-0.0382971010640811	0.108028433855765	-0.218800861501538	0.309547367465932	-0.0278949556485903	-0.229418438543491	-0.401352980222524	-0.139140954943265	0.118292396368004
1565	Res-013714	-0.0161676891536871	-0.0126782082081329	-0.0158833556953933	-0.0100330535076683	-0.00142092385350894	-0.0142424125340093	-0.0126167105274232	-0.0138014564046277	-0.00922110296266234	0.34503988651823	0.0485204923507177	-0.0134986145013363
1566	Res-013717	-0.0651131251800275	-0.187245824872426	-0.314900494616596	-0.190154587936032	-0.206921106352072	-0.108100031816117	-0.105623908175312	1.61200443788712	0.621061516517705	-0.0927882201729432	-0.0955446994031749	-0.358311540411322
1567	Res-013725	-0.138643266153929	0.234345066704061	-0.257838775479991	0.300792338152818	0.232769974315738	-0.195301941753068	-0.223166530589488	-0.0690439471444211	-0.0519115093080387	0.0053289863066861	-0.219476065461242	-0.157009391497904
1568	Res-013727	-0.079373854496391	-0.159679793016053	0.0977129827779504	-0.0540949953300011	0.275593376040062	-0.147310804638509	-0.137010945655346	0.114828874034709	0.403689453706629	-0.027067210422852	0.054632912570485	0.0516175723997995
1569	Res-013734	-0.013144655506671	0.00292536338264141	-0.00766979265095208	-0.00942940868007814	-0.0118814521208091	-0.00969769492150315	-0.0102893106310121	-0.01190913977506	0.247985549947668	-0.0117448078760268	-0.00670392672657012	-0.0118484710936015
1570	Res-013737	0.12054760741687	-0.0946072086138164	0.435117389332954	-0.179942501677587	-0.205302696535245	-0.239129577043396	-0.190329368426061	-0.013988851912448	-0.187589367340219	-0.175830163133842	-0.273851424557971	-0.162968229210889
1571	Res-013739	-0.122090497251949	-0.369276736622341	-0.191119541809304	0.543358240356589	0.496800566197868	-0.318277285479975	-0.295065945557277	-0.0556986113461569	0.245361080906622	0.0793454267888036	-0.288125964376877	-0.0134013962216967
1572	Res-013741	0.0249645432012999	0.171180670936774	-0.104246136403821	0.208318146009387	-0.0349992405992727	-0.35075555346927	-0.196958380350389	-0.173953551733191	-0.0161714203575386	-0.00277890291743754	-0.192571660329252	0.0714982985843434
1573	Res-013747	0.0593894465616763	-0.117504182862945	-0.165358243317604	-0.0372038283800595	-0.101242406225672	0.347046001480321	-0.0782533056235928	0.404734671448312	0.0220139841808555	-0.11641923745846	-0.079951029321879	-0.173445063382135
1574	Res-013751	0.0390972532422114	-0.0208007041658302	0.097149171994216	-0.0430265077752974	-0.0413134005650674	-0.0560906572833275	-0.0417502009839636	-0.0334883252135044	-0.0467317127438335	-0.0405604730227477	-0.0244620449610907	-0.0521895318416098
1575	Res-013752	0.0205641155783207	-0.019168268816543	-0.0162720480181827	-0.0194414715100194	-0.0213236961388645	-0.0223419553316357	0.00734130516823982	-0.0155692075504204	0.20760353911478	-0.0149896633688146	-0.0254808541875882	-0.0061829040636062
1576	Res-013756	-0.00592154689692705	-0.0340082057766509	-0.0416359497013277	-0.0392794814946847	-0.0374709086467341	-0.0319248478881732	-0.0107678412526503	0.0282239862647099	0.58486874480162	-0.0245246201393537	0.00781800672709933	-0.0258776641388674
1577	Res-013763	-0.0140217490627036	-0.0400463154032563	-0.0222052343116668	0.058269203557364	0.0130873438818424	-0.0300938801618652	-0.0387974157914861	0.102166365155809	0.09407611879517	0.0354430007909277	-0.0396941162283913	-0.013571951308419
1578	Res-013765	-0.0367640203514903	-0.0506592776671624	-0.0525045018321796	-0.0444833070349315	-0.0445351625484313	-0.0113581550282852	0.651036645996593	-0.0444867249748853	0.0061613997502664	-0.0520969137041	-0.0474588163851854	-0.0530193664317691
1579	Res-013766	-0.00445264955361944	-0.0206096842938794	-0.0359265373900333	-0.0390679989245642	-0.030626902144603	-0.0226066469446	-0.0290150025550822	0.434125465303369	-0.00643633914873953	-0.0182881448483308	-0.0429556904543993	-0.0327355939601699
1580	Res-013801	-0.0882081944114544	-0.163686835352117	-0.189460315739476	0.220282841144975	0.413599658515829	0.0214820748772614	-0.105103313916857	-0.0435118924590149	0.0141168695933239	0.0102043069721415	-0.153681360912309	0.0901917794116795
1581	Res-013802	-0.0387354062480884	-0.120180478796082	-0.131955283986914	0.209815111682778	0.26209490243573	-0.0865940176572257	-0.0715293215294435	-0.041043686756318	0.0197410268634115	-0.0238532932841519	-0.0532049489741087	0.0283110068310696
1582	Res-013810	0.00949294995999595	-0.0101883055021306	-0.0144558259407577	-0.0286131347027622	-0.0282091547200082	-0.0190558711073722	-0.0230051702453185	-0.0151794647265429	0.019248523520798	-0.00447502597184088	-0.0192704651802952	0.640374865862778
1583	Res-013819	-0.0241594215765391	-0.015565557778806	-0.0128662273141135	0.0526819931039655	0.000505545280273165	0.0571815941629815	-0.0120095444456433	-0.00252362170343426	0.000988463641079507	0.0157635292850386	-0.00459795908901742	-0.0163334063656092
1584	Res-013871	0.0508378195398694	0.0772001445041929	-0.135352616667182	-0.0983396181900208	0.0763473639913549	0.00652349462382312	-0.0538092184391087	-0.0231579245408565	-0.122596002887359	-0.0391972272054835	-0.0490631204853883	0.399247914111825
1585	Res-013874	0.00418148352097455	-0.068260970794975	-0.076215632228743	-0.0778552087922497	-0.0645206021872751	-0.0629912025096061	-0.00926547495635772	0.309210023658633	0.692052665965039	-0.0395669762988474	-0.0803347026964843	-0.0634492395228342
1586	Res-013877	-0.0130864095722377	-0.063070767482557	-0.0535787668346755	-0.0651631439758281	-0.066306492086318	-0.0837312725108929	0.083127689461709	-0.0479514914892894	0.92895129079731	-0.0686942032822104	-0.0709388769907273	0.00992187322930489
1587	Res-013892	-0.0220579771420177	0.239243139789029	-0.0793740045654704	0.165246114369133	-0.174900809341808	-0.178817747288128	-0.159070375511211	-0.079708204468024	-0.112372950071916	0.0812566617678415	-0.0742820287268889	0.0426469695104123
1588	Res-013895	0.00831954121792475	-0.162561391097052	-0.0168171052536757	-0.127228738969784	-0.200299254180059	-0.147848869906179	-0.161616207582951	1.27502905296504	-0.0642271976584362	-0.181245987726789	-0.125585690989073	-0.0549617297266729
1589	Res-013904	-0.0986854948520229	-0.232435686766997	-0.307368024052109	0.351282314068553	0.474913079527412	-0.169473807870757	-0.208727550639855	-0.0722261876933541	0.264450248596837	0.298836223090986	-0.188629684150871	0.11853908990689
1590	Res-013912	-0.0141749527976951	-0.311982941181348	-0.36122918628902	-0.308870739021642	-0.307750886802747	-0.281683614516474	-0.129907618588512	0.844399968243957	1.80929143931841	0.0188341360569164	0.80706940878057	-0.287093818738808
1591	Res-013922	-0.0169350059341934	-0.0251267330198773	-0.0227441941124356	-0.0236580620214373	-0.0219589533527159	-0.0111620380442403	-0.000500192946068873	0.355605243636954	0.00439363590781002	-0.000464513774349223	-0.0136616292777393	-0.0249848063090706
1592	Res-013937	-0.00229487865369473	-0.00980125452824185	-0.00655908698949577	-0.00425379664777854	-0.00599797022038403	-0.0054872969856546	0.102697491195589	-0.00674963503916083	0.0027753112325044	-0.00900719908818991	-0.00691340606654679	-0.0117237093876853
1593	Res-013938	-0.0329584541074583	-0.165820563698804	-0.168535645865924	-0.0725386753687389	-0.0660413895869364	-0.126942908440942	0.123367841959664	0.856526123303427	-0.0597150518701632	0.338945889336915	0.546362693152825	-0.153456636729099
1594	Res-013948	-0.0306176627671833	-0.0827352725711461	-0.0942231643426629	0.0515468783549948	0.142524574783583	-0.0754203363573707	0.00371496970359959	0.0696325966432674	0.376269050608275	-0.00382645336035101	-0.0679786654182095	0.0147515512546376
1595	Res-013965	0.0260439646087405	-0.0182022291040605	-0.0370131577444469	-0.0180206467096829	0.0510226678487498	-0.0247134524894986	-0.0163493777639947	-0.0022332246326086	-0.00144992238519765	-0.00943385137884694	0.0381684263675739	-0.00916343432775974
1596	Res-013999	0.220088444989337	-0.165032518289538	0.242320793837958	-0.0919280848039318	-0.187447129797677	-0.237153486213231	-0.124157409584161	-0.148512905094739	-0.156357010053376	-0.206157224056588	-0.144900727792462	0.0128325062569754
1597	Res-014001	-0.0302951204137255	-0.0612549943927916	-0.104580190973943	-0.0588416605757811	0.148581824590207	-0.000227642578712522	-0.0709328488016105	0.166724064520026	0.594254440428758	-0.0852471702662442	-0.121373294576927	-0.0974177381822312
1598	Res-014002	-0.102718678821527	-0.11946421906816	-0.139767823770104	0.0836518747024689	0.493390584806165	-0.0727577305611798	-0.105302045163264	-0.0675354504484369	0.318835919171005	-0.0920836655379905	-0.117529386573761	-0.0768151623194986
1599	Res-014013	0.131836839618767	-0.0562561039151814	0.0470297451704541	-0.217051598252512	-0.168411873528273	-0.162508067695647	-0.144329046178791	0.00142394491767267	0.792920222235629	-0.142935639146524	-0.0645111604070561	-0.14468450827576
1600	Res-014017	-0.078865285901646	-0.208181544120893	-0.278235224103863	-0.22349196181788	-0.0747611978905027	0.241057173190689	-0.18505438372595	0.132737299286375	1.84551553344044	-0.142405556248187	-0.260871926847344	-0.180689750092118
1601	Res-014020	-0.0198213592995723	-0.0396859844769779	-0.0216618116710526	-0.0604787605590182	-0.0148042762951215	-0.0580835989397057	-0.059278734390572	0.605418197200931	-0.069251025682237	-0.0115169655678296	0.0150264967688716	-0.0555377236329489
1602	Res-014022	-0.063851417452379	-0.0642829562042615	-0.102455025945713	-0.0712155109631278	-0.0608827017391705	-0.0817847763785396	-0.0641675755109816	0.744945182899652	0.0659229991528555	0.0987906712938932	0.601943270749223	-0.0401287174611633
1603	Res-014039	0.41911634058582	-0.0110675597628882	0.481958836788247	-0.55549376545847	-0.523516168032014	-0.625402739958604	-0.210906796277246	-0.265392972481303	-0.152514876528203	-0.362526647399355	-0.381510986485673	-0.190782948977061
1604	Res-014054	0.0173091396576883	-0.0185039109138366	-0.010701848382737	-0.00714666614355205	-0.0144069975719051	-0.0189154412611927	0.0102396011568362	0.00828392961089635	-0.00723419683841383	0.0109159295201635	-0.0326049119215924	0.222429646228659
1605	Res-014057	-0.0380455352989001	-0.0718298307054455	-0.0835934600794907	-0.0636510347869187	-0.0673815416123873	-0.0683957911731414	-0.00344927808572133	0.39342906497895	0.238895317404829	0.4627182652514	0.323473285698566	-0.0687902431236029
1606	Res-014060	0.0269249769429039	-0.118709757725668	-0.173204218187079	0.00476370813106972	0.0572105377113276	-0.0770526567514004	0.0744257932489733	0.0677683696773676	0.503384879757511	0.212996637722107	-0.0608538389138211	-0.0112517931427091
1607	Res-014066	0.046390936256707	-0.341763242149639	-0.73188534936569	-0.674728973823782	-0.510414944879875	2.11788898220689	-0.137573268749551	-0.346247301820366	-0.358146130110283	-0.26872727095914	-0.397101527177681	-0.627629691572216
1608	Res-014078	-0.0200224936858536	0.16525048756735	-0.0829333002333983	-0.106545110523402	0.00434182580339965	-0.0961480963876586	-0.0438595414422061	-0.0619089415004347	-0.0269334716402962	0.492089356558806	0.0184944857245137	-0.126174344249696
1609	Res-014089	-0.00994859129866911	-0.0131414519507731	-0.026646135319414	-0.0318472654440779	-0.029988032554867	-0.0398713097237503	0.384709597414454	-0.017374966248193	-0.0138464765439092	-0.0330172636249041	-0.0345149009623258	-0.0512632855406437
1610	Res-014090	-0.023863316434381	-0.0246641217677376	-0.0290964815225901	0.0173102501921854	-0.0339835860554173	-0.0248727109037799	0.310826341672862	0.0303229063730269	-0.00124489515281737	-0.00823206258202495	-0.0379007774167999	-0.0291145021923891
1611	Res-014096	-0.0266009235914002	-0.119158751985104	-0.105350431472327	-0.0389674615405987	-0.0794497828423812	-0.121357426517018	-0.118803293272731	0.394457300047455	0.446131267859118	0.780362296131442	0.0153597351792261	-0.140270438180779
1612	Res-014104	0.047473851094688	-0.128482867909511	0.00912336209221665	0.00402758962630384	0.075586067104456	-0.102389498357123	-0.0818808215556663	0.051944058086404	0.256534853183265	-0.0849372555631556	-0.0378222968119154	-0.0810365152789173
1613	Res-014112	-0.021711749829103	-0.111371857270964	-0.199499132558771	-0.191915602717487	-0.176404952557135	-0.159151672744947	-0.0179128812543052	0.481471784795123	1.35584684427034	0.112604851541471	0.0994416459914552	-0.137686452723905
1614	Res-014151	0.00210101511428956	-0.00537090194734471	0.0534718491972429	-0.013160065453969	-0.0119393306108712	-0.0148382828615716	-0.018297745470436	-0.0141550530558055	-0.0199342723198818	-0.0166652048996776	-0.0162779029962991	-0.0206957268878332
1615	Res-014158	0.0187476232180258	-0.00967241156623953	-0.0351371751860839	-0.0439155949542973	-0.0382407355508401	-0.0338414020448889	-0.00480588091799252	-0.032748587917979	-0.0347118013367876	-0.0143329554541317	-0.0349056731642209	0.931333473702667
1616	Res-014173	0.0729336304888293	-0.152403798801568	0.386967130552511	-0.139183288876592	-0.107322942309653	-0.165969198580788	-0.108238930282293	-0.0857626617794659	-0.159176801857704	-0.16989548498085	0.00815320628629357	0.0659756503577716
1617	Res-014174	0.0294374605978804	-0.0339555623220629	0.052834681024542	-0.0646404693690335	-0.0520944437537333	-0.0740929718993247	-0.0708515897570914	0.283911435893129	-0.0359310625640231	-0.0014127840683458	-0.0418113679823673	0.00579459945172836
1618	Res-014177	-0.0158558611133477	-0.0657783886551169	-0.0716088040941628	-0.0808884262497769	-0.0740583544996602	-0.0710309176600712	-0.0625461195071677	0.886005737574041	-0.0242730537803927	-0.0489473919919001	-0.0473723526404015	-0.0501647354185164
1619	Res-014178	0.00550114595225618	-0.028064517094197	0.0495611743140444	-0.0168144959283982	-0.0225337272649972	-0.0156144293774887	0.0111273281745462	-0.00491830527801546	0.0437130593892207	-0.0281829039756191	-0.0141418640668504	0.0480119486835284
1620	Res-014183	0.117615647246389	-0.167462608283742	0.565335278607009	-0.210111601213447	-0.22154032009146	-0.244354706839761	-0.170803598081635	-0.179651182204863	-0.196952056809576	-0.217351489358822	-0.213154800100786	-0.211370298000581
1621	Res-014189	0.0259621641281468	-0.0115430266952502	-0.0126966536005344	-0.0184152824931787	-0.0192152570215804	-0.016177611931	0.0780569287602909	-0.00872048633438219	-0.0174230680610103	-0.0165479185004304	-0.0104052002220021	-0.0176137744141714
1622	Res-014197	0.00136387818895849	0.0062218258630979	-0.00683105059326971	-0.00713299236408883	-0.00768756254875599	-0.0115909094176249	-0.00921869115360154	0.0706036608967987	0.00152346595280725	-0.00912810411055674	-0.0122274290190191	-0.0071028427575662
1623	Res-014198	-0.015434348020817	0.0815844896051306	0.00787277881837424	-0.0257628043248783	-0.0255359821455537	-0.0377872791142162	-0.00120421070102424	-0.0175110949665093	-0.0100823464312793	-0.0144684341932177	0.0213366615995067	0.015848259960094
1624	Res-014216	-0.0299294221288294	-0.08628981394307	0.0310329147870468	0.00119472328071277	0.196757765664684	-0.0586679680125725	-0.0149794295850598	0.00862604031391953	0.0622739911444237	-0.0593576974941429	-0.0780108514326482	-0.00576579709214459
1625	Res-014217	-0.0634979519534191	-0.17693748372878	-0.0167658194514266	0.262383933006228	0.220802756293046	-0.165247904869999	-0.0560700097439989	-0.0788770596226586	0.193534362247297	0.00196715582213575	-0.159006153077428	-0.141866197509857
1626	Res-014218	-0.00801471707233348	-0.529777308948295	-0.779494121812771	-0.693741221644967	-0.518573591787926	2.28867949437182	-0.0810009018324824	-0.304953275103515	-0.324090351551888	-0.219054021505934	-0.453000105673785	-0.623960288393509
1627	Res-014219	0.00504131027809047	-0.0305526643158636	-0.0509263113228963	-0.0457954905652443	0.00801760435079592	0.245225221835834	-0.0439034001959083	-0.0207385204073819	-0.0176768778859019	-0.00988765113698531	-0.0132362714351884	0.0132829335037007
1628	Res-014221	0.383735040347099	-0.493267001192832	-1.29856810456156	-1.22000146255819	-0.796469911824981	2.36796796078098	-0.183386290391281	-0.487509403520839	-0.646600034623595	-0.462254590251499	-0.681474062177656	-1.18812074768449
1629	Res-014223	0.00257063670972542	-0.0447801159840016	-0.069805714116902	-0.0659872540605309	-0.0520883510091037	-0.0701575819816735	-0.0630851511856296	-0.0365768113893614	0.931444484450376	-0.0552867265318425	-0.0502516234429014	-0.0640590756689998
1630	Res-014232	-0.00652783855839964	-0.0544085233928085	-0.056637711851583	-0.0459636305253054	-0.055058395113234	-0.0517237119465903	-0.0520509275677633	0.670057488850668	0.0202036320628834	-0.0317125617108911	-0.0528480542683063	-0.0662261524377185
1631	Res-014237	0.0285572308333309	-0.0235851016398956	0.0280512537427807	-0.11996405331628	-0.0982579489631421	-0.0127248451218575	0.428169772333947	-0.0487434534260634	-0.0833051727114546	-0.0838003348270228	-0.0853972943611333	0.147038665586296
1632	Res-014240	-0.00137677120830747	-0.00902347729676062	-0.0133219344089352	-0.0225887661110143	-0.0211154483447699	-0.0156796326713272	0.195925466788996	0.00596367601561613	0.00666656838540328	-0.0191838476331176	-0.019733013239182	-0.0177260882516065
1633	Res-014247	0.0211072785796546	-0.0326213260824681	0.0141133269156604	0.0818920209960599	-0.0393857928416221	-0.0477708340168873	-0.0538837959783239	-0.059483835485967	-0.0188254772610199	-0.0315757984666753	0.0270585440978546	0.0360595036065701
1634	Res-014248	-0.0347807887298501	0.0639679831000524	-0.17949325543714	0.909445520067814	-0.433401962980676	-0.745052559494681	-0.585177569308093	-0.170760403736607	0.0014823484900568	0.247990709054578	-0.45368555289537	-0.474864991930549
1635	Res-014267	0.00849331362532874	0.0715478594100069	0.0116276944208891	-0.027143859481569	-0.0198097321172357	-0.0487729640761718	-0.0376633420058037	-0.0328839510655136	-0.0511751187018726	0.0115000742106791	-0.0504083009799748	-0.00365720118618831
1636	Res-014268	0.102283333298108	0.162165172059618	0.0743594632534801	-0.160845506705222	-0.120525005946979	-0.157141576846488	-0.125653897022317	-0.0714308777293851	-0.131331069789276	-0.126803793532647	-0.122915767679654	-0.0807539471964169
1637	Res-014269	0.0243660416074545	0.00967304269849895	-0.0587364271389516	-0.0452318552497881	-0.0494279523612049	-0.0181930200564036	-0.042315047384885	0.0654886684256325	-0.00695133135192208	-0.0404388896526836	0.000296426143573364	0.73764744031235
1638	Res-014270	0.0195721167605599	-0.0143198449582017	-0.0255499391615974	-0.0310378846372956	-0.0269147849288986	-0.0191291352743033	-0.0143079496706042	-0.00173843972124393	-0.0267912724336216	-0.0210157709866537	-0.0221181845320236	0.673343736163252
1639	Res-014275	0.0196877932313159	0.00734824675146148	-0.0314195193335279	-0.0294287865029994	-0.0280298961364122	-0.0421764164559643	-0.0327324493357886	0.0214220969550254	0.0399220062063376	-0.0334266824601447	0.0203855000277485	0.476703299242223
1640	Res-014276	0.00038090512669714	-0.0710594991420793	-0.0900342491788582	-0.0944110168431189	-0.0497405213671864	-0.0766025885060296	-0.040092271555843	0.3170968993264	0.160574532204755	-0.0170753095880833	0.891769567738061	-0.114130921804342
1641	Res-014282	-0.0514433575600164	0.532963960480763	-0.163391324771412	-0.109527889972892	-0.0977676128306932	-0.210982199971808	-0.209225040570847	0.0446595670091081	-0.124016473281755	-0.0675581026085318	-0.151312892241819	-0.0688496807064962
1642	Res-014285	-0.0578406599601534	-0.168266645649361	-0.173217113420359	0.0354010725156079	0.386680535384243	-0.138518739723309	-0.115575993384041	0.300657163712923	0.429422638724103	-0.071057180971249	-0.0310726459429808	-0.0728959529152298
1643	Res-014294	-6.60446599542262e-05	-0.00907527308963403	-0.00498946138912761	-0.00352076476398864	-0.0119961046025563	-0.00622680875258048	-0.0107324217313639	0.0948513215337538	-0.010405188902253	0.0370899387672839	-0.0107126610886153	-0.0120544491614457
1644	Res-014295	0.00472971829324925	-0.0168194646542938	-0.00934669749600231	-0.00401636139749099	-0.016310983405633	-0.0141177034350036	-0.0096172341982095	0.127066525199839	0.0245421604773668	-0.00459298150090178	-0.0158296841349743	-0.000363449148436685
1645	Res-014316	-0.0112615156730547	-0.0557931452420309	-0.0497299713389729	-0.0491773222790284	-0.0406728846636565	-0.0332759054660258	0.593292515292128	-0.0315119561899038	-0.0371578874932242	-0.0426486136339202	-0.0373888259954959	-0.0477891458098071
1646	Res-014319	-0.234212583251036	-0.282164006930505	-0.263990776746144	0.306191979150553	0.880620533407243	-0.156128901414493	-0.177043145861312	-0.0518572938718471	0.0238669062760156	-0.0298059031482859	-0.191880284300359	-0.109116911341997
1647	Res-014329	0.0708554362793096	-0.0166465042184781	-0.0337621786223711	-0.0552331066156923	-0.0347232112341773	-0.0118565817625985	-0.0683281171189179	-0.035914901631655	-0.0317336496773231	-0.0591119126167108	-0.0529835023980445	0.530084312117139
1648	Res-014338	-0.0033056059453985	-0.0741645226635148	-0.0848370968767003	-0.0961229774049278	-0.0766281174567079	-0.0582503606791774	0.836058787997023	-0.0491189429276986	-0.0180604329295972	-0.0739343585447508	-0.0820645966855684	-0.0941595982178315
1649	Res-014367	-0.123603154450215	-0.219001342688716	-0.28716028721407	-0.333499143690998	1.01316947088573	0.231056026882314	-0.293095155647709	0.0533112250302679	-0.101210269998818	-0.126019762925719	-0.201248467163901	0.0856916277312322
1650	Res-014384	0.348898369139225	-0.403153216171686	-0.986295065554839	-0.935015709888968	-0.696695662044464	2.07272487710097	-0.0872983368774238	-0.399559542113873	-0.386984510616189	-0.376443033061049	-0.627195292673815	-1.0992176204398
1651	Res-014385	-0.0937892836240541	-0.6261482272432	-1.0669476505697	-0.933123899483094	-0.625693735461561	2.69479131163212	-0.118992717065889	-0.491742068583354	-0.502645049111905	-0.259700193390293	-0.416312662477768	-0.995163853994908
1652	Res-014406	-0.0104370926673212	-0.0405129861251518	-0.044631151579955	0.0486384575871128	-0.0366986046696982	-0.0266781997184655	-0.0375490356336792	0.217911831585296	-0.0154672060582055	0.0611966949178174	0.203094190191356	-0.0318494446895887
1653	Res-014429	0.367814502521066	0.086544764865832	0.380737274056922	-0.474576273116904	-0.512669721551781	-0.531614809415566	-0.310585187645026	-0.112650083687593	-0.181597271660347	-0.369634214606185	-0.27724310676682	-0.0734293995457421
1654	Res-014445	0.0220522987660772	1.6075769203181	-0.104649758816939	-0.923472295513992	-0.567108562838617	-1.5537437841463	-0.9660543831234	-0.538689775723562	-0.811200291627614	-0.949418760225246	-1.1235765746396	-0.57119356020473
1655	Res-014456	-0.0120010950804846	0.00907492006853022	-0.0287323098767964	-0.0253709921430094	-0.0158945717912172	-0.0280547639657336	0.300657525434381	-0.0327554169226308	-0.00310607074905523	-0.0411867932796708	-0.0308737587619922	-0.0425872217568093
1656	Res-014465	0.251306522777899	-0.0190904595497083	0.657073523736291	-0.507057741085135	-0.481949165243895	-0.536079044077284	-0.184598968705454	-0.228506187377529	-0.116855366692614	-0.456582660980901	-0.220700356330183	-0.175573692429652
1657	Res-014470	0.358230403101677	-0.30809328903455	0.992863893517388	-0.676136191131728	-0.692205096728377	-0.712573306783537	-0.459731877007024	-0.354297557707455	-0.451232546580025	-0.592058557914366	-0.292763755883953	0.485770704804553
1658	Res-014471	0.624086484780801	-0.244330685444865	1.05316236958175	-1.12799766311955	-1.21310691292471	-1.31737192719886	-0.420823428487003	-0.302079183889107	-0.566677668381464	-0.930750814125655	-0.588362407223052	0.438601360185179
1659	Res-014481	0.0222616894836826	-0.146628381091539	-0.249571034430453	-0.242616410037987	-0.247537358208812	-0.217700027691234	-0.144049421034651	-0.00586351637987986	2.02350517782403	-0.18276867852146	-0.23836154901882	-0.198530127845045
1660	Res-014483	-0.215877286812486	-0.629634256645755	-0.767852404401081	-0.727022651911894	-0.662403683377266	-0.709980573484041	-0.387640567272127	-0.462956263799547	3.83819257287396	-0.670118187148933	-0.474808386855181	-0.799540149747842
1661	Res-014490	0.0236521787366111	-0.208617334197933	-0.253439703169376	0.374557481927033	-0.365656609028245	-0.383144239654958	-0.120645002017722	0.132939160066543	0.242667126733045	0.0798058408421072	-0.348593236513254	2.0699180393711
1662	Res-014516	-0.0357591812670023	-0.0402362464827191	0.00133277196722577	0.0474060890657152	-0.0205066557457919	-0.0522366675003482	0.0100216026434677	0.293226130100961	0.0525601739469991	-0.0163708381586593	-0.0447234594587716	-0.0229033202424691
1663	Res-014522	-0.00765642676817879	-0.152981029565802	0.0348633246370443	-0.119054554118663	-0.0579878779734076	-0.0852235431370634	0.0786189662473767	-0.024435444023094	-0.00555559806647485	0.292322882569535	0.960513297084274	0.226450130676759
1664	Res-014547	-0.313651442624277	-0.528522911480686	-0.670250922725361	-0.0251098778624902	0.118227629860025	-0.0855258402819923	0.845887172852101	0.298078273056426	1.9694125580646	0.805023203844836	-0.182548062926246	-0.352581218660433
1665	Res-014551	-0.00531432159318983	-0.0956377618925566	-0.100208517248063	-0.0983263833631645	-0.043186312482178	-0.0515134745257135	-0.0860481110981013	0.970093428385807	-0.0571396296492964	-0.047165122010759	-0.089760015375514	-0.111455796530525
1666	Res-014556	-0.00988891866753672	-0.0161554820644204	-0.0420196702876486	-0.12233670065255	-0.00631204625119869	-0.0199511906035716	0.00871153477195319	0.0766723452846679	0.593600801282215	-0.0275407054507765	0.00384596476951682	0.0404373724912985
1667	Res-014579	-0.000220152964752914	-0.0270094338351929	-0.0171734999359848	-0.0194478849868942	-0.011761207622889	-0.0184470601822646	-0.021999862318141	0.00346920960544035	0.346243107782342	0.00609083774906692	-0.0106544891466699	-0.031650179557616
1668	Res-014597	-0.124905126900846	1.08254876893063	-0.318636119562173	-0.332787839008087	-0.272858685028186	-0.334253522576708	-0.163610896853652	-0.297218160762558	-0.29321731289344	-0.339401377306125	-0.338893152697997	-0.359970490561123
1669	Res-014637	0.160731241243143	-0.139112917746624	0.318211159176301	-0.200527531462838	-0.178205694839313	-0.214042294765507	-0.182860277240452	-0.0677331375669667	-0.0839625299764694	-0.16217951985577	-0.0413926074109309	0.326439436264289
1670	Res-014711	0.0368513678153807	0.000387343325461309	0.055088273326583	-0.0361220933367407	-0.0463852002131278	-0.0479494281565724	-0.00515442475567791	-0.026728486828405	-0.0189872325637827	-0.0623371231547715	-0.0581239832542746	0.0223500758150236
1671	Res-015011	-0.0515760456940548	-0.108836106999265	-0.124423540738529	-0.108778555974843	-0.0802887214663639	-0.100818483420837	-0.0834002729825104	0.657643330839046	0.210021723592449	0.724230684534086	0.310318500705485	-0.0204440302923119
1672	Res-015021	0.00886887681388822	-0.022246764063954	-0.028260395669589	-0.0399866439695904	-0.0403747881178598	-0.045392615649286	-0.0318147404978847	-0.0325119362648817	-0.0203229275554548	-0.0284602772129933	0.0281548919925344	1.082249897325
1673	Res-015026	-0.030539316158713	-0.0921607013973741	-0.115988176400572	0.0793725872144786	0.219307475004163	-0.0903931682415071	0.279189505301046	-0.0812161687814929	-0.0465319422588512	0.00953331206849714	-0.0791375058037819	-0.00326923879915882
1674	Res-015031	0.00253806902233509	-0.00969555032943578	-0.0101924936523805	0.0259752596196034	0.00656394075403502	-0.00566602800915487	-0.014592810967316	-0.0151335531241951	0.00411568821680236	0.00501110433719237	-0.0137953730152855	0.00385270869508833
1675	Res-015047	-0.0427015472734499	-0.0715499029583574	-0.0906767378877052	0.0752533526033591	0.216868174725192	-0.0562877618155765	-0.0824002646376209	0.164817358963585	-0.0195584008499347	0.0491729368901256	-0.0434014943725295	0.0338810517244458
1676	Res-015051	-0.00715546431071421	0.000883520407717562	0.00970035011892553	-0.0111309616459641	0.00444312451021301	-0.000926867004565689	-0.0137151762354981	0.0649942930731125	-0.0151512302787877	-0.0114551671337492	-0.00230037259095034	-0.00128483210507846
1677	Res-015057	0.215681074526965	0.56074671881991	0.34096697980215	-0.443151540425087	-0.308741892559644	-0.930196180077001	-0.643084237828853	-0.320914126871882	-0.423205033289984	-0.539822050536749	-0.589623931615764	0.00251460692889593
1678	Res-015060	-0.15120762773911	-0.289017767487955	-0.343851229848894	-0.244328456234206	-0.312367120805859	-0.260272212893302	-0.125611114129637	2.09499561270179	0.480193407198798	0.109351829133955	-0.0892268642496027	-0.296914824096856
1679	Res-015063	0.208599109197912	0.557569662613199	-0.157375752491199	-0.418889304477157	0.00514200993156744	-0.392588355905731	-0.308895872580665	-0.278842592350433	-0.388274753223048	-0.40525670463084	-0.425427919827605	-0.294355254207095
1680	Res-015074	0.290513125752989	0.000740813230860837	0.89185375076702	-0.678960522770849	-0.558041612495665	-0.68962398020651	-0.448441033887013	-0.276541111569843	-0.379190446073712	-0.668961037437009	-0.496631007068509	-0.42634184836286
1681	Res-015080	-0.0035022123448617	-0.0161625156451426	-0.0260140942680799	0.0163231607372657	0.0914498328254038	-0.0261235477523139	-0.024801866120022	-0.0131607688470193	-0.025017209092437	-0.0164261813007694	-0.00856774594680953	0.0131971279504269
1682	Res-015090	-0.013920978457957	-0.0354242335858557	-0.0425193368334488	-0.035663878004223	-0.0298195020673529	-0.0283650236864266	-0.0126495569018299	0.219190918640446	0.24545221242031	0.079632950545174	0.154016379032208	-0.0335165007413643
1683	Res-015102	-0.0221841617492369	-0.0181288775839867	-0.031286850408881	-0.04318677458689	-0.0321534545122354	-0.0235635612355853	0.457304564473643	-0.0127216479651635	-0.0404230973035266	-0.0374779347607139	0.000440768495564861	-0.0268204978858966
1684	Res-015118	-0.00555397060313347	-0.0229895367880077	-0.0223955240052462	-0.0225168030690162	0.134436589306077	-0.0231775109474646	-0.0116317620007461	-0.0131328323742711	-0.0198585455032153	-0.00397522830970983	-0.014749654648463	0.00167126047720732
1685	Res-015126	-0.0163686944120297	-0.0456962689242831	-0.0375187484920001	-0.0440179949843277	-0.0427134147737035	-0.0355469290197551	-0.0310004129830321	-0.0389849399368564	0.802442514649913	-0.037913408770212	-0.0510046674688845	-0.049168391836552
1686	Res-015136	-0.00891349784125318	-0.0338641808282217	-0.0292603292097155	-0.0225674458265845	-0.00486408889830859	-0.0232789323670295	-0.0221148449115764	0.059337811169061	0.0910548123995521	-0.00113178307532303	0.464545461271376	-0.0381689770404818
1687	Res-015145	-0.658466793342989	-0.985513127426705	-1.2227202137606	-1.16724539390997	-1.1628347115015	-1.19155308264247	-0.662063794317327	-0.121568493848274	-0.897894474592307	-0.893016024143567	5.31588280978276	-0.789220247968803
1688	Res-015148	-0.00774240107959578	0.264880086176588	0.124382028338962	-0.116032721269902	-0.100556359496092	-0.189087105785791	-0.175930298400467	-0.0757899089797381	-0.105149790945117	-0.165709355176778	-0.0108571328279288	-0.0676663146235406
1689	Res-015158	-0.0127567032142602	-0.0159019019760126	-0.0237601297987648	-0.021861412249788	-0.024434137248685	-0.0139240865870988	-0.00442955619347592	0.19296100919066	0.203470870980889	-0.00406111308589879	-0.0212853752842693	-0.0233098282665403
1690	Res-015168	0.00122497252813794	0.000757425291828921	-0.00822682895024761	-0.00334463055231991	-0.00370326742213785	-0.00199838186129967	-0.00876962284670275	0.0444389940987251	0.0127372731751458	-0.0013254863276794	-0.00814272861070989	-0.00954255141684444
1691	Res-015193	-0.0499883855378785	-0.0318107412618856	-0.0633050727517572	-0.0553779135988445	0.371770058588933	-0.0501703714594705	-0.0228407215192378	-0.0284623257428356	-0.0413458751400103	-0.0483447347935405	-0.0664955484169613	0.00351089641240786
1692	Res-015198	0.708174045255188	-0.476785464396418	0.99002662836784	-0.968920140813207	-0.950194627885284	-1.13458751229561	-0.669139652859822	-0.290277240477175	-0.405725611469227	-0.648707047940615	-0.777975920914372	-0.433737558290822
1693	Res-015204	0.0255130441216758	0.178945768409496	-0.0900971413084856	-0.0620788000715565	0.117266890091171	-0.162369436121625	-0.136466778150532	-0.0781672101011223	-0.0425960377828195	-0.0866550124628852	-0.116876865638199	0.000115176326787952
1694	Res-015213	-0.0553783301721344	-0.165863187698301	-0.228791310464447	-0.192736573279341	-0.218234719341252	-0.177624230796771	1.70105253617468	-0.180550994331053	-0.170963624945791	-0.156963184010594	-0.217224179851414	-0.147372733739231
1695	Res-015236	-0.031730907033144	-0.0379754302850293	-0.0570989217445855	-0.0108267177669391	0.26185895152054	-0.0341932312975036	-0.0382624188221696	0.0122300860322083	-0.0319107580166032	-0.0297120277019003	-0.0515949994881199	0.0219021291118888
1696	Res-015238	-0.00219812679579503	-0.00426632164464188	-0.0035814233538121	-0.0050521861591681	-0.00290100188756439	-0.0041860524090504	-0.0054639012513583	0.0767037420853701	0.000607558597175362	-0.00517861862713623	-0.00492910510039507	-0.00431588930063862
1697	Res-015245	-0.0124061165514285	-0.0191071788977094	-0.0315899170361094	-0.0258309896791459	-0.0330305708364442	-0.032696165877691	0.154650518690155	-0.0213114183942464	0.359833613099631	-0.0247266442875384	-0.0104236566352663	-0.0144061559664809
1698	Res-015266	-0.0145784407819872	-0.0418854346687513	-0.0545374646134857	-0.0525889273354533	-0.0503324283475805	-0.0443209444203021	-0.0150132532624894	0.399721911235409	0.346652032673549	0.026417875999756	-0.00968804685189385	-0.0539880572738238
1699	Res-015278	0.425907321696541	-0.253553463704345	0.555981778718379	-0.490621348740803	-0.498903212846169	-0.473600726714416	-0.358830717132222	-0.218516200244479	-0.293075983753395	-0.325882641415799	-0.22135564055092	0.341419183385667
1700	Res-015285	-0.0134677729723706	-0.102290283508348	-0.0699310974374878	0.236046220234081	0.0593047888411685	-0.102825441706572	-0.084125198923712	0.0430276952288438	0.042288875575115	-0.00239016103718936	-0.0650593212910168	-0.0370755738338286
1701	Res-015289	-0.203351750127933	-0.645881048892587	-0.641376698435379	0.434355771935372	0.0145198302910496	0.0697037602038275	0.780936139180335	1.07012054833453	0.227580119514971	0.480028541382179	-0.142499239736215	0.079145673558723
1702	Res-015291	0.00830928468102786	-0.0614518417477749	-0.0635682150282712	-0.0660428016693215	-0.0757757763465428	-0.0562670759117268	0.548079009016276	-0.00221703257152198	0.15568860358384	-0.0419954794437918	-0.0328442756009227	-0.0504381013840334
1703	Res-015292	-0.0066422738100491	-0.0170822977527136	-0.0318468774664459	-0.0221242698071292	-0.0363832952920151	-0.0340068807396043	0.29958982637502	-0.0284190282824094	0.128599033699339	-0.0308624738456478	-0.031009088246121	-0.0344763493048859
1704	Res-015294	-0.0320360345807733	-0.130024375634079	0.108887094085168	0.27902016414662	-0.0733946653073091	-0.14963482028738	-0.11194851249198	-0.0690404910898096	0.0251055284820379	0.075951958699162	-0.121537043030535	-0.0199986860354923
1705	Res-015344	-0.0151567177588691	-0.0287105970941473	-0.117012091016774	-0.120919748751939	-0.117210695458795	-0.100763221953897	0.88801611520382	0.0205190232572426	0.0113069205916246	-0.0631237722865418	-0.00516461379109054	-0.0802870379954834
1706	Res-015345	-0.0260611006611155	-0.0941485972604222	-0.156799454589942	-0.138418608682627	-0.0765725775835233	-0.154263942165667	-0.0735813895475201	0.67069693758122	0.716209986958422	0.292487066312506	0.225800115203658	-0.173583809879326
1707	Res-015349	-0.154850378209775	-0.126870777453581	-0.159339074558168	-0.175030143187412	-0.175678437810227	-0.135643751141255	-0.148468386530375	1.82074957246161	-0.174812320470422	-0.163541405234608	-0.133108163704288	-0.180292359331129
1708	Res-015352	-0.0892605840270889	-0.120964329954056	-0.114467440810953	-0.105397498337566	0.276487839643319	-0.0849305567999863	-0.0613620191685164	0.18828038340128	0.266826540623825	0.573538813151423	0.320327516322512	-0.0369326821177849
1709	Res-015362	0.013736223051802	-0.102468650781375	-0.125730319283133	-0.126409792618214	-0.194310501030422	-0.199664935278931	1.07493269683351	0.120633124761899	0.0767568708795425	-0.146021688512125	-0.0901664348996384	-0.169679559425042
1710	Res-015384	-0.0779422636691735	-0.0894300873021809	-0.0993654451805946	-0.0109210660643257	0.48656744902283	-0.042382696638646	-0.0458470220947348	-0.0502374326107341	-0.0535824301793641	-0.0271580239388309	-0.0132551165825867	-0.0122402954931132
1711	Res-015391	-0.00816189179728328	-0.00966797503227311	-0.0122733691114649	-0.0130445111307317	-0.000380084125912738	-0.0100584942718014	0.158629570298979	-0.0056694076105285	-0.00380317818838738	0.00486763212975575	-0.0136739721332556	-0.0103869245769014
1712	Res-015396	-0.103304532109609	-0.320268534177353	-0.393267895929804	-0.291457040067949	-0.128013379455895	-0.293665798135031	0.632674344611658	-0.147089222198842	2.34310618726228	-0.369075477743318	-0.317693224355995	-0.425280589248054
1713	Res-015430	-0.0201481054285924	-0.187385956726358	-0.237414319009038	0.0788644967401527	0.0376594661182473	0.712751397686333	-0.102836262730893	-0.0609585935150957	-0.0135954326515928	-0.0547157355536091	-0.187857613627541	-0.120569867475778
1714	Res-015436	0.0199735339886661	0.00798248130787799	0.0248471114999015	-0.0261638701130662	-0.0225724003066966	-0.0172300417479376	-0.0129504126460772	-0.024027730552215	-0.0231939414886741	-0.020421139532017	-0.0072432782076354	0.0116149559683154
1715	Res-015444	-0.148086613042812	-0.150665824518749	-0.179361168008358	0.630272784580411	-0.103422814195705	-0.127448142016099	-0.132283396558049	-0.0177333815704972	0.359887687246819	0.199344626606922	-0.0777771912038818	-0.0901696857724863
1716	Res-015463	-0.0804867935994792	-0.300259480229925	-0.346821587584152	0.452345785245989	0.659031475804735	-0.261688367468543	-0.257834469408156	-0.138607843698622	-0.0569645168032785	-0.0287905995056086	-0.146759300082191	0.0274994451728262
1717	Res-015464	-0.141001038423493	-0.282039577688632	-0.301323520375807	0.521312107735856	0.590838940507226	-0.177732799781448	-0.20084720783288	-0.12387378168285	-0.0493122312224221	-0.0557449585758711	-0.183611128472549	-0.00398888658672597
1718	Res-015475	0.0184852018406789	-0.0569359451686867	-0.0530012086035128	-0.00621221237814907	-0.0306872832128044	-0.0475931346039283	-0.0448417483710149	0.272128876028889	0.0372659741715618	-0.0138918712494003	0.281064907755141	-0.0568891870168387
1719	Res-015497	-0.0423677292015117	-0.151109900824091	-0.232785387270216	-0.16591555602281	-0.162681863628741	1.02248232915673	0.092309961705528	-0.136445505548846	0.175884619424076	-0.0782819763843053	-0.100022366561352	-0.178158889734593
1720	Res-015502	-0.00457637143078595	0.0724444891171541	-0.0394782682798665	-0.0441049907784038	0.00664572955834272	0.0628047343294343	-0.0188227812147378	-0.0165223411292443	-0.049123767965145	-0.0547507368586029	0.0469070081442509	-0.0347632141167609
1721	Res-015505	-0.00395933835447225	-0.00631270547091813	-0.00919437471652919	-0.00724983973197256	0.000158681445132992	-0.00787236537399523	0.00157197082528978	0.104788175868872	-0.00690085408283334	-0.00827466914749105	-0.0119941788654303	0.0383840458809579
1722	Res-015523	0.0475646076732308	-0.0246351212802738	-0.0736408967320483	-0.135840675852638	-0.100610881284603	-0.112114999383831	-0.12503939477691	0.0865555408802424	-0.136348238891719	-0.110762639320234	1.27808588198747	0.01455612510966
1723	Res-015538	0.267402194404247	-0.0579249966569533	0.678775337668328	-0.802096567525368	0.2245962651764	-0.992259743733956	-0.40545796935766	-0.34117904056106	-0.651119853894972	-0.58399146861837	-0.529856959151271	0.437398154133364
1724	Res-015568	-0.00444747679249896	-0.0218412612155627	-0.0268758948946682	-0.0271270341613229	-0.0173250831395063	-0.0232926526472067	-0.0286225873286381	0.0279691361291945	0.0469965868407475	-0.0184928318648602	0.507264373302606	0.0425320271273122
1725	Res-015607	0.00410184075570469	-0.0216288241251053	-0.0131644624136644	-0.00434820406980959	-0.0020206753123455	0.0566000703448716	-0.0168596367698515	0.0215333617134721	-0.0137464460051753	0.0338812754551601	0.00771723345863672	-0.0233743690607583
1726	Res-015612	-0.0125522512484869	-0.0292631316026413	-0.0277573325858986	-0.034226832923643	-0.0281072640320894	-0.0342481075615033	-0.0218054832414145	0.210377380525233	0.12640495820051	0.23778759706775	0.0280043473894145	-0.0351509840190848
1727	Res-015619	-0.152701784020094	-0.18403218201304	-0.318093632326198	-0.211989067627186	-0.0933113651250278	1.34745046997024	-0.203723911392129	0.116704588429679	0.018034560306842	0.00339571632513891	0.0944946726130473	-0.415415264076941
1728	Res-015643	-0.0802981846075521	-0.222007326402614	-0.160969879445021	-0.236691183406023	-0.18573370276253	-0.14478231407429	-0.173861167750019	1.27831756643127	0.037392838421108	0.767707991188152	0.76766310723463	-0.171444102550837
1729	Res-015659	0.0039387180434848	-0.00207521028140541	-0.0253021220388269	-0.037467188012942	-0.0293129178484468	-0.0211355213189938	0.0204769264405804	0.0377624657754797	0.293439020292633	-0.0161969405451577	-0.0204333558978036	-0.03905571634145
1730	Res-015660	0.0148028295574451	-0.219238027436039	-0.340383985960233	-0.3017228487489	-0.308214317757774	-0.275856093021704	-0.122563541929783	-0.0525067325901466	2.35594475384459	-0.24427551555836	-0.25478177881132	-0.255245564145899
1731	Res-015664	-0.0739565064946291	-0.186832884856611	-0.0808719866383117	0.547932624570249	0.023300172721759	-0.149656162048884	-0.154538103265084	-0.0679418181886605	-0.0436090336092609	0.0202459182680172	-0.128365960815097	-0.0599630777784451
1732	Res-015670	-0.397447631737539	-0.669889861364851	-1.1688615760044	-1.0767065128778	-1.14421255294381	-1.16480827345708	3.68215578504096	-0.73244309269877	1.13033295367975	-1.07523515175672	-0.895622066960953	-1.21920619767499
1733	Res-015673	-0.0308665484825454	-0.122038072590148	0.0442130828100795	-0.128793613508433	0.52839642789025	-0.153868504093838	-0.132277024335683	-0.0637800243310113	-0.121104494391417	-0.164768851722015	-0.102291257596356	0.0834165241657424
1734	Res-015693	0.00533910138212516	-0.00319791730092122	-0.00751648457355275	-0.00957019603809156	-0.000431512124965613	-0.00734114791162807	-0.00600482451339992	-0.000253840955767255	-0.00330119460602758	0.000837972139835386	0.103635316362989	-0.00936722119793392
1735	Res-015727	-0.00524146272274722	-0.00855485612266339	-0.0338001333950178	-0.0306398955842789	-0.0315066842122907	-0.0359115336611482	0.361319233166133	-0.0310165661413209	0.000193570460917995	-0.0340281360098691	-0.0215005805086569	-0.039338073751437
1736	Res-015742	-0.0176599879186859	-0.231288090163684	-0.248721595762187	-0.245476689073857	-0.24442577983264	-0.231766911078868	0.372124894704092	-0.193304391788607	1.87757296060214	-0.177483482845567	0.523505612311145	-0.224801296167611
1737	Res-015743	-0.0289434988356811	-0.0842278981450295	-0.145577550345832	-0.120231259784193	-0.112368582297942	0.4804772890796	0.43297436644125	-0.0659789435935733	0.280836218762108	-0.1237629805804	-0.095316695826972	-0.113038568524555
1738	Res-015745	-0.0190161557333089	-0.142760914802532	-0.159465621631222	-0.0764933414356877	-0.0672108624776601	0.0605121957679911	0.545679149368846	0.456162250600141	-0.0410831743680354	0.145539568402011	0.0425467589538582	-0.136282187880609
1739	Res-015779	-0.0199104383970799	-0.0373179301422993	-0.0573644952430331	-0.0395504864743428	-0.0462778467425516	-0.0316464101108001	-0.0453756403737893	0.654593570749348	-0.0234896600212466	-0.0395614650596154	-0.0451770861490486	-0.0473855745401731
1740	Res-015781	-0.0801536908749187	-0.252938235532779	-0.256706389677255	-0.051577157772152	0.366097239251421	-0.162079434322162	0.877524726878843	0.163717199565532	-0.0130370209765135	-0.0381771311466627	-0.122246815305818	0.177936420077049
1741	Res-015808	0.0175702968615341	-0.105695327172887	0.0323314577782513	-0.0858944828330153	0.00815891849309616	-0.0563070786881632	0.196680782066299	-0.093189971352795	-0.0463085252747132	0.141201392453072	0.355352859561627	0.116777895595243
1742	Res-015809	-0.00266312302475863	0.00480956131331992	-0.0344358940559096	-0.0478580660556581	-0.0323011308451554	-0.0286713670942921	-0.0182066557986197	0.0781962717322623	0.0268282252065967	-0.00221451176892961	-0.0436471146013378	0.775201895615316
1743	Res-015824	-0.018620962303469	-0.00972698432679467	-0.105399215837799	-0.099733131600775	-0.1161439185175	-0.0977392369989569	0.843602564668448	-0.0783207059679682	0.158858753020237	-0.0879207007620108	-0.10701813991149	-0.109569477159239
1744	Res-015938	0.0346947799039236	-0.0706707276359816	0.0873598875281074	-0.0844996251792862	0.138299301248208	-0.0891926020659822	-0.0292734575520725	-0.0684862675261378	-0.0572446091849233	-0.102185778564151	-0.0551442152016607	0.0545542216270801
1745	Res-015972	0.0161353437541553	0.127612564590592	0.232045423747218	-0.118561411690984	-0.0829124934413425	-0.260292753831673	-0.165396600368864	-0.0278816023592131	-0.0837859493156219	-0.0783487930124994	-0.13248453087755	-0.0723436300984956
1746	Res-015973	0.193328961976967	1.43970988458898	0.0999280140635799	-0.834426123079804	-1.48669354869108	-1.52285451302235	-0.800062130999764	-0.597407611245919	-0.612305528920641	-0.820145820240516	-0.860002887408942	-0.200736336544653
1747	Res-016036	-0.0135564874200786	-0.0197959774624649	-0.0339635152323835	-0.0285732219586753	-0.0221518740444865	-0.0288057033255857	-0.0088991687147139	0.0157551476918776	0.527085430737868	-0.0209790214051194	-0.0361534780826916	-0.0394001817723957
1748	Res-016039	-0.00424756490157815	-0.00124192665651316	-0.00575464383014879	-0.00713688124194143	-0.00681200678904833	-0.00485749046685043	0.0851757074057769	-0.00361045174649868	-0.00534116977419229	-0.00528123223823431	0.0116940659989201	-0.0071798262436885
1749	Res-016041	-0.00532135925491965	-0.0114887785125242	-0.0184493132343544	-0.0242969297851226	-0.0254585849642984	-0.0169886031470622	0.267998973340711	-0.0186164626304161	0.00771113525901856	-0.0235478816828967	-0.0210942520689076	-0.0249439183089795
1750	Res-016042	-0.0152563790693503	-0.0661980429019403	-0.0920863070020685	-0.086717145637658	-0.0887016348310061	-0.07575785400057	0.873189351651658	-0.0434817505391157	-0.0141681772746822	-0.0604037520219308	-0.0647033591734348	-0.0956610374961082
1751	Res-016044	-0.0168104342084335	-0.0620946627912051	-0.0567521871744364	-0.0742206041303485	-0.071189130255451	-0.0695585334867535	0.782317531343378	-0.0739031898877702	-0.0259555342615964	-0.0612453219799877	-0.0485063425478292	-0.0677359089974373
1752	Res-016045	-0.0435444949122833	-0.1028278006376	-0.145697196177793	-0.140007361220615	-0.133011125729219	-0.124960395419313	1.27444810329191	-0.0877677817572989	-0.0574230480236181	-0.102198004799708	-0.061988851177384	-0.150511190050879
1753	Res-016052	-0.00874163996927405	-0.0420756097334115	-0.011859079811725	0.000341261656626998	0.0558116661426431	0.117136938575139	-0.0522580920562705	0.0246966964658802	0.00636336303246496	-0.0570127648161603	-0.0666235594511132	-0.0201954273674211
1754	Res-016054	0.00944481168806562	-0.0299147898265665	-0.0212195087577494	-0.0232784953966537	0.00541539255666889	-0.00827562826106457	-0.02503080688479	0.0443660360289098	-0.00828682005210536	-0.0252566302692294	0.0166848682645595	0.487641900780037
1755	Res-016057	-0.0498807847014491	-0.0895234797076321	-0.0719536935585233	-0.0601657731636074	-0.046081114426653	-0.0750687770995805	-0.0278955602308626	-0.0482978593565677	-0.00567112976726439	0.628262962908067	1.07264186421799	-0.0531170471235209
1756	Res-016076	-0.0170587334179758	-0.080301948136621	-0.0209728599043326	-0.0136845174642	0.00378965660294539	0.111299076911724	-0.0952631552379653	0.0306325024157618	-0.0391221705448732	0.128533480765981	0.544788339356942	-0.161098040815561
1757	Res-016089	-0.0374969495230988	-0.0375879924256711	-0.0499733538787111	-0.0442134501058313	0.313087861878376	-0.0243503952487107	-0.0383163356233227	-0.0274398326992638	-0.0489587206951411	-0.0525858579188618	-0.0400626550900974	0.0457372950538942
1758	Res-016114	-0.0155581393275367	0.0460513040238553	0.010708614581053	-0.0616985708765374	-0.0578875072024586	-0.0592321056807441	-0.0375181309550136	0.153717149693999	-0.0366341872069642	-0.0333227761924439	0.356229327539581	0.0882278376157647
1759	Res-016115	-0.129810268476984	-0.306917095431744	-0.0432625639743764	0.447616890051827	0.527654689554701	-0.300899321001599	-0.238353270848801	-0.0895250626319161	-0.139337499291804	0.0243742616148575	-0.246235165508799	-0.166102218763364
1760	Res-016116	0.027872063744494	-0.0357202937858467	0.0339485120111736	-0.0378914809545726	-0.0376372688421103	-0.0641105726293918	-0.0385556200810309	-0.0197808390281488	0.0438511123336489	0.141347985744236	0.168933290660393	-0.0543753937048714
1761	Res-016129	0.000562084615322332	-0.00667977534919967	-0.00802375875502195	-0.0100140808674878	-0.00476930106990043	-0.00802198071874399	0.102256249587829	-0.0116235458560365	0.00347768306680842	-0.0106600275363207	-0.00651550733362539	-0.0103611640679139
1762	Res-016151	-0.0179932856535108	-0.0299931627773043	-0.0286681031259936	-0.0330103486887903	-0.0240775568148872	-0.0181453570944152	0.00138137601836953	-0.015302638648918	0.584928838188276	-0.0272709619559054	-0.0310337604487947	-0.028761687664525
1763	Res-016153	-0.00838280186164017	-0.0144689099072803	-0.0283204577348544	-0.0470289248362259	0.00771400986345107	-0.0735975864454659	-0.0411837738628802	0.415870386256204	0.00622841867787782	0.00804533164058559	-0.026006584102329	-0.0529981821995764
1764	Res-016175	-0.0439047418983014	-0.0737144694283662	-0.0931615814775679	-0.0869580882748543	-0.0772908123189177	-0.0692536286159771	-0.0555755081973359	0.535726699281594	0.0687859620610095	0.778258505026863	0.0498925192111783	-0.0529603481480394
1765	Res-016176	-0.0615199968092598	-0.112275862926578	-0.104007878868539	-0.089732974187613	0.0123922571155361	-0.0829316474910564	-0.0779828470056171	1.07516370349263	0.0144175073260969	0.00586257744928029	-0.119906760744591	-0.0816391336168557
1766	Res-016180	0.0171223755510368	-0.0768148828827327	0.510897476587512	-0.191708622717112	-0.171544704982277	-0.200112727989949	-0.124689073043568	-0.130553385305419	-0.0956124065154373	-0.157754250053177	-0.0872747580307623	0.0433822371622294
1767	Res-016183	0.169381609848002	0.138197851099253	0.337246222532242	-0.284926563195064	-0.337508200811711	-0.307754485624428	-0.306936327727016	0.00574168723892032	-0.196515724825053	-0.142828288134398	-0.293817477176058	-0.203805226304817
1768	Res-016186	0.436235481561619	0.792878942367285	0.447252991437428	-0.804423631466257	-1.27964123495534	-1.43854001468478	-0.647030935920091	-0.495883178328429	-0.563948010911284	-0.796133672850497	-0.604355724032857	0.0591544967377993
1769	Res-016204	0.00302637535283364	-0.0283593705332692	-0.0298474641151828	-0.022595726584429	-0.0174152875486512	-0.0220315598609119	-0.00578712505979866	0.296990701272434	0.00805023103111806	-0.0199067652922503	-0.025647456018436	0.0197105859051255
1770	Res-016235	-0.00604598139246891	-0.0504563576871066	-0.0694806768845957	0.0803014550939739	0.126126553574147	-0.0597317946475735	-0.061696304838298	-0.0450171209754569	-0.0228476022879322	0.136160737790822	-0.00562692043169152	0.0315539906940898
1771	Res-016237	-0.0404483784322322	-0.0633776050490237	-0.0668236711229109	0.0377795569706151	-0.0248690972072739	-0.0601808059522138	-0.0244626553543434	-0.0423703539943012	0.00631102490413514	0.872231218896368	-0.00027346806464161	-0.0402488716446159
1772	Res-016251	0.00247063312047768	-0.0122370868140211	-0.00952859575734175	-0.00936209073677005	-0.00570245303549798	-0.0097292599517034	-0.00963024847836527	0.127501920631917	-0.00805151796330903	-0.00446999949393413	0.00156793663497498	-0.0112390353551073
1773	Res-016271	-0.0195867634855646	-0.021598070100715	-0.0319094465166947	-0.0250413813344596	-0.0184769407585256	-0.0338931969877928	0.41706530249551	-0.0203251913653191	-0.0248115045336064	-0.0312386784285644	-0.041946041997911	-0.00854697209283091
1774	Res-016288	-0.0237354405444175	-0.023225839539712	-0.0206158197127446	-0.016582971631675	-0.0156033764595897	-0.0218348803770275	0.343965175888605	-0.0181948913967297	0.00428678004761664	-0.00414571796399971	-0.0138588355022013	-0.0264579417928641
1775	Res-016295	0.023483985726016	-0.354086181931429	-0.440795253197877	-0.400692174799202	-0.326585675770802	-0.361225887861064	-0.239304030250988	1.8986412969193	1.30230302472247	-0.245882849896037	-0.396480697114211	-0.442956484425998
1776	Res-016296	0.00144506558086033	-0.104729956738139	-0.143721426900218	-0.114009988049351	-0.130854479002697	-0.101407273446354	-0.0619530056045058	0.527308272624045	1.00499066967784	-0.0690605185946531	-0.000202055234982568	-0.111979415775912
1777	Res-016300	-0.153349095721181	-0.346151309041089	-0.37052625550762	0.251766837318558	0.593510041179748	-0.264873327396286	-0.25072892700374	0.266323519221861	0.865690435493891	0.174173952736075	-0.0331349641479251	-0.0505035492611957
1778	Res-016301	0.0432513048192625	-0.0359721272373489	-0.069515853161444	-0.0298122785920636	-0.0517291215265328	-0.0859416889543861	-0.0791641803443091	0.000259032515223689	-0.0481495182406836	-0.0404626171625246	0.00813690900186062	1.21352190688869
1779	Res-016303	0.00817741497296879	-0.00378229695981319	-0.0170483251123105	-0.016273103833595	-0.0179357997972416	-0.0184289381893316	0.0174884655040295	0.146567541334237	-0.00484296285705322	-0.0257520746384142	-0.0290156940415006	-0.0159416234378004
1780	Res-016308	0.00629873455239257	-0.0170655260473787	-0.0135835245092729	-0.0104672763329873	-0.00902477830718326	-0.0155979085271552	-0.01251614485673	0.170860555825702	-0.0121797466116992	-0.0142758872532422	-0.0151943566071625	-0.0130351148215167
1781	Res-016325	0.240188765295811	-0.181401505484978	0.435655916648049	-0.293374384081387	-0.285537988046893	-0.31321717102765	-0.174263272820347	-0.180606601210929	-0.212311246548026	-0.208247139132751	-0.0600840185918845	0.331388839469958
1782	Res-016344	0.846856596771344	-0.501047874473487	0.930501914351168	-1.16237885355035	-1.27985737704812	-1.31590698527505	-0.505943522726663	-0.336084859758112	-0.597503477159369	-1.00539119962796	-0.344842547024074	0.353332566897078
1783	Res-016363	-0.00781594507735408	0.0226962492429008	0.0176469648539102	-0.00811762666773367	-0.00791138035132355	-0.00217040874351877	-0.0237567459286043	-0.00364574653903883	0.0153459394756171	-0.0190177963650762	-0.014079787783025	-0.00837816926654308
1784	Res-016366	0.0579874680041616	-0.0517540200073516	0.0432773509518978	-0.0596187712600796	0.0414784942134591	-0.0551890646565173	-0.0615797308810241	-0.0737794701290812	-0.0112859935701514	-0.0544578812888841	0.0153441435552408	0.0665398065051164
1785	Res-016376	-0.0138291046399679	-0.0157123020535963	-0.0329093338862543	-0.0320044545172828	-0.0347757683994019	-0.0220878130293204	-0.0346165864674848	0.320734475236437	0.0306174994439978	0.109726678206165	-0.00708276731554054	0.0909593383694144
1786	Res-016378	-0.0118195242672076	-0.0390167286896399	-0.0666697778195644	-0.0459142642873522	-0.0335374938451977	-0.0517194410917831	-0.00848687501148401	0.366549930157655	0.332186675628334	0.0342630006789444	0.00307584171156811	-0.0448920591358025
1787	Res-016384	0.090479805380815	0.182834032155842	0.00962753513026365	-0.147934653055566	-0.017953924317932	-0.015972768365303	-0.223478428807609	-0.206674845468007	-0.18731827244337	-0.15000315652807	-0.207363715345276	0.0259073881981904
1788	Res-016399	-0.0845396289531226	-0.451264116106686	-0.512927854114734	-0.492912979819826	-0.488635884101467	-0.491984039553733	2.69608629571143	-0.358312831448375	-0.307769005386433	-0.455149164896354	-0.381846624138619	-0.453336856157663
1789	Res-016400	-0.0384865049105741	-0.224303050683807	-0.321615985273566	-0.265799623027334	-0.263176059866008	-0.266974937972357	1.9218083284324	-0.131161317344874	-0.144765345876799	-0.162581042007901	-0.237056116977723	-0.279529158442589
1790	Res-016401	0.0131987386538459	0.0118839769664619	-0.026105786114632	-0.0187568176603572	-0.0387236779020312	-0.0395684833858391	0.192499052686251	-0.0341102193639059	0.0270382264808337	-0.0376619520928077	-0.0178705080603148	-0.0468267938504389
1791	Res-016412	-0.0106165569288549	-0.0197636534082272	-0.0182937954776873	-0.0193857955232146	-0.0151990128687556	-0.0195682734605125	-0.0203207881280969	0.0506331913473352	-0.0124866642324408	0.0188432945462937	0.483966693822371	-0.0439331219902489
1792	Res-016428	-0.0470738284880691	-0.0263875279500563	-0.0405183630931652	-0.0332089661640109	-0.0364902329426108	-0.0315066350939401	-0.0270876584787725	0.207977708761551	0.327604580260149	0.244444078639688	0.171722095007772	-0.0459767701777288
1793	Res-016435	0.00199899846251717	0.00133674183781221	-0.010731832587308	-0.00340508077568836	0.00252487738146714	-0.0109492537121629	-0.0114810203438432	0.0384337478117554	0.0113758715020828	0.0183586938803936	-0.0109850463057953	-0.0101602780202324
1794	Res-016450	-0.119417960660562	-0.278958133861186	0.0718983707576596	0.0166123884125605	0.606746810410973	-0.20833446133815	-0.201286511434241	0.217729386792317	-0.141935312595819	0.0716484295357864	-0.169678930770684	0.0642350782554754
1795	Res-016453	-0.00331860850474757	-0.0174402180312146	-0.0221956501083165	-0.0193786710949154	-0.0197489299202208	-0.0139259869706643	-0.0101637374076811	0.257275262533391	0.0258799886402595	-0.0104207191787566	-0.0141130663055498	-0.0189674660560949
1796	Res-016459	-0.00515690490249958	0.0237531672300635	-0.00595291321246112	-0.00652593236134825	-0.00680931450324517	0.016402243799073	-0.00812711692945099	-0.0108368882855846	-0.00895883888574231	-0.00560415540596118	0.0167823303834307	-0.0056546246005506
1797	Res-016472	0.100164507795163	0.292722325649114	-0.118899340184917	-0.224512993039971	-0.160476370284193	0.123710409492736	-0.044037469149491	-0.167028479191748	-0.19049257373474	-0.248528817800189	-0.0349083302824478	-0.125205263495887
1798	Res-016480	-0.104145192402209	-0.292913511914902	-0.252987016075251	-0.315428512987349	-0.0908316512658184	1.30953753748567	-0.0372698905462037	0.23395438053752	0.089585288848341	-0.11538936694241	-0.1077566869762	-0.153121253161194
1799	Res-016494	-0.00915916751942633	-0.0444310926773881	-0.0611223361512545	-0.0520848290285307	-0.0536962396819497	-0.0484797634186388	0.635237547796854	-0.055137582108426	-0.0227238492718496	-0.0413476668274116	-0.0509698693415957	-0.0606502105220972
1800	Res-016501	-0.0205889197184019	-0.0307840017666825	-0.0332800023144511	-0.0283124533334608	0.213057519631423	-0.0283754418779288	-0.0275036126138178	-0.0102696048265372	-0.027256096966684	-0.0263900184438727	-0.0212988772581963	0.0207865904119398
1801	Res-016503	-0.00737392042989026	-0.00139956648269418	-0.0072704501073146	-0.00770789648266055	-0.00193459552564524	-0.0075140571897318	0.110050664620223	-0.00806923525199547	0.00290832118006915	-0.00822414390860891	-0.00915503005804381	-0.0101556927104768
1802	Res-016508	0.0574075804557234	-0.119851604786328	0.0684975927173632	-0.132889908386009	0.163689156572154	-0.110096481211103	-0.0487302032843773	0.0483760037153303	0.0111414537317383	-0.106287411495997	-0.0382214694151751	0.138204648574268
1803	Res-016532	-0.95657013962673	-0.669638074060193	-1.22240636432258	-0.847890443377554	3.03254023909415	-0.771871628593659	-0.784751833117873	-0.228427852978396	-0.866956118073595	-0.968457075407837	-0.812826188278249	-0.226283062033907
1804	Res-016536	0.00188197741713311	-0.000625244927204564	-0.000943057162234188	-0.00447916857186875	-0.00245374636222811	0.00310313493239725	-0.003882301089335	0.0163190047417436	0.00082579539534895	-0.00506226588579525	-0.00196320085857091	-0.0039133759236627
1805	Res-016538	-0.00988997917912435	-0.024326275607686	-0.023715772404412	-0.0166968623054296	-0.0246805667783612	-0.0179195357770012	0.085267265243509	-0.0183328208497027	0.341173963137597	-0.0206388061257031	0.0100118974923583	-0.0296852300084303
1806	Res-016551	-0.0831835913778651	-0.151208602410067	-0.128787508720919	-0.140313556725019	0.0779632112210894	0.400544171044285	-0.0521567969298229	0.779000383728742	-0.0364104480894245	-0.0259263563850926	-0.122811903665685	-0.109226878290455
1807	Res-016561	-0.0189311423514347	-0.0232657475068701	-0.0361411957088441	-0.0294554255902804	-0.0184362194920869	-0.0237082801387341	0.204268493872683	0.0199975233980882	-0.0163127404573121	0.11138962011284	0.26334637009262	-0.0342612727437827
1808	Res-016581	-0.0296112258956137	-0.0750422279168489	-0.12536122723499	-0.101584095716831	-0.100698598309305	-0.0802907483416387	-0.0635269853712439	0.504199556111051	0.938160102658476	-0.01325678113878	-0.0109836482382102	-0.11959112564438
1809	Res-016598	0.412197933438481	-0.578638219190309	1.34614047284049	-1.05163066663638	-1.00244745941395	-0.565529221474706	-0.635634016839064	-0.504005203047776	-0.644182484897897	-0.913191219254835	-0.540198922619898	0.569110127670162
1810	Res-016606	-0.0476032155260206	-0.11769936310707	-0.184577525270499	-0.153676403244754	0.0299133410056477	0.828366155880601	-0.053860174107806	-0.0380820180369909	-0.0662265587855699	0.0212283811790072	-0.0701639508950725	-0.0372833743470485
1811	Res-016610	-0.141509392561405	-0.218302436656177	-0.215936417121622	-0.217943715240415	-0.150214313588505	-0.211929026701459	-0.166423112891517	-0.164375067707245	-0.167258916093098	0.87271477635762	2.50061872301754	-0.182711176087592
1812	Res-016615	-0.030604768452513	-0.00502552636426749	-0.0137633955833012	-0.0168359156010993	-0.001319074941446	-0.0173025744833394	-0.0142227861127054	0.168762467722857	-0.00875433498983684	0.0686788006838128	0.216584377183666	-0.00944095242424081
1813	Res-016624	-0.112997022853047	-0.000798310199315866	-0.186405395357297	0.0988980549334849	-0.0138230281592809	-0.275666036489936	-0.264313533161831	1.29597655209992	-0.173618186797569	-0.155174062164186	-0.20212037456169	-0.158185394755172
1814	Res-016629	-0.0319293405227224	-0.207733540386611	-0.248212761190957	-0.213321469756366	-0.22801863437145	-0.222237576461422	1.38618183754537	-0.162040013001443	0.924261432666876	-0.15609606720592	-0.186955711139771	-0.235481610297464
1815	Res-016630	-0.00748392477088577	-0.168202407821779	-0.186464984959136	0.120584666917095	0.397941647641098	-0.121162711411259	0.0239535325881418	-0.0671566612373612	-0.0385024942205963	0.0615047260599866	-0.126546005080377	0.0460791549537078
1816	Res-016631	0.0145127834832309	-0.188561053050386	-0.182885467085626	0.167358190285172	0.359165826255364	-0.130018720369452	-0.0656946810597189	-0.0771343072570203	0.00816745527578477	0.0552810361403658	-0.152878666839839	0.036498939864884
1817	Res-016633	-0.0698567762826558	-0.158857804946242	-0.144660308209077	0.17469475646075	0.454078106017662	-0.122526175277238	-0.0866825541546193	-0.0220934938018539	-0.0124842008935332	-0.0244345264958293	-0.089557002265232	-0.00339244019021831
1818	Res-016634	-0.00152318316645168	-0.0360136770029141	-0.0504522132711938	0.0675810108580626	0.0809869112134336	-0.043282288610161	-0.0243443882233594	-0.0155848874744146	0.0201817850291322	0.00399305252964422	-0.0184946255880456	-0.00616747422265033
1819	Res-016645	-0.0339733002957684	-0.0869992172074086	-0.0410161184045281	-0.164933640546415	-0.0457147624666295	-0.0482556542611178	0.836401490693207	-0.000173342702265655	0.21502702444063	-0.181383448323482	-0.0528363876629241	-0.0908475569213577
1820	Res-016652	-0.374709331797975	1.15770771684758	-0.261979466607329	-0.120370267603442	-0.115436185173033	-0.503637496795051	-0.255908088617721	-0.26100692409764	-0.0114849728779386	-0.145763268058114	-0.410333629195514	-0.573060340486647
1821	Res-016658	0.0611056082792565	-0.0861917795555572	0.340518093282184	-0.156566330390467	-0.149699402566654	-0.135021747514428	-0.152408730167164	-0.00128797423889132	-0.0751779106518071	-0.148045151120699	0.0223064250833863	0.107499464395381
1822	Res-016659	-0.0728545282128298	-0.182123172496013	-0.236586789113331	-0.216517612311437	-0.234104142214237	-0.215786522555552	1.80522513597328	-0.159200877529272	-0.166761168430447	-0.206852800355814	-0.161950658384359	-0.237345491686578
1823	Res-016677	-1.71319976582815	-1.77983866836447	-2.09077292745175	-1.62952641004462	-0.706668821627863	-1.95059860023226	-1.20074225120946	-0.908503376324269	0.31252249614807	5.95579975909116	-1.62817534747354	-1.62877233676667
1824	Res-016682	-0.0446879337695387	-0.067492306210975	-0.0725211601033082	-0.0605619795419169	-0.0560947552312933	-0.0571780227467245	-0.0332479260532441	0.89143138593055	0.00398714345230672	-0.0233787255917913	-0.0693054830275615	-0.0804133383656821
1825	Res-016683	-0.0221319318076373	-0.0354513400461165	-0.0552206334926598	-0.03440330115641	-0.0370701876117925	-0.0464236525699599	-0.0145727084077873	0.61322088667623	-0.0016441627400525	-0.0430771701338483	-0.0427605843420351	-0.0425383061024244
1826	Res-016695	-0.065466991297537	0.171891238711314	0.147055382974051	0.00567134603639197	0.189884948949133	-0.344157010271702	-0.479542765082327	-0.0780924582736477	-0.0122442427818352	-0.0276024798960748	-0.326779935512741	0.115175078638232
1827	Res-016701	-0.175877928450403	-0.210008899022148	-0.206631202881938	0.241617235079881	0.672397324537702	-0.121646025571872	-0.0853739906545448	-0.0509294342471868	0.0339644407041497	0.0654717866051016	-0.133521729696222	-0.0733786316889564
1828	Res-016705	0.00291165248969943	0.381246382548982	0.0201791147219939	-0.160852389476417	-0.0977631855169921	-0.179104560009599	-0.103844879874406	-0.159041079544812	-0.197280455188916	-0.149633168894093	-0.159483980680417	0.0727453871059415
1829	Res-016712	0.158016527961377	0.168619512904042	0.220008450951784	-0.24812938839037	-0.234944321849956	-0.312894786082354	-0.0993283808375724	-0.177952925244857	-0.272075812331826	-0.224072323103487	-0.147828674301212	0.120751431094647
1830	Res-016714	0.541426053200654	-0.453277609672173	1.47647432885555	-1.20708733230474	-1.16897793082552	-1.42780050814382	-0.654510129578036	-0.545059864497742	-0.727792480310359	-1.26530906632186	-0.992009472769327	-0.763739640736338
1831	Res-016715	0.475306744134526	-0.561800017203404	1.60533996601066	-1.17792015876214	-1.13779650599554	-1.40858939637439	-0.828784135052725	-0.399853520254848	-0.997580452744916	-1.27732543107385	-0.985066121470415	-0.777310487013722
1832	Res-016717	0.0599251392176562	-0.158429755227494	0.309409278209077	-0.0612881202532483	-0.0397019022219181	-0.22107335756504	-0.104596667246781	-0.130482124411576	0.0300168522104089	-0.104871224340139	-0.0613176233240453	0.070746387936478
1833	Res-016755	-0.0119079275835475	0.0237128248736603	-0.0539399940435294	-0.0488101921136681	0.0197805136523133	-0.0521295177766584	0.113850357869228	0.119053687959263	0.0720992441769205	0.0608507197054861	-0.055550072194013	0.00884232440918081
1834	Res-016764	0.00158984840922051	0.0271557609933057	-0.00193082206130934	-0.00946738562199161	-0.00814857780880802	-0.0111108506674108	-0.00498422600957965	-0.00336479451602867	-0.00888072918894478	-0.00892506624264487	-0.0138428632203513	-0.00978944727805293
1835	Res-016769	0.213247574087953	-0.174072135884206	0.285879568276175	-0.196949881500176	-0.0817625351086277	-0.235874972927462	-0.145220887384438	-0.146448120340983	-0.272395406678691	-0.244969597941777	-0.181728174362707	0.283746714124848
1836	Res-016782	-0.00580235148583836	-0.00930054043877075	-0.0147602167040571	-0.0134937938063532	-0.00208390573444178	-0.0120281783814296	-0.0117351951422172	0.153803004745271	-0.0111302268767367	0.00972901950461102	0.0572830580531996	-0.0123611684848859
1837	Res-016794	-0.427703715491745	-0.727903109483458	-0.747327986047157	-0.725499516545995	-0.489061001912378	-0.749216541737575	-0.471792549778359	-0.17794528968518	-0.0461142493156683	3.44486406101967	2.53084663288504	-0.603877274514471
1838	Res-016795	-0.159344826967678	-0.184509414562725	-0.162273038773087	-0.163922542339654	-0.135074331683979	-0.169239989413864	-0.102695526618737	-0.122121575673485	-0.117800954366795	1.11995474354305	2.1088170601141	-0.1235497305203
1839	Res-016814	0.00387982158585975	0.0289937769587378	-0.00802149121729976	-0.00877131605616099	-0.00938563893350501	-0.010030418425239	-0.00530413078487386	-0.00481201321913051	-0.0100662152976767	-0.00961870606360884	-0.00944247382875377	-0.0120694483317543
1840	Res-016819	-0.00055306399308469	-0.0554739938946572	-0.081263850666824	-0.0538727100515338	-0.0411152011556759	0.328401544114826	-0.0593723008715141	0.117193640996601	-0.0161150159514285	0.0841287147606163	0.0291711105239684	-0.0881784695291695
1841	Res-016821	-0.0814206157485729	-0.200196155817601	-0.242897014865634	0.0393765176680168	0.784090088642355	-0.0887184092424333	-0.127154289683933	-0.105315595692123	-0.101220127318545	-0.12176865158457	-0.169872660341897	0.0649584631714318
1842	Res-016840	-0.0115445026716059	-0.0156228658066439	-0.0144056406422293	0.00248302857477728	-0.00195803234657876	-0.00943777968217295	-0.0105210701314326	0.0474695565953149	0.0301368479436745	0.145930160441473	0.0430502053503771	-0.0149997210695469
1843	Res-016843	-0.00349118622817537	-0.034744245916524	-0.0369000213925895	-0.0380002168519706	-0.0376965703875457	-0.0312568638199369	-0.0264452706625812	-0.00338569194324141	0.615238850396843	-0.0192501286204775	-0.0345581416790052	-0.0138353168692969
1844	Res-016908	0.0331711386831628	-0.0229867263228899	-0.0321796140740804	-0.0264103485968929	-0.029122980357722	-0.0262178129023405	0.211771770146843	-0.0303378555706942	-0.0303580985150847	-0.0199991684878653	-0.02890987169462	-0.0376299069223772
1845	Res-016913	-0.00893946431919979	-0.0168421977567859	-0.0163894411867987	-0.0134910680649615	-0.00293125583182911	-0.0121179780024127	-0.014351253118398	0.22518434152635	0.0101988893950184	-0.00435647764700242	-0.0103507613241792	-0.00995296582355112
1846	Res-016920	-0.0304722981316729	-0.050038147590418	-0.0586760505003943	-0.0502961766769453	-0.0414860935287327	-0.0142096579633107	-0.0348260488784799	0.410467104453717	0.27371016098074	0.111507697277288	0.13546494256967	-0.0641898730320256
1847	Res-016921	-0.0517625415770532	-0.127842482985717	-0.145467094888214	-0.121174934244439	-0.109088877362468	-0.0979044650703819	-0.0702817309324337	0.894623041803767	0.410401310460642	0.333934707908428	0.350342324953437	-0.123874126787326
1848	Res-016935	-0.0794544548935296	-0.15504148076948	-0.191564037134973	-0.175891125920145	-0.185551404089735	-0.170241539265367	1.34655758614806	-0.127208125414544	0.726802159695447	-0.142697544501398	-0.195299783252482	-0.184689954731149
1849	Res-016938	-1.19633853328302	-1.86341191296619	-2.05051865298876	-0.750507715346637	3.68627220169249	-1.10869418846732	-1.12574359322144	-0.637588715974728	-1.21157427220505	-1.06463066631084	-0.990189079443935	0.59041234574412
1850	Res-016939	-0.0415048467368708	-0.0749785811599586	-0.0764027715292475	0.180535138728664	0.1329536549278	-0.0485362238270006	-0.0289477827297812	-0.0220152781638848	0.0178680447633061	0.0394698609304408	-0.0592698131907545	-0.0480871180219369
1851	Res-016942	-0.0698237644923925	-0.12270770109817	-0.166261035859667	-0.170871984777199	-0.161367017636536	-0.177223688717093	1.51403508986234	-0.120386214640351	-0.119823729768009	-0.111251882372736	-0.1485799338763	-0.175032352887802
1852	Res-016944	0.0751919581548907	-0.12707285319683	0.484006887708143	-0.222062129090831	-0.107402717395537	-0.211859755733295	-0.216546498824598	-0.126297034281209	-0.145917806891065	-0.204448712961538	-0.109744959862598	0.150887146480238
1853	Res-016950	0.000659409523073778	0.0483866509924473	0.00933970509916599	-0.0178697801207563	-0.0201100296444788	-0.0110944545387254	-0.0213670881804764	-0.00102049062197258	-0.0263469601185094	-0.0317969637184163	-0.0245887299697686	-0.0159425429318731
1854	Res-016952	-0.0914029878226042	-0.114302446682776	-0.109488039284963	0.60706388027682	-0.151937190546602	-0.2166161917384	-0.182941276885435	0.0154476441692883	0.121684961160609	0.13187924152799	-0.125812712829903	-0.149388112646541
1855	Res-016953	-0.442524579666225	-0.79105395934179	-0.867612494651918	1.55759663022114	0.0701362299365368	-0.5908985816758	-0.639744647981063	0.566261523142948	0.491813842359523	0.37635759266809	-0.547213645473681	0.889691244614387
1856	Res-016955	-0.178729017429421	-0.219659336268413	-0.216075474634094	-0.102461381499146	1.07347575435841	-0.156157819060768	-0.138548396632145	-0.127210491408042	-0.155371267144088	-0.159713252116612	-0.173599508970548	0.126563523375724
1857	Res-016958	-0.0760800653579894	-0.0684502123179938	-0.0646850913460326	-0.043486652157613	0.460624691775795	-0.0556160269657391	-0.0579101400857702	-0.0241744249143273	-0.0290232713605056	-0.0700537823292941	-0.0526297753203879	0.0700539350622715
1858	Res-016959	-0.160641883012828	-0.175743601612217	-0.198194949050361	0.596458585900809	0.139005035417059	-0.0204368678411517	-0.162393831631154	0.214007163323182	-0.041313604812718	-0.150801169566463	-0.164984633160696	-0.178435465859485
1859	Res-016961	0.313496274578973	-0.50315223691739	1.34201472207638	-0.965999520206488	-0.429418819134569	-1.0898513851823	-0.670924623807083	-0.414543022658727	-0.651669965618476	-0.985881241153675	-0.320228138707318	0.194021719106852
1860	Res-016978	0.00560737448664869	-0.0336881133619137	-0.0250518819328792	-0.0389112405814564	-0.0150999629908923	-0.0301539127538564	-0.0476050696380847	0.0502593692522396	-0.00909870293766564	-0.00308181206116566	-0.0325424760735845	0.911632261000452
1861	Res-016979	-0.00890522031767947	-0.0136816067653888	-0.0134623890087925	-0.0137583658315748	0.0373912694357746	-0.0108899982841374	-0.0122703030261901	0.145665232709175	-0.00718196995499711	-0.0249449524728889	-0.0174261938723724	-0.00815681470248823
1862	Res-016987	0.0124526487528675	-0.0434507322339677	-0.0551420020043758	-0.0509839595811531	-0.0538376790200293	-0.0307940441228005	-0.0123266862470854	0.0281857046893988	0.66662426560833	-0.0575674656348543	-0.0539655298794434	-0.0454089368690915
1863	Res-016996	-0.00814647507983478	-0.0267744843417348	-0.024129749551039	-0.0226671872029412	-0.027930264488723	-0.0137475767997549	0.356538337131434	-0.0202137912701301	-0.0301226271197083	-0.0286864111698584	-0.0338716268420228	-0.0288227670345375
1864	Res-016998	-0.0159450083400505	-0.0715978015951957	-0.0486560738778995	-0.0608021501391323	-0.0490895425667126	-0.0276177000410532	-0.0620276092241704	0.680206799961403	-0.0383573127516028	-0.00940243314786776	0.140576842616508	-0.0686028209713471
1865	Res-017004	-0.00273393546880385	-0.151982147322918	0.399191997899205	0.0279910329631821	0.208512878745401	-0.234453520015019	-0.561093866006654	-0.218053027545936	-0.241647347000214	-0.368659443010113	-0.184898971829206	0.260888270291372
1866	Res-017012	0.0180482289677871	-0.159305569153308	-0.0327754936732888	-0.221611376814357	0.609072038173397	0.0709698021714978	-0.224449080409123	-0.228998976079264	-0.161753754798354	-0.108347877155297	-0.215678860604684	0.0212580107259433
1867	Res-017013	-0.018507957657614	-0.168189059771789	-0.246161824813522	-0.223990834990933	-0.20611618649792	-0.196361269894756	0.0166166630199722	-0.0911043619009863	1.91174229247324	-0.0402036520778435	0.259855006201179	-0.267647243382955
1868	Res-017035	-0.0281211663366058	-0.0604695359979544	-0.0997906174424302	-0.0956775035888824	-0.0922685680523371	-0.10092726987867	0.983142789136206	-0.0806005532241252	-0.0462743713035174	-0.0854968690082169	-0.0760187249936134	-0.0515228725983491
1869	Res-017036	-0.00559140270622479	-0.0239336165730802	-0.00651287545306199	-0.00990640216642249	-0.0303159000768196	-0.0295700595374867	0.215440509954302	0.000812766641744705	0.0684287150020972	-0.0155138205381185	-0.0262122371405695	-0.0328427397579681
1870	Res-017037	0.0230616790495467	-0.0826268750984429	-0.0915020812712831	-0.087691977942298	-0.0840275506787315	-0.0835490150126149	-0.0714529287145761	0.0774998344880429	1.02098329840413	-0.0640435765666504	-0.0645475595704173	-0.0661995244964314
1871	Res-017039	-0.00713817517238779	0.00227748455194764	-0.00720559560094533	-0.00445328042682491	-0.00367957503589219	0.011635541834528	0.00246966307808086	0.0595903921954039	-0.000377669658933118	-0.005296088331343	-0.00311704344619136	0.00198563039396084
1872	Res-017040	-0.0818741009589738	-0.164538313733459	-0.218344613390751	-0.188652406839128	-0.130801616590321	-0.177105445315782	-0.144041486720171	0.780575188138806	0.844673155519264	1.00662615354861	0.262141505114058	-0.177045357156055
1873	Res-017041	0.0295415739324558	-0.192031281414408	-0.235956913018993	-0.226936597097816	-0.221426837904456	-0.217217180529624	1.6396885074195	-0.157349494179304	-0.168883660691503	-0.232710685445487	-0.258979168607432	-0.248774721728375
1874	Res-017048	0.0237818658015011	-0.0499572146556651	-0.00878202982194567	-0.0480077416103555	-0.0464332665323328	-0.052226420018129	0.218617287533822	-0.0403870374901087	0.173642711149611	-0.00873655426284593	0.0711775818975032	-0.0476597698089192
1875	Res-017049	-0.0267646734928831	-0.133201327179867	-0.137268708473795	-0.127830736912611	-0.116856487234194	-0.115378221758357	-0.0535310240885362	0.122790416202611	0.825392123046188	0.725405440535765	0.551252538352772	-0.0965741262434802
1876	Res-017053	-0.0504181979684599	-0.209975517121241	-0.255667140312698	-0.238246721789857	-0.232276690756015	-0.214830297314807	1.83434003437039	-0.178088434677638	-0.176994101405827	-0.189484660334016	-0.19977685004173	-0.270507895494056
1877	Res-017057	0.654732870954983	-0.462330990429117	1.05858126724029	-0.979514120595468	-1.05993413418121	-1.10640908196791	-0.632095972562442	-0.413870527988362	-0.525408091832423	-0.835169008991417	-0.493458470962916	0.375835462419567
1878	Res-017058	-0.635568191367902	-0.823466119568742	-0.869086594451438	-0.809853210998644	-0.161116509607013	-0.786817827202134	-0.612863006894898	-0.409295619981278	0.169875764846644	4.2991437254362	-0.717931076333915	-0.601479818440797
1879	Res-017061	-0.215389516017417	-0.241351466902393	-0.213022666970776	0.602684299898794	0.327388094406034	-0.17817770449466	-0.200348294653892	0.00497755024020036	0.141477655770389	0.312133504038505	-0.126135096380677	-0.0380395772566564
1880	Res-017071	-0.0127560154469213	-0.037840234225192	-0.0627384471018352	-0.0577113010782869	-0.0594364404716605	-0.0558347056515906	0.668303516567734	-0.0532099804512638	-0.021989719263878	-0.0521433557411018	-0.0613107168647944	-0.066690676830475
1881	Res-017072	0.0391799136077646	-0.116675219242939	-0.175176650785668	-0.152783504565795	-0.144888876230053	-0.147321926494801	1.20239711634036	-0.103820930444658	-0.106371568378909	-0.0963383153484164	-0.164119928198068	-0.159280444644999
1882	Res-017087	-0.0364103356206868	-0.12317236953975	0.0189280025644236	-0.0274568712772216	0.214862773497095	-0.0988561526835041	-0.0722440780548412	0.134739347695223	0.288046245457085	-0.0402269737839016	-0.073484070868847	0.0445631106267746
1883	Res-017089	0.0132661960837403	-0.0266642935918396	-0.0387229156143079	-0.0447259927629405	-0.0368850136041108	-0.040409949132586	0.401369134484267	-0.037651465844162	-0.0391208617870001	-0.0254800006011778	-0.0324219252424685	-0.0313362320964453
1884	Res-017090	-0.0304724595741672	-0.0407259941589949	-0.0543669185156717	-0.0542773048094886	-0.0498313932972961	-0.0492447432767383	0.691296644231469	-0.0380435418150705	-0.0368683188846109	-0.0587680501820226	-0.0516127985441339	-0.0578568399878954
1885	Res-017091	-0.0626538028548178	-0.120033845711324	-0.145195279599243	-0.146493861683136	-0.132308457264879	-0.135470598789242	1.39491587660719	-0.128075166899172	-0.0973883762345675	-0.115492977333818	-0.13092390585252	-0.149731062253888
1886	Res-017118	-0.018500289548564	-0.0146996768286711	-0.0285232411305729	-0.0213620424287581	-0.0231638262583145	-0.0230500135665984	0.341077741996486	0.0182538532952881	-0.0250783611928465	-0.0275007958548648	-0.0153943213711329	-0.0154499831694581
1887	Res-017122	0.0134984412699135	-0.0757522341596787	0.0481170643212546	0.0248124321418156	-0.0109484562597731	0.0885003119510109	-0.0516572537082152	-0.0180927678503577	-0.0803526595117015	-0.0295865150464381	-0.0531947517271902	0.0141578945698615
1888	Res-017123	-0.243947872008036	-0.659177588962825	-0.550493650969885	1.28946850949918	0.398905869589791	-1.02112894822589	-0.557138836586506	0.16492936832338	0.32202087407372	0.299059332865625	-0.495020889412728	-0.144156031598756
1889	Res-017142	-0.0144958258946649	-0.123330900205165	-0.207446050423581	-0.24540011901363	-0.214298267091477	0.128385942793813	-0.101454325601364	1.37893204500965	0.200752055587334	-0.253578359122901	0.0216569146237736	-0.346333730180255
1890	Res-017158	-0.178581242243175	-0.360494616421712	-0.432573340708734	0.249708542530521	0.884838966070951	-0.0359831426620987	-0.175717426599025	0.259396374251932	0.023283711626444	-0.000406853983153321	-0.325714175207308	0.014684496065458
1891	Res-017166	-0.159707904245908	0.789929522883066	-0.0195462299077663	-0.322593405684262	-0.289804143995066	-0.524990179280405	-0.0169084095457822	-0.0027853787124732	-0.102036746571642	-0.299675867245681	0.512976397145933	-0.215671565240441
1892	Res-017167	-0.0145691458928256	0.0971955678866071	0.00318303134222725	-0.0144733676011289	-0.00533910213363442	-0.0617502078561812	-0.0401467212198271	0.00677232016841393	-0.00871273525525629	-0.0566074757638391	-0.0380445969797115	-0.0223934474287616
1893	Res-017184	0.179811260325499	-0.348113020912849	-0.535107089401923	-0.518019848888666	-0.373460858325332	1.51664945613195	-0.0617955681875214	0.114026346745049	-0.211955041797121	-0.221666011640716	-0.134176569327624	-0.435210533812918
1894	Res-017189	0.0154553320884524	-0.0185523908808222	-0.0218140371508016	-0.0193079859303216	-0.0229534844749938	-0.023248942601041	-0.00826700375479511	-0.0172936052185853	0.288497502084795	-0.0241111254969479	-0.0226355667617771	0.00553269230568721
1895	Res-017198	0.0406117759840795	-0.117788818685353	-0.0765444287162122	0.32186816371743	-0.11072893501952	-0.164393706596843	-0.110486827351272	-0.00536529273945033	0.112237707631703	-0.0487584717707747	-0.0370386716785822	-0.0520838137954762
1896	Res-017215	-0.00151650182110165	-0.0651925008848973	-0.0439270890767839	-0.0477104984577789	-0.0549529432919931	-0.0378139909903797	0.60629941873243	-0.061503997593443	-0.0330168031175249	-0.0353388846644701	-0.0499081703171577	-0.0549951779092696
1897	Res-017216	0.00630261967824261	0.0412325074145962	-0.0749827792844384	-0.0838834538365912	-0.0533073032455514	-0.0636618295036573	0.499276863183364	-0.0471176367759724	-0.0038142954309317	-0.0359453617052175	-0.104588168540171	-0.0926653379159497
1898	Res-017217	-0.0323953611881373	-0.0442848567677258	-0.155641599145006	-0.143947411306922	-0.159335849733671	-0.15912024541403	1.2294252475183	-0.111718821969655	-0.0210371519080578	-0.098415881953499	-0.112047118716687	-0.0846134255643094
1899	Res-017219	-0.0189786349847766	-0.0527042215019864	-0.0665929917490372	-0.0496919978737776	-0.0628422295825992	-0.0328673115751765	0.673965932035819	-0.0316585930361048	-0.0127243799229059	-0.0757722605718535	-0.0544028740114639	0.00359935611873285
1900	Res-017220	-0.0340548077852923	0.146376526625664	-0.0834117412025462	-0.0657153944126662	-0.051220552648208	-0.0805468896430349	0.265764198614821	0.0341903502893779	-0.00806872371629579	0.124858200518293	-0.0852330777247661	-0.0823561580464047
1901	Res-017222	-0.000190075384377462	-0.011755360837758	-0.0157950932761745	-0.0113081337882488	-0.0158997524332795	-0.0135744276188843	0.11180855837172	0.0210683528304263	0.0100377310416582	-0.0119572058850788	0.0670479111816009	-0.0177209423800516
1902	Res-017223	-0.0239560619192564	-0.038231225723913	-0.0385619810957988	-0.0211760041297018	-0.0307556094189653	-0.0332265568136104	-0.0343697550240562	-0.0219487343048573	-0.00522738009716613	0.51028011789414	0.425826255612452	-0.0403899485729459
1903	Res-017224	0.00986791430282804	-0.0134299284367959	-0.00874847189536641	-0.0134573492813466	-0.019878065092147	-0.017231482687169	-0.00308834193945775	-0.00120172962843945	-0.0196632651981889	-0.0292482418965818	-0.0152502012748076	0.487130452253176
1904	Res-017225	-0.0120309559937456	-0.0178869498346465	-0.0108871720713637	0.0223080857196725	-0.0278027740966564	-0.0502716330025273	0.160723127924676	0.0486275626035543	0.0257742894478151	-0.0233373841156174	-0.0113185879241596	0.0279221663534577
1905	Res-017250	0.0358456985754065	-0.102409189532819	-0.125217041393678	-0.111022933625707	-0.101277216468744	-0.10209475679693	-0.0338959207483358	0.262643964500462	0.816847560671625	0.186797415121961	0.0798818584769091	-0.0844859629340552
1906	Res-017252	-0.00714751509484364	0.00395714258380387	-0.00426991647239926	-0.0176877132634283	-0.014974533212476	-0.0111774391370722	0.128538739970613	-0.0109659772295441	0.0092050495040524	0.00371706458782669	-0.0113131836047387	0.00608029365130411
1907	Res-017253	-0.0154466423449686	-0.15173764832677	-0.171058961293413	-0.157800231244056	-0.171404382121326	-0.167006691617807	1.41230176316876	-0.120638409758944	-0.0988705128532873	-0.118417703241823	-0.10714378288556	-0.157368783399177
1908	Res-017258	-0.00174450414607516	-0.0447800488421197	-0.0402283938340805	-0.0860163287261479	-0.0758716017464141	-0.0667607160994577	0.71227004336411	-0.0565981355524415	-0.0531613597700338	-0.0845417940322278	-0.0694153069823186	-0.0842619566415412
1909	Res-017264	-0.00851649914072482	-0.0894053125716649	-0.0873676380003169	-0.0824558807480958	-0.0886246775685293	-0.0865380104449072	0.921148457072298	-0.0732822872680982	-0.039120320164186	-0.0794294759701495	-0.0799184708717282	-0.0995492551370324
1910	Res-017265	-0.0254281796279137	-0.146895612962165	-0.188125359003128	-0.185755532910547	-0.138944408083208	-0.16625385381328	1.4238429858751	-0.107007503551094	0.0231700859513854	-0.158744349787234	-0.129073744051045	-0.173907621497219
1911	Res-017266	0.00776861542198945	-0.0691806310665523	-0.0830107355316359	-0.0855646704994056	-0.0822647131279015	-0.0948600692604346	0.827176120898158	-0.0718252123375649	-0.029600830235551	-0.0802292245927317	-0.0971023758819233	-0.0509788221772709
1912	Res-017269	-0.00957918154455031	-0.107505584787189	-0.112455716371265	-0.110656028257464	-0.115651952890451	-0.115108867353705	1.02313830196735	-0.070665065982773	0.110988502919965	-0.0759241044974399	-0.0823640492226472	-0.128662015624309
1913	Res-017278	-0.0207524445002398	-0.0205075956293725	-0.0377537420242548	-0.0339381404809886	-0.0319124346673084	-0.0321958708358939	-0.0235422483863677	-0.00593639950531647	0.65769856633575	-0.0424965775414495	-0.0198771645668718	-0.0357268382772151
1914	Res-017279	-0.0214023372284217	-0.0482213391279951	-0.0622083181324007	-0.0588635186206437	-0.0507852429899635	-0.0453733407559849	0.00148600200190216	0.259808561423313	0.0679401098382936	0.0926878052570545	0.694090416308953	-0.047052801895035
1915	Res-017286	-0.0148397652388731	-0.0186935342844459	-0.0283100026552386	-0.0252699593347411	-0.0250345055311634	-0.0225003626388484	-0.0297951463766185	-0.0046398878328793	-0.0217636680412686	0.0489192253511213	0.00628708252611542	0.992657135194295
1916	Res-017298	0.00308913809580333	-0.0874627393611105	-0.0941978684208245	-0.0943358834745996	-0.0980032993479246	-0.0957169515668149	0.934680669315138	-0.0604554783010053	-0.0680954315980383	-0.0910765138660214	-0.101406165316003	-0.0585552457268758
1917	Res-017299	0.0145500359614489	-0.0305443399339567	-0.0223219444067117	-0.0293016651374361	-0.0259104432856199	-0.0247960172047327	0.282972643691678	-0.0190957494886672	-0.0304015572523646	-0.0287179545107396	-0.0240417559389375	-0.0301218344990581
1918	Res-017300	-0.00594146761804676	-0.153197654586097	-0.025625773371396	0.087296930844047	0.00137269559626879	-0.183553179950485	-0.129655482771161	0.609790621464662	0.0058453205555169	-0.0971655760975778	0.0164201708584118	0.234665376021817
1919	Res-017302	-0.00682639702443957	0.00491559602071868	-0.0441669793491304	-0.0477939656192562	-0.0516639185393029	-0.0597476836988617	0.504593590583943	-0.0645576124247422	-0.0108773785018396	-0.0538961143459038	-0.0706588556337311	-0.061528213451708
1920	Res-017307	0.109641488674648	0.0913372142591379	0.147783792499266	-0.150656965372051	-0.162129309433743	-0.170862912664415	-0.0872526633154676	-0.0803386619302809	-0.12134607783839	-0.166146967074367	0.0230969393278747	-0.214870688952562
1921	Res-017323	-0.0592086320705106	-0.202322321494274	-0.279950477254689	-0.287787030942384	-0.264646488285789	-0.250040622223713	1.96425753345873	-0.25131173963115	-0.147605823137262	-0.258874263423208	-0.264639514495432	-0.255413507532144
1922	Res-017324	-0.139366051759281	-0.360747643918268	-0.405275722049447	-0.394560317042029	-0.367052857627754	-0.355013960893425	2.46072730120605	-0.222977084103721	-0.180111983471513	-0.32667878150665	-0.374743453251485	-0.391064286687749
1923	Res-017325	0.0797076978414901	-0.125936541793449	-0.144102635650701	-0.12649384379868	-0.124202196933183	-0.119819326134012	0.94890276260563	-0.0895797918770509	-0.0680490029742443	-0.0905316691721639	-0.110172105656563	-0.0785948723239916
1924	Res-017326	-0.128985473021774	-0.430693820390063	-0.59445786422615	-0.522866241279761	-0.560251782528997	-0.524647721293602	2.77451573158882	-0.440946499830231	0.224305985928964	-0.450235784790089	-0.555223582002659	-0.59116967296707
1925	Res-017327	-0.335819640505372	-0.646186412923183	-0.930813869490781	-0.886122230665687	-0.933702221359475	-0.923270846173396	3.65152314614338	-0.649309528933047	-0.506663020597418	-0.885823920395347	-0.877782863685972	-0.828199138311331
1926	Res-017329	-0.055326315554424	-0.310588980842975	-0.526408332913276	-0.504124637170339	-0.509156944102651	-0.494217402387556	2.61589944741809	-0.400133724103338	-0.396095094629083	-0.43239254994774	-0.42397537905937	-0.414748217586873
1927	Res-017330	-0.0215338029158991	-0.064966021260504	-0.0806392278966403	-0.083250708381813	-0.0769841553941498	-0.0655034508427048	0.853139195179195	-0.0607403136441389	-0.0220823859040073	-0.0557728852882476	-0.0692484399158138	-0.0698606672913649
1928	Res-017331	0.00311522360371609	-0.00865599557410923	-0.0151686133987488	-0.0137011920086275	-0.0145522261368143	-0.0134930529529142	0.152298028241075	-0.0131643758282868	0.00219129281204938	-0.00962484218551174	-0.0139916311628885	-0.00921760191995869
1929	Res-017332	-0.0244500771235677	-0.0387511001408673	-0.0503463656441041	-0.0680284163907096	-0.0672208645549048	-0.0572103262328111	0.727448678507942	-0.0674890677127204	0.00369136669355737	-0.0708157710535554	-0.0813965350745875	-0.0807617031078231
1930	Res-017358	-0.000864192094002639	-0.0368629940103107	-0.04276023883797	-0.0561755308170932	-0.0152466556946398	0.0587985761481075	-0.0518723756981696	0.244637159481145	0.206297015267634	0.004681347226549	-0.0192922375903565	-0.041845780388861
1931	Res-017365	-2.13096698286559	-2.44054370777005	-2.59341445303745	3.9990361131327	-2.00951625727599	-1.85340566891391	-1.60687248100669	-0.216619094733633	-0.0784457930248252	1.22614794818046	-1.16489476253233	-0.880064539487915
1932	Res-017367	-0.0509130536656204	-0.041338605744898	-0.0588974705585415	-0.0371699537047255	-0.0505327798015748	-0.0494558173483277	-0.0295294795458403	0.300378623872182	0.514080869487345	0.130632803454852	0.169604295196236	-0.0572125611714471
1933	Res-017382	-0.0399650327275643	0.326772197029432	-0.105513355213774	-0.0893831199590162	-0.0956105430466929	-0.0703931300187905	-0.0878776459067732	0.123368033840752	-0.0818994194564694	0.0745461412480348	-0.1197046998702	-0.0738149475202999
1934	Res-017392	0.0204266157472751	-0.0183993015204624	0.0326794884568019	-0.0215516171777343	-0.0227498330612222	-0.0213715430991838	0.0010936957847799	0.000204631346739096	-0.00307576425873203	-0.0139615347994509	-0.0066258128309994	-0.00279048454653071
1935	Res-017397	-0.0132587777621831	-0.369024755669035	0.339916173479767	-0.472922185419454	0.859193407744621	-0.408602070804525	-0.320472968364827	-0.0223825922937986	-0.284642289469641	-0.380228852300321	-0.128899477356971	0.17852097381251
1936	Res-017399	0.0697309257778929	-0.0263793410436892	0.0373666029390681	-0.0518805420577164	-0.0443824856256528	-0.0594009253838026	-0.0327439449831565	-0.000641798421277318	-0.0495445008423302	-0.0122751321371689	-0.0410583422992827	-0.0048390145592775
1937	Res-017400	-0.010361793877539	0.00069255338476773	-0.037029470842371	-0.0300127912271623	-0.0295940807637107	-0.035080843717636	0.360893820201403	-0.0300864271586435	-0.0172224856747926	0.000370712816233063	-0.0500324760681249	-0.0196724245216227
1938	Res-017404	0.00271545636654826	-0.0682726007664302	-0.0579896560744996	0.166769774247077	0.0198689059349521	-0.0637812615824955	-0.0416099867673286	-0.0262686317030712	0.0187515513419762	0.0440567318218856	-0.0498603269875104	0.0130230416680866
1939	Res-017407	-0.0115409724507633	-0.0184968279820587	0.0590103989256443	-0.0236498387843042	-0.00616081538690527	-0.00573343305793187	-0.0233696209252724	0.00930731911278803	-0.0133184485738012	-0.0182985724856778	0.144655272612514	-0.0171287479269572
1940	Res-017412	-0.189939939242307	-0.280420690916914	-0.307558080994695	0.130974027020689	0.9914494844807	-0.153462722815118	-0.174333211961756	-0.12411300524507	-0.0228892891318032	0.039990452775978	-0.169819452215487	0.0136187139321809
1941	Res-017419	-0.0108461771717478	-0.0104390189085711	-0.015524890402545	-0.01597496509135	-0.0120627940555066	-0.00982778614786491	0.0498409018394265	0.181798699254175	0.00660683601163414	-0.0151927628263467	-0.0114411584131647	-0.0134256340647804
1942	Res-017424	-0.0146174169890897	-0.00962111026758274	-0.0222781239854921	0.00156567420384242	-0.0054921780274882	-0.0217402965549421	0.243437507717783	-0.0232201418399456	-0.00852835471534654	-0.0273166986402372	-0.0239706785727458	-0.0189990162173936
1943	Res-017429	-0.0342792920097336	-0.0624950962696102	-0.069690929963626	-0.0458410222184003	-0.0275205048720213	-0.0418199309091586	-0.0455726254364166	0.682719096123116	0.154790205398607	-0.0130383081293323	-0.0372847949367587	-0.0762934456982872
1944	Res-017435	-0.000653361309514938	0.00605422170474332	-0.00662920087181495	-0.00832894770501851	-0.00536622780755757	-0.00135086328738627	-0.00816963248853097	0.062667216915835	-0.00374313508220216	-0.00505894000707158	-0.00768736617646351	-0.00940061794335724
1945	Res-017452	0.00442458083393069	0.113427916806087	-0.0300713441810107	0.115169447534783	-0.0860239303672164	-0.111946753947914	-0.103627386443121	-0.0510602824626762	-0.0559098249869497	-0.0496583350330054	-0.110573012512901	0.0164586249855813
1946	Res-017454	-0.00711756655230929	0.0013660492083223	-0.00717949878635691	0.0155259682537695	0.00256923086777097	-0.00460929370282932	-0.00373299861334397	-0.000168764087933726	0.0423762614627776	-0.00735653382407271	-0.00669587000049237	-0.00700409368499284
1947	Res-017467	0.019203390733056	-0.014269265650755	0.0011451194439147	-0.00921296899630251	-0.0132352009350639	-0.00908968121860345	0.0398417042471713	-0.00368736148302562	-0.008077189552116	-0.0202678742905767	-0.0188443263217186	-0.0368491175231451
1948	Res-017468	-0.0566362456967484	-0.0344830943937125	-0.0427398795297324	-0.000226898853788376	-0.0544503160661606	-0.0401858699223165	-0.0600798349611269	0.628833287562125	0.117461873727434	0.00314778639680419	-0.039122114084198	-0.0488930617480232
1949	Res-017470	0.24619514646042	-0.102166500686145	0.0567135428907419	-0.165855267199305	-0.145763158114926	-0.194183586091189	-0.0424744639690665	-0.0903274662592065	-0.0400901458783981	-0.160623574761541	-0.124380679982587	0.169976620089861
1950	Res-017472	-0.0327333854947371	-0.0481683915823208	-0.0765339658062152	0.0638257997767427	0.0148794628209072	0.217522101066609	0.0572221707386709	0.0101015569155178	-0.0634511177301035	0.0133119980920706	-0.0709471491778027	-0.0436062791533909
1951	Res-017474	-0.0675947877989109	-0.00106970436293284	-0.0915379818683891	0.0694129083890341	0.339234981502857	-0.0971172139827187	-0.10015835644211	-0.036427449537265	-0.01922676973416	-0.0427646797003673	-0.100897367102322	-0.0438370987815999
1952	Res-017482	0.131371400577885	0.89107346637857	-0.191374489758686	-0.379447333488483	-0.451573057544672	-0.477247900362837	-0.259587649861268	-0.302924590874257	-0.396548459662224	-0.40726981710504	-0.458942544049419	-0.379353788213193
1953	Res-017500	-0.218756644804348	-0.67221241735341	-0.837487694777777	-0.836199138003573	-0.279583910431803	2.5573953845953	-0.252441343083274	-0.0651004882701949	-0.359297682290643	-0.193521240736632	-0.378217911971069	-0.804090479668645
1954	Res-017542	0.000370165170274939	0.0249397149973824	-0.00341150523266754	-0.0145613971420804	-0.00319565372751811	-0.00513706246798744	-0.00325868255693793	0.00437276292888307	-0.00282849484863548	-0.0148308772676038	-0.00741853152306354	-0.01399326538391
1955	Res-017549	-0.012287983573981	-0.0201792741555646	-0.0258169870204223	-0.0223585197601894	-0.0124509842716781	-0.0241006894810254	-0.00637887758009742	0.0301669270141229	0.0175148347430628	0.430064324963335	-0.0171657151284996	-0.0178115951612287
1956	Res-017554	-0.295177892028136	-0.464275185581001	-0.503711802189829	-0.481708949861769	-0.292056670415532	-0.439442572797736	-0.253007618355686	1.55184419715482	-0.179960463683175	1.03776516144259	2.75694746720818	-0.399815164681374
1957	Res-017560	-0.00551287672748925	-0.00233193408236273	0.00456815200085853	0.00173813960580066	0.00317310506919504	0.00417821865906975	0.00457297430821001	0.000144421665725177	-7.05244119902957e-05	0.000522928677019312	0.000665721647958315	0.00323281275529361
1958	Res-017575	0.0162757678588153	0.0433313387698255	0.0219412728254099	-0.0489080730503416	-0.0224379258857605	-0.034370938477032	-0.0322348579922997	-0.0284721064333103	0.0145294251882546	-0.0192454206155965	-0.0287825275093329	0.0404918441001859
1959	Res-017581	0.00506250970131691	-0.0114529414353915	-0.0311771998851213	-0.0325447927903557	-0.0199139937116072	-0.0314015831647103	0.264694752706162	-0.00111632653402702	0.00305748533515901	-0.0361167214067784	0.00793428301369403	-0.0431061567920343
1960	Res-017592	0.0267693540903285	-0.0133279479853233	0.0370296832369361	-0.0131303309582355	-0.0319462799965371	-0.0279670712235656	-0.0369270717756479	-0.0205620877293366	0.0149668757582267	-0.0400247209184974	-0.0147836346355087	0.0324489635161686
1961	Res-017593	0.00110494441476227	-0.0180719324026681	-0.0167189386206536	-0.0279125525797345	-0.00185261723980568	-0.0204248813325118	-0.0195729537784515	-0.00278859172925219	-0.0202938298986461	0.0497074328776015	0.404325445225354	-0.0210899686252087
1962	Res-017594	0.00587420308602227	-0.0136448343116746	-0.0107332747372816	-0.0112641518678568	-0.0156062705225882	-0.0100995290409979	0.120091797874714	0.00531451449487524	0.00457715818701006	-0.0171904133305839	-0.00719789329350088	-0.0178134362538643
1963	Res-017609	0.00454497668910895	-0.0179738160238248	-0.0167973599702241	-0.0140163199270255	-0.0154927851852538	-0.0134341614422987	0.175103624002355	-0.0165957148941373	0.0196016156487829	-0.016391852067224	-0.016287804602081	-0.0154973734296309
1964	Res-017616	0.0819149863059512	-0.727384005634179	0.685815032921942	-0.300024687083528	0.876216497841421	-0.98353668608673	-0.516524831744101	-0.388859263891972	-0.438156881863548	-0.47717988088239	-0.553521601707712	-0.154324976234453
1965	Res-017619	0.0096994086684172	-0.0739289546658967	0.0603142817507154	-0.115647521755806	-0.111520573957533	-0.14398804442681	0.0515368045409072	0.538799576879368	0.297036908724985	-0.160753145814812	-0.0797557359182748	-0.066453055024893
1966	Res-017625	-0.0278388474705758	-0.0260521969009217	-0.0255805712421873	0.0318227570521	0.116910616194086	-0.0254399403566859	-0.0226283152597405	-0.00702887485970997	0.0613369079780638	-0.0109272032654666	-0.0207152946392195	-0.00491754850390779
1967	Res-017631	-0.0134154789649818	0.214793332406547	0.00887720159583436	-0.0770150254858725	-0.0586920376774821	-0.110695371866281	-0.0899003134024374	-0.0593574550788254	-0.0236558004665203	-0.0175779456525702	0.0152899172668639	-0.0256553907837327
1968	Res-017640	-0.0186296092514049	-0.0451704284059696	-0.0618661356611177	-0.06104272276821	-0.0334972043035833	-0.0640953801009546	-0.00484714799029805	0.259872917892676	0.0541303138191957	0.646985119550413	-0.0700438633600852	-0.0611551394942572
1969	Res-017641	-0.0132345318984144	-0.0102567317591789	0.0112237389511783	-0.0142312213674664	-0.0169235113604818	0.087097946468277	-0.00124210427786424	0.0166068611104317	-0.00115464228478717	0.00572110030479333	-0.00761365596815456	-0.00917887446927983
1970	Res-017644	0.0492671696626897	0.975973469819659	-0.409994341379271	-0.346986912400251	-0.35983748423932	-0.38151372201374	-0.307557887081108	-0.206233055160098	-0.266850274280535	-0.380745809534832	-0.363027656732032	0.0657700735688187
1971	Res-017650	0.250822802158266	-0.181514141894329	0.319563161438595	-0.247450014269435	-0.268760943083295	-0.274595656271634	-0.10864829864577	-0.111930055400407	-0.122155133431431	-0.165457966517939	-0.104796812787272	0.272614089266006
1972	Res-017663	0.401453730980227	-0.0259086136410249	0.599004912488248	-0.555275763305283	-0.510175424181183	-0.635147169006091	-0.355326569260834	-0.260597151551536	-0.386779559222325	-0.459567165983305	-0.290822120802827	-0.326881561407584
1973	Res-017664	0.125170387012717	0.29904120111902	0.479181874983289	-0.385077023845106	-0.435297389699724	-0.415279252160209	-0.264580732805542	-0.262543110447929	-0.189154053107616	-0.324993111389527	-0.268333739116156	-0.260472393792956
1974	Res-017668	0.0172882252745384	-0.00358960847396441	0.00172552922091773	-0.0103733695001529	-0.0162271885563274	-0.0174726539521785	-0.0115832447946545	0.010901506856633	-0.0172778631886667	0.0169448609829977	-0.00794289566798799	0.0241650842770583
1975	Res-017677	-1.51464531466198	-2.10825372094125	-2.71242856787526	1.62746703920157	2.52538938777179	-1.41999560438123	-1.3118831572821	-0.254207285981686	0.0533915590731571	0.460731413303998	-1.16989167447017	0.0566710579103633
1976	Res-017684	0.123238393272517	-0.0798255617928418	0.336145808021428	-0.0548609781834541	-0.201718698596848	-0.302181387829188	-0.215703452097987	-0.166804972311883	-0.150380115777696	-0.154273896833521	-0.0884743248780599	0.194810252497527
1977	Res-017685	0.0547943351972616	0.0507772376290391	0.28512943257475	-0.110439416516225	-0.191000892910991	-0.225816176464278	-0.0953258391629933	-0.044008516529252	-0.0807425142034578	-0.210246917553012	-0.0762037495405442	-0.0358473662285022
1978	Res-017694	-0.0679048699300675	-0.134593554480773	-0.203095961084008	-0.218042857844379	-0.210628187896012	-0.177609850006841	1.66326692607749	-0.1683634252888	-0.0736956012294063	-0.17588590384538	-0.205748825157403	-0.167333046114885
1979	Res-017696	0.0470936417745698	-0.132399929156005	-0.122393343051955	0.209230853678866	0.156657210573206	-0.173510934439329	-0.171493284087467	-0.0650419909363084	-0.0179654939013019	0.000375200476885384	0.122966557150017	-0.096783162725605
1980	Res-017698	0.00318023551043752	-0.00645287037866255	-0.00305578951376678	-0.000260401253714433	0.00445825997489797	0.00743379784304479	-0.00484794197134936	-0.00239904981068042	-0.00455220000720699	0.00662443444668256	-0.00307583574948073	-0.00388675002882833
1981	Res-017705	-0.0257888679274913	-0.0753481529010243	-0.0419446352513492	0.0974884595717457	0.156103082743601	-0.0480081579273396	-0.0393288335306573	-0.0264008044908601	0.0513385478595419	-0.0240400234878655	-0.0349799139753788	0.0109716882978624
1982	Res-017706	0.0235839349745179	-0.224843867950432	-0.319134653805161	-0.266467446606133	-0.1947379485136	0.955869881287889	-0.0663394174426255	-0.107494810274288	0.779101296233522	-0.0525321309464302	0.152428847323542	-0.282734737530669
1983	Res-017715	0.0458658882091109	0.416353838867531	0.0385767687631591	-0.221836447406264	-0.191722096104853	-0.270915418797842	-0.198261741694189	-0.170256911455594	-0.0249827360687436	-0.190630877390353	0.0428036929745163	-0.107663120538027
1984	Res-017717	-0.0186239207403404	-0.0344365379340566	-0.0461930402515587	-0.0433382391441833	-0.0369536979667464	-0.0289014033066107	-0.0225269936380866	0.468456554388918	-0.00310437302901521	0.0226350357845017	0.176695409287265	-0.037716376980197
1985	Res-017732	-0.00177083856770179	-0.0252050590345076	-0.0276570965600783	-0.0304274613822	-0.0184683257086199	-0.0301211178271156	0.325909594222763	-0.0140728766078406	-0.00890059204443576	-0.00438790587656386	-0.0378385943518622	-0.0257339287005446
1986	Res-017742	-0.0331958857310436	-0.0474139523910944	-0.0399208741821504	-0.0534795727359449	-0.0614665503723068	-0.035762671498386	-0.0264841465504908	0.414810863363705	0.449379445506224	0.00459726367270129	0.00524064124151637	-0.0590180427206434
1987	Res-017744	-0.00300531338737434	-0.133832159426941	-0.147406678103793	-0.153288102609124	-0.146189702230283	-0.151727735340879	1.27191749155478	-0.0721665903226112	-0.0436551021219093	-0.135452980006538	-0.136462392073837	-0.132374853649328
1988	Res-017747	-0.00377190565021435	-0.0168095001791487	-0.00840695744919648	-0.0107009913791014	-0.00489190465015809	-0.0103939045509344	-0.0131259459542166	0.178855312869012	0.00297898177131508	-0.014481629079825	-0.00210283532398791	-0.0158012250003995
1989	Res-017748	0.163180334384525	-0.133785285790944	0.186378649480391	-0.104718184233823	-0.0593379999808877	-0.216819740294306	-0.237044507255848	-0.0959146839555266	0.0552106466270473	-0.127319175626785	-0.0909221828774453	0.058786903422305
1990	Res-017786	0.0766272328290798	-0.173467178780743	-0.0775250338208661	-0.187578729352264	0.0208650602756804	0.428438710200196	-0.153698387486841	0.13804973685395	0.181795788901949	-0.123709488940493	-0.0472675611452599	-0.0854999927901216
1991	Res-017794	-0.0146005552690448	-0.0190345081600898	-0.0278382897631527	-0.0238473397204363	-0.00811837753325273	0.000869154870338628	-0.0109780312337808	0.0051669208450524	0.161489779655298	0.284401363101112	0.00441400442312404	-0.025651680415884
1992	Res-017797	0.0823442646497138	-0.13163921202419	-0.00310042818230655	-0.105442352681611	0.0416479165971986	-0.146202955101182	-0.0430610082888502	0.132275194434978	0.427547194198165	-0.148808460393649	0.0158729123291937	-0.0346319009259272
1993	Res-017807	0.0102492115363467	-0.0128112140823172	-0.0132671644445379	-0.00772083452205304	-0.0117277714147719	-0.0146992964945967	0.114134269393605	-0.013395725553034	-0.00358688422722296	-0.0140351884022445	-0.0143884031059702	-0.0138379052025656
1994	Res-017809	-0.0152557217620976	-0.0169968037876207	-0.0276820677706789	-0.0129160712164083	-0.00203069246318328	-0.0237166916700293	-0.00906965426643885	0.0126016199571009	-0.00549739477482891	0.437319831864401	-0.0312764187303973	-0.0182420595426118
1995	Res-017812	0.158599232243727	-0.0570385473013991	0.0832133107936299	-0.128443977989294	0.103568425303471	-0.171243011249297	-0.177815356843001	-0.159913201481402	-0.125484187980127	-0.117468921267125	-0.272735760252504	-0.139433918022172
1996	Res-017818	-0.0630028363051997	-0.160924108692302	-0.170478954983289	-0.161691626575836	-0.138421130560815	-0.153282457933361	-0.153486900902783	0.390916182586106	1.39428539972643	0.441052997076672	0.254659824717496	-0.15923739328599
1997	Res-017825	0.0218710911912716	0.00434494862708167	-0.014931639649695	-0.0166810270012239	-0.0160148267501575	0.0244483613815319	-0.0177836635006751	0.00260908100865734	-0.0107255526731167	-0.0308380878229633	0.000873166768005224	-0.0283079372048668
1998	Res-017836	0.041609925628229	-0.113138874331622	0.336392993795619	-0.124279227626449	-0.0627652141587048	-0.124626338681797	-0.0894698706800676	-0.0841355191796631	-0.0887347803080984	-0.100054287284984	-0.0502817561565455	-0.0334380562026269
1999	Res-017837	0.10287753427908	-0.319966679817824	1.10478794453408	-0.494789814641247	-0.369576910976381	-0.586209860882314	-0.334589050104916	-0.319595083602701	-0.392341683880521	-0.664697943906203	-0.300093997805427	0.135616054423874
2000	Res-017839	-0.150036878741268	-0.0629437268219296	-0.291925722466526	0.40989927139293	0.400585415722466	-0.163623205589213	-0.198966325734411	-0.0299710806315309	0.219405716111259	0.108911163745003	-0.271097717198466	-0.210432354724323
