gene_id	cell_cluster_0	cell_cluster_1	cell_cluster_2	cell_cluster_3	cell_cluster_4	cell_cluster_5	cell_cluster_6	cell_cluster_7	cell_cluster_8	cell_cluster_9	cell_cluster_10	cell_cluster_11
1	orphan-peak-10025	-0.308648688919379	0.390035581176501	1.06030910801884	-1.84121819624558	-0.111202120019003	-0.0402672583847039	0.0207984050789634	-1.10154667936327	-0.0819578096093743	-0.0567885116065865	0.116927491796186	-0.265538583377205
2	orphan-peak-10250	0.270760427570701	-0.101102248115669	-0.103409767530246	-0.0750268738080117	0.0420462395655704	-0.0684587182960107	-0.162875203875305	-0.0996372724190942	-0.1585159901508	0.134952934138339	-0.0487361215620513	0.129241558869268
3	orphan-peak-11821	0.482915219286198	-0.013486239546701	-0.719610502823669	-0.454436719691164	-0.0675437230019121	-0.67773627915143	0.631526793772604	0.96459662520081	-0.502239981337496	-0.637941851226797	-0.367810466730331	-0.751218530119669
4	orphan-peak-12721	-0.169220149164573	-0.34883984694466	-0.0790592442200358	-0.418276017768747	0.0643847921119666	1.45485024858891	-0.361379659770936	-0.391683877388607	-0.0186478433968409	0.892867673224915	0.407744792601546	0.268686865345603
5	orphan-peak-12733	0.408428923385404	-0.871878744728086	-0.533059597012238	-0.851560436969518	2.10635476927	-0.685699540277455	-0.789954395487641	-0.0459660593750192	-0.581815582336473	-0.56867997441739	-0.306180540278878	-0.807927545380523
6	orphan-peak-1303	-2.15994878554135	2.14035129902957	-1.14982978844379	1.01824511612312	-1.72908067881993	-1.52283786495209	-1.64637462820395	-1.91551218031542	-1.2182450815919	-1.29017122115144	-0.757961565058464	-1.67652178996601
7	orphan-peak-13262	-0.701972185369678	0.343548252453553	-0.366879036046912	0.778779893191281	-0.698488322883082	-0.0854415661561628	0.408483725649315	0.0892941350239472	-0.0455691929352708	-0.273794368255582	0.616938014667779	-0.625660167750248
8	orphan-peak-14264	0.0818577032697346	-0.00455961874809807	0.118101410693999	-0.15836839381476	0.140549248646988	-0.133707882802724	-0.144683128988117	-0.114931443114942	-0.121615466893635	-0.0169675161330432	0.079116230864743	0.20908759970443
9	orphan-peak-14663	1.35020633744683	-1.95309283980717	-1.2522961369605	-1.7247809128383	2.10028736358495	-1.57480064401623	-1.96747294030664	0.941813153567816	-1.49305247579067	-1.55864392164902	-1.09562180786512	-1.86212875484222
10	orphan-peak-14875	-0.419251222251659	0.426056672686689	1.01163954494591	-1.39385383848435	-0.184308695354899	-0.0617354431670016	0.0449075530049976	-0.997781177086903	-0.0230126853406238	0.0834496117848897	-0.303241019214566	-0.338267802484121
11	orphan-peak-15509	1.39457875158795	-1.27161580145394	-0.594604077136643	-1.17936847064804	1.1623500525613	-0.970954174953804	-0.99161095619528	0.373598002178749	-1.03660677086612	-0.733771701769503	-0.443965383553321	-1.51135943604895
12	orphan-peak-15788	-0.780546486236799	0.906081305864789	-0.175685877100448	0.286400405388323	-0.510363591798979	-0.732355805580554	0.590150536254556	-0.781068427592343	-0.630115070657965	-0.119811305007146	0.527112245345209	-0.429498035626327
13	orphan-peak-1618	-0.386625671950587	0.447115658252964	1.04735916240957	-1.95891171613291	-0.145173389608916	0.134151021868257	-0.0398648616400896	-1.12989393514717	-0.0115858291357798	-0.0679498708336892	0.0926339078791267	0.245173205788449
14	orphan-peak-16852	-0.220296079720827	0.51330845118792	0.762532263711784	-1.65002068335961	-0.0561796657626834	-0.0338070587365324	-0.161999755656596	-0.766065430453331	-0.0254354901900813	-0.00192436591314493	0.187511278500854	0.194774585887437
15	orphan-peak-17026	-0.627999407295176	0.352728798712188	1.28467296615147	-1.57970920547144	-0.264923488527508	-0.0103339568750744	0.182472738756183	-0.933374655154224	-0.100217871180732	-0.422290407495079	0.0553216523066205	-0.0151527239206173
16	orphan-peak-17218	-0.434742771422387	0.592015235967942	-0.320740179149507	0.212400738958187	-0.415311924428417	-0.0608171663612367	0.426305497226724	-0.382838182200476	-0.159466084800767	-0.448200697511364	0.523678313352605	-0.043986562795029
17	orphan-peak-18925	0.242576968997705	-0.250167390761658	0.400845832316924	-0.454830128559787	0.0184783224517513	-0.106322374221925	-0.351322129748546	-0.289607010168451	0.0139567753250951	0.850304064484136	-0.51717888329593	0.0031172882799948
18	orphan-peak-20049	-0.0223394174285187	-0.549393112404663	0.231106202926521	0.384936243590918	0.302552306037183	-0.651315276100842	-0.288063379675492	0.521228865817486	-0.277867447636613	0.424974353285742	-0.213362265256379	-0.234127237051737
19	orphan-peak-21235	0.710530524417613	-0.284925514811836	-0.049687084340908	-0.416521426544538	-0.105736850386183	-0.319905989797894	-0.362390147241683	-0.0224981959321757	-0.307271014597568	-0.157164036387408	0.142678763554959	0.229679616277899
20	orphan-peak-21316	0.233824072433382	-1.01701452726033e-05	-0.280125773788175	-0.218748472170488	0.664401903895065	-0.165711817232252	-0.413355761762635	-0.0791378343811848	-0.311758053381274	-0.194655248670345	-0.26264270850132	-0.183022496306334
21	orphan-peak-21324	0.0903955879351143	-0.0731448676951859	-0.089390181667269	-0.0639102965803467	-0.0907600564891553	-0.115393137184257	-0.0116178019763798	-0.215679096460988	-0.179945563965055	-0.172481539867216	2.44049590699183	-0.364263100542181
22	orphan-peak-2574	0.0695099147580338	0.057862067530607	-0.477741386254809	0.199897579661587	0.202574144686364	-0.432848026435813	0.202720333343851	0.235577119585156	-0.44958192237259	0.0044807064057677	0.0925464843417227	0.259498335376989
23	orphan-peak-2728	-0.784277252141899	0.801338165559715	-0.569235976170264	0.86543640742773	-0.633620035038087	-0.517431623543256	0.116591987145697	-0.554358315208978	-0.433611301671026	-0.621743880613965	0.283159101965459	-0.793785671218194
24	orphan-peak-354	-0.0050596146077686	-0.0903712861337726	0.312934095362501	-0.156331500583968	-0.119220197012882	0.0849460112483938	0.0944682471486908	-0.139326640927349	-0.114457171726747	-0.0987854164067357	-0.00163000348308409	0.0933362636505717
25	orphan-peak-3917	-0.514971412110189	0.516211529793906	1.12170938714592	-1.89237079190964	-0.135501496461686	-0.0428388064716296	-0.0728056548003653	-0.927284428095497	-0.0325064800457855	-0.198666250230745	-0.0335792190113664	0.288564884848348
26	orphan-peak-3939	-0.82019507429881	-0.565120221203304	-0.457285809539359	-0.808633898991274	-0.650261224153694	-0.802934418694328	3.44866639806526	-0.929174486867266	-0.748359944374257	-0.725646652788332	-0.262109192123362	-1.01949319567827
27	orphan-peak-3953	-0.295772748384687	0.431541897440525	0.889772154899248	-1.69979984703718	0.0113342833764882	0.0336877707951544	0.00992605840501692	-0.962454395804015	-0.0622946405745139	-0.133907030867735	0.0990516899978733	0.141448824047154
28	orphan-peak-4023	-0.614984271400915	0.44323481522286	-0.590165309654825	0.62363991813408	0.808273118542463	-0.565676249951542	-0.226392597717636	-0.48188652949262	-0.582548521909057	-0.27791032974457	-0.202841721285471	-0.267023984356984
29	orphan-peak-4652	-0.682882776970305	-0.405903614133539	1.71537302861686	-0.998430974560165	-0.639198733332645	0.277276456602895	-0.966990687462855	-1.04215008542057	-0.274439959370067	1.68123635772515	-0.847176578120802	-1.073477581666
30	orphan-peak-4711	-0.244778016513106	-0.0356330300895158	0.0770253320860981	-0.0573558338042002	-0.0174544306432577	-0.167516745949095	0.588670517208841	0.599677205029599	-0.273957535694018	-0.0349017181982894	-0.0900348880444846	-0.33031854217414
31	orphan-peak-5325	-0.563736793924213	0.275377530987384	1.31308706602497	-1.50109395002917	-0.18333762227762	-0.223641834232696	0.260185840476083	-0.840857266207482	-0.147080822236629	-0.455708101095847	-0.166323509737433	-0.334944244459108
32	orphan-peak-5375	-0.06880690530586	-0.11083458967042	0.367713353447077	-0.0562903539737604	-0.00404024743127662	-0.0135005024504139	-0.0768338160355769	-0.107740304864096	-0.134061864158809	-0.0892756880804483	0.0576464501474796	0.302190399333156
33	orphan-peak-5476	-1.73512926003703	-1.28120974054831	-0.708706844312637	-1.22706134199956	-1.3975760016668	4.06133130938805	-1.25883062648666	-1.70148424690923	1.13928150751922	-1.29023634440658	-1.30621533295924	-0.709780502504655
34	orphan-peak-5883	-0.95552260475908	-0.751078743912439	-0.771045805526166	-0.687102091123769	-0.901674945962958	3.29630240002054	-0.856557451433089	-0.856981755646994	0.825464070762474	-0.790033969910098	-1.14343265274467	-1.11081153424372
35	orphan-peak-6007	0.237120660709688	-0.0905971091648785	-0.0284924703116334	-0.188917493150134	0.11459615594318	0.0850239609394903	-0.245770995629369	-0.0935341136988344	-0.195724082956963	0.0608847974671654	-0.00520862627525454	0.0600049604423659
36	orphan-peak-6121	-0.116900234070614	0.0672785744284274	0.0180748243501216	0.0293012669747915	-0.0202522154651116	-0.0655050155386669	0.0615436539682838	0.247329771103565	-0.193111656516147	0.0343699564868099	-0.00651538702371063	-0.139143842826624
37	orphan-peak-6753	-1.56166571927222	1.45166557050866	-1.1626574326961	1.29300351900782	-1.49377234340573	-1.23118625194826	-0.0216569710384968	-1.32035066775875	-1.057732408531	-1.07964911144376	-0.890421251237624	-0.561911340646577
38	orphan-peak-7147	-0.198649081384689	-0.0940960937634052	0.907837192330815	-0.505775886753928	-0.113818437020773	-0.0799883992463027	0.0390357962886297	-0.39277609482135	-0.159208516305258	-0.336455487010126	0.0448025201506302	-0.193099650165837
39	orphan-peak-7252	0.0441870280619433	-0.11840302161141	0.448999579813287	-0.158660687765029	-0.148934154822219	-0.128566877007118	-0.149785476283206	-0.154537173797012	-0.112069674851354	0.0935923546940302	0.0457214821653304	-0.195983812968569
40	orphan-peak-7312	-0.317690826535109	0.429920515965302	1.01388922403136	-1.78200644301832	-0.0657113528934543	-0.0187115486762766	-0.157937194077528	-0.847265526307841	-0.034047677966015	-0.266817080336077	0.089846718236493	0.0929774577190248
41	orphan-peak-8409	0.0809356434194553	-0.0746299796315072	0.0217667977802026	-0.133798517602691	0.0620679074498649	0.0977576674458574	-0.121319418370187	-0.114236029951279	0.0832674898446313	0.170681995163597	0.183046940640017	0.540915632083951
42	orphan-peak-881	0.668501204323298	-0.451506549021152	-0.377181095800228	-0.539731199372096	0.0124090035115596	0.32757673231825	-0.546884684659923	-0.119484361043744	-0.618137057691916	0.619692561074693	2.16856796921808	-0.0921634676003721
43	Spis-LOC111319267	-0.0109288027521225	-0.00849076453148415	0.0362615569913753	0.000435336507194038	-0.00918323564905424	0.010443715596112	-0.0290329618546979	-0.0279122205270258	-0.030660529346722	0.0571473577901879	0.178126651456159	-0.0382573529052422
44	Spis-LOC111319478	0.100193902096267	-0.1430092684735	0.0184084662392856	-0.283176546347652	0.707728532864904	-0.0886276102774394	-0.296950512970287	-0.00759275822240812	-0.251532746635357	-0.179542917503009	-0.0401023636115339	0.176719719912585
45	Spis-LOC111319485	-0.00285560523348595	0.00300726958335782	0.0163531328500195	-0.0140775745235841	-0.0088880986178919	-0.000631937640095117	0.0129645693741747	0.00495997304960641	-0.0136867062753768	-0.0125174773201345	0.0233041936806296	-0.0134525564123994
46	Spis-LOC111319535	-1.19105871300034	-0.971501879691838	-0.900864248963433	-0.760750640416499	-1.03525073481383	-0.655495497788743	-1.08223282115835	-0.867454626249896	4.81228544667019	-0.305984458349177	-0.925854042181641	-0.379165713538863
47	Spis-LOC111319538	-0.0531968756677975	0.0355949964409541	0.0397613750416579	-0.0484438773951843	-0.00801417223769077	0.0106362778941021	0.00952341460240282	-0.0569462391122723	0.185832825882117	0.0456215299030683	0.00713836599292052	-0.0740152759875447
48	Spis-LOC111319887	-0.0867856132413136	-0.00895378191035817	-0.0751500252740619	0.221814209459101	-0.00598710739921228	0.0641084110542283	-0.0103328202589331	-0.0775568052502183	0.00476197702203736	-0.0816340699517853	-0.0209495728319895	-0.102741011261164
49	Spis-LOC111320253	-0.00197462774754844	0.0150805756278076	0.0120893100237573	-0.00965981756047991	-0.0089013471846426	-0.00926340691489592	-0.00876432996263199	-0.00858370634944541	-0.00848393398114946	-0.00787085759756125	-0.00706073358306634	-0.00827096737475532
50	Spis-LOC111320535	-0.0661308068090717	-0.109074556111385	0.049158930887937	-0.13508599743107	-0.104732511119432	0.818786300641933	-0.140893450692895	-0.133547768891792	-0.0754529485281478	-0.10027471377201	-0.133783069618382	-0.131070610084123
51	Spis-LOC111320570	-0.0153009595696307	0.0248894765572247	0.0257095902584463	-0.0328905567993252	-0.0196390117521238	0.0334927359243356	-0.0203499223125614	-0.0190052100605722	0.0493388126127453	-0.0299177863004682	-0.0350337086713291	-0.0200615443316443
52	Spis-LOC111320741	-0.686550685946207	-0.672435215723649	-0.385199237812836	-0.665387264523736	-0.804645650408715	-0.595651294196146	-0.692844029558938	-0.196471630817456	-0.656501317984555	4.64104589519903	-0.682543157613804	-0.478082757843232
53	Spis-LOC111321035	-0.00367226276487025	-0.0118662788744459	0.0410620981548522	0.00197257504037831	-0.0271821938757017	0.00892582086497666	-0.0532103234182006	-0.0337291274256768	0.132543564177106	-0.0499950714410158	-0.0475689730331903	-0.00887126046215198
54	Spis-LOC111321196	-0.0459157588886243	0.0400704802108911	0.0289832448711157	-0.0148597442382737	-0.0424325077869916	0.0204543794901853	0.0686315106235688	-0.0487736060097379	-0.048181638397975	0.0590946205082181	0.062423765430563	-0.0464049891645874
55	Spis-LOC111321349	-0.0154212237658678	-0.00962936004927491	0.0300794482844285	0.00219416721990747	-0.0183476146010401	0.0726183707005393	-0.0193284197977836	-0.0182410127187689	-0.018864847222889	-0.0185712635998487	-0.0188609868226411	-0.0183851001853474
56	Spis-LOC111321487	-0.000877788528898499	-0.00934877108960408	0.0440678049043447	-0.0219915161760957	0.0158132700282209	-0.0035227673242724	-0.0131806897081655	-0.0322875100602961	0.0250827745516231	-0.0269959027869326	-0.030006327002119	-0.0282072503583338
57	Spis-LOC111321696	-0.634214394821741	-0.323375627636006	-0.630224904258401	0.874799179930334	-0.162425919510892	-0.475440401083364	0.720238354057351	1.56762268361633	-0.846417986194344	-0.545392534269494	-0.468524878309889	-0.10451496477695
58	Spis-LOC111321835	-0.147954523303557	-0.128357426866476	-0.132436599905012	-0.15963325427656	-0.108957128302755	1.211809344105	-0.125489886817925	-0.147948313034013	-0.0887412074941445	-0.0922704055936273	-0.151103419001358	-0.142428494825756
59	Spis-LOC111321836	-0.00566612630948668	-0.00801677824766315	0.00112911498672428	-0.028471560270662	-0.0283736028386585	-0.00490035742040389	0.10062623873545	0.059098940025689	0.018131372682889	-0.0262879551304651	0.0294962126144189	-0.0230703394961562
60	Spis-LOC111322283	-0.567949837935118	-0.634983634356528	-0.29033112253628	-0.616281878619307	-0.523313661825345	2.59837700526015	-0.67211371352948	-0.41188865426764	-0.529503925466833	0.795005604925653	-0.750757127755915	2.04117941200282
61	Spis-LOC111322295	-0.0356299304288434	-0.0450347232779462	-0.0725702255912782	-0.0964748974836071	-0.129312373722836	0.637518388778144	-0.123226218886212	0.0254163916881639	0.0357905560465911	0.0271071441532972	-0.113268428269723	0.000269608230057783
62	Spis-LOC111322438	-0.134158644535841	-0.0964698551492878	-0.0753940132518728	0.102593335054725	-0.091275404182969	0.53250321681717	-0.0993406137472581	-0.109642534921677	0.450370959733436	-0.0677248699567268	0.0408846135034802	-0.13248535359725
63	Spis-LOC111322443	-0.121835516869046	-0.119674128284695	0.150067082631073	-0.140353451187041	-0.131338299480837	0.573246182937858	-0.112219008976712	0.144956606501931	0.246127924281688	-0.0964635191445209	-0.0901263206070032	-0.13594156511946
64	Spis-LOC111322605	-0.525923976953941	-0.327300674231204	-0.576470470247745	-0.100918098300602	0.898934296940734	-0.166756009970366	-0.280975874255262	-0.187101283071467	-0.56453048414987	3.05371427983506	-0.291271476369637	-0.601270383479949
65	Spis-LOC111322857	-0.0175331117774248	0.00658154780306006	0.0134450423918033	0.00471211891411852	-0.0143252916906051	0.0232682940611816	-0.031259627171574	0.0196425143474398	-0.0311506706140168	0.0376778299500813	0.0672061406557743	-0.029787239384878
66	Spis-LOC111322926	-0.257028377197808	-0.292119780181174	-0.21449231429001	-0.354219411221177	0.390731919830299	-0.271837888301335	-0.305077509586862	-0.197991574054804	-0.276715590467825	3.01363287492199	-0.181327121009018	-0.332123082720366
67	Spis-LOC111323249	-0.463900841255233	-0.40673066386938	0.0301557943451882	-0.435793748634897	-0.41305215779496	-0.231113697548629	2.37269324834348	-0.449711321393743	-0.34422283790587	-0.130593069138126	-0.0409730027469479	-0.407647778743139
68	Spis-LOC111323313	0.153268957312513	-0.0738542254648566	-0.0205950738634614	-0.128726555135923	-0.050746532558051	0.0805270080427487	-0.136011923525508	0.245721707004572	-0.0732638923693805	-0.152300245349276	0.00286516681381804	-0.136734487509436
69	Spis-LOC111323618	0.000952498636418608	-0.103563694084574	-0.0959996839807854	0.258119428575344	0.0734124648528097	-0.164500878309435	-0.105921055175844	0.265116501462986	-0.145141491798982	-0.172141913741643	-0.0401464308302036	-0.124852671341895
70	Spis-LOC111323683	-0.543551412634592	-0.634149789656986	-0.521838012839237	-0.524226072839463	2.55930204275649	-0.447502164287322	-0.504127547152112	-0.261397734872352	-0.339889949761525	-0.473426293963677	-0.510494640664885	-0.364373582162085
71	Spis-LOC111323706	0.251098901125359	-0.0692132014642121	-0.0720951209553389	-0.0953902801387622	-0.0712920381572851	-0.135404301812648	-0.0894939807249271	0.0228910490041513	-0.0894865831720278	-0.1347227050295	0.412613657689289	0.221137077893639
72	Spis-LOC111323783	-0.454008807116092	-0.301435424261584	0.665023656848432	-0.346665746332794	-0.422214504820731	1.21951306959459	-0.355268738510934	-0.43274575755092	-0.128812381954956	0.657681665566114	0.536186956404982	-0.340439074382048
73	Spis-LOC111323818	-0.577670546882076	-0.636559836328582	-0.259278285922893	-0.649744530870057	-0.642426848568093	2.76906878833407	-0.635850201493147	-0.482938385112282	0.0835436647349515	-0.410196833183136	-0.522190891224181	-0.415406129146879
74	Spis-LOC111323831	-0.0748026158213667	-0.0405436575854019	-0.00256752651563735	-0.0796237826572318	-0.0171405531939225	0.478969268552022	-0.050436819998914	-0.0559413220999371	-0.00853971713279425	-0.039135731813401	0.415830761575399	-0.0786140982147988
75	Spis-LOC111323840	-0.0157294250131827	0.00763420273209469	-0.00395545444257499	-0.0327446684758654	0.00176127910789965	0.15559512479824	-0.0310995426459437	-0.0437290986339292	-0.0419402415342937	0.0313694242756197	0.0130760257627321	-0.0426807271757946
76	Spis-LOC111323848	-0.0059500896960682	-0.0195219415475973	-0.00365866396404887	-0.0304597396886364	-0.0307023372017098	0.0180311290624233	-0.0395146410777186	-0.00347275248682261	-0.0386224072466702	0.570568151704204	-0.0307275246722192	-0.0379272852368255
77	Spis-LOC111324307	-0.00772383067351651	-0.0781423984821124	0.146978234528032	-0.0537472372431299	-0.09159169193039	0.0198576822709865	-0.131734740847553	0.293625570543622	0.0774770157816441	-0.0612641272720829	-0.125246012391335	-0.160403365739475
78	Spis-LOC111324611	0.0877622957107101	-0.0473379242786736	-0.0611901498370545	-0.0311714584106418	0.0157080945988574	-0.0274220572435785	-0.057888755869178	0.0769763084781016	-0.015522193282106	0.103298080069001	-0.0235366497878983	0.295998236579183
79	Spis-LOC111325398	-0.0424868545374861	0.061392618637838	0.0339446068583245	-0.020345025191743	-0.0248528743165651	-0.00404661947513454	-0.0474920151563196	-0.026302593487155	-0.000919291581344378	0.087470768583007	-0.0482430855284755	-0.0461906538781592
80	Spis-LOC111325409	-0.271202462671229	-0.288698325060667	-0.160019067422304	-0.391862736278221	-0.368780736576432	1.99148561854088	-0.39335206478129	-0.361786315449891	-0.104508907346382	-0.272335679702521	-0.310896721563074	-0.478762246174698
81	Spis-LOC111325592	0.00635516849986918	-0.012038042915917	0.0227128182353074	-0.013927617417197	-0.0130619765530576	0.0192192776379319	-0.0079714534411176	0.00354256699143891	0.00161371055762066	-0.0128665626870611	-0.0122845758297922	-0.0122319672637678
82	Spis-LOC111325625	-0.00913628595982597	0.00221483354217506	-0.0230069965317674	-0.0359004750272069	0.0200896141228703	0.00976296126059246	-0.0116188031697061	0.059321461461829	0.0062696139761792	0.172475061794532	0.010031076935632	0.18128740385434
83	Spis-LOC111326392	0.0144703731400818	0.0273489086118486	0.00147154788092009	-0.074751750024383	0.126093572760026	-0.00421231595627436	-0.0494673490847041	-0.0317533341488531	-0.0620011913392581	-0.0749251506640357	-0.0467135053112238	-0.104616592349184
84	Spis-LOC111326826	-0.337334687486652	-0.706027296248743	-1.12327421002542	-0.0933750888387865	2.68122078680237	-1.47887863017978	-1.02494358336037	0.462162063143328	-1.4436454321244	-1.43412957536972	-0.395933210109689	-0.953036124419517
85	Spis-LOC111326843	-0.126863809853429	-0.155139210950345	-0.0990105367055578	-0.19349002510866	-0.194931512434083	1.14390477783702	-0.206044775264179	-0.267379203391977	-0.266483147068317	0.848268100888186	0.345555228325357	-0.257904212510922
86	Spis-LOC111327028	0.0346391437279409	-0.0210728942001286	0.0268259698165221	-0.0277206181258561	0.00508900193029192	-0.00897558860806258	-0.0265837104530193	-0.0468299150909815	-0.0176806237487177	0.000235801187438205	0.0458733120509151	0.158570401744889
87	Spis-LOC111327108	-0.0574105388308025	-0.0514348279854269	0.0182120926634754	-0.035362336857876	-0.0540836535354283	0.312897783753615	0.0277908535739146	-0.0472210546641062	0.108195196028284	-0.0580140748573765	0.280903501073768	-0.0585281749970562
88	Spis-LOC111327141	-0.746368757835619	-0.850683341853012	-0.696716346636837	-0.908862564700999	-0.813939330370004	3.28420546502492	-0.737062132197755	-0.928247980430998	0.389109314098021	-0.0810918173231236	-0.777683288699434	-0.89673370194119
89	Spis-LOC111327148	-0.0497746988793599	-0.0629664369794886	0.0135562232326923	-0.0464975744982616	-0.0659080207006758	0.497650963357654	-0.0550319846866097	-0.0682869877153985	-0.0439863246190452	-0.0742697985339112	-0.0790193117971287	0.28715179059728
90	Spis-LOC111327352	-0.0564537741120309	0.0176403094709773	0.234257657481006	-0.114271139071982	0.00686837430449438	-0.00419694499523801	-0.0990439478152439	-0.0602676710741434	-0.0879631705888434	0.0399768767185335	-0.107186211502563	-0.129698801602413
91	Spis-LOC111327712	-0.450655246945318	-0.435652913185876	-0.291446844203154	-0.421778446293011	-0.434473945014082	2.37079218520135	-0.464703089963749	-0.470949376736504	0.248229268019881	-0.513059495381476	-0.51132043390073	-0.309486462284616
92	Spis-LOC111328152	-0.208764655291237	-0.0961168921053514	0.122243405639378	-0.267310554188422	0.81181329339213	-0.0428459745981385	-0.197929932122177	-0.279772724629298	-0.0714026427713518	0.758073118687444	-0.145683251192952	0.0660846371429014
93	Spis-LOC111328244	-0.573127261804389	0.357622961748419	1.1259412998099	-1.69610408599459	-0.335157768028745	0.0587254541513187	0.571467977936873	-1.1342950949689	-0.0622603322368827	-0.0733097615128862	0.14029842924921	0.268664037867116
94	Spis-LOC111328255	-0.00640548755269256	-0.00153320559182715	0.00866117481961224	0.00541527235745971	-0.00857994820829315	0.00516390245598317	-0.00838706789460342	-0.000849011754294374	-0.00801505866483543	0.0404763358822099	-0.00809240539562592	-0.00796650077934663
95	Spis-LOC111328309	-0.356126701868715	-0.331785074643443	-0.261278279236951	-0.352450456784421	-0.316043067325013	-0.161834800121299	-0.323255216293074	-0.377458744169391	3.01746630210307	-0.0974278152791433	-0.205471401979712	-0.370384234840403
96	Spis-LOC111328719	-0.00613937607775349	0.00493102989446285	-0.0191977382576562	0.0283390355110877	-0.0159385887915862	0.00594608077159219	-0.0379817007514299	0.0345141518511689	0.041171020699587	-0.0166991271483737	-0.0422067918654176	-0.0357761342784586
97	Spis-LOC111329152	0.0334911255542097	0.0352969705535261	0.0146122128930721	-0.0734226325760401	-0.0524453816294193	-0.0246366556926508	-0.0144333847351728	0.0563108856455487	-0.0508193640469945	-0.00500985274072172	0.0245771908552362	-0.0775572919193844
98	Spis-LOC111329343	-0.0236234004100078	-0.121699482757758	0.0531194836562295	-0.147129687411349	-0.120086400211403	0.656785850381729	-0.0880711779935606	-0.0663742695904962	-0.00794217490055016	0.0192737922176763	0.153728324639633	-0.12321278918188
99	Spis-LOC111329572	-0.0823755349261541	-0.120982498530391	-0.0866517454557663	-0.173830761359613	-0.166281516437847	1.13427132247514	-0.230916660830987	0.00331628522216668	-0.172217599116878	-0.206716975837602	-0.202774427909782	-0.235676805679264
100	Spis-LOC111329573	-0.0688842833293976	-0.0979560002873744	-0.00163373142012922	-0.10060939258968	-0.0655051205409081	0.765730404252263	-0.114466814448728	-0.0733810808759211	-0.111773297603251	-0.113949558900123	-0.110904269040885	0.147912615960846
101	Spis-LOC111329582	-0.005492051181705	-0.0772946778891726	-0.063414927954698	-0.0835294104817162	-0.0812567825324404	0.650181589393236	-0.0947335366502457	-0.0630065282160782	-0.0924703289663034	-0.0847575125407513	-0.0951402112023458	0.153318446035691
102	Spis-LOC111329587	0.0806842066626425	-0.246504416125815	-0.168097315698386	-0.241562597253445	-0.238898417549716	1.2188094777732	-0.209624580229267	-0.0393889903007135	-0.203532619840176	-0.0994424752835075	-0.127308927985073	-0.235882284278365
103	Spis-LOC111329734	-0.00630336625298291	0.00599764611680342	0.0135305977886714	-0.017009354952546	0.0143590918679743	-0.0149632519065726	-0.015830011727365	0.0136938114104191	-0.00694852039621329	0.0522492103482236	-0.0156416328689949	-0.0168941184498793
104	Spis-LOC111329830	-0.398326870861658	-0.445787028466332	-0.289174055620726	-0.0163173875571591	-0.490642325340038	1.90302898791797	-0.430888355975065	-0.489150038601967	0.94504012739273	-0.486607399160206	-0.526700579109833	0.973716428093491
105	Spis-LOC111330368	-0.0105522676661863	-0.0616998974274989	0.0143219501121029	-0.0823137049001185	-0.00565268514753318	0.287365205376027	-0.058716979935772	-0.0954753404200175	0.276479877252337	-0.0533206742449931	-0.0578008140393254	0.176468025440387
106	Spis-LOC111330462	-0.299593701709982	-0.231659348196208	-0.353727080910757	-0.369353134990648	-0.279129765615665	1.99113755449742	-0.323035073677215	-0.19338667245083	-0.307076899426941	-0.0171146272884599	-0.334688235725605	0.0882996959803095
107	Spis-LOC111330475	-1.29797505897473	-1.24003852194416	-0.980777567845256	-1.0456194747716	-1.1213844922792	0.630779675325199	-1.18530692018605	-0.963593266167332	4.78915211787336	-0.318123540719348	-1.04784299354299	-0.805956192203708
108	Spis-LOC111330490	-0.0604829555990237	-0.0504771552096945	-0.000625972433789354	-0.0735031841969705	0.103135017104016	-0.0343226658369934	-0.0670171577046295	-0.0594401162356197	-0.0656811972771375	1.10953828159916	-0.0669533021604205	-0.0643258397417887
109	Spis-LOC111330497	-0.139328957919625	-0.164534534140344	-0.106817504899215	-0.20427419315232	-0.115923440360505	1.30172187549654	-0.196812688908346	-0.157411821647107	-0.160313260803317	-0.197827424154551	-0.0849328513049352	0.399753221875473
110	Spis-LOC111330498	0.0142315225323058	-0.00683054394574284	0.0196867898006078	-0.0169340086088639	-0.0335606425766996	0.00781628054540786	0.000673263389474175	0.0217587888486397	-0.0141102466765385	-0.0183676129188817	-0.0188836835653686	-0.0187645536081834
111	Spis-LOC111330502	-0.765700606664167	-0.722418556740296	-0.555544982079623	-0.680013060194763	-0.552520217166219	0.535164956802317	-0.699465815165262	-0.541766942576876	3.83455747288134	-0.345833053130874	-0.629555289174668	0.976991021658838
112	Spis-LOC111330515	-0.0660239205513056	-0.0462357188179128	-0.0669890897779105	-0.0668009433110565	-0.0519313784977698	0.45322448223312	-0.0385749429982251	-0.0598448670301856	-0.0262613816307011	0.12745254478867	-0.0620161945769689	1.53677508478499
113	Spis-LOC111330532	-0.453868937244425	-0.391833985550879	-0.395575019357364	-0.359717512087706	-0.407868362415804	2.36941591053568	-0.366853066337959	-0.377984100858293	-0.10924968230695	-0.360312871369533	-0.460050814666661	-0.456907475210917
114	Spis-LOC111330533	-0.102987143599894	-0.0898058445159236	-0.0826159405069498	-0.0896908468932552	-0.0727532621151541	0.920486212636614	-0.115172244738356	-0.0940704559676982	-0.112682874025574	-0.0902123299049193	-0.109573831420896	-0.114574750821735
115	Spis-LOC111330658	-0.00552422222663423	0.0475516777778739	-0.0106701165477546	-0.0243697796818852	-0.0408439929086926	0.0162609364177061	-0.00944065565724025	-0.00413980590531118	-0.0781091593086841	0.147988310099822	-0.0779471582614457	-0.0825505985876068
116	Spis-LOC111330685	0.0888765588270289	-0.0665330984512394	-0.0093803122708367	-0.022974254792502	-0.0513277122925009	0.0539105811068732	-0.0309939708386473	-0.031528084683202	-0.0020779296018078	0.0953127650289005	-0.027210028830506	-0.0720842695399846
117	Spis-LOC111330726	-0.41693376098513	-0.820121880102321	-0.772908719419132	0.242421186990637	0.216138498131042	-0.392955330479856	-0.386076868376699	2.79059968983639	-0.487942152561996	-0.826638902180677	-1.08670591243477	-0.920002319483558
118	Spis-LOC111330893	-0.110457068633825	0.0915348390725367	-0.00494359438280513	0.0907479745807428	-0.0700353090502238	-0.00593076552038664	0.0901074490949548	-0.0503459883267351	-0.0434723370435505	-0.0648860645232826	-0.0970855579821757	-0.104099961793188
119	Spis-LOC111330921	0.406919063802558	-0.409179663201714	-0.36290288063075	-0.345946660499328	-0.376811185377354	1.38430678856406	-0.365928779109575	-0.221362835890097	-0.370127165862145	-0.377352548554912	-0.145897778210758	-0.361615596696176
120	Spis-LOC111331021	0.0221832637470654	-0.0121810179335064	0.0263375128213528	-0.0170331297027167	-0.003449734645832	-0.0103249310917161	-0.0190231373769694	-0.0193536165522497	-0.00445587624598169	-0.0186435106649633	-0.0182684410301428	-0.0187690194302142
121	Spis-LOC111331159	0.0173104301247918	-0.00516052624142566	-0.000947035913367422	-0.0355220367447689	-0.0270730824696849	-0.0270647694287015	-0.0227876040457764	-0.0409930867370755	0.268391623076837	0.00563176747730117	-0.0403242780543898	0.0446873573755714
122	Spis-LOC111331252	-0.104805775898372	-0.00791705491320757	0.432054180218372	-0.143211604533028	-0.101181232566375	0.00351024184545531	-0.166797108742408	-0.0599621098374344	-0.109290151672067	-0.035002833727263	-0.146490789313482	-0.187041776226145
123	Spis-LOC111331603	-0.0469172347694253	-0.0141007894072649	-0.0370478923652372	-0.0432613864125718	-0.0223740652196926	0.343666270612773	-0.081639670554232	0.0285760793802906	0.0477458321791876	-0.0134052208462545	0.0102991683680667	0.132538998342336
124	Spis-LOC111331604	-0.0155914184301671	-0.031995015762374	0.0522901278367943	-0.0364888834568636	-0.0106834478970069	0.134062176514443	-0.0370680065579341	-0.030128607398199	0.0524573747699415	-0.00646666159583918	-0.00267998562091135	-0.0329918480161954
125	Spis-LOC111331848	-0.00590346687388035	-0.0778874685585413	0.0641137514293505	-0.13721913218261	-0.14440337734144	0.0512016295842168	-0.086153356707343	0.66853383206422	0.080018240786273	-0.169082575690754	-0.169461095081267	-0.0679309140698364
126	Spis-LOC111332030	0.0305148475901758	-0.0155399416704689	0.0253266345139122	-0.0198701295334683	-0.0144064974757397	-0.00731131626043604	-0.0233763200971628	-0.00877582586896854	-0.020448465550943	-0.0264386980357593	-0.0289976232672859	0.111784277190698
127	Spis-LOC111332032	-0.200495515061161	-0.242245483738604	-0.218206315652195	-0.207585346343122	-0.203760565056177	1.15276294284176	-0.198452974925026	-0.167133384865624	1.23941677653598	0.0359363018591294	-0.23656798627435	-0.156079942041245
128	Spis-LOC111332151	-0.0600714908305441	0.0176084060168051	0.0492098161761445	-0.0566309795401842	0.0866709266499355	-0.00739134699640086	-0.0741586422573874	0.155985505254114	-0.0442299196290211	-0.0419179182730327	0.235727963600745	-0.0986426949030402
129	Spis-LOC111332499	0.00992985603452608	-0.0383498888274375	0.130704017715682	-0.0662360833384046	0.0872408148736905	-0.0561467635005453	-0.0699562495348453	-0.00905842100713322	-0.0572697139489304	-0.0798759259612826	-0.0328021685658411	-0.0780865569162942
130	Spis-LOC111332670	-0.125948048147577	-0.170130727591617	-0.147820559194241	-0.160773687267317	-0.0225954758369246	1.18436924816446	-0.116115880583309	-0.107409092844215	-0.0990000292837996	-0.078606784400832	-0.136375010550967	-0.199255935052011
131	Spis-LOC111332671	0.0116940605437165	0.00163947813417047	0.000475486925812924	-0.00784715323684072	-0.00398806383341115	0.0226353620208157	-0.0266089875462906	-0.020303393223291	0.0137824770009657	-0.0304182138329228	-0.0240064602198522	-0.0288683562116341
132	Spis-LOC111332803	-0.633397529271003	0.527053064451112	-0.201437456756367	0.908729540100162	-0.479256721629474	-0.531565237188863	-0.189699108286129	-0.583215866883121	-0.561749164535097	-0.259120523843046	-0.211406907101939	-0.141197799780327
133	Spis-LOC111332860	-0.215324644007065	-0.190303180031246	0.755802809894282	-0.350692615735937	0.0349143471732686	0.221767149308359	-0.341456192658635	0.117029773223595	-0.307391161280889	-0.113882106028717	-0.0616810753641135	-0.423182161123536
134	Spis-LOC111332940	0.746417358034679	-0.13363940024558	-0.652316753082935	-0.109057462415741	-0.0317440962433515	-0.634971987295542	-0.330719395942072	0.481666682033213	-0.669139037129515	-0.649500038692611	0.193304188628958	-0.752864816769037
135	Spis-LOC111333076	0.0384359018290047	-0.0612477735591889	0.174886862591274	-0.105381782894513	-0.0132172045237892	-0.0407851465664351	-0.0813939390024625	-0.0997267018457987	0.110240141344683	-0.0333595053901666	0.0908670514275569	0.180044370663577
136	Spis-LOC111333594	-0.0232496438881362	0.0318681006493197	-0.00314997020582324	-0.020452191466427	-0.015054258348865	0.0188364747985214	0.0402962520120383	0.00917980296927516	-0.00353773568431407	-0.0216462025395612	-0.0205459806818633	-0.0208974759558208
137	Spis-LOC111333758	0.0137665945091517	-0.0133199071400518	-0.0039549903636882	-0.0139160090252454	-0.0187171097376513	0.0178099528737807	-0.0228906437130906	-0.0219470379716538	0.124352744231842	0.0337788719462417	-0.0212784909666393	-0.021711770114903
138	Spis-LOC111333984	0.00658950768023273	-0.00162195133113193	0.0230461795643381	-0.01476507552581	0.00715169342982356	-0.013507642600768	-0.0135055395599763	-0.0150947163823715	-5.28745052311742e-05	-0.0131342971610502	-0.0158667410309216	-0.0156059432388826
139	Spis-LOC111333985	0.0187166661032195	-0.0269106717440996	0.128287100508728	-0.0816251285220753	0.0163528448602636	-0.0433313853568477	-0.0903728822286591	-0.03927169914636	-0.0264465465554705	0.147973403781249	-0.00910591005104053	-0.103792277425707
140	Spis-LOC111334073	-0.452550746984939	0.643594222704862	-0.250291073308188	0.353577499759498	-0.384989458208	-0.283900817395598	0.0687106071799873	-0.453901793407419	-0.0503401241689229	-0.321216393024691	0.0409086570367779	-0.548261864004552
141	Spis-LOC111334079	-0.0297704933423223	0.0309917004088742	-0.000592561783012605	-0.00315565881467767	-0.0216284306418444	0.0592732239044436	-0.0111733215225587	-0.0450101732627506	-0.0196663664607639	0.0168453601554122	-0.0461560263663084	0.358911004332868
142	Spis-LOC111334204	0.349400570215372	-0.129379891533571	-0.302413388620287	-0.113508642754706	0.381819985771258	-0.216551408421073	-0.251951687923788	0.0364368440290146	-0.241234182299441	-0.13564325183632	-0.183753496160227	0.580890572454913
143	Spis-LOC111334563	0.34830080897003	-0.146476553409118	-0.138626261427954	-0.132891402220078	0.170977498638697	-0.18617689165151	-0.213276333251023	-0.0173587666336376	-0.22392927240036	-0.236480593023121	0.742021472104415	-0.156795118661299
144	Spis-LOC111334588	0.0289747426899089	-0.200074650572118	0.624972005699439	-0.31622841543438	-0.268155272870727	0.115965289941338	-0.253240641678941	-0.224359679566049	-0.112044443423512	-0.0588919090183536	0.244017958080771	0.884418767939924
145	Spis-LOC111334620	-0.049224080830656	-0.027584136751024	0.0701361970427795	-0.0472364531418138	-0.00957573207739135	0.228161360450785	-0.0499465300654867	-0.00150468583359924	0.00172744674337319	-0.04828256377656	-0.049727393024739	-0.0477889452796994
146	Spis-LOC111334889	-0.110200915478806	0.0391528238583005	-0.0594766629102265	0.0240324052409351	-0.143053390835431	0.288030069289593	-0.143284908853776	-0.122087043938929	0.450323337704673	0.323158982239227	-0.157528534265722	-0.155374525475438
147	Spis-LOC111334897	-0.176018837705346	-0.158786525577258	-0.159534136404276	-0.155206168617333	-0.103107820502505	1.19069471185497	-0.0845133195799158	-0.145968172145432	0.290757349822985	-0.147077401902566	0.0730308729452553	-0.147352940425149
148	Spis-LOC111334903	-0.00130791504338096	-0.0588444989985879	-0.0408091281214238	-0.0642524818514943	0.0191146552420375	0.416377456058735	-0.0585428364102085	-0.0428090300539702	-0.0579404450722663	-0.039264844672363	-0.0561689627037501	-0.0598969858005187
149	Spis-LOC111335082	-0.30867113609467	-0.320906806401657	-0.178418475363736	-0.255533457311961	-0.309477179757377	1.87170030294847	-0.339537634011668	-0.280864152254418	0.0618276360823174	0.0332120450046268	-0.332015572057138	-0.245860350576117
150	Spis-LOC111335272	-0.483094542262721	-0.429380340804336	-0.376573699633344	-0.466535942852708	-0.334297085582327	-0.352002400190647	2.70483148767948	-0.483992068706219	-0.357521318329562	-0.207609612733478	-0.520394725638857	-0.506338728879397
151	Spis-LOC111335402	-0.0598132101346757	-0.0569757733220718	0.00524967641844405	-0.075743175674445	-0.0766557818949134	0.562288296108951	-0.0817080997853997	-0.0778386511840456	-0.0395683180185721	-0.0706490183191479	-0.0869312227343479	0.688006463210287
152	Spis-LOC111335513	-0.047529220949646	0.0607256539626355	0.0626517283246834	-0.0433343262825415	-0.0248420299173444	0.0238267776917107	-0.0463630087985602	0.00145535552162315	-0.00411827886060356	-0.0515761612521276	-0.0521983072055268	-0.0555233691690538
153	Spis-LOC111335665	0.00192771481261684	0.0160883678718555	0.00512006686686127	-0.033543691689479	-0.0203001996782361	-0.00352471101543227	-0.00245322459196115	-0.0317300237274951	-0.0134180376254264	0.204926966251655	-0.0235448901977853	-0.0313527655385557
154	Spis-LOC111335730	-0.00828007641460683	-0.0222877467417579	0.0526833449381231	-0.00444283976719487	-0.0219688781599813	0.0619349930702877	-0.0216938899060637	-0.0205128436927094	-0.0212176121787665	-0.0214901083878358	-0.0206168207370926	-0.020574925807999
155	Spis-LOC111335995	-0.0452424806744271	-0.0788412869248306	-0.0608664566609518	-0.0835899877577337	0.0238971404610335	0.00404335719375248	-0.0585529802396885	-0.0217699796738429	-0.0711780559450627	1.39512718716579	-0.074322255396102	-0.0719568107147107
156	Spis-LOC111336166	-0.0651603476358935	-0.0682439754080131	0.0546542350270555	-0.0457857216766785	-0.0356182344769991	0.392608367171186	-0.0705915357941029	-0.0135251203301489	-0.057491066337915	0.137788634380349	0.0436987603705723	-0.0661333153847052
157	Spis-LOC111336358	-0.0567785303796793	0.00550687984677539	-0.000972726619024811	-0.0571600498173404	0.0590737327446717	0.21763569917887	-0.044036001885126	-0.0641502740087403	0.0282674499534204	0.085081688954305	-0.0682319950204504	0.170177365210466
158	Spis-LOC111336890	-0.00998750154672343	0.0194805930154586	0.0911911814228084	-0.0927743854493139	-0.0344389281837673	-0.0141925879555718	-0.0747873417710659	-0.093397410122564	-0.0257153543534533	0.130652080959829	-0.0132023727977975	1.17048228412088
159	Spis-LOC111337346	-1.23195686968438	0.134931912594592	-1.10143206961136	2.33982248493201	-1.02549680119599	-1.01072413654674	-0.983037922327325	-0.939150690519089	-0.725427448575267	-1.05533604150452	-0.181435919529764	-0.430082582082623
160	Spis-LOC111337562	-0.00954821847467118	0.00564002340343866	-0.0097719862388346	0.00334802695747734	0.00289354227496716	-0.00145069013836246	-0.00857352235649071	0.020972674012348	0.0167247745418518	-0.0210696465978655	0.136846082500915	-0.0195375618145668
161	Spis-LOC111338138	-0.156055526053672	-0.18329091463242	-0.0343612955505797	-0.162927761749829	-0.120732944674517	1.17623446292231	-0.0634210543035489	-0.124504366946001	-0.128248622536406	-0.0497652322906756	-0.133161183044041	-0.162832042832656
162	Spis-LOC111338450	0.0542965052059894	-0.018804883627471	-0.0320465347712637	-0.0433967825218467	-0.0375585603503163	0.0283247558306635	0.0478955184593863	-0.0228236445854633	-0.0297471538874514	0.0725735199995823	0.0460138942812062	0.161038056304025
163	Spis-LOC111339093	-0.251487193610386	-0.0452479764043958	-0.270866605037118	0.100738555392072	-0.658052339062802	0.611874039165712	0.026627343557402	1.00522280341916	-0.0217842456559085	0.276118878809708	0.137639603742451	-0.462795174916253
164	Spis-LOC111339094	-0.163137919830006	-0.173361956020209	-0.357122581219778	0.293517706620458	-0.485930102300591	-0.179969661538472	0.874816050273245	0.937909330818701	-0.354693802846291	-0.290673615527312	0.258134330189559	-0.0436714903966017
165	Spis-LOC111340039	-0.00783763372929876	0.0198544512400099	0.0676887393790658	-0.0653127217675662	0.0326607164333137	-0.000657436917001972	-0.0100934166235144	-0.058419531242464	-0.0410842789541493	-0.0143912166651323	-0.0532521542912045	-0.0588450273298823
166	Spis-LOC111340429	0.0426805123590748	-0.00310397093155527	-0.0068167700410726	-0.0203859290038116	-0.000985591626953594	-0.00396275470149279	-0.0361409355859711	-0.0324488137850913	-0.0172556158118341	-0.00455868867214633	0.0058645015100566	-0.0209613668753768
167	Spis-LOC111340543	-0.362555952429882	-0.0232112577220286	-0.219628376270197	-0.21573861562568	-0.30608211441908	1.63122608305194	-0.37494906007257	-0.238814998503532	-0.0553032572287782	-0.0411021118024485	-0.305317699789563	0.793493354957599
168	Spis-LOC111340571	-0.0841867998916349	-0.100962469005148	0.00417686775594281	-0.0870428401269666	-0.0660957478135743	0.753858951238793	-0.0729473931288434	-0.131628417229223	-0.0568053683213666	-0.103341602215701	-0.13212171530662	0.329861346803282
169	Spis-LOC111340631	-0.58702614919099	-0.516201219623067	-0.470046304378037	-0.445147957534489	-0.438220484087791	-0.337010197272556	-0.413363378307337	-0.421415495229992	3.65605255258528	-0.248352465473212	-0.497567361088587	-0.531951010941197
170	Spis-LOC111340684	-0.00926784747506602	-0.0309280753038303	0.0379169369969049	-0.0289833718537826	0.00901006073986366	-0.00966591678342882	-0.0242179340263232	-0.00400142612379215	0.10434319161618	0.205063099091258	-0.0393596918645008	-0.0360212110841058
171	Spis-LOC111340827	-0.0829371977491609	-0.0287683678122657	-0.00370525392633328	-0.0223282996893857	-0.0464012027704528	-0.0654331451542471	-0.145829515466914	-0.185765238112798	1.14572848939205	-0.125171143211224	-0.187439003576049	-0.180976329381999
172	Spis-LOC111340864	-0.00173321464832202	0.0186724599996802	0.0568745676347806	-0.00819626408057439	-0.0415203006279387	-0.0485585189748882	-0.0278582790446504	-0.0408290357218034	0.0208872284958124	0.0100463322554901	-0.0845433646090035	-0.0525778642136149
173	Spis-LOC111340930	-0.0217316570411377	0.00762381543468144	0.0028699784097488	0.00620254725805606	0.0217638124550577	-0.0056991994505537	-0.0075001478281693	-0.00998860558979362	0.049200282238544	-0.008555065746261	-0.00959344482812524	-0.00773106731462127
174	Spis-LOC111340989	-0.685225979779669	-0.416248705437833	-0.496513196353918	-0.360714070193898	-0.502284309306895	2.64288406075615	-0.574614564850045	-0.339683452675568	-0.369278221356573	-0.142694006801205	-0.440273904952619	0.700106109365224
175	Spis-LOC111341041	0.016671731880507	0.104185753865183	0.000277901412945383	-0.0518860541481133	-0.055266220619198	-0.118180043775025	-0.05748152388225	-0.0322360556400444	-0.0778692476306771	0.199924658295845	-0.122024501408258	-0.119236813605798
176	Spis-LOC111341304	-0.0628014491150646	-0.0796155008710198	0.0226000768933369	-0.0549603888549252	0.0662223605129652	0.341905435629058	-0.0680468392543096	-0.0716451145191289	0.177767434549313	0.0522904892351911	0.0371594328917299	-0.0733780755643643
177	Spis-LOC111341536	-0.228992131905774	-0.411132512048138	-0.146499537056767	-0.33559848555777	-0.267284226118523	1.95364680867079	-0.408177243686376	-0.229900513682633	-0.225408692731126	-0.090379566610409	-0.408965503537412	-0.402043756297292
178	Spis-LOC111341537	-0.00260586846067042	-0.0131605242979077	0.000226843697728213	-0.0187121219801556	-0.0174667956489333	0.0962449989751852	-0.0171000941559208	0.00982609784295357	-0.0167203010792399	0.0618330050797371	-0.0162547210948211	-0.01728152022983
179	Spis-LOC111341538	0.01324474907634	-0.246862711172336	-0.161870869149994	-0.305640577502835	-0.177179429834061	1.27943172979032	-0.20563769915661	-0.108147853489826	-0.248088345612638	0.457520465908329	-0.218523342088753	-0.332236056944042
180	Spis-LOC111341547	-0.0908511750670105	0.0404861169472821	-0.108481520867914	0.0359241182816477	-0.0899844339538246	0.379657813085975	-0.0639635430909938	0.0502784193083619	0.0980045724045415	-0.127355412589143	-0.134050760409504	0.0105073220204386
181	Spis-LOC111341589	-0.110545160032614	0.0475562863821699	-0.101990779087344	-0.100628385166468	-0.132643165934414	0.344374118798371	0.115914580911828	0.0417610176669882	-0.0621801075103681	0.713295299947326	-0.114054026529904	-0.14408001920539
182	Spis-LOC111342031	-1.444731349257	-0.435321578344265	-1.30546777118246	2.86345826564822	-1.13558033570786	-1.13329603575088	-0.884518849733092	-1.07766332337213	-0.564815010403033	-1.29863426682522	-0.890264528180246	-0.973407820933604
183	Spis-LOC111342047	-0.0168875270647061	0.0171905787999233	0.0226779282990083	0.00439224313794895	0.0528262084852479	0.0309320591274174	-0.0540671625892185	-0.0809188243580753	-0.0275762884246675	-0.0964333736726865	0.00538061662431849	-0.0936808513067154
184	Spis-LOC111342177	-0.545856314455111	-0.459025859038434	-0.32215722271753	-0.476869876726725	-0.425917366293063	-0.388329540028497	2.79599096585617	-0.474366078114514	-0.389208707589713	-0.373441251296368	-0.493749516155576	-0.493849649702145
185	Spis-LOC111342486	-0.0317753869543327	-0.0308890358755335	0.0725512638994451	-0.0330353855394025	-0.0395779790148023	0.193541653491743	-0.042522323275834	-0.0461271909818495	-0.0353501650802841	0.0748028273059885	-0.0404006720073592	-0.0404974141938087
186	Spis-LOC111342965	-1.07263076659608	0.497472452885029	-0.767545921664895	1.04397902884343	-0.886339579772171	-0.272727133584614	0.141674812134862	1.04274343457652	-0.459795333511058	-0.796436811299383	0.52567278421327	-0.536710633200913
187	Spis-LOC111342973	0.0287274132988116	-0.428028336918364	-0.462568164877179	-0.213013754931857	0.504370165426202	0.934122647979649	-0.224518191189475	0.322178167362023	0.57895998216446	-0.149351349327663	-0.505698508902293	-0.539861043297183
188	Spis-LOC111343027	-0.226257873269505	0.322403628517394	-0.109988249931146	0.287547485833777	-0.179236945741753	-0.0994143785786277	-0.153806717200991	-0.182240700195031	-0.120697681108732	-0.222285987994617	-0.0440846076232306	-0.230261646942329
189	Spis-LOC111343169	-0.0239001648654702	0.0148413731291588	0.0075865240033654	-0.0347464238346663	0.0139455385378326	0.110038763161942	-0.041851064918281	-0.0442852360009401	0.055095943352046	-0.0440456764959527	0.060717179173495	-0.0323876459738211
190	Spis-LOC111343750	-0.0779967293270804	-0.0736997172075313	0.297494521753035	-0.159181896305938	-0.103414525413532	0.1679112824077	-0.0940655582395331	0.197291728997698	-0.122935735039244	0.0530458636558759	0.0100942311758872	-0.152668000142818
191	Spis-LOC111344159	-0.0186553722807345	0.0164267911191525	0.00131948254025024	-0.0357343951896225	-0.00448300537460397	0.0338817526936594	-0.0107041497655958	-0.0225166134186128	-0.0154452032613741	0.258400980695469	-0.0307340069254798	-0.0343609870398076
192	Spis-LOC111344228	-0.00539891043993879	-0.00213009798420039	-0.00995445336356333	0.0103203387763783	0.0516605489563207	-0.015338261476535	-0.00994650786874059	-0.00735413864511272	-0.00876032222074313	-0.0146129772759755	-0.0156580311957853	-0.0143916710119868
193	Spis-LOC111344254	0.158979385957384	-0.143325209153847	0.0724641272439511	-0.152241484691903	0.337011377938763	-0.0488138685506644	-0.193580382949396	-0.151707860763765	-0.199483445589462	-0.0231509993080616	-0.177010641680226	0.0181051402095531
194	Spis-LOC111344623	-0.0262232732168586	0.0160089154125259	0.0396808110741671	-0.0163639950069054	-0.000606654272115627	0.0128290919719436	-0.0383053149504698	0.0539319988030784	-0.0345310922521846	-0.0333639577353733	-0.0410105768083218	-0.0217371234571921
195	Spis-LOC111345077	0.0333853565748506	-0.000422964853986144	-0.0230839727665486	0.0947355560692923	-0.0527551859998527	-0.100932760059761	0.0486700699577016	-0.0769749134194255	-0.0810341050345897	-0.116594674044262	0.0245554923386863	-0.117543904709464
196	Spis-LOC111345088	0.0505570355408437	-0.0567560772550979	-0.029036431787716	-0.059657294955368	0.186044545545499	-0.0455392712963742	-0.0583215991876438	0.0616644483272544	-0.0599672142565124	0.0957058850175337	-0.0586795202110387	-0.0658790800152368
197	Spis-LOC111345167	-0.09791137730576	-0.0569290567544814	-0.018229949140623	0.145878450401128	-0.00746729984775016	-0.085999447152848	0.150112249221675	0.126372327005386	-0.0259509807368652	0.135854375199376	0.177807563027844	-0.0682394538412719
198	Spis-LOC111346555	-0.00554288558852317	-0.0283949095399432	0.0408896155173285	0.0383577028994355	-0.0583608239917033	0.0849608716179696	-0.0698410619635549	0.00354198237881072	-0.0708881143383205	0.0302612456124467	-0.0397900151795258	-0.0799063764973811
199	Spis-LOC111346585	0.0092484582052121	-0.0597018261809833	-0.0271864940020139	-0.0940315459393595	-0.0624622560588712	0.522384735966218	-0.0725351746604571	-0.0829094661529033	-0.0662422811253634	-0.0829703022186821	0.0328304968950138	-0.0820096150863075
200	Spis-LOC111346593	0.00349720276650396	-0.0768742964076809	0.0108319791568371	-0.079343103218619	-0.0964130248204066	0.449489565843969	-0.0937525748425844	-0.0433922691393782	-0.0198610645220734	-0.0221196015374705	0.158229309230975	0.319369087158682
201	Spis-LOC111346627	-0.0610298707591585	-0.0517731908652361	0.0561034398431597	-0.0976511992933821	-0.0200361628135354	0.298093530203059	-0.0675735507080014	-0.0721536383007629	-0.0292751121764168	0.0159491674331935	1.155543505308	-0.08708183642174
202	Spis-LOC111346901	0.519725849020844	-0.234881646891805	-0.09707599727063	-0.210645277508069	-0.187180195698062	-0.19492596351719	-0.339568712151356	0.322219569127893	-0.31188989258842	0.092492025530267	-0.135627870490864	0.0403970894307691
203	Spis-LOC111346903	0.780405686271936	-0.694611652477269	-0.447568717813617	-0.463782313684081	-0.135618833565485	-0.471741238824346	-0.555416979159046	1.64176004405131	-0.536476172106949	-0.368823968912707	-0.544718765425555	-0.592278867053387
204	Spis-LOC111347075	-0.233190782339053	-0.227713240057588	-0.143520084286879	-0.269674474308595	-0.248775343472806	1.7056305794346	-0.242941299964891	-0.257240630762987	-0.161552500668919	-0.262101462403011	-0.259672999880952	-0.258743603127081
205	Spis-XP-022777440-1	-0.0546683645819574	0.181760911914316	-0.0170913777884708	-0.0356491901032785	-0.0829696667275795	-0.0147477098557944	-0.0355552151137148	-0.0603174335053662	-0.0802139093052867	-0.0678461306417437	-0.0104430927041916	-0.0799578741169924
206	Spis-XP-022777447-1	-0.0404820474269317	-0.101623177312143	-0.0633936181016857	-0.14677045445573	0.737857564363255	-0.117857512311188	-0.140558434229491	-0.0267373068374297	-0.0856031759338131	-0.0488264781129171	0.0342606021835783	0.199831263648941
207	Spis-XP-022777709-1	-0.0770775333615131	0.138424371028497	-0.0131734078915179	0.0607001541566275	-0.09569021675409	-0.0458047268733058	0.0198716414004612	-0.0690761400623215	-0.0916651331722271	-0.0441891972318361	-0.0617155828400591	-0.089459754195598
208	Spis-XP-022777715-1	-0.226289667638268	-0.260167711202002	0.0617483698484596	-0.305939574227961	-0.194406898514656	1.04552267938961	-0.21556766701803	-0.308701921046443	1.33514666555141	-0.281941359712241	-0.103497301774771	-0.177917113905983
209	Spis-XP-022777749-1	0.0523927533104996	0.0336877049543371	-0.0361640723168007	-0.0317702739850822	0.0523928366579848	-0.0324357516473401	-0.0610569085395421	-0.0365267594454345	-0.0901631927723553	-0.100102458100289	0.0427499009355381	-0.0867897516858491
210	Spis-XP-022777808-1	-0.110976008227723	-0.148852273634244	-0.0846252750446628	-0.14397225820649	-0.114747003143626	0.562180016659377	-0.152180336961992	-0.108359883694341	0.227515805479632	1.39746728736448	0.0437513344435684	-0.172118191375132
211	Spis-XP-022777830-1	-0.0170068026727653	-0.0440314742514831	-0.0433574458805407	-0.0055947416850691	0.0128487019249064	-0.00705650156510366	0.0726113868900678	0.28530288024639	0.0169573896882927	-0.0436304702990281	-0.037945906526297	-0.119711708910637
212	Spis-XP-022777854-1	-0.00659125803038421	-0.06293858819287	0.0753571414275698	0.00646258148139689	0.00727929760958543	-0.0416378338968695	0.0752463348004767	-0.0105750290632583	-0.0330873526017385	-0.0614089859509927	-0.053230479998783	0.461458439084221
213	Spis-XP-022777863-1	-0.0942045292403509	-0.0630964534351665	0.0111099995479291	-0.0576910702415913	0.557836458507511	-0.0445975221270639	-0.102947333593386	-0.0215595391090892	-0.116744575241046	-0.119926654117322	0.0211077308026213	-0.123759647231596
214	Spis-XP-022777883-1	-0.2155785314152	0.419181376877647	-0.0957116445763786	-0.0839329162174192	-0.151040688266461	-0.116971796344441	0.0579890982440497	-0.161063609732196	-0.0632741970250492	-0.0420869395220018	0.7160970479816	0.188043647177539
215	Spis-XP-022777908-1	0.0937252454303984	0.148825995682089	-0.0690024921921893	0.0979717108350394	-0.219786071670385	-0.224735489334878	-0.126425801628068	-0.0745392499610858	-0.127885630974923	-0.236672685308307	-0.227889955722479	-0.162728615596152
216	Spis-XP-022777930-1	-0.0260223070130068	-0.0118173135339073	-0.0657339460724854	-0.0483145330218116	-0.0126617988004732	0.102790990439472	-0.0966487381643027	0.428648507129896	-0.0143345482433422	0.0418323034917494	-0.115387805659368	-0.131831164025895
217	Spis-XP-022777933-1	-0.67113126562727	0.829113311748364	-1.10710719965233	1.23273699483439	-0.451552260214572	-1.49449180317098	0.160085507428415	-0.668614485439147	-1.60106500419351	-1.31763665564985	0.156283977950689	-0.696398853002558
218	Spis-XP-022777939-1	-0.107691795825957	0.284178062526347	-0.0788693430895683	-0.1453869136925	0.199328531730602	-0.0525675561611636	-0.114054753725545	-0.23573080876977	-0.278849256690779	-0.0392537847758357	0.635084654871679	0.291945971180806
219	Spis-XP-022777961-1	-0.0308354135920611	-0.109051782379779	0.217017897436147	-0.140647899344433	-0.106687765457598	0.325846894998183	-0.11877756159346	-0.137003935994636	0.134148233270146	0.230032310970138	-0.0515686281555786	-0.0872370262763545
220	Spis-XP-022777979-1	-0.505890340299394	-0.379174581025659	-0.253983725605685	-0.269653694018765	-0.351995020760324	1.80738344790024	-0.345042331117266	-0.406691375751153	1.45751255108527	0.0148754355972229	-0.475740960120539	-0.226237921825661
221	Spis-XP-022777980-1	0.0945949846921712	0.373020418921429	-0.242621467083582	0.026123699589409	-0.470808703928796	-0.267452674647734	-0.530127965626823	0.499416529137695	-0.262184324621923	-0.425382817347554	-0.0373690304000008	-0.619973639167185
222	Spis-XP-022778079-1	0.370631238922593	-0.0960220077997591	-0.00494839411596174	-0.189584319362928	-0.157587264301287	-0.145434865966287	-0.193159071777008	-0.0377668030150302	-0.15931825387861	0.026878192623409	-0.10505245355154	-0.00220694918035247
223	Spis-XP-022778080-1	0.00943825580409572	-0.0105256330001447	1.32487370635981e-05	0.0096202173466529	0.00622200639841526	-0.00413427111808374	-0.0037162627987612	0.00872208410547509	-0.0265051909027907	-0.0264103635106385	-0.026560260818583	-0.0258798244557387
224	Spis-XP-022778125-1	-0.00254510072128976	0.0174347909567833	-0.00762533930382555	-0.0241918196701598	0.0313203724522889	-0.0154051083965619	-0.0257866593210723	0.0532730317869854	-0.00801820624959657	-0.0240165472606545	-0.021897199270457	-0.00978123270620689
225	Spis-XP-022778137-1	-1.01192720657662	0.952439450763795	-0.710126674827959	1.24213043421943	-0.857640701396218	-0.64511490557871	-0.73990526917581	-0.818076947887583	-0.596688849882142	-0.672951819729698	-0.224648893638417	-0.198233262712786
226	Spis-XP-022778139-1	0.00287868544297423	0.00806160666062011	0.0413637369405782	-0.0397929982093223	-0.042446630026654	0.0136471751288787	-0.00372570257179987	-0.0316955370047464	-0.0119072337951481	0.0724731745008601	0.0706028961334393	-0.0508404307371633
227	Spis-XP-022778215-1	-0.106298918128482	0.0431033676075582	-0.0800510815229709	-0.231491476839768	-0.0435867498298413	0.0601069803483388	-0.151740159990352	0.871038771054505	0.168675161266027	0.12817220718418	-0.0836426034828132	-0.189016808189147
228	Spis-XP-022778220-1	-0.137810357585169	-0.0380118370194067	-0.165686676784577	0.1855977718026	-0.0426967981198607	-0.174274032268013	-0.0490951360995264	0.920175878780348	-0.168667138607033	-0.157428766565558	-0.177034299133407	-0.186239525637328
229	Spis-XP-022778233-1	0.383137621303961	-0.0275780727260873	-0.502413240160288	-0.206845829960998	-0.0579046926178715	-0.456590263465653	0.689546208204657	0.383329967018436	-0.537218950338703	-0.590784789006175	-0.177394086862509	-0.615361334775191
230	Spis-XP-022778234-1	0.025956440591281	-0.0139997818426031	-0.0121056937295985	-0.026722900545093	-0.0346222178807279	0.104691767202443	-0.0482873800324823	-0.0277529625360098	0.0320205504396631	0.0603924769039556	-0.038383253979547	-0.0408792615857604
231	Spis-XP-022778237-1	0.0442956384850368	-0.0109514893298075	0.0269881405951525	-0.0502966227918561	-0.0302252132753431	0.00670527279260029	0.00557676184613135	-0.0740579485845355	0.116267882153028	-0.128191507422028	0.00435713540540909	-0.125460474389284
232	Spis-XP-022778244-1	-0.0117135509579514	-0.0434929017645934	-0.0420690802074755	-0.0534994841850728	-0.0196046936095233	-0.0583945496595022	-0.0367102265955243	-0.0520282471791482	-0.0454518173105524	1.12819611734627	-0.0579087197386586	-0.0438530953963789
233	Spis-XP-022778258-1	0.022860512247958	-0.00483791652736702	0.00621290942540857	-0.0128137254977938	-0.00579282625999985	-0.0126055611502648	-0.0116433240863402	-0.00476026812918639	-0.0112879980164755	-0.0114226886592949	-0.0131539153659558	-0.0113157934731988
234	Spis-XP-022778261-1	-0.018681573311121	-0.0291426236597071	0.00753089720726278	-0.017617089718321	0.0130761126312142	0.105846337313799	-0.00859912576663417	-0.0308227839760285	0.085298965333051	-0.0617519489243955	0.226237073811259	0.0852430741228215
235	Spis-XP-022778263-1	0.0630241226580993	0.0578142606664726	-0.0913410057012354	0.0629319313735357	-0.045361389397316	-0.0700130276535075	-0.11198291426113	-0.032263036254447	-0.0767541447336696	-0.072869332785302	0.0120093222859097	-0.106224448899009
236	Spis-XP-022778340-1	-0.0177812715302713	0.0253952166276627	-0.0164053106507308	0.0296266532711824	-0.0146043625016844	0.00170467996934211	-0.00660981213671103	-0.016712203102974	-0.00533551158981686	-0.0156374884847592	-0.0100131255578086	-0.0142918580454604
237	Spis-XP-022778349-1	0.000508963451091499	-0.0437864196407954	0.00928919598649536	-0.0061100006700697	0.0252901306475855	0.027651052428614	0.00678745561390651	-0.0145717256528148	0.0880597309758815	0.00784626667205221	0.0350979340385436	0.0934342568002285
238	Spis-XP-022778417-1	-0.169707682898067	-0.178601086717963	-0.00721694606900197	-0.110780491273742	-0.15181098346277	1.12464244679203	-0.151599141015487	-0.166998953046751	0.156465711731202	-0.158755772454067	-0.134957473376479	-0.176974418389047
239	Spis-XP-022778450-1	0.00861390883762434	0.00452634331284662	0.00429954759168047	-0.0312082078980861	-0.0204962832547662	0.114211563481505	-0.0498745380438987	-0.0564225211549854	-0.000859380334652542	-0.00541128954691472	0.0393404090187848	-0.0561319958394689
240	Spis-XP-022778514-1	0.00176624162355453	0.00967001095221887	0.00743653595232127	-0.00616247850443462	-0.0112144688305477	0.00868851272053891	-0.0107700702256149	-0.0154435051281498	-0.0105900724132993	-0.0116927097359747	-0.0113574692566082	-0.0106089733193954
241	Spis-XP-022778650-1	-0.0166248876716086	-0.0355903346266186	0.0779004959668489	-0.00205524476077337	-0.00848988353267	0.0322703153143082	-0.0269629488384564	-0.00588230984415313	0.00361273004029857	-0.0262432137333149	0.00715505835605204	-0.0435512773019016
242	Spis-XP-022778741-1	0.00119280605730783	-0.010937679741534	-0.0121135953913155	-0.00867436883221333	-0.0182330800267191	0.00553305786248558	0.0134857575858819	0.090078364460458	0.0477016667953081	-0.0192382213295289	-0.0317423901755845	-0.0752039638576877
243	Spis-XP-022778881-1	0.0545315769778618	0.0181250584402902	-0.0424466856317871	0.0335467512812145	-0.0416587069147861	-0.0406454464201544	-0.0487114335322915	-0.0743948564347328	-0.0702672158675643	-0.0243784139973483	0.206655385209328	-0.0775337121336723
244	Spis-XP-022778891-1	-0.00649751303600302	0.000828573954270363	-0.00951695770365514	-0.00541418992129773	0.0158567069401707	-0.00802496158015875	-0.0275205050925564	-0.0275180578836768	0.0749433520694968	0.00954540613154539	0.00323170530728073	0.500695416371267
245	Spis-XP-022778928-1	0.721574919098636	-0.29835673020608	-0.191738660737305	-0.23663609341501	-0.187068024659219	-0.214602366558625	-0.217612438962608	-0.138176239878512	-0.272928904901178	-0.168608440385862	-0.269161900706897	-0.200098163669777
246	Spis-XP-022778943-1	0.0372900314711805	-0.0402078252731939	0.165856416359363	-0.10107580983003	-0.0207620575574593	-0.0155110694881214	-0.0713110438236417	-0.0932974410146856	0.0454154243159717	-0.0217670904396109	-0.140365151954903	-0.00930348505148341
247	Spis-XP-022778944-1	-0.0218761341354285	-0.430670151281505	-0.309890774092282	-0.360769233080504	1.41738469629637	-0.272367608945166	0.499372418021677	-0.326352814733748	-0.229989924520937	-0.214609203666666	0.0327069439801926	-0.477773829985177
248	Spis-XP-022778961-1	-0.0568504789695572	-0.0673444288115864	0.130491086955342	-0.103322248953645	-0.0985220519445897	0.00526790175061177	-0.0928191425150924	-0.0615828691354205	-0.0118935831516353	1.13787074812252	-0.110722114857284	-0.117752032771548
249	Spis-XP-022778995-1	0.0056882081051261	0.0262961924294256	-0.0102062878264822	-0.0403870044771481	-0.00555969178134916	0.0015384053570716	-0.0250567177828318	-0.00591569602200252	0.0425603734692001	-0.0338345747915363	0.25869799678731	-0.0426437016073879
250	Spis-XP-022779041-1	0.0507139763743228	0.0313425723473454	-0.0424804689079072	-0.147451574557318	0.0602480526339696	0.0626836094339198	0.0685114129565185	-0.0570126795082782	-0.0325620093840395	0.0660147042434226	-0.162895107356013	-0.264653366571823
251	Spis-XP-022779048-1	-0.0101947496725677	-0.00883355678331843	0.0453599057054065	-0.0515624477019514	-0.0685813249964375	-0.0567211857548235	-0.0205743442435582	0.216032391970394	0.0553660794041518	-0.00469434275501782	0.0180286097448295	0.374181113822226
252	Spis-XP-022779049-1	-0.0215619898197834	-0.00914245161324765	-0.00303559383269297	-0.00713028483366097	0.00220380091213711	0.0224836906310693	0.00758174929798279	0.0254975283513171	-0.0211161414823319	0.028672433127632	0.020303409452556	0.71110340746053
253	Spis-XP-022779063-1	-0.0256635026787218	0.0978765168985908	-0.0302658499288244	0.0316807519124634	-0.0358111194414324	-0.095974867916388	-0.029112225102044	-0.0970591706570463	0.0106804413771325	0.00985105993205979	0.137178971716218	0.0378538243782209
254	Spis-XP-022779066-1	-0.10278460628488	-0.0598038287967534	0.0230981830344671	-0.204767213269619	-0.1029586776172	-0.0395190907727083	-0.123754239189556	-0.110628730898551	-0.101051496097541	-0.0516333993031449	-0.150423528368175	3.8789289479709
255	Spis-XP-022779102-1	-0.0154758753908284	-0.017474463371273	0.00810620494276157	-0.0340374107367257	0.0220113177186923	0.14069501577091	-0.0281328908753216	-0.0388057357073596	0.00920056638290117	0.0748116621590786	-0.0405904286520546	-0.0399509894067079
256	Spis-XP-022779108-1	-0.0576711148329418	-0.0786947154866964	0.0183653056695087	-0.109259217495099	-0.0969370159469858	-0.0369942817780854	-0.075096982499374	-0.0964542246941174	-0.0727614487779342	1.55787311895014	-0.0517002663927712	0.403135181364701
257	Spis-XP-022779110-1	-0.0866613171048247	-0.105426748453057	0.0187362684011771	-0.146354558634374	-0.132226839318156	0.665636456150168	-0.159829917805692	-0.156812292488516	0.240415667915397	0.620183771184156	-0.0752094702788471	-0.171259632369828
258	Spis-XP-022779111-1	-0.0360042019321903	-0.0143667907659779	-0.0271369622776603	-0.0431917460809531	-0.0409907918215766	0.264407913141484	-0.0294016501294232	0.00762936361340345	0.154088379282979	-0.00572516500742519	-0.0484201571459285	-0.0446534163808696
259	Spis-XP-022779145-1	0.0255169358964325	-0.0262454617321505	0.0435784709034088	-0.0860094282555329	-0.0184082311636176	-0.0726030055491102	0.00262261323049789	0.0163558706409996	-0.0488913212257032	0.0336448958138789	0.502743475660691	0.986118808354348
260	Spis-XP-022779167-1	0.00489964743312363	0.0123596250604147	-0.000585310240870079	-0.0269991809244322	-0.0113713833345763	0.0209386696315508	-0.0119801727332798	-0.0365725340668786	0.143797806129732	-0.0951510836468154	-0.0569959076280872	-0.0472705639240331
261	Spis-XP-022779173-1	0.00423973365675508	-0.0150957719360698	0.0822778339079698	-0.0444090823601734	-0.0338341334925138	0.0402672535934898	-0.032037731521057	-0.0412163460766454	0.0060956055467273	0.00559198301648534	-0.0415374816595571	-0.0409351013019883
262	Spis-XP-022779176-1	-1.17056043683067	1.71964717307445	-0.465471238142754	0.317283252059591	-1.03464330232848	-0.767785816582985	-0.860777860175835	-1.2859663046073	-0.777350754671892	-0.829790971841322	-0.192206809283761	-0.669877994375389
263	Spis-XP-022779194-1	-0.0891235108367403	0.190749178068498	-0.0964028774836564	-0.00244941375242466	-0.116618646867274	-0.136424339703394	0.12427690102133	0.167537457874243	-0.0222367651749086	-0.0611886039326058	-0.114423102802829	-0.0103263983569409
264	Spis-XP-022779213-1	-0.723031471773447	1.30595389853149	-0.421851944261581	0.140675679360282	-0.656747196836928	-0.347429890028369	-0.442111909829306	-0.85138441272559	-0.386792151565339	-0.621595816702202	-0.299470771670806	-0.0330702546693824
265	Spis-XP-022779235-1	-0.0215252242102726	-0.00849987523870738	0.00193947063759325	0.0288458302949774	-0.0242416899359352	-0.0340042308580325	0.0671420119664466	0.0826413871419619	-0.00631733924803687	-0.0581176831455164	-0.0271456534074795	-0.0578088417347486
266	Spis-XP-022779255-1	-0.60083472660009	0.994837416376674	0.105610014484995	-0.113950106055866	-0.293011821449033	-0.386862374198141	-0.311221336256005	-0.851881476195633	-0.447564462869788	-0.41727175867162	-0.0267914601460406	0.213316176445414
267	Spis-XP-022779256-1	-0.544644047455868	0.893028640585333	-0.191508715604172	0.193025419707576	-0.386191326375677	-0.314870430308114	-0.281275011067515	-0.47350490677098	-0.279057268438001	-0.122685736008036	-0.25014514595765	-0.920116702694304
268	Spis-XP-022779287-1	-0.595650731122432	1.02571875516369	-0.494450094713538	0.467724903783278	-0.484540379500524	-0.447643132037903	-0.542603862632699	-0.561883312601684	-0.432222321039507	-0.474759724050667	0.153160066021232	-0.657487954106942
269	Spis-XP-022779303-1	-0.0693032615711226	0.0445669910459091	-0.0204486275084284	0.0567044538385778	-0.0107532996924342	-0.0376355995158126	0.140052586476365	-0.0583185466373037	-0.00761686837110265	-0.0436648601613495	-0.00603176464323805	-0.056356171290237
270	Spis-XP-022779335-1	-1.04519297050754	1.63195546716322	-0.397237747993914	-0.000580691913083298	-0.762399888193829	-0.553403853575585	-0.491280487615614	-1.29711842575823	-0.734717381909602	-0.720206756716112	0.670045073136267	-0.075667560204266
271	Spis-XP-022779345-1	-0.495287050085866	1.08104833216647	-0.317556857721056	0.0468779990317005	-0.441943975676847	-0.418558547370742	-0.440264057288947	-0.496418409047451	-0.311744342398458	-0.47909613477563	0.107805338644153	-0.394174750441146
272	Spis-XP-022779353-1	-0.147016376465186	-0.133058085671309	0.166675685738791	-0.148706353647863	-0.141977183622099	0.347971232286589	-0.1365881447311	0.71643598676079	0.0317804808479096	-0.147275650490716	-0.151520821295145	0.266585834543821
273	Spis-XP-022779358-1	0.0175945309415219	-0.00819190478373848	0.0325941807783577	-0.0541825705798014	-0.0406358789074144	-0.0161733728454145	-0.0464298426927321	-0.051658638091252	-0.0480205899892416	-0.0432303701188242	1.05373360221905	-0.0479628857213968
274	Spis-XP-022779359-1	-0.0311787747091389	-0.101693724181408	-0.126145243863429	0.257685691128276	-0.175906645451032	-0.248378009538639	-0.00261009241294247	0.766056233677661	-0.176339547061316	-0.30011543276348	-0.0185169435143537	-0.23036638812045
275	Spis-XP-022779382-1	-0.0341179325441982	-0.00957403729914197	0.076059141822767	-0.0637811687809486	0.0199575695113862	-0.0046174368563394	-0.0475926038176063	-0.0540814912300311	-0.028080156222026	-0.0581338163054694	0.0385643738679209	1.54830441577993
276	Spis-XP-022779393-1	-0.0644406444914615	0.00664716063761256	0.113030764881837	-0.102131311102617	0.0702687513962393	0.059540147871044	-0.0543007579428797	-0.0443773762923922	-0.0719751641867635	0.281559902418307	0.0396137691643674	-0.0518847523354697
277	Spis-XP-022779397-1	-0.065532200639643	-0.0454996371890256	0.0632638577286749	-0.0792581361647099	-0.119001867937926	0.232069647473785	-0.0251219462682953	-0.0918961137776455	-0.00293502174063329	0.797511617276056	-0.138283936843904	0.0119168887254747
278	Spis-XP-022779413-1	-0.0390340680015519	0.112063699547062	-0.0453126264956588	0.0483355286791942	-0.0599697929500311	-0.0564787549132912	-0.0836617591624047	-0.0299476233851122	-0.0234762783441217	-0.0197150837464597	0.160970681759247	0.147858657503301
279	Spis-XP-022779474-1	-0.0154879329119491	0.0373066310409805	0.0229008218515815	-0.050992829003276	0.062390923258991	-0.0095633203804433	-0.057119225448207	-0.0215334494272091	0.0374712654870343	-0.0469001105306332	-0.0531525227207265	-0.0572409758776717
280	Spis-XP-022779500-1	0.0654567541947952	-0.0120644439724856	0.0124595482423508	-0.0807758092189959	0.0488995923519264	-0.0168654544920423	-0.0655672794043233	-0.0856650849671793	0.109023506507428	-0.030977595988379	-0.103498015573464	0.0274761358966122
281	Spis-XP-022779501-1	0.0336128563497393	0.0183343894335085	-0.019352743225518	-0.0140724643798891	-0.0219082049965358	-0.0166105604461939	-0.0129273782767046	-0.02379648984002	-0.0160316654436315	-0.0160433193105516	-0.0193002819407464	-0.0145983167457444
282	Spis-XP-022779557-1	-0.864662809365039	-0.765748207433857	-0.336194100495406	-0.727335910863617	-0.722798128379196	-0.546936417565039	3.45054600514935	-0.792199077293703	-0.682675325708234	-0.622300003712585	-0.6816407782288	-0.759532366736283
283	Spis-XP-022779608-1	-0.0273692016740215	-0.0941377706722578	0.0972281552341234	-0.0999990177893402	-0.0986867842637074	-0.0860406165415127	-0.0863089286632174	-0.0401716015348288	-0.11236086323946	-0.100645649282509	2.38020421883395	-0.0333674170564577
284	Spis-XP-022779609-1	-0.0187112015795751	0.00538825515762946	0.00344648607831716	-0.0386170539552964	0.00310348688699712	0.0921527106983237	-0.0253088387135941	-0.046348294188144	0.0288443809637628	0.0421417026830063	0.0817080513081811	0.37246818003081
285	Spis-XP-022779634-1	-0.0361832552383986	-0.0727874830590581	-0.0363494591775831	-0.0836055611509753	-0.0677248174302245	0.472015343892033	-0.0867669387352186	-0.0769814704812269	0.41284914826009	-0.0495982116545418	-0.0875023423157869	-0.0817308896700434
286	Spis-XP-022779645-1	-0.269066982634592	-0.223633718897451	-0.0833779513351174	-0.344859495011635	-0.184470201340901	1.46976208759708	-0.187937191915939	-0.241575888795539	0.707477732036028	-0.111634953847164	-0.305150048644619	-0.0938973326977179
287	Spis-XP-022779647-1	0.019021700261671	-0.0145667535193687	-0.0340527172316853	-0.021832850204446	0.0398194556128605	0.106294043681184	-0.0371867878479454	-0.0190607817071905	-0.0441983024602185	0.0171878780982422	-0.00782015294344007	-0.0581590555064248
288	Spis-XP-022779652-1	-0.172682556572793	-0.185756253004619	0.169855153012629	-0.233893228256228	-0.20520754858943	0.878949052553384	-0.107320229688837	-0.262902738060944	-0.143081510716519	1.0964597576095	-0.178300445479865	-0.314163733163232
289	Spis-XP-022779660-1	-0.0109637499477445	-0.0228533304702795	-0.00368241442660024	-0.0606773937316461	0.104630463129373	0.151048283043155	-0.0570248172889285	-0.00832820685035231	-0.0109026418952336	-0.0702759810828526	-0.0702254222425665	0.313465604279903
290	Spis-XP-022779673-1	-0.0618388041968415	-0.0463297762705616	0.195212387380499	-0.147915849433816	-0.0756646133747543	0.175803049165888	-0.0899398025958563	-0.0880472758243986	0.327723028105225	0.153412853553288	-0.0701439356319222	-0.114203137092575
291	Spis-XP-022779716-1	0.0392859778048596	1.89733925472502e-05	-0.0267555420492951	-0.0319899520615159	0.0155677901491608	-0.0450886562571131	0.0333666070308015	-0.0528959407686285	0.096800458331571	-0.0497609560150681	-0.0714276333693148	0.115592518716297
292	Spis-XP-022779720-1	-2.27817836873337	2.92763145520095	-1.17870359058512	-0.115048321383132	-2.06180191313225	-1.56747348314367	-2.00768931535916	-2.76992849584012	-1.31758201067533	-1.03969329527864	-0.248156838104293	-0.390106015381158
293	Spis-XP-022779724-1	0.0202985217796816	-0.0618756001130379	-0.0134160322540299	-0.0268004094167599	0.0682310828938232	0.0281057399123844	0.0350413128173382	-0.0532756126367264	0.0482207978551077	0.0468455587264573	0.317508138404667	0.00807556927757797
294	Spis-XP-022779739-1	0.0287795235956894	0.00203820263353247	0.0580846129584664	-0.0713292139066268	-0.0434765332540743	0.121903443666411	-0.113588932683954	-0.0845292530720117	0.0661274218883215	-0.170450326726596	0.0971552150486111	0.0633166471293725
295	Spis-XP-022779765-1	-0.0293420181454913	0.0707375490201983	0.090795341705965	-0.0503024495566624	-0.0849970579848066	-0.010801445227471	0.00189170624141288	-0.0738831163313969	-0.0483562385671003	-0.00177448757343578	-0.101490043076491	-0.100252802390225
296	Spis-XP-022779781-1	-0.0136497086175929	0.011597294410892	-0.00380820532752058	-0.188240004252872	0.456527775778265	-0.0561614061016643	-0.105028460406368	-0.0854703817023142	-0.0228148984829243	-0.102890638947858	0.111179403801694	-0.277710368243455
297	Spis-XP-022779792-1	-0.0663445444899173	0.0868684227324823	-0.0318529741423671	-0.00828335132941964	-0.0323862607723394	0.0582383284900214	-0.0395883553724187	-0.0493780680182725	0.209664962349527	-0.0364943171167851	-0.0632785935922691	-0.075785184244462
298	Spis-XP-022779802-1	-0.0851885302432951	-0.327052903279707	-0.140483980523447	-0.310739706614955	1.53510876663814	-0.195801527340162	-0.330575618273009	-0.273738529669133	-0.365822915188647	-0.347983286633018	-0.192911348556824	-0.263349559074901
299	Spis-XP-022779806-1	-0.0269289755353791	-0.0344615578996592	0.00873984896823531	-0.0333107825810072	-0.0459679914397764	-0.0146043218440243	0.377580345966274	-0.060570765317016	-0.018290239129695	-0.0571571916506055	0.0461467322298604	-0.0592481234201939
300	Spis-XP-022779813-1	-0.0214205319907666	-0.119535039675307	-0.034001417026833	-0.0968879471902204	0.637922658377134	-0.101332920629732	-0.120260536447695	-0.0670043611814842	-0.0379692748838502	0.0328499131451628	-0.123678961387802	-0.124380593995318
301	Spis-XP-022779844-1	-0.00947300375085863	-0.00279061051858505	0.0101399016435199	-0.0070509704463709	-0.0197808736161898	0.0220196041441334	-0.0121695984016419	-0.0258288321664927	-0.0261334136671895	0.00668407227617787	-0.0244689235107761	0.821343983761746
302	Spis-XP-022779853-1	-0.00796880497350621	-0.00521109111599625	0.0256142136421511	-0.0361030122170412	-0.00238111597394638	0.0305042202054284	-0.0244591821522669	-0.0234549015325512	-0.0141849464223652	-0.0352579918246105	-0.0119627825212305	0.928933717941525
303	Spis-XP-022779904-1	-0.0261611312818277	-0.00866406280681978	0.0143603668609644	-0.0240771810468929	-0.0287768265925973	0.130237210022436	-0.0159858323441418	-0.000112183374333965	0.0599288224344021	0.0226657832413773	-0.0242017481521161	-0.0261932096641542
304	Spis-XP-022779905-1	0.0244867782464993	0.0030868917950695	0.0385332721202146	-0.0446595890497615	-0.0285441686532222	-0.00650265298436509	-0.0409510356213074	-0.0116173371281666	0.0248891548610458	-0.00311110552065706	-0.00781735170913973	-0.0419826344497014
305	Spis-XP-022779908-1	-0.052072325050842	-0.0208973868756079	0.108680618515142	0.0147750684094408	-0.0337859512433661	0.0156592138118973	-0.0299150681903376	-0.0565918528403419	0.00385550028058877	-0.0240517432289422	0.0603834956235342	0.514850569699379
306	Spis-XP-022779909-1	-0.0473754615197119	0.0125733342160495	-0.0450302801816546	-0.0860452079090292	0.11010342430477	0.0852340156989587	-0.0135392085432822	-0.145520559209659	0.0811138492629233	0.436839272671263	0.456486955490827	-0.151656759286962
307	Spis-XP-022779926-1	-0.338473993917808	-0.456937752556812	-0.33412958593399	-0.012679780268687	1.32485070690667	-0.403942120143663	-0.509573042574658	1.29007801141355	-0.237348439066283	-0.0989369816510456	-0.317527251194768	-0.498162925835535
308	Spis-XP-022779930-1	0.351008252044391	-0.12624771523659	-0.0158531444591877	-0.209611536093186	-0.21238232399401	0.0315361977303872	-0.157077024464282	-0.00660348837290109	-0.0327578572053333	0.0187474497207326	-0.231346426458917	0.0183922828076797
309	Spis-XP-022779932-1	-0.117123305584652	-0.047105778327896	-0.0493087350688167	-0.0604029115870758	-0.0906489006234588	0.130664519914763	-0.0812551839536167	-0.0914702978115796	-0.0462151427413587	0.0326052560719143	0.0204853711725768	3.29586831792074
310	Spis-XP-022779936-1	-0.048146473635277	-0.0287501255765591	0.0316849497717456	-0.0378103152606079	-0.0028321266466072	0.198891583006226	-0.0474827255042152	0.039240822538848	-0.00484853381465727	0.107284387742116	-0.0105214815001712	0.051152578028237
311	Spis-XP-022779943-1	-0.2603677089679	-0.22184550707915	-0.00192400623239411	-0.24415727100414	-0.217526624472301	1.23766797942526	-0.203522192104216	-0.255921307777016	0.914818014920184	-0.0476231849493106	-0.211673490661928	-0.238901715938773
312	Spis-XP-022779950-1	-0.118107415168067	0.07862390207645	-0.0423117466563305	0.0276158292048765	0.0346718848208063	0.067998206084869	0.0735771707308776	-0.0445153186666191	0.127165701284426	-0.0382118979937928	-0.116790281516107	-0.335105652110418
313	Spis-XP-022780014-1	0.373576007351727	-0.272872205341088	0.515008267436972	-0.388859593028486	-0.220997378398133	-0.270684650590257	-0.21547140599367	-0.2586744893426	-0.148622322722401	-0.169048156407557	-0.384884254369244	-0.21419633114863
314	Spis-XP-022780033-1	-0.0360165449544854	-0.0120313124846778	0.160282835782204	-0.183247497248076	0.121080451633036	-0.0523795686238192	-0.0430070775717923	-0.0259564694486241	-0.0231611066406908	0.057865731093227	0.679641124660289	-0.0854657671202838
315	Spis-XP-022780042-1	-0.0505927131480906	-0.0595485775530559	-0.00772456350158858	-0.0683002834203534	-0.0424703873587148	0.277100642209219	-0.0693090894438853	0.00806571485218768	0.471506753553981	0.0300864508024537	-0.0718018451749877	-0.0561865954788326
316	Spis-XP-022780154-1	-0.0383192188511679	-0.064609720155123	0.024082061758632	-0.090920284914238	-0.020126026641694	0.00676951688256745	-0.0380613388500372	-0.072666333981604	0.0673754392055288	1.09289786720127	-0.0901773186853576	-0.0997790243203651
317	Spis-XP-022780204-1	-0.0609127705276593	-0.0249344684047051	0.0173266625241991	-0.0713298506918212	-0.00558818327339465	0.273857696062967	-0.0612241127482933	-0.0407817249588999	0.20007281160461	0.151160695943644	-0.0604955938632532	-0.0675910411709338
318	Spis-XP-022780219-1	-0.0242505063797821	-0.0153886097593685	0.0387580359224635	-0.0378235426073771	-0.0149513120726355	0.136620395216416	-0.026464714040957	-0.0195128992864787	0.0361086470782004	0.0145938936245832	-0.0330041217049767	0.0206672589753997
319	Spis-XP-022780225-1	-0.0144309457410159	-0.113076065581865	0.138528265789136	-0.16243443607444	-0.104254656034485	0.513802587415759	-0.0971138957328	-0.131813331374681	0.0442379977242453	0.117495526639365	-0.0360827968547165	-0.188283050482232
320	Spis-XP-022780276-1	-0.145601136980516	-0.103922983780372	0.120567106391306	-0.127779420096826	0.0300544502826151	0.323299525409817	-0.0562727284466947	-0.128674694936708	0.717765110838263	-0.0834335182646422	0.105314976167111	0.206361650862987
321	Spis-XP-022780302-1	-0.922789950202928	-0.954407668591064	-0.205190175537153	-1.07475996899581	-0.887815704531012	2.56725363381485	-0.904567520139372	-0.73853276697735	2.36872760185769	0.873011516089862	-0.899901940178651	-0.733992068712374
322	Spis-XP-022780343-1	-0.0500355216978218	-0.0469397561819984	0.149778945325993	-0.0965002474525439	-0.0648815057494314	0.328356229363139	-0.103528261968139	-0.0578746838538558	-0.104764494585815	-0.00642587793660945	0.280847257738733	-0.107866391005028
323	Spis-XP-022780362-1	-0.0404641418786178	-0.072445213285852	0.0615849713991569	-0.0929085145838399	0.366213952554477	0.0377094284456038	-0.0632276596388726	-0.089511798524496	-0.0231633882640182	-0.085614401097782	-0.0914493499609221	0.115818206368346
324	Spis-XP-022780367-1	0.0467016883054016	-0.0703565629725671	0.141057126096183	-0.10464479433885	-0.0280676825909229	0.0326619532280917	-0.0873160784542151	-0.0295068010534266	-0.0462535499115878	0.0674589602441709	0.143775778647712	0.326822242225658
325	Spis-XP-022780388-1	-0.282369083744254	-0.424290497298764	0.234962210116234	-0.340246006727627	-0.386409491024648	1.5771556772452	-0.478665674746843	-0.256229587520819	-0.12680272705637	0.886111397266363	0.252942186013522	-0.17166559224981
326	Spis-XP-022780404-1	0.000624098908134189	0.00112737479515414	0.00582834745210585	-0.00633831300277089	0.00122375915619662	0.0285915785090618	-0.0118943457725578	-0.0255531627827921	-0.0186847682555236	0.00702919190057712	0.00627412035527631	-0.0219581184371495
327	Spis-XP-022780405-1	-0.020355225600101	-0.0289258395557666	-0.0143887405275391	-0.0249726174985433	-0.00424018646463648	0.262839739317691	-0.039728887200315	-0.0378235557403478	-0.0296027276412418	0.0313924628438699	-0.0458399113312414	0.0834767560099147
328	Spis-XP-022780406-1	0.165492575384796	-0.101490866566262	-0.0900131360735519	-0.114528657306561	0.0794290818527197	-0.10567435960271	-0.126439736324091	0.216770953866465	-0.123391124898354	0.504329967018267	-0.128293254279088	-0.183213942111492
329	Spis-XP-022780408-1	-0.0300988866877627	-0.091927117461349	-0.0152091804102675	-0.118856759319394	-0.0915176674417336	0.500165962623323	-0.0916418242459617	0.0653702527197887	0.211369169505107	0.11130248815543	-0.119813366783938	0.225096892143857
330	Spis-XP-022780432-1	0.0452305511704736	-0.0397749523145576	0.00419082870071247	-0.103829527265829	0.00817229135954081	0.0922055211415571	-0.00714141800227458	-0.0143392333671559	0.0206149179790406	0.183692077284839	0.0259866597909576	-0.00778060225528199
331	Spis-XP-022780441-1	-0.0345630483245104	-0.00799180853803651	0.0670496538249308	-0.0257236728228329	-0.023945534936253	0.0268304702933505	-0.0189699493554607	-0.0267204267285362	-0.0227765494844007	0.178077211452304	-0.0234805988982361	0.365643421000761
332	Spis-XP-022780446-1	-0.0534553324539958	-0.0505432887462105	0.0595038192800593	-0.0692867122503483	-0.0247345390428793	0.403873816170331	-0.0313407340668856	-0.0808221779047417	-0.00983291323986288	-0.0755886121152552	-0.0739478704693489	-0.0746303664975676
333	Spis-XP-022780491-1	0.0168219276617595	-0.0158156723909806	-0.0188191090972107	-0.0188708025980728	0.00530816827049798	0.0738184893988142	-0.0172332107715184	-0.00819329370830022	0.028179373610529	-0.0158732744152339	-0.0174539211278277	-0.0163545666286806
334	Spis-XP-022780494-1	-0.0721758964788875	-0.0679771728052718	0.141233207344104	-0.132859024805046	-0.00992280589600983	0.0381944983945323	-0.0942161185294455	-0.144993396450321	0.051163496155848	-0.0642227275423258	1.91903418185113	0.343455014311205
335	Spis-XP-022780538-1	-0.334869198586199	-0.340559257636012	-0.0531192775226868	-0.33909795035232	-0.306959679028963	1.89179364245981	-0.348186376898884	-0.230238966803948	0.143037559705672	-0.341675462346437	-0.262569612523999	-0.367332163557258
336	Spis-XP-022780547-1	-0.00223505875692506	-0.00487033359283374	0.0195210770252188	0.0229824690582494	-0.0555191316364636	0.00954464495409932	-0.0138078969126869	0.00623968839674786	0.0280020981532535	-0.0445024069358024	-0.00787782744938118	-0.0458804158965714
337	Spis-XP-022780635-1	-0.014704554846903	-0.00880932075720618	0.0034120583573094	-0.0391240680286947	0.016798299753211	0.010743124976098	0.0663499949156849	-0.0740367495148779	0.161284317787886	0.0783676357276227	0.0131447102981081	-0.100244396749681
338	Spis-XP-022780676-1	-0.0109572915446803	-0.0110846448015816	0.0244153015314127	-0.00455859457940597	-0.00806805221545542	-0.0172186617116903	0.0289766793006556	-0.0167911890324348	0.045029481534781	-0.016492513427161	0.128906048466335	0.0479419298282041
339	Spis-XP-022780690-1	0.000354569392209209	-0.173556485861762	-0.0158776639968148	-0.168861340462008	0.775598233093284	-0.099020121703891	-0.155352006505527	-0.092507668722914	-0.148612624270547	-0.0344236991177404	-0.0315716578803271	0.301659468041874
340	Spis-XP-022780705-1	-0.0158311240195888	-0.0171738845882736	0.0942634163330816	-0.0684546381867203	-0.0361476433007122	0.0809121840098871	-0.048139740006655	-0.0262192074466328	-0.0125192785929015	0.0266274348850595	-0.0733412886764526	0.657687099599439
341	Spis-XP-022780712-1	-0.577877322821869	-0.374746029424331	-0.423772911745694	1.3778616586258	-0.179925366511063	-0.460938594195879	0.223374179192618	0.35109233340209	-0.45429796330908	-0.504544741382068	-0.301334728346462	-0.153233685392227
342	Spis-XP-022780747-1	-0.00527580699137128	-0.0410262291324553	0.0646633657810899	-0.030777587301218	-0.0302950372385364	0.0395024236591879	-0.0535810748001334	-0.0544930247870353	-0.0277748144801629	0.0566048410327433	-0.0282510337864173	1.25065208914934
343	Spis-XP-022780766-1	-0.00239006184423909	-0.00078062994304398	0.0103123087819189	-0.00803284108481547	-0.00758487511317116	-0.00630182294884577	0.0103784120673868	0.0107525133326748	0.00737253143857101	-0.00743421058734885	0.0210469521716943	-0.00703377461809536
344	Spis-XP-022780772-1	-0.153816569902783	-0.106599143633401	-0.114195791594149	0.460847792116165	-0.0821421191594526	-0.107744557987272	0.0256835304219812	-0.0202288433839634	0.183022669989172	0.0902151500983516	-0.00499835269870746	0.0742751281778052
345	Spis-XP-022780778-1	-0.0718191655107633	-0.0825315841850097	0.126329681958162	-0.0596326827042458	-0.115646728537901	-0.102038080209954	0.0148210906133748	0.00628881640124462	0.0532072624538706	1.03750406135075	0.186489493782559	-0.197754861518515
346	Spis-XP-022780780-1	-0.296080149630386	-0.277574463199926	-0.242880975631586	0.129080163059537	0.129219941925237	0.634122713633118	-0.0367282019140145	0.22101349314865	1.09941481073661	-0.325666102442465	0.430973701395369	-0.566435250157759
347	Spis-XP-022780819-1	0.00829221990289333	-0.0390958503585437	0.00647821831922831	-0.0245510489952138	-0.0420976557261429	0.0097250700132764	-0.066703447815267	-0.0625179885422677	-0.0137770427008657	0.0146289664301135	-0.0733370938214105	1.94298679931944
348	Spis-XP-022780833-1	-0.111565475555763	-0.130366157294989	0.387049171866966	-0.165036415804316	-0.134217381635941	0.425663104220805	-0.0871124701468496	-0.151498764595276	0.0143487249315981	-0.180563105384044	-0.145136318633168	0.278496044685058
349	Spis-XP-022780859-1	-0.866256303161397	-0.660463586162888	-0.522945920422828	-0.743002632020136	-0.769658592474642	3.05474904190321	-0.693855897320228	-0.815464409944201	0.918246969852793	-0.678983823615621	-0.796588064894691	-0.843320331295098
350	Spis-XP-022780951-1	-1.16569616743447	1.55833277278007	-0.459408103228867	0.233657636091303	-0.904316751006109	-0.739528110091973	-0.106427790194097	-1.13761125859598	-0.580892220646672	-0.390752596485571	0.326211315212008	-0.386488028022165
351	Spis-XP-022780982-1	-0.0918642776547064	-0.125560515450143	-0.0973362253314064	-0.145367429765144	-0.0860396912025335	0.930064117259467	-0.117083414635789	-0.127813474585314	0.110758607091743	0.19324931599767	0.0597226703951459	-0.141872205302264
352	Spis-XP-022780997-1	-0.00811296898622133	-0.00934790205206583	0.0224687836933862	-0.0338129053435635	-0.0318225156265708	0.0600321349281289	-0.0208259306381105	0.0199163141298213	-0.0243481005837843	-0.0300825419525845	-0.0298685223568502	0.844998997876299
353	Spis-XP-022781004-1	-0.133941088777429	-0.20425761114143	-0.10189714488642	-0.219774259253579	1.18742088813064	-0.170603532360398	-0.195690620682373	0.00481543452039354	-0.153870252107262	-0.230200772713487	0.178815019076262	-0.238374465545249
354	Spis-XP-022781017-1	-1.53974633263199	1.39619028694024	-1.2668688956849	1.31749509226232	-1.32206247498767	-1.45066659402902	-0.167407954256817	-0.220787059646125	-1.49684256293857	-1.61739939157218	-0.185452778240681	-1.40521340916801
355	Spis-XP-022781023-1	-0.0676263575308416	-0.0588328709079075	0.0169809654611938	-0.138373441456206	-0.109669627364432	-0.0552059429974833	-0.0979258824100838	-0.0906748040535826	0.0845977202598027	-0.0521538810047201	2.67796658018441	-0.142941776845567
356	Spis-XP-022781033-1	0.00772928683848971	-0.00101320442756504	-0.0266587708514182	-0.0535864772127447	-0.0410518960754949	0.0831860777829517	-0.0519949512506908	-0.0124557986334747	0.259296422226195	-0.0468068608513587	0.28071301228527	-0.0669596732710084
357	Spis-XP-022781039-1	-2.53383554194747	2.57992454171281	-1.13065484435991	0.655401663683719	-2.37262816427797	-1.7188081832084	-1.82077921680419	-2.910451071704	-1.50975945064784	-1.74997939074545	-0.146602720273197	-0.121893616419428
358	Spis-XP-022781072-1	-1.29139377747217	1.83670723251241	-1.04168089499073	0.490676044352476	-1.30361140731949	-1.14876369996521	-0.107609671966315	-1.39208143946532	-0.813912205267973	-0.708269742917165	-0.0997809946285051	-1.03729693621025
359	Spis-XP-022781079-1	-0.231754838890558	0.544976168164141	-0.180926994110326	0.069934982914605	-0.25044146040609	-0.182368497612101	0.0518294455958048	-0.218690028198355	-0.254347967780273	-0.25488952422629	-0.240081670343483	-0.209359494084306
360	Spis-XP-022781084-1	-0.177190696351656	-0.033785588852074	-0.152071128290488	0.294412535337752	0.173718440655792	-0.112450747994944	0.36098412371163	0.0276356793813533	-0.259657699127356	-0.11088342097196	-0.324129351494888	-0.0805132864663988
361	Spis-XP-022781103-1	0.0245722775166341	0.0045145335495924	-0.0230830194413589	-0.0227140592376013	-0.0237942825543189	0.0206009899434986	-0.0275074678095389	-0.0515372003457338	0.0290573407152227	0.028773667504356	0.141995529119028	0.392035160400947
362	Spis-XP-022781105-1	-0.124742907512708	-0.162971334005324	-0.0345686882289746	-0.173350090022624	-0.153743672085019	1.04617801155754	-0.155880630215674	-0.130458792142846	0.0565620801156294	0.024784938778024	-0.00563031633978825	1.06946417034115
363	Spis-XP-022781117-1	-0.0360813782580027	-0.0444183211582834	0.0987522587029372	-0.0300757184970482	0.020422029797143	0.110684667555276	-0.03715117827198	-0.0439794908371308	-0.00774920305967287	0.0336487684912861	-0.0112145262668067	-0.052590596897562
364	Spis-XP-022781125-1	-0.0653700723916823	-0.0058992913930013	0.157817917761837	-0.204499899490736	-0.0905695264400327	0.200030040159927	-0.123213187742693	-0.11777436360459	0.604067254631745	-0.0932721475628452	-0.0238109690110647	0.161935725283699
365	Spis-XP-022781155-1	-0.0442275458766433	-0.0529210120368382	0.322441546557168	-0.112018058723052	-0.0726833828994985	-0.0852228655267747	0.0152308069574045	-0.0940729228952032	0.0339086533284028	-0.00689278089390739	-0.100720899246449	-0.103952856373031
366	Spis-XP-022781159-1	0.102827113829258	-0.0455111904416874	0.00140931959673552	-0.0530135568760263	-0.0213686960864688	-0.0443703547994232	-0.0344433635132663	0.0761071929721939	-0.0471913099642432	-0.0578661509301626	-0.0571647252921897	-0.045834464168169
367	Spis-XP-022781196-1	-0.233270089848685	-0.264581437118188	0.0721124231099441	-0.32235116086474	-0.239068197255879	1.51904163609874	-0.107890297829697	-0.290985807238455	-0.166280733597689	0.10867376468299	-0.270071672248465	-0.303816978709061
368	Spis-XP-022781200-1	-0.108495826670127	0.157144527667153	-0.0546773598861129	-0.0205417621090101	-0.108943812452451	0.287198540140683	-0.0291619353717456	-0.0935790050227498	-0.107976205459562	-0.0601241898157239	0.0248002693800095	-0.121756449101264
369	Spis-XP-022781205-1	-0.032520136299579	-0.00577947616080317	0.0118859317372045	-0.0540429350689065	0.0159266385058095	0.13050108831266	0.00899489156259198	-0.0353763363471303	0.0337304731514487	-0.00219541401648551	-0.0461461897516329	0.585745018650742
370	Spis-XP-022781206-1	-0.094120219361488	-0.106949160960025	-0.0712982435080711	-0.1114246652463	-0.0310946109527081	0.746426003207147	-0.115198585616506	-0.100727102450879	-0.0220754191271375	-0.028534083911971	-0.0926982803180578	1.70361898785586
371	Spis-XP-022781214-1	0.754020816810036	-0.305611249274133	-0.259978608858724	-0.290886590720655	-0.249839516401508	-0.245381932652274	-0.272866808566562	0.233926495270355	-0.313308353719904	-0.209609474263049	-0.108986821551426	-0.397475270975637
372	Spis-XP-022781216-1	0.159968086663753	0.00210750850793823	-0.0807157206526074	-0.0563581706458344	-0.10579285859275	-0.101351472157232	-0.193851629708493	0.18042157727045	0.150869039126125	-0.110542982646091	-0.193867783570206	-0.18929918729124
373	Spis-XP-022781228-1	0.0233381551528749	-0.0854611755446369	0.313897839213012	-0.208842667716873	-0.116474031867068	0.145690818278205	-0.162061329828017	0.0340355574983174	-0.143733805810383	0.056344198783022	-0.089273614405697	0.0235111493136454
374	Spis-XP-022781244-1	-0.585848726377684	0.0371582441156156	-0.348759013375897	-0.421559178154806	-0.617594556725231	-0.484726403769359	-0.595684141109103	-0.56406015924823	-0.533822139622227	3.88607075579997	-0.253999766104122	-0.287940416315258
375	Spis-XP-022781270-1	-0.346128938850336	0.132017420362358	-0.099537182893259	-0.215607624002464	0.0962092974509922	0.982823150603612	-0.38608463818572	-0.341139849436022	0.652050960776215	-0.168385774173916	-0.434962692702378	-0.461055491857811
376	Spis-XP-022781274-1	0.0737216973632444	-0.0159708792410621	0.0980466306129372	-0.0922582479886934	-0.0492393114936588	-0.0633559634552639	-0.0485691834315843	-0.0518151045547571	0.0300692541770693	-0.0235465240732713	-0.117753492225847	-0.118867360899361
377	Spis-XP-022781294-1	0.217945746461342	-0.110964529136879	-0.0477807465930897	-0.0782769542472147	-0.0794736230930236	-0.0242201576981463	-0.102637423842404	0.161529772823158	-0.08682725687904	-0.0882929730824718	-0.113471822809186	0.279965965500607
378	Spis-XP-022781297-1	0.0216160426052226	-0.0509791895489022	0.0788563794399074	-0.0576379011109217	0.00564699848547094	0.018556667762343	-0.0281261715840638	-0.0388126313775286	-0.0751575543553168	0.272960891128971	-0.118955748821627	0.00250598258987861
379	Spis-XP-022781311-1	0.12274254104417	-0.0742306445079521	0.0151238841653314	-0.0642387816422311	-0.0021429282578654	-0.00686465418486169	-0.0564417587215414	-0.0160026862628384	-0.079770486350095	0.0919510294063011	-0.0669987844029787	-0.0626334685059269
380	Spis-XP-022781315-1	-0.505320169194988	0.644916492647427	-0.320692945789442	0.0587349586791738	0.383636326891066	-0.123236432691561	0.0826706455560156	-0.54653130433	-0.409349223074799	-0.34500382821449	-0.0875246465863543	0.250139442839668
381	Spis-XP-022781317-1	0.00459166254411172	-0.00237297553349367	0.0100152594851157	-0.0611782873297969	-0.00730175792519745	-0.018833016898521	0.0570152552222599	0.0764008040329893	-0.0830804315896593	-0.0308057324566435	0.168914403484835	0.551122364298896
382	Spis-XP-022781319-1	-0.00111067947773943	-0.0259488889081136	0.108518022755541	-0.0425221775999638	-0.0295658642726123	-0.0230139536408402	-0.00925189183193533	0.0128591723602165	-0.0451702312285755	0.0495510224720564	-0.0492471209526673	-0.0458859389110173
383	Spis-XP-022781339-1	-0.0171554978211226	-0.0333545645046006	0.101345389254362	-0.0156104361049958	-0.00994358927510879	-0.0111719623789606	-0.0230300531821839	-0.0368289033195745	0.0298819239618735	0.0152855465709321	0.0873729049518099	-0.036027650223765
384	Spis-XP-022781361-1	0.0486501813093878	-0.00131388121893431	-0.0298566501049273	-0.0294517639003562	-0.0163120198743468	0.0276173432101906	-0.0335511753839117	0.00150182014168554	0.00779765512540255	-0.0440411098449853	0.0264421510121786	-0.0248435598697062
385	Spis-XP-022781398-1	-1.25048530957812	1.6980734491354	-0.988322503758413	1.00240019835297	-1.51102222155507	-1.13698563969849	-1.52188085595718	-1.55096736652758	-0.992869947270126	-0.856222643686907	-0.838478738235848	-0.459571701343045
386	Spis-XP-022781401-1	-0.0544792360166038	0.0889957009183864	0.0064083144993078	0.0285087919110957	-0.0400534878571954	-0.0367368266163503	-0.0292607664430519	-0.0315111170970837	-0.0229173317678132	-0.0444740559254716	0.0197684080965553	-0.0447461628311261
387	Spis-XP-022781446-1	0.00678791268059525	-0.0712117384101209	-0.023514851665965	-0.117697191214085	-0.0925344986542516	-0.179918804109593	-0.173841946763429	0.961896140637699	-0.065178731931594	-0.0306330452882311	-0.15779174274027	0.162499303886533
388	Spis-XP-022781451-1	0.673368656755437	-0.279264617253268	-0.211197630293665	-0.275347038827012	-0.236836186613889	-0.229868341814636	-0.26438272376509	0.286688314474918	-0.227436580785298	-0.134507081263885	-0.162281477631794	-0.391124380100637
389	Spis-XP-022781454-1	-0.42902064881755	-0.471238422770626	-0.423225711435539	-0.0947223529213353	0.287970064289254	-0.290717902291449	-0.444697765576776	2.50950681828581	-0.45028835765433	-0.362643857857644	-0.482757022556567	-0.48696557465612
390	Spis-XP-022781456-1	0.115821289197924	-0.00946941803623452	-0.106480253644935	-0.0480293159258072	-0.081768796505631	-0.12572482011022	0.178541641050074	0.205102786814647	-0.109788793902281	-0.152570430971879	-0.105063927017565	-0.190473420626842
391	Spis-XP-022781462-1	0.768588658671635	-0.31477120573715	-0.245360404422537	-0.321875176182209	-0.266515438430151	-0.263663439854842	-0.304446170909571	0.29991141243406	-0.297698016732858	-0.237032361893387	-0.249288601183094	-0.214700044854525
392	Spis-XP-022781500-1	-0.0210815816513361	0.0709089417667065	-0.00449906260573465	-0.0156318695138271	-0.017590490730317	-0.0297313340883154	-0.0258305090437996	-0.0204950663425179	-0.0286542808720347	-0.0289529727969709	0.141882497212047	-0.0279400525444061
393	Spis-XP-022781565-1	0.0140201836461022	-0.00700165954329814	0.00375546480672957	-0.0147258297386886	0.0261091208440375	0.010988394794712	-0.0275380482725418	-0.0286555477993023	-0.0186749103681994	0.0315567785446385	-0.00905652007943291	-0.0263023257032236
394	Spis-XP-022781567-1	-0.0326879295879357	-0.0105975063702565	0.0438593662187885	-0.0460032739304752	-0.0302599623837751	0.152557207320316	-0.0338171227857913	-0.0127082619077454	0.031610131326464	0.0624983358197592	0.0516534368759609	-0.0400056272378559
395	Spis-XP-022781568-1	-0.0249085223042763	0.0278217878182792	0.0134073831827097	-0.0871383654340932	0.00623500526348902	0.0169211012833163	-0.0608329808956614	0.234863680302576	0.0102537525510381	-0.0634356554047902	0.113470539814757	-0.126311573504022
396	Spis-XP-022781574-1	-0.00917251783187123	-0.203123024175088	-0.0336150290237811	0.0717173370610401	0.251222349686536	0.12021103537747	-0.373427412823654	0.567741999953704	-0.417349638149459	0.143134574302686	-0.0999439272353595	-0.319838360577679
397	Spis-XP-022781663-1	0.0213141406482528	-0.0134975788523533	-0.0624016449895448	-0.087030299502441	-0.0349640901464528	-0.0244081035166246	-0.0655075971918654	-0.0410458226257446	-0.0171052423277459	0.0178816380217514	1.80362908677839	-0.0778776554039092
398	Spis-XP-022781671-1	-0.0361753364386884	-0.0940924028015979	0.0463893117657428	-0.102801696101742	0.503676269616879	-0.0827001873012989	-0.0969925710774669	-0.00361276742525488	-0.0948592892319848	-0.0120556758160195	-0.0932274898260568	-0.101989946574854
399	Spis-XP-022781682-1	-0.028778019906113	-0.0142380550787159	0.0227188042238768	-0.0435335795183328	-0.00155760743154533	0.101964706885212	0.0414310229089296	-0.0233102600902421	0.0051299007515152	-0.0206062703513317	0.0162366762386092	0.551823372649917
400	Spis-XP-022781686-1	-0.0285918131982717	0.00877215066470441	0.0720191585572907	-0.0357997933247017	-0.033506489205323	0.0700574823645486	-0.0328491225748505	-0.0318285179723618	-0.00299652899070815	-0.0314954079172558	-0.030810543465863	0.200482596679445
401	Spis-XP-022781687-1	-0.265485073517105	-0.187710946259473	-0.0540566002539057	-0.235535665480183	-0.191655316930189	0.980506409658149	-0.210929112394135	-0.145889153966289	1.33050454052253	-0.0380789710744442	-0.111235629241331	-0.275513523823804
402	Spis-XP-022781704-1	0.00787630873103606	-0.0309870017188517	0.155830472132653	-0.15744991987129	0.024426088122127	0.158489798884546	0.0866285737479498	-0.240553609013891	-0.168974060946298	-0.0700821722406326	-0.218870447227019	0.460601471919154
403	Spis-XP-022781725-1	-0.0325145353382503	-0.0181778210935226	0.0782238919406684	-0.045945775527121	-0.0185658797317096	0.00935061387761607	-0.0360915795504995	-0.0310594173726867	0.0212088629208164	-0.0191582574184998	-0.0150241184440037	1.29913505586624
404	Spis-XP-022781780-1	0.016244108276115	0.0590054925697327	-0.0275816719422597	-0.0449482889077553	0.00357691278407363	-0.0425014153620071	-0.0469692358875689	-0.0638620636721345	-0.0095316165016194	-0.018800799008152	0.469852710389315	-0.0521018479381798
405	Spis-XP-022781799-1	-0.0127664204548207	-0.0160256595910893	0.076117348051058	-0.0250155529482264	-0.0663890057234697	-0.015908039087713	0.00100288988932573	-0.0389167979793991	-0.0616198515827189	-0.0762316034733372	-0.0646532761200683	1.39266385014276
406	Spis-XP-022781806-1	-0.000106774883870786	-0.0170444673647408	0.0234761542607287	-0.0213717356258649	-0.0156346579643977	0.000489150404512827	-0.00131871025903771	-0.0191977165964775	0.0138971361713505	-0.0191526171301538	-0.0186186491236136	0.846982012008086
407	Spis-XP-022781821-1	-0.482565940120314	-0.516590786543571	-0.193620065897292	-0.470204853865799	-0.470436593007732	2.48232686902343	-0.413578288089343	-0.471050651548898	-0.355176601758227	-0.396831316134697	-0.477163506825092	0.25799305053216
408	Spis-XP-022781833-1	-0.0214900691759094	-0.0174460698680878	-0.0505670571992329	-0.0109948172990529	0.229321694658863	0.0250959315568232	-0.0093587694016566	-0.068393039365313	-0.012629237523481	-0.0794058383035791	-0.0792561753766045	0.202762001755654
409	Spis-XP-022781839-1	0.11911976179071	-0.201156062277722	0.0510502830570418	-0.241706634806724	0.438888724826913	0.162549533097822	-0.188652797693607	0.0396393095423354	-0.0959559633062977	-0.216129281462068	-0.142198259527795	-0.233274278873398
410	Spis-XP-022781841-1	-0.0485643625241808	-0.0358378314975193	0.00058883969991106	-0.0395762591762828	-0.0443879928208556	0.380845524677279	-0.018309094282959	-0.0362339381196752	-0.0254504506346048	0.00346402293909191	-0.0410982247281232	-0.0426655360668944
411	Spis-XP-022781862-1	-0.00185586901942657	-0.0550469015058905	-0.0112343783218386	-0.0281737508911907	-0.016126460335945	0.239367409771233	-0.0279073446146343	-0.0348501775852768	-0.0484338432617221	0.107309104334914	0.242044456584475	-0.0561962187363756
412	Spis-XP-022781863-1	-0.381320731878896	-0.761127992535103	-0.553790902180147	-0.615403988131918	2.36241139756818	-0.339076997822972	-0.635217601295761	0.560864499782677	-0.463213217471434	0.10867167786463	-0.550240450180758	-0.604671930945141
413	Spis-XP-022781880-1	-0.120633716872226	-0.0772199527573147	0.0958942565772921	-0.129045414933329	-0.118263783521333	0.567283484736535	-0.139313558781864	-0.1467412251643	0.0217336111988474	0.668075347516405	-0.128218003860419	0.289811946039101
414	Spis-XP-022781901-1	0.0297410041295584	-0.133602951505532	0.0417105177567849	-0.0931472732892637	-0.093505175759095	-0.0938386319880999	-0.137406097556446	-0.112505588018118	-0.104316475271019	-0.145208246700925	2.60115796187175	-0.1446489337602
415	Spis-XP-022781920-1	-1.16422815559011	0.919777075528012	-0.877122132264358	1.51036805283816	-0.99081022949885	-0.802813358712401	-0.60042969235204	-0.9375293892232	-0.944753331878054	-0.926943055595832	-0.0767672648583322	-0.618431753093045
416	Spis-XP-022781930-1	0.130754776391863	-0.0652302211788427	-0.0193022102173584	-0.154639396690553	0.324565946728615	-0.138424223040441	-0.158824438947059	-0.0201556051604076	-0.136317380880457	0.0405886586734562	0.148818046195032	-0.204826898797744
417	Spis-XP-022781943-1	-0.00441091382696616	0.016850532089694	0.0413870265094637	-0.0387168917958937	-0.0674893225626809	0.0925185641820835	-0.0453173440797058	-0.0712970803098792	-0.0581274164959831	-0.0227504967081375	0.12202684984851	0.570501943450389
418	Spis-XP-022781972-1	0.00215323631338721	-0.0449347129021477	-0.0251696057805869	0.0832383372132727	-0.0549568342686621	0.0751025020822597	-0.000897128991404372	0.068457601391008	-0.130577136105552	0.0218910202457496	-0.0251103088877127	-0.143639283469509
419	Spis-XP-022781976-1	0.409561764086841	-0.427509345060782	-0.292956465988986	-0.333631697252216	0.265677614943951	-0.166538047843473	-0.382159879736752	0.967611173512176	0.183121043432431	0.204606020520822	-0.425710807232622	-0.553616771254678
420	Spis-XP-022781979-1	-0.0201233564439024	0.00614291372387098	0.0122109231778021	0.0178649074213224	-0.0434301863256109	0.0196832088287978	-0.0435691759255009	-0.0344195174866179	0.0996182236113587	-0.0482263796602333	-0.0170543078241839	0.529295014941791
421	Spis-XP-022781982-1	-0.0123918991284572	0.0235336264056351	-0.0126234973140377	0.024689849739811	-0.0430309155310477	-0.0190089416635915	0.0167963528389594	0.0529210409417087	-0.043812321516537	-0.043175414510666	-0.0168149286608593	0.0436125393634792
422	Spis-XP-022781993-1	-0.464688632096191	0.964139433599408	-0.179831694193194	0.0380693545440813	-0.413788509320305	-0.403651616890505	-0.325997144285447	-0.512879894825949	-0.399706505440478	-0.17984989290965	0.0354960736630585	-0.375753675593646
423	Spis-XP-022782002-1	-0.227477410987034	-0.233689456114285	0.0205338850995402	-0.24029309760552	-0.244937315549321	1.33641822666342	-0.230356961428177	-0.261375683390817	-0.275894294270522	0.955204967355726	-0.0444971591773265	-0.280112549421582
424	Spis-XP-022782003-1	-0.00517763740951697	-0.0268496324041145	-0.0185291382751927	-0.0471890717681404	-0.0542562755247254	0.186597131957101	-0.0696157345522511	-0.01224085364332	-0.0154251076030578	0.455452254609732	-0.0401170607780084	-0.0657130232133783
425	Spis-XP-022782004-1	-0.0823427995623536	-0.0755360166847634	-0.0396511065503322	-0.0978625798867585	-0.0776622210417122	0.587474931176231	-0.0576775980140456	0.0993185960676574	-0.0579196692739824	0.348151300416136	-0.0911214530597987	-0.0871689464045968
426	Spis-XP-022782026-1	-0.883170679368327	-0.357381856695703	-0.341653221975193	-0.787615349755675	-0.989835457496225	-0.849023723157422	3.39277507111253	-0.912976730678959	-0.898173596308349	-0.599480059692179	-0.784798890433134	-1.0887148621306
427	Spis-XP-022782036-1	-0.747797716655146	-1.20627176118482	-0.658066844546697	-1.52403253297705	3.56240971441763	-0.89550744254091	-1.43630978434283	-0.910269870300738	-0.927526262687711	-0.462812935915576	-0.560141473832447	-0.882158051007588
428	Spis-XP-022782110-1	0.254901736845142	-0.171053335220936	-0.0479757187057918	-0.385265844235401	0.0941550734098729	0.222602256650807	-0.157382802750892	0.0291556942362958	0.282194132509423	0.00166981366155217	-0.181528861488045	0.707139218613057
429	Spis-XP-022782116-1	0.00526313342047222	-0.114711859822425	-0.0768878217529851	-0.130319992769166	0.409836959169797	-0.117503294364318	-0.0664246802893611	0.466682342074443	-0.129548639747556	-0.0589203984218553	0.218643843600347	-0.149710682257581
430	Spis-XP-022782117-1	-0.194546567082991	0.296841734896231	-0.155072466992511	0.0751795019343346	-0.175429151186474	-0.01416397385619	0.348334711632689	-0.192894030469074	-0.108329334370439	-0.20800389885801	-0.12516008945753	-0.0420323040370123
431	Spis-XP-022782128-1	-0.81237329759931	0.921743497277389	-0.363030821004725	-0.0700143533929644	-0.700280665997918	-0.721162103115348	1.54211467701025	-0.881705870389151	-0.566916862487137	-0.875380637788693	0.0274262780057529	-0.431018606085076
432	Spis-XP-022782148-1	0.0222579852640418	-0.0385887049628137	-0.0208336797602477	-0.0563713884378514	0.0756743555073211	0.0945258510449223	-0.0372829151922374	-0.0164961505412279	-0.00905209738436195	0.174020779600276	-0.0441762229523557	-0.0810756510007367
433	Spis-XP-022782172-1	-0.387068190430964	0.0626567645676815	0.122188023397342	0.423255404313704	-0.40770777002782	0.546525776665069	-0.265928329286531	-0.403125355484161	-0.399852789724934	0.419063485788223	-0.157834664641273	-0.277484017349178
434	Spis-XP-022782173-1	-0.00679180887151225	-0.0217826118300644	0.0599065576571566	-0.042699299086672	0.0197217137873981	-0.0389282191626349	-0.0233407005947233	0.0102907069198629	-0.0152630545963942	0.227360749200869	-0.044156191333329	0.0449284120713221
435	Spis-XP-022782193-1	0.311742021082151	-0.166031459945196	0.020878427781717	-0.136235781418814	-0.126403989502569	-0.109004434134175	-0.174734700334718	0.190159433725959	-0.133553729109252	-0.126497569133714	0.0941131969081159	-0.0933071672536011
436	Spis-XP-022782197-1	0.0511824975190605	-0.0118170660696149	0.0184869385479573	-0.0213474795742713	-0.0368637386256862	0.0176397785367476	-0.0465285949799698	-0.0418925818573091	-0.0210796507949051	-0.0315278139158108	-0.0461728107528674	-0.042585452762318
437	Spis-XP-022782210-1	-0.278844717363014	-0.106306326064469	-0.330069418468323	0.759696839580107	-0.185134348404553	-0.285430681384027	-0.177724283746311	0.784218002657324	-0.334509398031162	-0.239799798019886	0.247531864046696	-0.438903632637577
438	Spis-XP-022782222-1	-1.31790159950353	-1.48330737325766	-1.38719215574076	0.010538576044286	-0.353516743619677	-1.17891521193299	-1.25149870046994	4.35698187900129	-1.25071351678093	-1.11501871405911	-0.694805208387422	-1.64763244430984
439	Spis-XP-022782305-1	-0.115745002071624	-0.176333859974642	-0.0144958005745613	-0.219640004815171	1.10468852646238	-0.186332954948915	-0.158200770802071	-0.0808389076058862	-0.234779722879839	-0.197322252379707	-0.250647773395168	-0.164610196697838
440	Spis-XP-022782321-1	-0.0249903478133278	0.0152060385741453	0.0458531986103305	-0.0542272740335142	0.00375114797431642	0.0121673131162841	-0.0208509610181624	0.0320403958732334	0.012213098878061	-0.0255811990205199	-0.0401263934275822	0.40887936102494
441	Spis-XP-022782324-1	-0.00785729889628629	-0.0184419525573504	0.0127871412663474	0.0113316135926172	-0.0295656221336159	0.0387206553826958	-0.0220663584836251	0.0360923230274521	0.0757534933164745	-0.0611560848258914	-0.00262740668645335	-0.0733313127679787
442	Spis-XP-022782327-1	-0.0649687635906223	0.0631838036039591	-0.0511183324321774	0.0313227382088348	-0.0340551070974727	0.0378318583155426	0.0997156460809821	-0.0321109827469106	0.0266858675889398	0.00804512263445492	-0.102389532444395	-0.0949201881755801
443	Spis-XP-022782360-1	-0.080497010565265	-0.11894169016662	-0.0799409433941726	-0.101393761917545	-0.114098270457739	0.730065107658727	-0.0361891942818327	-0.113571269801843	0.484796527666822	-0.0476219176729099	-0.131471306170897	-0.132123353213613
444	Spis-XP-022782367-1	-0.109846536505409	-0.0772809805315031	0.177437175605401	-0.142872267061752	-0.0349464211813485	0.550857677231199	-0.0871571865606585	-0.103149120277604	-0.0934316258163289	-0.057734716606241	-0.0733141648376635	0.324232864101519
445	Spis-XP-022782369-1	-0.0145698152866377	-0.0274012622699535	0.0566127825657772	-0.0177369844815135	0.0234103256004334	0.0362875867821194	-0.000215331801627219	0.000456107361754447	-0.0165539370660982	-0.0438763855351521	-0.0307206381903882	-0.0636252527938617
446	Spis-XP-022782370-1	0.0163694813429397	-0.0217991734400315	0.0326370286564729	-0.0112086910104503	0.0210526774528798	-0.0115009838149715	-0.0215919087639754	-0.0189943848713318	-0.0210083381129047	-0.0172907737975052	-0.0140815662010575	-0.019264259252755
447	Spis-XP-022782379-1	0.00763629164128455	-0.00996234206664512	-0.00293333275202735	-0.00318707509664571	0.00511467213048118	0.0208990414225017	-0.024389827952838	-0.00792055080419663	0.0278979656828217	0.00154957496028028	-0.0226248980873734	0.0551742057568243
448	Spis-XP-022782385-1	-0.035986883209731	0.0221233616449558	0.000656045974904651	-0.0523705156724263	0.0812679876809636	-0.0242783583215323	0.196551575153562	-0.114459374974655	0.000605430139900748	-0.0601362121843173	0.0146346034369762	-0.115297609541064
449	Spis-XP-022782393-1	-0.171955524278713	-0.382941606945214	-0.74832262042879	0.62569073060655	0.279030458040891	-0.59015930964391	0.721988570168251	-0.0755646294823189	-0.433359545270067	-0.143478802416899	2.71336921430653	0.137644853116599
450	Spis-XP-022782398-1	-0.0423265394175447	-0.122671463588944	-0.0644196407245463	-0.13526569794	0.768047829967325	-0.0886440083748106	-0.0978551099475402	-0.107553088647946	-0.110611014331027	-0.00328848185900599	-0.0881313352951613	0.0706580534921371
451	Spis-XP-022782412-1	-0.00860117581047491	0.00550675252885876	0.0207455572771183	-0.00696706452585603	0.00942938889093236	-0.00036879022405362	-0.0112376383842501	-0.0112283145567884	-0.0107747444485955	-0.0139133875432253	-0.00976799426141731	-0.0148421761324855
452	Spis-XP-022782431-1	0.0171727335707115	0.015276652987189	-0.00138114842218454	-0.0240743480112242	-0.007651658806416	-0.0107165237672959	-0.0185123739160577	0.0109578402492899	0.0154122849622073	-0.0477069979964172	-0.0480129123332408	-0.0461209045442839
453	Spis-XP-022782452-1	-0.0439605214201499	0.0582914009114926	-0.0264701087006691	-0.027020280381018	0.00602981480769132	-0.0228319378112281	0.185287449382433	-0.0561565737362068	-0.0111043345234154	-0.0550898064489308	-0.0548325800742276	-0.0547653401943633
454	Spis-XP-022782454-1	0.0510631505849478	-0.0238526316221955	-0.0218880768037057	-0.0460033891698727	-0.00661755722342574	0.00827527544550831	-0.0261176624489005	0.00228880638958634	0.0416790233683881	-0.0442915779544339	0.389694935822037	0.0537927535210667
455	Spis-XP-022782461-1	-0.0171044748572119	-0.0166544489799832	-0.0206595449705808	0.00581873766385243	-0.0161657142776987	0.127467537979309	-0.0142669454626532	-0.00712841213760149	0.0592656500939294	-0.0361269771550742	-0.0375221695601622	0.238782356002209
456	Spis-XP-022782478-1	-0.0701146815951604	-0.131590221867712	0.155508429094638	-0.0759860793112951	-0.0547079134182013	0.0528514984406974	0.0617131224284329	0.54014200674365	-0.0705262086035596	-0.144586001415736	-0.227886764109572	-0.165496745454259
457	Spis-XP-022782512-1	-0.500954710147631	0.218592227733444	-0.34923659490649	0.886712212157729	-0.360509275736301	-0.484299414029684	0.41654105945421	-0.242728316903859	-0.249660946291783	-0.478776953032884	0.320988036445286	-0.466268164040171
458	Spis-XP-022782544-1	-0.00017010229909448	-0.00527421227155356	0.0242863702928633	-0.0275779261737748	-0.0318112135785552	0.0910839137182434	-0.0250833970561456	-0.025017510023765	-0.0143443959728151	0.0377660211642582	-0.0249023475866441	-0.0243800084943555
459	Spis-XP-022782549-1	-0.174334983813556	-0.131722651472206	-0.04770075868096	-0.157255968454415	-0.122615533423937	0.97987112294989	-0.185602522453259	-0.111096838095917	0.547601332896137	-0.100398843873223	-0.170676878951636	0.371727858880015
460	Spis-XP-022782623-1	-0.00242622694063582	0.00287127089323655	0.0563022460389035	-0.0250599933315322	-0.0240730593968642	-0.0289745104559664	-0.0249158755105182	-0.00902498891323195	-0.027468215416124	0.0853551181913363	0.0305128286497324	-0.0267692692915592
461	Spis-XP-022782639-1	-0.0273962021546846	-0.0180855088412739	0.0112579468547071	-0.0245900809119249	-0.0151707225312669	0.11723732536398	-0.0264352898031117	-0.00873941478535336	0.142801940216551	0.0464096044837996	-0.0255185591608618	-0.0268501392451113
462	Spis-XP-022782671-1	0.350487227880306	-0.212524532475983	-0.141406608253344	-0.17976141276281	0.111107397463731	-0.0796198836755851	-0.109821349025753	0.227067654644239	-0.129683225267258	-0.0142837862067638	-0.224284174432445	-0.0484411291572014
463	Spis-XP-022782678-1	-0.943768674694001	0.941245995252046	-0.867972085629373	1.06622175370687	-0.374763010761612	-0.864676513939852	-0.40746139537378	-0.206731245627336	-1.00559083926631	-0.621706156239697	0.186812093973689	-0.329092572736303
464	Spis-XP-022782720-1	-0.141422965146587	-0.141911703275276	-0.0584169172049632	-0.176815090144536	-0.185792494009356	-0.122435557657566	1.37953621055657	-0.106676634294686	-0.187760677337547	-0.154189656434025	-0.00291164906734273	-0.185328071682159
465	Spis-XP-022782736-1	0.147569786282293	-0.04283748942346	-0.121789746581189	-0.0932118551790496	0.0368828342378586	0.0433812910971766	-0.0310425070258046	-0.128699256754415	0.0667891024427186	0.140007780641272	0.129692289391949	0.125527610143571
466	Spis-XP-022782792-1	-0.170007938962514	0.00572521293937517	0.0592334657007091	-0.0988683223933872	-0.00565845957486086	0.013636439245017	-0.201863244761629	0.803696274612767	-0.108408008971857	0.194366774622293	-0.147744736427231	-0.244992584072328
467	Spis-XP-022782793-1	-0.158064599266227	0.00966724685068132	-0.0432217219353274	-0.0459516693459424	-0.0700773464674814	-0.141978518166457	-0.0644240941762619	0.992457405616229	-0.143170601529453	-0.0935809816810757	-0.0129496076128237	0.45964373832006
468	Spis-XP-022782799-1	0.104876639291504	-0.0176087262724573	-0.0292517641875816	-0.0800093334481619	0.0358364276922913	-0.004642114534125	-0.0601501165754982	-0.0886258539709651	0.0212582502611328	0.0626464979732756	-0.0815006406618612	-0.163268373229687
469	Spis-XP-022782850-1	-0.058258401730415	-0.0349471269746625	-0.0607393024601497	0.162897563100568	-0.0633633620044667	-0.0893844705879122	0.406218313808989	-0.120477061948835	-0.100005172987048	-0.075958181172924	-0.129732423354131	-0.132589868589457
470	Spis-XP-022782854-1	-0.0086036205196252	0.0289318103873944	-0.00388766667415422	-0.0575272453619477	0.010132112934498	0.0177855988244186	-0.0405262144085057	0.0818793177698468	0.0040240461847075	0.00593716731569423	0.113310886369281	-0.0742299463118948
471	Spis-XP-022782855-1	0.0177262033279857	-0.00438401839074318	-0.00212238972707832	-0.0375439664275137	-0.0233665461282068	0.0662107718862283	-0.0275328113300417	-0.0416781354289819	0.134152402184633	-0.0360880753892491	-0.0457083383918957	-0.0429675228364459
472	Spis-XP-022782877-1	0.0815291507226911	-0.0247689074790573	-0.0380942208571404	-0.0562225987945788	-0.0537795491233903	-0.00547553688284861	-0.0384355135429221	0.104061532757369	0.0380593291321395	-0.0631749291954504	0.260647057538979	-0.0527040985798262
473	Spis-XP-022782896-1	-0.123088581124351	0.207177911785883	0.125096829741175	-0.105917429913454	-0.234074163696055	0.0592237285755111	-0.0922283166560222	-0.105581991869331	0.149808280936723	0.0196037058090198	-0.0815770292955478	-0.183718640864544
474	Spis-XP-022782903-1	-0.117184788129407	-0.00146104803479347	0.0869858190859512	0.00311403145590566	-0.0395266191981635	0.10668018767271	0.154306617836981	-0.12638620081914	0.120097644212575	0.011350142323525	-0.0986749921287681	-0.0741566751396478
475	Spis-XP-022782910-1	-0.0237593245352319	0.054422914643046	-0.0189342763378683	0.013605079839825	-0.0287240942388107	0.00242907880024739	-0.0221178613418848	-0.0274179312982417	0.0100413620307711	-0.0284281646802582	0.0582275165222696	-0.0265847537242655
476	Spis-XP-022782919-1	0.0100444086209049	-0.0106144262379534	0.0192629273803332	-0.0305435588875832	-0.00545123106252204	0.0698489514672666	-0.00446883590067015	-0.0267186698276594	-0.0271126109392592	-0.0212589658337346	-0.0253836640000203	-0.0264418984984125
477	Spis-XP-022782926-1	0.014912869456652	-0.0458906158410341	-0.0488320318585935	-0.0582080214841615	0.0114226667534326	0.353237524611632	-0.0532755060232105	-0.0494605984559656	-0.0518586319890718	-0.053470264684212	-0.0509202594550215	0.101697782564482
478	Spis-XP-022782965-1	0.0411628527326484	-0.0289586982525315	-0.00381468993991197	-0.0287863773790343	-0.0239114324021107	0.0644927282969495	-0.0261865578829241	0.0242222907438154	-0.0256816071568982	-0.0248766983424258	-0.0238675816889289	0.104917070341707
479	Spis-XP-022782970-1	-6.20617837165799e-05	-0.037240662950769	0.0312779356049993	-0.0522743893152393	-0.0445538895436552	0.0950681403188497	-0.056269079530256	-0.0621535173121604	0.0116469214058786	-0.00881743790025111	-0.0260692732187207	1.56504440858695
480	Spis-XP-022782981-1	-0.945550634219705	1.02211987892563	-0.772704891076109	0.716716552978244	-1.00314045814296	-0.76636850352635	1.05752247026902	-1.00380186614128	-0.845908564390879	-0.795840182430527	-0.865969841521989	-0.870527347739739
481	Spis-XP-022782988-1	0.00863627070081158	-0.0284131404904271	0.0233425545064745	-0.0160689016585231	-0.000785173823366958	0.0207964089286587	-0.0464373243383936	-0.0779700697370401	0.0272975265182708	-0.00602669090806938	0.0154706347609466	0.994771897732845
482	Spis-XP-022782997-1	0.110414966669789	-0.0469449424839564	0.0850137083249178	-0.0751718549361273	-0.0453925723431817	-0.0581142599334365	-0.101860003613784	-0.0291062827381798	-0.0851931714006782	0.0778211615029021	-0.102329186242865	-0.0956454456070874
483	Spis-XP-022782999-1	-0.0433455148474726	0.077118832114398	-0.0298327286411387	0.024196942981244	-0.0190684417883003	-0.031851713944277	-0.00104942052171024	-0.0446722208002837	-0.0206553450638948	0.0378815888845122	0.12240229596544	-0.0507098918069871
484	Spis-XP-022783020-1	0.0948259000185021	0.00613127999879376	-0.100471676615148	-0.0152385412749895	-0.0619836598246412	0.0176106328557576	-0.068651539912336	-0.00994043286042867	0.0124859909263454	0.0186414330451573	0.154867870719477	0.115762890481567
485	Spis-XP-022783024-1	-0.0115617813738393	-0.0070576786597522	0.0296055625937758	-0.0407856785078163	-0.0293153105812794	0.0305048497151303	-0.0311354400156052	-0.014418909051508	0.0023224547554228	0.0745540120046084	0.012013969315953	0.9477549073358
486	Spis-XP-022783033-1	-0.557767594069682	0.0949053935584927	-0.405610301470013	0.60096376271215	-0.622166128584353	-0.479390289531069	1.03875094665619	0.927997952087614	-0.583964103192354	-0.477766651682231	-0.418568216058427	-0.598260253595218
487	Spis-XP-022783059-1	-0.167220677844493	-0.164817634853568	-0.0726935109108375	-0.13428933749371	-0.126200016513487	0.766050180298183	-0.111336417974312	-0.0826310767265175	1.04390604957569	-0.129070394509393	-0.0916620092324437	-0.179538669034707
488	Spis-XP-022783113-1	-0.338941177630122	-0.271730772478061	-0.174564433844617	-0.281591116145844	-0.250746687526569	1.85650382944628	-0.315656935492949	-0.256621847766358	0.0556640492337089	-0.131277664330146	-0.248387490089262	-0.302379510047834
489	Spis-XP-022783137-1	-0.0113083398141355	-0.00541120921760303	-0.00898005575774337	-0.0183727895396925	0.0162201170950634	0.113140186338402	-0.00474272242748955	-0.016092077407578	-0.0181109291974268	-0.0161222024754844	-0.027007488275684	-0.0231040648546583
490	Spis-XP-022783143-1	0.831818706098651	-0.863558872453722	-0.609185763156475	-0.593645818900487	-0.495478805999632	-0.411105413932991	-0.683196926305431	2.08419969460467	-0.75021205176817	-0.171471559777456	-0.139240504347683	-0.138418124353643
491	Spis-XP-022783156-1	0.0544646941030359	-0.188931924235212	-0.0525082584245209	-0.253479335002176	-0.134248467833789	-0.118302722671244	-0.16171259199992	-0.0797203530138897	-0.0751270151323696	2.13199297943853	-0.167770107307498	-0.278031932464117
492	Spis-XP-022783162-1	-0.102896754554851	-0.0896681577863997	-0.109720293008383	-0.0188142142123727	0.53544710470683	-0.015513237884076	-0.0739854746419618	0.304646685945553	-0.103826491849526	-0.102956745307464	-0.0982670942865478	-0.0972094803858106
493	Spis-XP-022783176-1	0.005626211340273	-0.0165582485991372	-0.0628200514141759	0.0506624039895447	0.0668385553495287	0.0535999510901705	-0.0256491045630609	-0.0997598813563653	-0.0589860092253335	0.081862296360538	0.116306003693346	-0.132869137049529
494	Spis-XP-022783189-1	-0.0782220668635059	0.138883496087227	0.0626325445194234	-0.0283512893249485	-0.0767843971408555	0.00265558078077062	-0.0843569904843226	-0.046385610929016	-0.0780312840145073	0.00148855823826062	-0.10029079655307	0.0564350957215132
495	Spis-XP-022783192-1	-0.486960731889521	-0.483695547923141	-0.263638380441212	-0.597734776830266	-0.336386325446149	-0.20111531651461	-0.486572820145901	-0.320040314180231	-0.208439780172962	4.00641092460444	-0.0818453429410723	-0.314524105338259
496	Spis-XP-022783202-1	0.000878507378391458	0.976142948944324	-0.0506848958580628	-0.070861762596683	-1.14243990312163	-1.00572933218513	-0.435735659692739	-0.672150413620307	-1.06123415218781	-0.652757733822381	0.180702425559738	-0.365487412945041
497	Spis-XP-022783205-1	0.0788647829490693	-0.026309121369018	-0.00366687124442596	-0.0384969220931876	0.000170701478453619	-0.0224195337449056	-0.00394424035001271	-0.0411801583387753	-0.0347093777970948	-0.0359939416487748	-0.0375385907250369	-0.0340541095284114
498	Spis-XP-022783244-1	-0.0394627236593816	-0.00583768735020473	-0.00743008664791252	-0.0320554635862227	0.0918127778814966	0.068112923575941	0.0453789674236338	-0.000632399761782212	-0.0144066146429467	-0.0485768333425409	0.145554833085143	-0.0468885358536302
499	Spis-XP-022783257-1	-0.654788199295643	0.950549732798797	-0.345753062930438	0.444260908976446	-0.424960329893063	-0.476784385379882	-0.200411808592741	-0.676939724981904	-0.392276686829988	-0.408839873368804	0.125943748879002	-0.581495656493784
500	Spis-XP-022783289-1	-0.138622679700785	-0.0992412452547716	-0.37860388529457	0.304430906067238	-0.106779957806543	0.0738879928100694	-0.068196674582738	0.948595706542434	-0.167354011608215	0.020244550013383	0.253481146835554	-0.568148572779847
501	Spis-XP-022783290-1	-0.00155055162676196	-0.0125915517255793	-0.0250247640936206	0.0110030769835121	-0.00711615713971595	-0.0413936500187891	0.11349618507685	0.0918474566260723	-0.0394073029829358	-0.0676472697994326	-0.0121158871871671	-0.0959979704832975
502	Spis-XP-022783301-1	-0.0127646692409913	-0.0182171025151188	0.0329847574654855	-0.0205334014299667	-0.0192701950267169	-0.0192147044421897	-0.00616172291070897	-0.0195918551911905	0.0250818685911774	0.0049147625119314	-0.0181586587135321	1.12484489490309
503	Spis-XP-022783305-1	-0.0316153845831614	-0.146818099021943	0.224162095004097	-0.147271570521237	-0.108119960790052	-0.101457063650448	-0.101724228669474	-0.036945610962611	-0.0919638034068887	1.34227562223485	-0.0474008966480288	-0.168859143260122
504	Spis-XP-022783323-1	-0.291739226257483	-0.377135919912071	-0.332898299803506	-0.402218230173226	1.95782568741706	-0.289669482627546	-0.392942590571742	-0.0819965428665022	-0.368089513329509	-0.252271330101478	-0.449029446972327	-0.36718190002694
505	Spis-XP-022783335-1	-0.00818556704679478	-0.0129037824549066	-0.0359837732299488	0.00400707696094163	-0.00872496115146729	0.143436217673777	-0.0178256463338676	-0.0424299328632868	0.0323418690076095	0.047356507259296	0.0343966702766799	-0.101712493888464
506	Spis-XP-022783348-1	0.0397370607912665	-0.00193785638776155	0.0397575103248029	-0.0386710889386124	-0.0428874597659141	-0.0391538121880734	-0.0292402105222726	-0.0264357677663759	0.000859166029924432	-0.000218489063458088	-0.0136121241044575	0.158294563347014
507	Spis-XP-022783415-1	-1.26692285641266	-1.5964297562719	-1.01937259926233	-1.52120864989959	4.16817810007794	-1.22111727531389	-1.40940887820166	-1.13692638276741	-1.29504662525468	-1.45577502599442	-1.19355434052282	-1.45581410015419
508	Spis-XP-022783430-1	1.11291546352261	-0.583141283387001	-0.342677840673126	-0.592421793862072	0.107616981449489	-0.434458172581395	-0.566437363831311	0.104135085538627	-0.533569525740115	-0.234459203147216	-0.643633602379019	-0.379459001917268
509	Spis-XP-022783453-1	-0.0797505547330792	-0.114043179808171	0.0295655969242138	-0.145741693020867	-0.0731684461940237	0.525051457813345	-0.120688326926042	-0.0750548697493084	0.0272670339376903	0.904665761427082	-0.134357166543417	-0.147156451482292
510	Spis-XP-022783484-1	0.0298015682624749	0.0190459839110318	-0.0230839734341197	-0.063083105400593	0.01800044754887	-0.00531525632744038	-0.0525421885418498	0.0365751882776735	0.109508139460029	-0.0749031429284466	0.03339189937205	-0.0903100305914358
511	Spis-XP-022783496-1	-0.0708005575099752	-0.00642838793395327	-0.0579968979016254	-0.0877307662601542	-0.0580660835742045	-0.0849219304043603	-0.0816459179523873	0.886778515012788	-0.128834451688975	-0.00979161474194375	-0.119918657311827	-0.112355789959711
512	Spis-XP-022783498-1	0.537182483423463	-0.421198298861705	-0.343426526556397	-0.407882459950331	0.227526575578388	-0.259494540758397	-0.414530112586874	1.15199510344343	-0.351206825819942	-0.404963946872186	-0.177725803118869	0.306653078061166
513	Spis-XP-022783533-1	-0.0212086940547364	-0.000890426760540373	-0.0057898863984047	-0.0212999506574437	0.00152467695190463	0.0641153032239121	0.0638337880748374	0.0071483139341186	-0.0341649473650315	-0.0439059273884676	0.199554495912147	-0.0395742650593861
514	Spis-XP-022783596-1	0.14328017681865	-0.0458402147007149	-0.0400359371066478	-0.000284759299523415	-0.0681300734555	-0.0697649104766362	-0.0707119525886158	-0.0304281083951521	-0.0842745343417047	-0.0248190561171418	0.28764355402481	-0.0798734798679711
515	Spis-XP-022783605-1	-0.0173581094624345	-0.0167440019648216	0.0373433745580673	-0.0197237381773228	-0.00169303645884569	0.0939888490693107	-0.0265164473064466	0.00150970275955129	-0.0196784415421962	-0.0233634182588008	0.0308304558702522	-0.0247490928189612
516	Spis-XP-022783648-1	-0.233189440963994	0.55088142865629	-0.142949946987419	0.0370361011336288	-0.186393574894845	-0.139042875467415	-0.212807654468677	-0.20139981193758	-0.257893352018144	-0.110696813781527	-0.0443461785827425	0.0379071972356853
517	Spis-XP-022783652-1	-0.5028430554768	-0.560456007542103	1.59519135161897	-0.634885426714708	-0.508969612544612	-0.139320956803388	-0.570148627153309	0.659122754858779	-0.364200404009903	-0.451387366748579	-0.549483915253171	-0.38235075857964
518	Spis-XP-022783668-1	-0.0401019504260525	-0.00662164798743842	-0.117928321682633	0.0435294020841452	-0.0631150516653234	0.118459105285746	-0.212673496563941	0.353455068341071	0.139369598836207	0.206591748550259	-0.134241019451331	0.0800801519074644
519	Spis-XP-022783669-1	0.517144295772697	-0.231201975078379	0.160636610437842	-0.335821817412234	-0.300938775598582	-0.129680818659058	-0.29800755327355	-0.176804932220048	-0.12773867793601	0.0728830195581923	0.0722960505219646	-0.33682008995236
520	Spis-XP-022783671-1	0.779892294041905	-0.324237397627089	-0.207790430350767	-0.310582557247824	-0.246653020990072	-0.204770405561298	-0.293130860426338	-0.103471892813138	-0.167413164646541	0.00498186654851307	-0.327483841135945	-0.315999998860679
521	Spis-XP-022783679-1	-0.382476223963885	-0.666338716229513	-0.147156581394522	-0.688404058602328	2.38184412321145	-0.53181893028122	-0.618735562586791	-0.104821390630809	-0.44576471696592	-0.587837440216968	-0.388423382823184	-0.712077000649021
522	Spis-XP-022783690-1	0.225254006464111	-0.105515898174311	-0.108399070623188	-0.103062545263226	0.170783063415437	-0.102110895813544	-0.0982108548847934	-0.0584790974004123	-0.0864682481399882	0.0597490182492433	-0.0488292350571214	0.282946308463798
523	Spis-XP-022783728-1	-0.741683458953019	0.179459271244088	-0.106586699275184	0.317329110417768	-0.71455177794137	-0.434281208269806	1.90587242870041	-0.743094361973162	-0.693819825786419	-0.678572996120261	-0.0416394636670689	-0.550763563133681
524	Spis-XP-022783746-1	0.00101711459382196	-0.0398690072832824	-0.0199795342991264	-0.0847745243247378	-0.059966666667501	-0.0105642532996208	-0.10389218345076	-0.102996628572479	0.0248048106534877	-0.0924195377137613	2.12628093028588	-0.100519629043379
525	Spis-XP-022783748-1	0.0293394477891853	-0.0266964127884691	-0.0365502831975638	-0.0561216740491959	0.0359450712059062	0.127959024047252	-0.0849080846498904	0.0393059788138715	0.000987586968702298	0.075385667530116	0.0183440348876278	0.0873676575109527
526	Spis-XP-022783752-1	-0.00356675667424725	-0.0233244097556805	0.0207357090393543	-0.0476051693264298	-0.0169582216658722	0.00545156107255049	0.00090968534601818	-0.0218301956546584	-0.0333823266259435	-0.00900678804520606	-0.0414114736220819	1.54185935608188
527	Spis-XP-022783753-1	0.00675712781261765	-0.0010915069637143	0.00244930070852492	-0.0149147304940245	-0.0164041213839274	0.0524944991747528	-0.0135762139346863	-0.0147349436104552	0.00125769904613904	-0.0132004210092864	-0.0121259024768383	-0.0128915708887619
528	Spis-XP-022783760-1	0.0115385969602923	-0.045995855776609	0.0511961371603693	-0.114493137284346	-0.081227211587391	0.265652693380989	-0.0822094217799864	-0.0848040147613207	0.141424658745013	0.235151215628738	-0.120688816398812	-0.0393970432213949
529	Spis-XP-022783811-1	0.0315825641553725	-0.00280494547920219	-0.0198809945706822	-0.0160902128707128	-0.0101855253326352	-0.00925488367024883	-0.0148500804364016	0.0426161754245959	-0.0212326861524606	-0.020280526256322	0.0419654140044571	-0.0175987789428656
530	Spis-XP-022783826-1	-0.0290351809158958	-0.0206591786342429	0.0321734624956464	0.0119224339496665	-0.00530056585514361	0.0332378113524041	-0.0072596473971144	0.018661057711067	-0.0357502063062803	-0.0384571824586879	0.367189069003054	-0.0366717420535581
531	Spis-XP-022783839-1	-0.746035715765833	1.10161447446761	-0.428508798110208	0.357447622268045	-0.465226313940248	-0.419397121836133	-0.163809780857231	-0.762350839648996	-0.316689041133144	-0.758972291764452	0.0220099372074376	0.129736889086358
532	Spis-XP-022783848-1	-0.0175620723262031	0.0110655050934559	0.0234393659538965	-0.0430753678515141	-0.0161781839297961	0.0707144429924605	-0.0392316168449588	-0.0422154959167612	0.0661640871937009	0.128762858004085	-0.0375166295941819	-0.0368396984719051
533	Spis-XP-022783867-1	-0.0362452873699042	-0.105968677040466	0.359676477774681	-0.123866673322761	-0.100996008145027	-0.0637492429307038	-0.0635913113065375	-0.135610923154449	0.0239440600005149	0.410316447943101	-0.0124567686769926	-0.150963191358492
534	Spis-XP-022783886-1	-0.0987093261847819	-0.177882424367347	0.0147278440850244	-0.215702202961499	-0.196830365039013	0.839948881292531	-0.192337534223667	0.387279104165281	-0.191191493125693	0.537767345595741	0.0993994573243833	-0.223373076241172
535	Spis-XP-022783889-1	0.11141276657752	-0.0189226816622366	-0.0294413230945701	-0.0632845082291616	-0.00475050243759118	-0.0323622966245475	-0.00844943002984375	-0.0434391325713513	-0.0119384804556248	-0.0603158063433732	-0.0579994141582861	-0.058708365476524
536	Spis-XP-022783894-1	-0.0362842395788063	-0.029030394393655	-0.00582925810454032	-0.03363325825042	0.00666493875974716	0.0220362046179458	-0.0121360273172879	0.00691624568439465	-0.0425341367020932	0.192587822874228	-0.0397432417334774	1.66982242124909
537	Spis-XP-022783895-1	-0.0293061306018142	-0.0408226187556318	-0.0037284937105479	-0.053764064202743	-0.050306701627246	0.109558946643824	-0.0337105755236057	-0.0362589022182832	0.00796376522792463	-0.0463506429429814	-0.0210204563661279	2.16929513744145
538	Spis-XP-022783910-1	-0.174868550567607	-0.295424625738532	0.953527508894395	-0.326586914539587	-0.178425917113574	0.145279812938494	-0.327871707049115	-0.105857633522731	-0.146630518821962	-0.323450625663835	-0.325810704239414	-0.325219900969651
539	Spis-XP-022783968-1	0.258662283442898	-0.100020549864062	-0.0418801167741122	-0.119484151108478	0.00289354306473241	-0.0920855294542377	-0.120550521154471	-0.00971352873153652	-0.146070941214992	0.0531972674405518	0.0190510136084397	-0.00306113969798491
540	Spis-XP-022783973-1	0.00521342296629862	0.00775025007348577	-0.0222643667176355	-0.0162181794201749	0.0660023044206146	-0.00803002150262399	0.0271294082907535	-0.0454549610694494	0.000685793945613654	-0.0481667370298818	-0.0470491552647067	-0.0461605687915381
541	Spis-XP-022783975-1	-0.179495158336656	-0.124240298182998	0.00740188802786737	-0.184979116451981	-0.112630765894235	-0.114898510314678	1.35144608421207	-0.235802616647536	-0.135963969005134	-0.236975259941326	-0.176438561108754	-0.0152110469457448
542	Spis-XP-022783981-1	-0.18379691787921	0.0255629669310697	-0.129031829067242	0.095893617221582	-0.123405845717207	-0.144374677024177	-0.140136496468885	1.03465875542404	-0.132875228132431	-0.123623005061702	-0.148784607515101	0.434409446282457
543	Spis-XP-022783992-1	-0.129661422334036	-0.0589582105631662	0.225581105018142	0.0133154305289814	-0.148656141708492	-0.00243285375056324	-0.0194700111482286	-0.171215156501323	-0.116422808014424	0.954460269331366	-0.315059320702818	-0.00665299545142162
544	Spis-XP-022784003-1	-0.206386712982238	0.419810907979457	0.0387408972585689	-0.111283273859427	-0.164792429206278	-0.0151260312260644	-0.165589264273544	-0.13021512230303	-0.0841249293206548	-0.209639261877593	-0.00513402465762652	0.178812654023486
545	Spis-XP-022784015-1	-0.858962914123875	1.21765816306171	-0.576828206145615	0.577621669804354	-0.676207279506668	-0.655287050265158	-0.321741201073206	-0.787570861551645	-0.475629463005964	-0.627175954771183	0.0998187698467918	-0.45325366060649
546	Spis-XP-022784016-1	0.00727692103924993	-0.0325599218511613	0.0885987983173103	-0.0855512523160143	-0.0876916679007066	0.0140769580947078	-0.020010391823032	-0.0371145309309007	0.00345775554298947	0.498691366077186	-0.0941994971712622	0.0275752268858765
547	Spis-XP-022784036-1	-0.814150737161987	1.19748497035714	-0.551513573895818	0.499826344518783	-0.670367394356783	-0.69983770605985	-0.12323333289885	-0.737288990162312	-0.53451690384795	-0.823384402425926	0.525150486721327	-0.448690092205746
548	Spis-XP-022784039-1	-0.995022176270407	1.30538852769623	-0.52880886975681	0.621041563058252	-0.85303077343597	-0.714357849754103	-0.346298024140857	-0.908111240860219	-0.607572139203131	-0.759208881073328	0.216367340443975	-0.00495490442666346
549	Spis-XP-022784042-1	0.0693038308446851	-0.151146564419756	0.404146186322639	-0.104286781202438	-0.128330975636929	-0.0345885771189831	-0.168374846257573	-0.13180930393529	-0.135185488369997	-0.0919611129261453	-0.196628442365482	-0.189390986556475
550	Spis-XP-022784043-1	-0.00909132767820715	-0.0278494120683312	0.0160789008342571	-0.0373590863693471	-0.0150834966789048	0.0345175598990024	-0.0185526046345613	-0.00275555248196366	-0.0588513822940873	-0.0219704805257848	0.0463270554756721	1.51529284689107
551	Spis-XP-022784069-1	-0.14757204945404	-0.163175925571311	0.855276982705864	-0.309243112220917	-0.248212902056102	-0.069660652035313	-0.191862614947461	-0.164465860966517	-0.0700546336138627	-0.1825623327082	-0.0611287789791456	-0.304354398560608
552	Spis-XP-022784082-1	0.0774302494082155	-0.0913018516784145	0.0240995701274929	-0.151099482731882	0.19929076442339	0.0991067099220749	-0.0360052739864991	-0.0281434381714102	-0.0775598674583712	-0.0648123615750407	-0.230757375047989	0.333711426363342
553	Spis-XP-022784111-1	-0.2811432521409	-0.113236051895369	0.413063120016292	-0.498336265665873	-0.34898501000749	1.42225337696792	-0.420686077965047	-0.323780153295812	-0.298755576827369	-0.330980406443239	-0.350874687091737	-0.201292948598787
554	Spis-XP-022784146-1	-0.183730935550353	-0.279389225709525	-0.129394078964002	-0.272681736938776	1.51246866312018	-0.177797565090659	-0.280181812400525	-0.250463852233402	-0.262341204964104	-0.275766267603265	-0.101170101260915	-0.0933736952898008
555	Spis-XP-022784148-1	-0.139438368730735	-0.13127841929185	-0.070741215772687	-0.13270736588538	-0.156640405242884	0.919596838266342	-0.125419914402632	-0.125962264541344	-0.101976817201074	0.7801638472018	-0.146180949957953	0.524469302087412
556	Spis-XP-022784151-1	-0.0389795960509259	0.0796648527764786	-0.0131284272178931	0.0108243522680261	-0.0364732590930712	-0.0203707770441625	-0.0114501693072769	0.0227375363228512	-0.0166330292253595	-0.0696682828243881	-0.0674579210827945	-0.0744925809016327
557	Spis-XP-022784161-1	0.0140639158701923	0.00276081750262906	-0.00030599569550694	-0.027454319593298	0.0195994707437569	0.0136925843201612	-0.0152735682642939	-0.0317621900964456	-0.0122839718392999	0.00112091983192959	0.0753088173908832	-0.0261660733056729
558	Spis-XP-022784167-1	-0.0323664819632737	0.0389473247697793	-0.0179736640566343	-0.0103045699884336	0.0197685801413768	0.0108955122890636	-0.0159655977788927	-0.0673186639084256	0.0421932435962982	0.132822015920868	0.120988586453718	-0.106795425186168
559	Spis-XP-022784168-1	-0.0355556242116965	-0.0998099275068614	0.0809963550640063	-0.07548041608055	-0.0337547634553998	0.307498370255659	-0.103894598172385	-0.0938293579177984	-0.10142420063512	0.650493774573252	-0.00869608504221722	-0.0984496370628577
560	Spis-XP-022784174-1	-0.0204384536993548	-0.0392321751660977	0.0481670480881046	-0.0522015804405759	0.0227049806293356	0.170640897841504	-0.0440637224691983	-0.0228847106527356	-0.00488484458235231	-0.000641228582538567	0.14218882822041	-0.00349334424604053
561	Spis-XP-022784208-1	-0.0619821379147294	-0.0667424057463556	0.162274595739489	-0.100351751712087	-0.0893085349825173	0.0871998535353421	-0.0844974530136711	-0.0623941980320631	-0.0334381378345547	0.671949594353665	0.645683592302298	-0.0985606543148103
562	Spis-XP-022784214-1	-0.921565863400355	-0.834955231242676	-0.450122995228193	-0.836460925039657	-0.756713135125061	2.40873964828644	-0.832148331968797	-0.824232885966161	2.62892243289886	0.442867451492543	-0.766700196875074	-0.196020833243572
563	Spis-XP-022784225-1	-0.0422870933150291	-0.037207538075771	0.0503763960738754	-0.0478575288484113	-0.0431469612461668	0.233830065988379	-0.0306322181251147	-0.00929663361746396	0.00440268737956541	0.000910775597087021	-0.0424479442745801	0.61974118176997
564	Spis-XP-022784236-1	-0.450933973173106	0.120857809402704	-0.0310808188961079	0.2366002091183	0.7697200070939	-0.482965008016411	0.277438427720741	-0.279886379369088	-0.381661390080763	-0.738404228374656	-0.447972093169107	0.769257286044915
565	Spis-XP-022784238-1	-0.076593795747073	0.0326298954664903	0.106570167873063	-0.0511084093616529	-0.0233557235941406	0.014001301223599	0.0298088277131891	-0.038170242418023	-0.0453779928818237	0.154079414688373	0.0489569013030316	-0.0832412010271289
566	Spis-XP-022784292-1	-0.03584324041102	-0.0357594643597774	0.10905918665006	-0.188212461917852	-0.0390575080701887	0.320444193638971	0.0354285511598532	-0.283509203946002	0.341188120983315	0.0542696656779792	-0.183364666255695	-0.0832565647905611
567	Spis-XP-022784314-1	-1.59138930840119	0.05816552498051	-1.42631053170401	1.36310922052347	2.12490783568359	-1.24802115028943	-1.21026747343152	-1.05167542762627	-1.30241934687112	-1.59201011862182	-1.06920900832436	-1.49618906515888
568	Spis-XP-022784337-1	-1.01995699172105	0.733192642350203	-0.657295775815217	0.925541575110546	-0.78574934956176	-0.589943437860119	1.00934634173116	-0.835865700598282	-0.483545141910319	-0.565965780445078	-0.551157228308634	-0.692086637906162
569	Spis-XP-022784339-1	-0.238318653777086	0.0287422951330876	-0.201985817529581	0.555809100394065	0.276590306091015	-0.182748415134404	-0.213913621019912	-0.118347620529302	-0.226090343272542	-0.263202222027173	-0.0659446223814046	-0.325855663953577
570	Spis-XP-022784340-1	-1.05006914308121	-0.918181892292439	-1.08668681750205	1.46314399511966	1.90509517982351	-0.829085613133315	-0.102764049338271	-0.374598008296934	-0.928971921844161	-1.11461401736163	-0.937750208244751	-0.806396058376341
571	Spis-XP-022784342-1	-0.16496727029193	0.289918050983575	-0.150808595779479	0.261013083559587	-0.149135642703546	-0.12171268737932	-0.145690694456536	-0.158663122883787	-0.0955819011133372	-0.160241163352048	-0.0700035205556343	-0.0735031193738269
572	Spis-XP-022784368-1	-0.00705285397171734	-0.00921346505705367	0.03945145359802	-0.00653936127453296	-0.0219699628568247	0.0160474551378988	-0.0169554206384685	-0.0314555187871853	-0.0213307802793512	0.108481998562723	0.000813471099302025	-0.0299906921560791
573	Spis-XP-022784397-1	-2.35063698924886	0.216661389767881	-1.85857425765569	2.77199183261447	-1.98787495940715	-1.79783921064709	0.720292497267866	-1.52115605947639	-1.51221932833092	-2.0927459630824	-0.716958218609108	-1.64837665980796
574	Spis-XP-022784412-1	-0.266061371546296	0.604026194970506	-0.150038971987767	0.116030703426688	-0.299311511044759	-0.217504117056612	-0.169687009386739	-0.322633789322302	-0.209513289722818	-0.106085345668774	-0.187821513370955	-0.281459033271695
575	Spis-XP-022784450-1	0.0236314773343771	-0.015482417876936	0.0155560183171262	-0.0417487601759716	0.0208408823323757	0.0224985375291333	-0.042592544235686	-0.0239338937086491	-0.0118835498772097	0.0201336741869765	0.210219577537399	-0.0479455311712368
576	Spis-XP-022784453-1	-0.013061485794426	0.000741665004300007	0.0612099392637456	-0.0848354890108326	0.101275274447071	0.0511213790525495	-0.0220850790131712	-0.151024283681144	0.113936078934188	-0.0738109720932936	-0.131417368625193	-0.00962534947428681
577	Spis-XP-022784469-1	0.0605501748948821	-0.3103574092532	-0.305429950763746	-0.114128903284156	0.658350932316705	-0.271773304608665	-0.224320865771073	1.06634764889571	-0.259402208426528	0.0124013380219224	-0.203699108118095	-0.390089658795519
578	Spis-XP-022784487-1	-0.662768106018756	-0.441803943519362	-0.31187798689988	-0.00416039972893611	-0.763487174942603	1.68667613383689	-0.117234930642819	-0.33601635321386	1.83882255028549	-0.0249308888145474	-0.170032579886437	0.523183083323843
579	Spis-XP-022784503-1	-0.66016038729664	-0.410693217673126	-0.730926139058444	1.84642550160594	-0.473444816036446	-0.487967161089361	-0.401217166609203	-0.18201830206474	0.135398075979217	-0.509261065721026	-0.751814851321173	-0.68452199443327
580	Spis-XP-022784509-1	-0.0244809696509162	-0.000744474508560064	-0.0405584277134215	0.162495738050663	-0.0554883516310018	-0.0768497264372283	-0.072707987972657	-0.0558920094029689	-0.0811297854192848	0.0380835495141921	-0.0325565623539096	0.955337148963363
581	Spis-XP-022784515-1	-1.19663577702496	-0.762785128106391	-1.04653050719793	2.62806159387947	-0.858113642131103	-1.00754446646735	-0.0239387568164613	-0.441225075923947	-0.896443412275155	-1.04561174604063	-1.00327251815146	-0.87444423431873
582	Spis-XP-022784517-1	-0.227472223686842	0.206326514221003	-0.164773368288085	0.212122025875032	0.103963619428754	-0.0135702482930694	0.0115806155451681	-0.0898681170033592	-0.137132818116504	-0.154914846238581	-0.201037829831805	0.26652606140714
583	Spis-XP-022784520-1	-0.806495416922835	-0.628721093110581	-0.661752788409091	2.07386399527715	-0.483896386429608	-0.656299106805982	0.0611504347540613	-0.390199917072256	-0.645443047982492	-0.596483638434128	-0.457665559509445	-0.743486223379192
584	Spis-XP-022784532-1	-0.033747319293077	-0.0597117293419882	-0.0529055776108467	-0.0799572727431033	-0.0178439174064456	-0.0523705136395024	-0.0774841711017278	-0.063241077525975	-0.0265551386128756	1.42221521966534	-0.0798910246006748	-0.0762422125824566
585	Spis-XP-022784589-1	-0.00992798782649149	-0.0103360184745226	-0.0223493091465422	-0.077709493784702	0.199282442183768	-0.072113541333028	0.0400993083462857	0.0219050801489327	-0.0424679043835925	0.17146796922466	-0.0785124944993435	-0.0015068239493336
586	Spis-XP-022784612-1	0.0449892569873751	-0.00580585170274235	-0.0655259355162202	-0.0119882731889456	0.0324086811953529	-0.0717111258528237	0.0257813302585784	0.0695369007965225	0.0574216296466009	-0.0699864490075052	-0.0452318269327566	-0.0969202279706232
587	Spis-XP-022784633-1	0.0378649968487051	0.00503109687065249	-0.0284518988990428	-0.052169761604793	0.0099413793225638	0.05015088609635	-0.000935407245853878	-0.0130643090602464	-0.0325251828211714	-0.0330970092277878	0.0639798290747831	-0.067522305970878
588	Spis-XP-022784642-1	0.00558130299108264	-0.00774605559225396	0.00209658480476005	-0.00952134180376629	0.0133453407089362	-0.0069050221319281	-0.0176691029053598	-0.000967092791191792	0.0683284227653547	-0.0164773962573857	-0.0143628647998511	-0.0173339274206246
589	Spis-XP-022784674-1	-0.0130083741310917	-0.0436378589353622	-0.0323329101076709	-0.0516232065979913	-0.0276443416463312	0.336265964726003	-0.0488647854670678	0.00261848775858553	-0.0155298872012266	0.113671055443093	-0.0473711763449388	-0.0463762604908238
590	Spis-XP-022784720-1	-0.947172851095353	0.456779667046958	-0.691787138198957	0.348340165456521	1.55510844492883	-0.768831938899438	0.0687632788113548	-0.6039985272632	-0.675089644352278	-0.790818315144534	-0.689361249511942	-0.592186229947442
591	Spis-XP-022784735-1	-0.267233386622702	0.438055573088879	-0.125760468321996	0.217027782917167	-0.214895026427967	-0.169205590292806	-0.221371192188432	-0.237637526407817	-0.0458010528417226	0.0269127260087725	-0.116532487124455	0.16697305783728
592	Spis-XP-022784736-1	-0.0921777585036244	0.165501069069394	0.0426835138708895	0.0126007890352946	-0.0716176189096947	-0.09382007238926	-0.0301148564018252	-0.100226209758986	-0.0858117395731958	-0.115268929785957	0.275273950036183	-0.0153920285341579
593	Spis-XP-022784809-1	-0.0329995387507438	-0.0618187496615321	0.0384014356754032	-0.118010468581618	-0.0810406070592695	0.466004518143048	-0.113402488156269	0.0090698743179832	0.0189887252754141	0.113473531075845	0.120961042410453	-0.113904011605045
594	Spis-XP-022784826-1	-0.0448280553209736	-0.0762512876022543	0.0072065249039098	-0.0960926317693933	-0.0747546570841177	0.56889305248836	-0.0604897471349508	-0.00789584805729378	-0.00663342810499287	-0.0484426069320182	-0.0321543459294957	-0.0867528100035381
595	Spis-XP-022784831-1	-0.930026177685353	-0.925112403012146	-0.4423707471424	-1.10848834390078	-1.02850997479879	3.44620438453365	-0.897630662349599	-1.00521898738806	-0.556940309590728	0.843857781876139	-0.636070797916045	-1.08239576305782
596	Spis-XP-022784845-1	-0.00305230475229062	0.0500250170039632	-0.054831872113219	-0.048979623377858	0.187588267909137	-0.0177455956238708	-0.165117475219026	0.169747543786542	-0.187461633836845	-0.109960626926089	-0.0265210065629592	-0.172236791077763
597	Spis-XP-022784864-1	-0.114740182334205	-0.0875717260413127	0.0640257731139784	-0.170283892075063	-0.15286539066698	0.848334099618751	-0.174582908232025	-0.151831737586708	-0.120249022313729	0.459750822882718	-0.283395441284973	-0.140255615666258
598	Spis-XP-022784922-1	-0.0415284452584159	-0.00236257884138948	-0.0326925484840237	0.00760181214937215	0.0109760987519253	-0.0563265400639727	0.000859120860706178	0.257593755396589	0.000771661190306971	-0.0274873448673987	0.00335712883111626	0.501686295813659
599	Spis-XP-022784935-1	0.0210082573755687	-0.0192941711412058	-0.0285129091765986	-0.0533631169667236	0.0209773139239865	0.017145120555023	-0.0204848288095096	-0.0507113424631469	0.0191107569501653	0.301991102348403	0.376450429880635	-0.0593445673670529
600	Spis-XP-022784942-1	-0.143619022102873	-0.190495886058347	-0.112960350383626	-0.131994645722088	-0.142249066682283	1.2968177495838	-0.162008287545509	-0.165390539702736	-0.173189659996329	-0.0801071520263887	-0.185784199226793	-0.191977999255856
601	Spis-XP-022784948-1	-1.02326765896501	1.65609828956713	-0.640948107297791	0.0872111766427015	-0.791225797786218	-0.472213760982293	-0.755234857455888	-0.913694476958541	-0.202344211889753	-0.72682342478918	-0.367729710898175	-0.168964145150124
602	Spis-XP-022784982-1	-0.0415122801163648	-0.174087022811588	-0.0263630303190913	-0.210489026242519	0.980090824511548	-0.0874867468669957	-0.200652027938276	-0.138637726377299	-0.209285379309554	-0.203810525081864	-0.0730669514045407	-0.273591957898687
603	Spis-XP-022784989-1	-0.0933844645929977	0.00163806816186707	-0.153987170462772	0.209845055667229	-0.10150326125444	0.0304797940301011	-0.077645743705681	0.133987178315422	0.0100359568316901	0.250960444165061	0.517737689768311	0.332485235866372
604	Spis-XP-022784991-1	-0.00291520987907905	-0.00662198815750612	-0.0188072928472277	-0.00220069256360798	-0.00245670279800476	0.0436517647163398	0.0306129031896857	0.00661220579876355	-0.0154099103351307	-0.0168389165814402	0.0942250355754131	-0.024994898236139
605	Spis-XP-022785006-1	-0.0371812569595771	-0.0241295155592123	0.0263456313240614	-0.052665676920444	-0.0161033344191847	0.12710608740283	-0.0471162827021271	-0.0338512644259628	0.040362247353836	0.213727780388153	-0.036079786512948	0.961877977272253
606	Spis-XP-022785011-1	0.00303987412116868	-0.0158156108615797	0.046954840142637	-0.0203303072420234	0.00135595233632288	-0.0127469839968729	-0.0216167264970049	-0.0141348188564269	0.012026826047967	-0.0223786818517067	-0.0211411125147441	0.272342045089714
607	Spis-XP-022785031-1	0.0183090953353993	-0.054071797781133	0.122004220033903	-0.0742268562782576	0.0033286579537483	-0.0041922574901407	-0.121316768816718	0.024970366148347	-0.0885927694476757	0.248890643157471	0.0681199894445823	0.104154468214811
608	Spis-XP-022785078-1	-0.0164124541373625	-0.0100836902515901	0.0471318335338858	-0.035291050861073	-0.0375748406930697	0.0104329012720323	0.0220487166624298	0.00705979366440777	0.0784225091000242	0.0178084455753906	-0.0133567343172568	0.239504098898043
609	Spis-XP-022785096-1	0.00634515303079787	-0.00458558754384807	-0.00295302503437353	-0.00593722083526805	0.00116698509758232	0.0141316031529314	-0.016950538308561	0.0287652187177089	-0.00513509043310928	-0.0164582023823199	-0.0161578991210234	-0.0161248293553767
610	Spis-XP-022785099-1	0.0627961493350747	-0.0523629966880069	0.112507094196046	-0.127627242672546	-0.0381039578033671	0.041283845968022	-0.131378584777584	-0.0595542989796875	0.296619893421456	-0.0873720885763171	-0.13067803332725	-0.115799441047905
611	Spis-XP-022785129-1	-1.65479585956255	2.07074484665793	-1.01746544220358	0.62740111428161	-1.60126839536205	-1.10218033858582	-1.26098674001803	-1.53559802140654	-0.641103545564385	-0.982581372112907	-0.750495416261133	-0.438344923262746
612	Spis-XP-022785130-1	-0.880670357762586	1.64519858056877	-0.415353859058113	-0.178623720259223	-0.811981448145569	-0.616438382692541	-0.699281119501411	-0.916933818505804	-0.388819631422378	-0.438851045217288	-0.253893414480927	0.175408543166627
613	Spis-XP-022785133-1	0.0211351832545406	-0.0359362895848872	0.00703464284269653	-0.0897128690561761	-0.0564807725117442	0.184390827412699	-0.045775757445035	-0.0248490098706533	0.235460769385018	0.021191111701179	-0.088603269554164	0.00964617954406609
614	Spis-XP-022785137-1	0.10271887653038	0.0425079119740096	-0.0460673401956299	-0.0508988779688743	-0.062179141065714	-0.0804099060160363	-0.0642740053633789	-0.0317039241169811	0.00307927539170767	-0.0756838946496767	0.09407316611493	-0.0809480481518731
615	Spis-XP-022785167-1	-0.00929101902194304	0.00961887349391665	-0.00996527011369128	-0.00970392633515323	-0.0166238092576891	0.000103721550787431	0.0202067080954597	-0.0199071350211519	0.018562638073083	-0.00205619607516344	0.372202929254549	-0.0197315288637147
616	Spis-XP-022785172-1	-0.255082857305868	-0.271417054313294	-0.0292351320014967	-0.427315112521445	-0.0796121579457167	1.63142555600953	-0.356597336542203	-0.0674721554363992	0.105933478179194	-0.100367871709116	-0.215672973465893	-0.383927381532981
617	Spis-XP-022785194-1	0.00296843663136838	0.017964528100964	-0.0294767732927247	-0.0501745672552844	-0.0336236837654338	0.0310869166847016	0.0225727303609436	-0.05295368584449	0.278780182402213	-0.0310780639102946	-0.05655134383625	-0.0579681182160573
618	Spis-XP-022785195-1	0.0957346468310603	-0.0630017544947186	-0.0992240099075656	-0.142004711086916	-0.0340710877071587	-0.0219588102007815	-0.233802461972726	0.790122403126303	-0.0625005871545324	-0.193423493620108	-0.107196774931953	-0.304100489274227
619	Spis-XP-022785216-1	-0.19207474153952	0.736547784378596	-0.29648873341229	0.0661150343565687	-0.353446925811758	-0.276740163406193	-0.332451206028907	-0.330286977201717	-0.240568569644195	-0.339815983226676	-0.0980694299039692	-0.323858202912735
620	Spis-XP-022785240-1	-0.0743269693199194	-0.0311142487561342	-0.0839533618976812	0.0869568522365622	0.0880517035891735	-0.0377501991900482	0.0723755196041478	-0.145425423169216	0.440918528323458	0.110382272819403	-0.148403978827467	0.0115879244309066
621	Spis-XP-022785263-1	-2.19982720297923	1.51172211135352	-1.28018866402128	1.25920087745966	-2.4857535259202	-1.66837697812859	1.26423511445709	-2.39873999203588	-1.5243690359205	-1.31583605099886	-0.440181072905169	-0.946724283298058
622	Spis-XP-022785271-1	0.0526711871750025	0.0234606933005934	0.00157876422979286	-0.0446670517329245	-0.00331120301659342	-0.0785338613681885	-0.0161700314810381	-0.00481420956771404	-0.112477167576618	-0.0926259623537151	0.332822791362098	-0.127417293531829
623	Spis-XP-022785283-1	0.0469932945137574	0.000734411671739627	-0.0423752728686436	-0.0831994721051928	-0.0294963399370551	0.137432767263462	-0.0763230955998121	-0.112185874181865	0.0858934616518342	0.253129216491354	0.00564302006724082	0.031711595834661
624	Spis-XP-022785362-1	-0.527546812855058	-0.653155761777073	0.567636042351968	-0.361342678219144	0.273950453165488	1.79477879703517	-0.735342386867017	-0.709955324653268	-0.0967591739544461	-0.581490705703769	-0.572568329372976	-0.0460241100182538
625	Spis-XP-022785393-1	-0.0715048888083736	0.0409379393607346	-0.0576828673447718	0.00131517520622682	-0.0855182959216288	-0.115480277303428	-0.0233364375472845	0.601483360427253	-0.080465973119524	-0.107720433023982	-0.0449230853167171	0.218228717090244
626	Spis-XP-022785409-1	0.0947196392056463	-0.0353039097086609	0.0699892387999719	-0.0904119113204186	-0.0275750928920366	0.000759450607414364	-0.0785804952205143	-0.0465313221263112	-0.0457286488529422	-0.0335818122190148	-0.0657425898964261	0.0137623953989989
627	Spis-XP-022785430-1	-0.287024067545229	0.0811426837900996	-0.103774178798265	-0.103482346128592	0.0588626571635195	-0.0897039116550253	-0.145274058105335	1.22074114380834	-0.117955862243881	-0.0904006969086245	-0.0763400737180935	-0.479013054845807
628	Spis-XP-022785431-1	-0.405150279508074	-0.341927135567998	-0.550047936647172	-0.056300108989908	0.299187493294911	-0.21008079990622	-0.541078025009352	2.41951755084725	-0.64631480359237	-0.287331939323676	-0.15141784006641	-0.449966981194221
629	Spis-XP-022785432-1	-0.526396336538367	-0.586096577982967	-0.712974799677825	-0.020016492931261	0.455573372901395	-0.363947832026037	-0.862717978764875	2.79882379740428	-0.718887135005895	-0.250204617992954	0.0232691707378661	-0.531670719939228
630	Spis-XP-022785441-1	-0.0320602346432406	0.00877816185655216	-0.0308823879281776	-0.0282459761807301	-0.0020536936870939	0.0249013296953155	-0.0451232050703659	0.264022335210455	-0.00940608265629186	0.0442483303076839	0.00650217815243192	-0.0493614987932358
631	Spis-XP-022785448-1	-0.0290240471719043	0.00950877888588438	-0.0143665419896082	-0.0485015692422286	-0.0552523557415684	-0.0261718405045552	-0.0536415692356482	0.453628077031999	-0.0745780990554977	0.0218838888533654	-0.0798521528454656	-0.0766149031235018
632	Spis-XP-022785454-1	-0.104813587340417	0.0209281343725315	0.191944412403137	-0.143443586600246	-0.0814550932127164	0.0861117627576164	0.0281999572003196	0.185102266049803	-0.0593493875272987	0.00705586785130374	-0.0569348614590724	-0.0697582530098139
633	Spis-XP-022785476-1	-0.000582543349109912	-0.00745337726240471	0.00758648791919091	-0.0133009096331898	0.00157191005868921	-0.00322290394162427	0.0395349267385362	0.0141693471276994	-0.0182342002865718	0.0104681630991303	-0.0175230563711193	-0.0254066129550328
634	Spis-XP-022785481-1	0.00979345249927277	0.00315993612323588	-0.00169389173501635	-0.0139106093300598	-0.0193581428386829	-0.0206810064826618	-0.0220091671432423	0.0592834973342461	-0.0214775624734728	0.0840257127803752	-0.0229722404844906	-0.02003881333722
635	Spis-XP-022785486-1	-0.0148055360715763	0.000674973702091693	-0.00101791927925204	-0.0164308349445685	-0.0139635462443469	0.130257086677898	-0.0151359955672103	-0.0180657612985576	-0.0182942483573549	-0.017782502662081	-0.0175999552724815	-0.0143517478520599
636	Spis-XP-022785489-1	-0.0309228834185844	-0.0355856133124922	-0.040584502279781	0.0258687993327614	0.00010606520945837	-0.0155126222759722	-0.0528788825144726	0.366375094111265	-0.0500435326549359	0.0529117898074058	0.00127394947002719	0.0059212284309428
637	Spis-XP-022785492-1	-0.0428693232435932	-0.0332108382329983	-0.0192850006138736	-0.0483889486805444	-0.0174250896301829	0.00391762355131284	0.00193187618206274	0.508050068937882	-0.0454699297788913	-0.0466046982184156	-0.0456639858980088	-0.0679432850758028
638	Spis-XP-022785500-1	-0.0024712341658919	-0.00189433865775852	0.0454487461951174	-0.0212143375696378	0.00618158271220064	-0.00455200029436043	-0.0129894625064175	-0.0351056467997172	-0.00372958343368038	0.000476877615606976	-0.0306795844885308	-0.0319462752080256
639	Spis-XP-022785503-1	-0.000340791801794919	-0.0124299334217122	0.0402646213552752	-0.0353502502208997	-0.0147732166251209	0.00144781721310405	-0.0129875916971013	-0.0273614324001824	-0.0316305084728057	-0.0252280842263858	-0.030746027064043	1.00163066419252
640	Spis-XP-022785513-1	-0.0924998566864794	0.231942074223728	0.00360077267130321	0.0330541150774911	-0.0924086372105919	-0.0963249740874223	-0.0944044971627936	-0.132837398210874	-0.0912613007810304	-0.100241630318128	-0.133130703909483	-0.136390254319091
641	Spis-XP-022785526-1	-1.19999753375899	1.00804726284371	-0.632472384272218	0.197778241792373	-1.0679020111023	-0.907992386122937	1.88461573278427	-0.798505111511561	-0.773332477962595	-0.920080534671628	-0.412171993420748	-0.501672906853211
642	Spis-XP-022785528-1	-0.00609538821462184	0.0301571695836158	-0.0189428171249379	0.00709546301004681	-0.0181747552368397	-0.0291301548662458	0.0264263971028675	-0.02860446257411	-0.00169603437382865	0.00710510528467539	0.0659782114850958	-0.0255271927694118
643	Spis-XP-022785547-1	-0.0532434125647874	-0.167627320309325	0.552630646092108	-0.178537365053669	-0.13497484804672	-0.0653500445024052	-0.158240340832004	-0.104119426786944	-0.0359460323810824	0.254163726129659	0.0149323159756703	-0.168435486089215
644	Spis-XP-022785552-1	0.00234759934717428	-0.0186046860875843	-0.0208895350553119	-0.0358070773751444	-0.0296334046804477	0.211392080994855	-0.0238627281193547	-0.0239353590333815	-0.0611696830654066	0.0665620120957622	0.106644976125878	-0.0765180695875425
645	Spis-XP-022785559-1	0.00974350957435946	-0.0321668814446058	0.0606190203142637	-0.0701416425498794	-0.0231458608468498	0.00381508707174588	-0.0606916118383567	-0.0576863940302351	-0.0424976830797922	0.538135216716504	0.0226665205815875	-0.0422059586921611
646	Spis-XP-022785575-1	-0.0583159801653537	-0.0777179552846415	0.246535172268404	0.0358360552935767	-0.0260390470089962	-0.0193247146179015	-0.0908663442640945	-0.0788069538346394	-0.0883303055789425	-0.0688130176737105	-0.0892619468537409	0.326507990190868
647	Spis-XP-022785639-1	-0.00578517719492441	-0.0214121327430146	0.0351170236079701	-0.0168177051053674	-0.00629800008877547	-0.00678014285740079	0.00921459953817106	0.0238905607213444	-0.0389552632620897	0.111153267868901	0.0937211965567151	-0.0445293307001372
648	Spis-XP-022785659-1	-0.214832219739025	-0.232075862930252	-0.116546705266647	-0.219375345915325	-0.160119809849626	1.36285641279434	-0.204322405509561	-0.205664487187377	0.136693274410873	0.496800456984734	-0.258131701017824	0.622168634233802
649	Spis-XP-022785667-1	-0.146004052793359	-0.0627095105493244	-0.252604837003261	0.115970912086033	-0.0093644104872404	-0.222758762340177	0.627437872450139	0.720084329287726	-0.167816959129611	-0.375984770390616	-0.269116975328978	0.0978302538656308
650	Spis-XP-022785671-1	-0.0995178340593515	-0.0703133941937271	-0.116897199926544	-0.192162484155381	0.0419133316123346	0.126545042326357	-0.137780650678923	1.17311663085434	-0.281600506489604	-0.185512461893828	0.00239619618096298	-0.024725503717454
651	Spis-XP-022785673-1	0.0455901022146419	-0.00436724143973177	-0.029005261084617	0.0170196068072737	-0.0550987672901982	-0.00650586578280384	-0.0322992225938771	-0.00525562285898834	-0.0502577813402868	0.017251959954399	0.0856905336585564	0.090679652552387
652	Spis-XP-022785695-1	-0.00319115552939951	-0.0591394002623214	-0.0286117990675739	-0.0493419011944181	0.297505796161018	-0.0529319154857211	-0.0255936140453002	0.0188340977900563	0.0306115868070993	-0.0354165969928341	0.00162090556455737	-0.0516171408687213
653	Spis-XP-022785697-1	-0.0220648723169807	0.0201348557797937	0.0670462509065821	-0.0432037366352766	-0.026862087891322	-0.0235689929294482	-0.0412897176480593	-0.00925554043157859	-0.0437079050844271	0.144529001554302	-0.0521692905015271	0.426416123116515
654	Spis-XP-022785719-1	0.0143987010444123	-0.0880379311912183	-0.166938281004043	-0.0960601320910066	0.0133486754055946	0.400521806567403	0.124327381699495	0.169695327657652	-0.0806539323276119	0.130925710734814	0.0282868969009632	-0.0777573927543792
655	Spis-XP-022785770-1	0.0184092928775871	-0.0389156840365971	-0.0476640840111145	-0.0486851140637561	0.00245199393301467	-0.0511498215753843	-0.0245809436213199	-0.0367553991065361	-0.0511610268177288	-0.0506902650691583	1.68853931469701	-0.0464511621018714
656	Spis-XP-022785773-1	0.00772916064142115	0.00416156954830321	0.0259583131637848	-0.0181447006384558	-0.00866527921367159	-0.00650457001345412	-0.0184788216404479	-0.0275648236187295	-0.0132982928113041	-0.0253698907132463	0.116586965146066	-0.0253198064224369
657	Spis-XP-022785848-1	-0.00590907881234483	-0.0080159184332737	-0.0006939129490647	-0.0114347223816376	-0.0131104158330896	0.0316682620759571	-0.0186143385179483	0.0366740561838028	0.0845582490147077	-0.0205392216966681	0.0284344673530066	-0.0214323471525819
658	Spis-XP-022785862-1	0.542334609569564	-0.144770959538231	-0.310787912502574	-0.00197307636418853	-0.0630116490194068	-0.390819322377386	-0.232657985905637	-0.00494754796349228	-0.461529387546797	-0.215826866789827	0.442203681000196	-0.579761439066178
659	Spis-XP-022785869-1	-0.430920647742966	-0.389377783959417	-0.123193943232115	-0.0635557459727145	-0.435672762036371	1.94208239032787	-0.381456835545824	-0.452268004610555	0.371217321321936	-0.279704911088911	-0.330217974222003	-0.444731131397989
660	Spis-XP-022785880-1	-0.0125210580678135	0.00360417996746638	-0.0143965042237625	-0.0210220698966605	-0.0210438243146883	0.0204927933275714	-0.0263520303063885	-0.0103896390918859	-0.0257644039827739	-0.0255229724329507	-0.0254369951342606	1.41785337335327
661	Spis-XP-022785885-1	0.17833885330874	-0.00647156725147968	-0.178199589786077	-0.403316849761288	0.276526876899791	0.0291008825683542	0.475842033116817	-0.430318812905887	0.00834064635498166	-0.0846306172810785	-0.021141506850431	-0.527467963321229
662	Spis-XP-022785909-1	-0.0327883747051043	-0.125752653557282	0.254302329837834	-0.135709640604463	-0.0449048968603782	0.263406395297721	0.0106656345436675	-0.0958272381152228	-0.101233808479329	0.079741888869108	-0.183542464316019	0.0334486520928023
663	Spis-XP-022785920-1	-0.0405469311318981	-0.0768859021467398	0.0344470764919897	-0.0848529767728491	0.0938968799873011	0.279781935728468	-0.0610279007266885	-0.0771829648043357	0.158301574836423	0.00031540310953232	0.243531712392106	-0.104294680453881
664	Spis-XP-022785988-1	-0.0524961335278139	0.0247930230962862	-0.035296980311229	0.21389414416488	-0.105720299860303	-0.071379017768816	0.0459667807666328	-0.155941941558307	-0.0161751752684877	-0.160089482459855	-0.0420300424920722	0.353565360101668
665	Spis-XP-022785994-1	0.0959447934403075	0.347003097744017	0.0287127522828793	-0.116016143871216	-0.389581180651865	-0.210002249701885	-0.392361264859735	-0.200564188528289	-0.125647838584709	-0.105899594741375	-0.212340792528678	-0.0140812264168896
666	Spis-XP-022785997-1	-0.463138004057316	-0.487637033817905	-0.50200056237241	-0.347162824807765	2.25988797805465	-0.460773556625658	-0.407342907681864	-0.0203221485771287	-0.391961872039949	-0.182012898769066	-0.486799511638229	-0.492649300239836
667	Spis-XP-022786035-1	-0.134469940987654	0.10386412876885	-0.110352608132813	0.0719768645782708	-0.109759815288767	-0.0860779700732641	-0.0833616226634304	0.601780850022025	-0.0920131229187068	-0.00623494770472544	0.0527641365314379	-0.121226641200185
668	Spis-XP-022786045-1	-0.0115682850832182	0.00533175764354939	-0.00617236447365291	0.00974950837325044	-0.019104710684017	-0.00663013227037857	-0.0186568054533176	0.107509238159596	-0.0182264226843528	-0.0185541892962138	-0.0271635772330022	-0.017725184897044
669	Spis-XP-022786054-1	-0.031518333742454	0.0552280558326389	-0.0450123007616874	-0.00169857131032825	-0.0764469936031703	0.0615113871539753	0.039528439525219	0.0431005358827428	0.0252935006515727	-0.100550101979878	-0.0618294158229927	0.332715267033535
670	Spis-XP-022786058-1	-0.00618759614673733	0.0364664236598624	-0.0215420283628991	-0.0216881053448049	0.00332550164997928	-0.00485293113816265	-0.0372106602982681	0.0375904771791234	0.0254368680938795	0.0159313997007448	-0.0342143843674466	-0.0347280115581487
671	Spis-XP-022786062-1	-0.141053264102523	0.0682604265366379	-0.00922072854868006	0.0329306939550626	-0.0682827211853525	-0.024265909187367	-0.127037590837226	0.535158839240181	-0.0516176181616763	-0.0692515011305488	0.0351184097849962	-0.213976639871065
672	Spis-XP-022786064-1	0.0116442585137033	-0.0174733042105672	-0.0175660194476915	0.0400565087500254	-0.00201799085614584	0.00266687427118215	-0.00440589657222452	-0.00467849489315855	-0.0227252200928765	-0.0204470899088712	-0.0521821059774035	-0.0474386008857611
673	Spis-XP-022786096-1	-1.33486980800771	-1.16607700341032	-0.67245815268415	-1.48553534216373	-1.28940430917006	3.46729480948191	-1.49879375035253	-1.57325207143692	2.01117986310501	1.05253506580703	-0.763461262956787	0.247117396231677
674	Spis-XP-022786110-1	-0.560342694363442	-0.524115202607703	-0.475581928502594	-0.355727659210622	2.06195116066332	0.394792493627144	-0.215779199753165	0.086428268197949	-0.62327477194908	-0.539724268447289	-0.698131126996303	0.572465222166352
675	Spis-XP-022786168-1	0.00444259217587226	-0.00396398262334549	-0.112326975891552	0.094811904612112	-0.033666688902719	-0.0102617128546527	0.00109633682920154	-0.0606193488797418	0.13428783595689	0.0818878756096959	0.244481688945739	-0.120925963636163
676	Spis-XP-022786197-1	-0.145588802511083	-0.181873995814299	-0.0555101552856657	-0.183680367329745	-0.125974276043954	0.9983250562116	-0.137853512209332	-0.169871160759014	0.716755786692401	-0.102980725754855	-0.174099083696596	-0.169370041363298
677	Spis-XP-022786221-1	-0.00779358014580831	0.00844876780856677	0.0407664673969756	-0.0385121067928622	0.0262911628423807	-0.0283817390353299	-0.0336397867462255	-0.00312348726446863	0.0421887766179788	-0.0107175526018502	0.0377306714181925	-0.035988302997514
678	Spis-XP-022786231-1	-0.32282941176194	0.500482302187431	0.241823747033756	-0.0611484102436118	-0.268607523089663	-0.147043022320458	-0.24712287387756	-0.292278176125392	-0.142540791827857	-0.240900264747158	-0.316260289474079	-0.213660694726302
679	Spis-XP-022786242-1	-0.166549790580783	-0.375766528761461	0.256254360787519	-0.333919635787712	-0.308912633471887	-0.374649735304998	-0.39534945798384	-0.204076113045179	-0.355618314216568	3.00787159081243	-0.373151972385003	-0.378304859424974
680	Spis-XP-022786244-1	-0.000964116157901155	0.0232514618992585	0.0263205562107615	-0.0279168399716771	-0.0205590112254602	-0.000753120752834319	-0.0116255939432817	-0.0298636458593076	-0.0182996203500482	-0.0335070189453741	-0.0330804160180118	0.25719978493115
681	Spis-XP-022786249-1	-0.0443533800667223	0.0470289253741249	0.0523148509004725	-0.0859890858482715	0.106794222094266	-0.0412722910570213	-0.0419123823391925	-0.104728338483615	0.123248588049179	0.0555493598862124	-0.0836798302823793	0.141396383469535
682	Spis-XP-022786266-1	-0.148624448659785	-0.112038982328411	0.0152954190359198	-0.0502790642636854	0.243119086775037	-0.0955877984123914	-0.116063456568761	0.844071653893916	-0.0960938366799373	-0.0785952141602628	-0.0593137788554458	-0.163211118345777
683	Spis-XP-022786276-1	0.00424034199178907	-0.0154910087477009	0.00939692831711423	-0.0265885086831518	-0.0335776289525529	-0.0331923871676028	-0.0327054129679985	-0.0283869246279486	0.0169419370512454	0.487751071093136	-0.0317883232345286	-0.0313306450069772
684	Spis-XP-022786282-1	-0.00471371806555809	-0.0352141424206483	0.0368189280422442	-0.0324512801568449	0.037334376481734	0.0713129520950366	0.0187175819060649	-0.0558449554427077	0.031458041493738	-0.00811715373247354	-0.0597617141921051	-0.0575517757634004
685	Spis-XP-022786287-1	-0.0258336536956161	-0.0844886863063539	0.0959690642185413	-0.097976805540117	0.303865838419842	-0.0783220898696375	-0.0531081179696667	0.0666852175072367	-0.039613935606142	-0.106201544733373	0.033197044240429	0.287580089642988
686	Spis-XP-022786290-1	-0.443416168169556	0.161036270697069	-0.185376261029627	0.204256093152926	-0.305877672278977	-0.158211054661043	1.2188651132346	-0.181039337790485	-0.242249950281791	-0.293973531030176	-0.00902273111258672	0.0383062435380986
687	Spis-XP-022786297-1	-0.796129946903745	-0.831700536343383	-0.230235878162924	-0.999184661132494	-0.821096685286567	2.20242835037346	-0.955250444406364	-0.885788245482548	2.74282745375329	0.671361956382953	-0.850884509068342	-0.582554580360225
688	Spis-XP-022786308-1	-0.343265421978952	-0.157162607161305	-0.247617563756227	0.866732690082285	-0.294049223020863	-0.258564009353325	0.565569375315651	-0.27053798836064	-0.297628092208983	-0.194146069308512	-0.0437865546646323	0.964472268789418
689	Spis-XP-022786313-1	-0.0132650733266096	-0.00557782715208947	0.00410696791026366	0.0598901047294633	0.00402107318371957	-0.0207983889641646	-0.00210855967615662	-0.0313324526554913	-0.0395687379719305	-0.0604895876362708	0.0453650079842619	-0.0580179575816676
690	Spis-XP-022786325-1	-0.0559620749702454	-0.0791527747128065	-0.00650712289576579	-0.0850432936890715	-0.030410021566238	-0.0157489068460143	-0.066893190223122	-0.0453383842213414	-0.0961907003048319	-0.0609279412538772	0.0879019667003539	3.21218144169609
691	Spis-XP-022786364-1	0.00863537587551926	0.118069411875011	-0.0168431560567436	0.000589087953075773	-0.0706233986408172	-0.0924465443271316	-0.077495547432702	-0.0637984489446678	-0.0653476127510404	0.0270832436267684	-0.120378683701455	-0.134406719119891
692	Spis-XP-022786365-1	-0.546333928029953	-0.458884797726207	0.628362929505586	-0.46942812157387	-0.434181236536095	1.76440672032338	-0.446663088468078	-0.507386719377863	-0.141573043219574	0.032116031275455	0.625149308975399	-0.516851287530325
693	Spis-XP-022786376-1	-0.017481575168052	-0.011114625323579	-0.0129219006843923	0.00649330879945836	-0.0471192246744771	0.0421854648627926	0.127265082265478	-0.00824472255569694	-0.0606296544550378	0.0454686778771842	0.125458168529738	0.0217090713596451
694	Spis-XP-022786421-1	-0.0556394370469852	-0.0664204615030067	-0.0366355314341954	-0.0787727255538731	-0.0613436469264842	0.574619022497973	-0.0857339287284763	-0.0637257613537069	0.0662618438443105	0.0670786889178992	-0.0820395784896688	0.35015306712908
695	Spis-XP-022786444-1	-0.0429248199996822	-0.0601558643501475	0.0029045956406016	-0.0643666518352277	-0.0444656867454876	0.309419605028511	-0.0710570098615134	-0.0500701139651203	0.444644072475835	-0.0631058848626105	-0.0632344074151186	-0.0726763530113085
696	Spis-XP-022786447-1	-0.0563132034800809	-0.0318551838983372	0.0749603462664037	-0.0547700721870543	-0.010423443760133	0.115178668930078	-0.0330856379397048	0.0141717539012036	0.151587251460918	0.100849240103213	0.0244517543570925	0.079957129797916
697	Spis-XP-022786474-1	-0.0106788973228052	0.00785960953495289	-0.02079158840257	-0.00140116475765261	-0.00229469272652376	0.0170312026564338	-0.00719925986606398	0.0506501125740966	0.0532823069656893	-0.0271403153913358	-0.0296324029277958	-0.0309040897939275
698	Spis-XP-022786487-1	-0.0302303596738321	0.123281205543728	0.0342125098399392	-0.064011321122353	-0.0294407345077179	-0.0397505299144965	-0.0646311488294548	-0.0767567642752019	-0.0502952559019407	0.0366634439011074	-0.0272623632587496	-0.0723351317766843
699	Spis-XP-022786489-1	-0.0490922248311552	0.0982014197395396	0.172159001821948	-0.0361732745035904	-0.142822498153751	-0.0149057092767271	-0.167849547419488	-0.149031024687301	-0.0879872061345761	0.0848369173800575	0.0568052022193844	-0.111136490389584
700	Spis-XP-022786521-1	-0.444011777837982	-0.222990316780706	-0.0518912057117213	-0.327626236815731	0.0453666899387403	1.33138060001959	-0.329712601664803	-0.531008861730268	0.984180104342595	0.964575402920054	-0.349377741189946	-0.270924779673408
701	Spis-XP-022786556-1	-0.0513004068531923	-0.06235891879591	0.0159309696806499	-0.0649415395754634	-0.0460165113777584	0.498944115058777	-0.0816117299825623	-0.0737482766013511	0.0753699762118618	-0.0663834394742794	-0.0776447093391758	-0.0796787939428435
702	Spis-XP-022786592-1	0.0552117398125654	0.00655227668585165	-0.0429816913204316	0.00287325752564979	0.00686755697793705	-0.000928298630342189	-0.0512990473047057	-0.0541879326910325	-0.053912675855752	0.00675054682564531	-0.0565751963493091	-0.0623479278225648
703	Spis-XP-022786621-1	-0.0198832013222865	-0.0449372454665505	0.0502848412286857	-0.0683994183745587	-0.0563391814741369	0.138843177659148	-0.0508303777426512	-0.00253473725240534	-0.0215715583408111	0.0196955378858908	0.92084570456128	0.352354138465547
704	Spis-XP-022786622-1	-0.0409900746507355	0.0107794394790893	-0.00155202690661524	-0.0029805078672938	0.106588823657333	-0.0285133289839228	0.0490628734595043	-0.0355100530548326	0.00193408859724505	-0.0347774109387278	-0.0349048141343867	-0.0358052067900975
705	Spis-XP-022786627-1	-0.840990706356966	-0.196053276042482	-0.574430210675233	1.43157504015844	-0.455816736219593	-0.681058309310673	1.02039290440596	0.0038612866563571	-0.600478485957316	-0.380727478168647	-0.76101898063261	-0.52432537892522
706	Spis-XP-022786647-1	-0.145285584305977	0.138382524635617	-0.0824208894722542	0.344626443112821	-0.155210609725992	-0.153233755276803	-0.117049236486446	-0.123231938710372	-0.115560758573544	0.000828117634471576	0.135776508786402	-0.14460377223023
707	Spis-XP-022786655-1	-0.0344777732007303	-0.0196957893254156	-0.0135737694179677	-0.00528668662615864	-0.00281167143921795	0.0174950978083632	0.0332074135725743	-0.0127476222938923	-0.0241138786765555	-0.0344908259463765	1.06276679434527	-0.0387482635702709
708	Spis-XP-022786657-1	-0.0440800798169343	-0.0442360149329461	-3.68375665253523e-05	-0.0442652719664809	-0.00760505965534954	0.262018407634572	-0.0494114769835965	0.0180606433444599	0.221092360135448	-0.0514673165222083	-0.0240154496399927	-0.0502503141520306
709	Spis-XP-022786664-1	-0.0396852490769223	0.227692659712805	-0.053303858963311	-0.0979213955297197	-0.00834805853794547	-0.0819623259182025	-0.0515149105569266	-0.123869428093002	-0.0657564774068882	-0.0430599293601025	0.223558898512212	-0.0389308296434084
710	Spis-XP-022786676-1	-0.152280665331826	0.479711766582786	-0.117201245903258	-0.0849948031542674	-0.0515801812131305	-0.125826884361087	-0.186928120657573	-0.168493171699717	-0.168828320620204	-0.221137312707112	0.0288521874929859	-0.230054078998895
711	Spis-XP-022786707-1	0.0472076491110482	-0.29524834955463	-0.675592540798213	1.10789817979839	-0.120586635305435	-0.61604753010704	0.290057481950784	-0.482205785196681	-0.666447681121564	-0.98624182420629	0.458438077026919	-0.0999699316409095
712	Spis-XP-022786709-1	-1.93462323853752	-1.69988966813835	-0.924417776373557	-1.40292757099107	-1.78747733503855	-1.66683299064338	5.03479285319069	-1.85153827896191	-1.5373526888998	-1.30460953289774	-1.88449038409748	-1.26202692276484
713	Spis-XP-022786717-1	-0.0250570797875451	0.00325913383159787	0.0252117029185134	-0.0445315705821905	-0.0327552703974384	0.0175365632652276	-0.0407614355316883	-0.0169433698106891	0.00285684386678953	-0.039222956825675	0.0594906594010451	1.51319543377715
714	Spis-XP-022786723-1	-0.212791587612445	-0.160340354043855	-0.125216184653484	-0.198068276885637	-0.15670379279019	1.44853073164482	-0.185810432107903	-0.196883099541822	-0.147234754172703	-0.211542514159212	-0.144297289569974	0.0104932401608202
715	Spis-XP-022786731-1	0.00774982533189993	0.000939556455590972	-0.00245691399061844	-0.00715591209725547	-0.00291856399718859	-0.012431889819204	-0.012049578226296	0.0262306222275163	0.0143014995003062	-0.0116866910804006	-0.0133722530338357	-0.0115230963578766
716	Spis-XP-022786743-1	-0.25123704174369	0.347020701585542	-0.0434572708023325	0.274930917050524	-0.227030196980331	-0.144535141746833	-0.132333440076282	-0.265031837821341	-0.109761174699539	-0.199109666764727	-0.167738254077641	0.0691536648755953
717	Spis-XP-022786749-1	0.0312949597909007	-0.0724527080565535	0.0404184893779939	-0.0835452721850505	0.237728853659651	-0.0812985891137102	-0.0430072072400471	-0.0423452346333235	-0.0567851890930107	0.0607944495018259	0.256989785428537	-0.079467500209109
718	Spis-XP-022786766-1	-0.0532518681750007	-0.0276472963329391	0.0779904655627258	-0.0871271187536918	0.0257935178978406	0.23174152960201	-0.0673701281451443	-0.0755896025622809	-0.0379026733077557	0.287790711242386	-0.0751534249849762	-0.075342782816932
719	Spis-XP-022786770-1	-0.0116540220009544	-0.0126429771877668	-0.016399492765436	-0.020458846804418	-0.0145372121348087	-0.0189395294671943	-0.0185386400831531	-0.0182035562472378	-0.010648078290247	-0.0117923019792404	1.18471597656687	-0.0177919820326508
720	Spis-XP-022786824-1	-0.0308311354905492	-0.0366925454016045	0.145994199600319	-0.0129653632792534	-0.0351123594863718	0.00224091655762559	-0.0247327774061045	-0.0263937982633275	-0.0472431727091774	0.0603482525772743	-0.0636721625203162	-0.0653755939754871
721	Spis-XP-022786836-1	-0.348084814177138	0.437156145202518	-0.276215804997195	0.769484234415903	-1.50085373858872	-0.271641806290812	0.268839259135015	-0.472033549817176	-0.759354508199963	0.352874631024041	0.155634850692067	-1.03855879588083
722	Spis-XP-022786847-1	0.0738749653322937	-0.04690873964973	0.0518779323237772	-0.0819368278285876	0.0393443689674879	-0.0508338194328914	-0.0651858222811358	0.0372742086755367	-0.0333640145681152	0.020696806484898	-0.0281048758139187	-0.0721667409651355
723	Spis-XP-022786855-1	0.0557111541473582	-0.039998437718086	0.13086614420236	-0.176993368473364	-0.00495042123403613	0.161698884339195	-0.0817156255376755	-0.0915956850249476	-0.0929339283374734	0.0422408275844453	0.0147292218638624	-0.173567064550284
724	Spis-XP-022786876-1	0.0804866587725229	-0.0540415552334409	0.0606160844303495	-0.0961525412018419	0.0483332043279661	0.0343584386488868	-0.0880584350366231	-0.00413690951038555	-0.0588724279359804	-0.0348990635439169	-0.114114632098942	-0.122569161374441
725	Spis-XP-022786886-1	-0.0904964960190808	0.405584626945169	-0.0958335714759778	-0.0382032929553227	-0.229849961783886	-0.0924385826746331	-0.233250620445434	-0.116604535673657	-0.168304486993355	-0.146072556915109	0.266972315446614	0.354601459281382
726	Spis-XP-022786917-1	-2.40829304111733	0.169868327095982	-0.60924862013459	-1.09005835735951	-2.15716240814149	-1.97504456988773	4.18050745298391	-2.91775930666136	-1.62450368793908	-1.65644324337064	-0.669724769010407	-1.40869578302652
727	Spis-XP-022786935-1	-0.171056274407791	-0.183714905196681	-0.0628419525534533	-0.193465009246986	-0.145154186760692	1.31350322368448	-0.110315374900696	-0.178143687967685	-0.163519648611322	-0.127057159217097	-0.163474635110318	0.11697160037998
728	Spis-XP-022786937-1	-0.000556243331606629	0.0561255699305222	-0.00635622690734844	-0.0871352324401761	0.0151908718467233	0.0489307745732121	-0.00506988514461634	-0.0233981144234249	-0.0272980711862366	0.0465766674661342	-0.0989758306192098	-0.132587420960782
729	Spis-XP-022786939-1	-0.308226107621962	-0.342830864869629	-0.358938130850397	-0.226337872727119	1.81318790008172	-0.299558005204429	-0.294417701502773	-0.0717825460601648	-0.300547890053659	-0.116862763683443	-0.259331669018145	-0.320087019811725
730	Spis-XP-022786951-1	-0.0231327911334095	-0.0198312815060598	-0.0100956639906277	-0.0268603919323075	-0.00287152858721014	-0.00402526983448947	-0.0302022308682171	-0.0297053769761626	-0.0203400352363182	-0.0314996448026639	1.37432151033614	-0.0284476490645656
731	Spis-XP-022786963-1	-0.068841492455582	-0.00466738700036201	-0.0148913267963109	-0.215911372626886	-0.0329494261372344	0.562618339614589	-0.000280231406945664	-0.174848707282563	0.275699658691489	0.107568143442004	-0.18611434908946	-0.328449542165472
732	Spis-XP-022786965-1	-0.0109717427312597	0.00129977523082744	0.0152835457758318	-0.0125347694910495	-0.0273949487720729	0.0147551693503329	0.0266401181158901	0.00235809851000877	0.0512865816208857	-0.00974927543021576	-0.0302055695247805	-0.030266513581452
733	Spis-XP-022786984-1	0.106706875686374	-0.170089070217504	-0.142468118811703	0.0295013712045058	0.468907285851854	-0.0358738002588461	-0.224682630049591	-0.00888826102118867	-0.173858945425447	0.0231354617745538	0.0192427720070351	-0.181948406651759
734	Spis-XP-022786985-1	-0.0127346066710416	-0.131970596794152	0.409685949718585	-0.199341167267944	-0.134426887072264	-0.0115369171700185	-0.137684280935638	0.31476186968941	-0.108283642162786	-0.179528018297516	-0.124191454530489	-0.16647121838794
735	Spis-XP-022787003-1	-0.0383174638821835	-0.0686183547422179	0.0676582861679069	-0.111571430574731	0.0049357744861751	0.384755646819914	-0.0845193804126501	-0.114124451819234	-0.015892930681147	0.272497546324341	0.000207497487032804	-0.0972633709808382
736	Spis-XP-022787039-1	-2.56711871060133	1.18213612504513	-1.96781374969915	2.40116301806678	-2.16266057110165	-1.8603873045838	-0.80465347563567	-2.29055347283981	-1.82848619065597	-2.44606075685055	-0.243816115973141	-1.1718058587142
737	Spis-XP-022787040-1	-0.0344157355067098	-0.0436042205132685	-0.0136296796664869	-0.0559408897944305	-0.0245285524447031	-0.0449904179108445	-0.0527245561246625	-0.0287914928898631	-0.0515778021200556	-0.0519555393582747	0.108628744325972	2.7472216681733
738	Spis-XP-022787051-1	0.352412132908734	-0.201620692270342	0.168339997339926	-0.19358944638047	-0.168444708070479	-0.177206638252503	-0.037701418835456	-0.164220052459082	-0.129090473779026	-0.0441503772426078	-0.169119078282147	-0.20768446451261
739	Spis-XP-022787074-1	-0.0868816174365915	0.14687058101339	0.0852501309671106	-0.00387525090406532	-0.0598459257715322	-0.0154026366039917	-0.0998803342702006	-0.0995906009647557	-0.0977100051435927	-0.0978953375669656	-0.0946554199616847	-0.0954502025720831
740	Spis-XP-022787075-1	5.23508789964343e-05	0.00686760990175396	-4.58713846227359e-05	-0.0200947844230342	-0.0225263670057871	-0.0108393788694214	0.0042227005208392	-0.015797113562725	0.00158217102624548	-0.0244223841815615	-0.0235498250725906	0.854848506889852
741	Spis-XP-022787077-1	0.108206307505861	-0.0943850327409221	-0.0470709791754211	0.00912115990439466	0.174042356466161	0.0445580966686191	-0.150941023060627	-0.0142418346554067	-0.301865013727736	0.0589436990264958	-0.0626297614243375	-0.308462404549183
742	Spis-XP-022787097-1	0.0591343787137748	-0.0373341576070562	-0.012416234728503	-0.0468640430558034	0.0862624255313295	-0.0204228393991462	-0.049770876849907	0.0111199807943976	-0.0161227319020226	0.0175350297986608	-0.0604821735487739	-0.0648749977511907
743	Spis-XP-022787100-1	0.652752052955749	-0.312735403632864	-0.0648944073739788	-0.325069398107464	-0.277550523844784	-0.159678511523697	-0.268958969583308	0.0719761732549694	-0.112848603893347	-0.131559594495457	0.282580930813461	-0.285606751613823
744	Spis-XP-022787119-1	-0.269971958890662	-0.0663959191786812	-0.192061702032799	-0.226060595651321	-0.186545596211989	-0.246950336153988	1.76154605246451	-0.290325736871266	-0.221692402117714	-0.156080641923447	-0.2658544305901	-0.308715272607643
745	Spis-XP-022787132-1	-0.00153058192530317	-0.0115558039342946	0.00786539847598933	-0.0215134758910561	0.0734369617733606	-0.00448926708660716	-0.0173281075796903	0.0149517142624957	-0.017282879869542	-0.019428598540754	-0.0184124705325359	-0.0189785669563611
746	Spis-XP-022787152-1	0.201553752452266	-0.117898900603935	0.103221664909228	-0.148747133828527	-0.0756044395809257	-0.0052049346614732	-0.101448206154099	-0.0813798718855257	-0.0280686778119112	0.0599945791115942	-0.197419441178286	-0.0766893186656727
747	Spis-XP-022787201-1	-0.00499795509693829	0.00347020098782854	-0.00566859090454349	-0.00563081683989329	-0.00526050540890036	0.0102301035540404	-0.00514013806930843	-0.00508163275506586	-0.00520656230317002	-0.00508356621593201	-0.00489997674113741	0.479817133993755
748	Spis-XP-022787216-1	-0.129627845321983	-0.163521942766866	0.210473233972682	-0.227311070763503	-0.194811822102983	-0.2021291229296	0.854725851483077	0.521703471166676	-0.143493142108419	-0.21116070658921	-0.230026814619065	-0.262654844573694
749	Spis-XP-022787235-1	-0.097778684399528	-0.144741123026417	0.0247149594248181	-0.154321866760321	-0.12435386224702	0.226911304067567	-0.0670320157589405	-0.146265232027255	1.21866553266246	0.311186321567055	-0.0564751511230086	-0.158361635623179
750	Spis-XP-022787240-1	-0.0139700688641412	-0.00982233391961198	0.030206183049764	-0.018784353624178	-0.026131149361092	0.109687092252279	-0.00624281181353185	-0.0334826008540422	-0.0331043161039249	0.0311131194013024	-0.029276591815295	-0.0324441220888348
751	Spis-XP-022787250-1	-0.0645789335769012	0.232519677439745	-0.0702046994503308	-0.0408708340668626	-0.0658144770998393	-0.0797876756224777	-0.0573789691440452	-0.102260722928318	0.00758885512688913	-0.0673232216167746	0.0996369926361282	0.3501006284921
752	Spis-XP-022787260-1	0.234378184869124	-0.0999287203916739	-0.0642746523165836	-0.102754385367029	-0.079006518896563	-0.0629285283444197	-0.106842878104269	0.142981956164217	-0.0118511634877038	0.0367000000611469	-0.0821786358013599	-0.0739697175985336
753	Spis-XP-022787274-1	-0.058082896166415	-0.121010707740771	-0.0270690220045443	-0.141030967421739	-0.0886106244158297	-0.0327521122947908	-0.126102541614146	-0.0206970472672819	-0.014879523073063	1.80119236330397	-0.0342332652007494	0.249871186898724
754	Spis-XP-022787302-1	-0.0496657425133354	0.0769394901859071	-0.243264522823537	0.364745230248428	-0.0568887610466267	-0.262857709943035	-0.0180765095962847	-0.123543403386789	0.101964827479795	-0.279336977539077	0.404538284929204	-0.181765986585396
755	Spis-XP-022787328-1	-0.122145014848196	-0.0984176286349284	-0.0207474875708853	-0.0996609729969012	-0.0327437923869339	0.722281928858995	-0.105455173420685	-0.17513984803591	0.463508469840357	-0.104532281778852	-0.180375964635103	-0.192366767702142
756	Spis-XP-022787330-1	-0.153632644029794	0.36063445145667	-0.0182473694553487	0.0525839912287159	-0.18812304387849	-0.132271206583115	-0.128538479612733	-0.131531427736728	-0.159362343303288	-0.179286994496708	-0.0731359237442507	-0.191308031929437
757	Spis-XP-022787371-1	-0.12383768081063	-0.111209139018059	-0.174029132458319	-0.0834901739924439	-0.0585398642567357	-0.151272482084658	-0.197810562005783	-0.163570070894878	-0.104475502880668	-0.148406056273225	-0.118023040623678	4.40385739874545
758	Spis-XP-022787394-1	-0.0474004763260712	-0.0207656664300667	0.0971301901567712	-0.123240474397393	-0.0956924267783404	0.411783637387543	-0.105837674382224	-0.116607798006738	0.0176358365464122	-0.0178356529180908	-0.0688334891646957	0.541770458224868
759	Spis-XP-022787402-1	0.0682460010700274	-0.0586999514957642	-0.0460690560143244	-0.111263126548368	-0.00976379142045221	-0.0425140543030596	-0.05212786902067	-0.00276449037695552	0.114547525431967	-0.090965521996109	1.55428093961792	-0.0328211700498876
760	Spis-XP-022787420-1	0.078193681294128	-0.0582458448749283	-0.155278519515474	-0.202225612651082	0.116329865683307	0.156711407897917	0.260577082326725	-0.0285086986329104	0.00255556430480675	0.181537300759278	0.0489429239296929	0.193673328861303
761	Spis-XP-022787421-1	-0.00635497749269526	-0.0386064794259085	0.138281086051641	-0.042966424725445	-0.0305493844453798	0.00891016606733371	-0.0452777695069713	-0.0240375409449147	-0.01239074306408	-0.00452092290859053	-0.0301143649645417	0.103415466618721
762	Spis-XP-022787445-1	-0.303203192919776	-0.278550123836262	-0.0578691009333391	-0.316329141805195	-0.272989837012119	1.73468492176064	-0.291021471960663	-0.318277363755139	0.141030093017705	-0.0324350831703417	0.067543914336632	-0.186955211647438
763	Spis-XP-022787476-1	0.0201044001026828	0.0216713714132576	-0.0196406016781607	-0.0187271906732396	-0.0237788880020446	0.0304135236943874	-0.000173096700219408	-0.0211265590521799	-0.0330039678337878	-0.033501266156069	-0.0302418855335441	-0.0340509017977419
764	Spis-XP-022787520-1	0.0106657173299425	-0.0252265567989796	-0.00791005975983675	0.00815565117590409	-0.0353528849792445	0.0399417352164417	-0.0257101305228434	0.0438996512987166	0.0343993010401248	0.00996474620184012	0.0863615693976179	-0.0480753077178887
765	Spis-XP-022787527-1	-0.00941277453882198	-0.0344010349633444	-0.0119489045693269	-0.0251685969093515	-0.0458581704043814	0.217850852127873	0.00815297802909211	-0.0487247968783363	0.0266879093179113	0.116947184913007	-0.0498915941918593	-0.0492603955304944
766	Spis-XP-022787538-1	-0.0140873809120411	0.00816276348203072	0.0354595094515162	-0.0384711852754997	0.0167340004064189	-0.038559177411964	-0.0347219732567852	0.0449031390222731	0.00838035676790005	-0.0526357897090532	0.394869302484516	-0.0517674957822625
767	Spis-XP-022787579-1	-1.12175855562184	1.36623450679878	-0.603969294041405	0.696737472723095	-0.943589853530528	-0.695175811518656	-0.441804852715228	-0.87811076162452	-0.512532592218531	-0.750452065343667	0.151710624322741	-0.390851066022352
768	Spis-XP-022787605-1	-0.229378390106911	-0.145198762361586	-0.0877469189124306	-0.234859453176737	-0.191267402103012	0.452840833793919	-0.145176275951693	-0.173529551792508	1.85224947897059	-0.19035381855264	-0.138043401110197	-0.0930008875097664
769	Spis-XP-022787608-1	-0.028369534633936	-0.0586644902829839	0.0882733105517755	-0.0844856440726887	-0.0450627091208343	0.175995961763241	0.00325051685143868	-0.0220398442237085	-0.0213545579998221	0.331386173740957	-0.0774029018753056	0.0858716450163309
770	Spis-XP-022787609-1	-0.18790747952531	-0.10941731440312	-0.283537371292778	0.842426793202382	-0.25195513433866	-0.226300104995048	0.0963961910016671	-0.101403625613372	-0.247227223473038	-0.174790475736518	-0.231868695843119	-0.337064473989703
771	Spis-XP-022787662-1	-0.00469721545234843	0.0308219774547926	-0.0233965734616121	-0.0170003534674819	-0.0217632260406311	0.0517868933431269	0.00697508063971368	-0.0160149397677991	-0.0209715945727196	-0.0205171307176791	0.0527933089654781	-0.0202137815649835
772	Spis-XP-022787667-1	-0.0496394811651952	-0.0741233254809805	0.430547146622781	-0.135000732010168	-0.056846662378545	-0.0736779388024039	-0.124203143064182	-0.0929366654641957	-0.0617023058511982	-0.0695956164007899	-0.111429275751383	-0.120725729477871
773	Spis-XP-022787676-1	-0.0176508633707268	-0.103020649521348	-0.0927065289917649	-0.117817790068693	-0.15287488762033	0.0298079569779978	-0.160098429547221	0.00318049812872778	-0.0886814072533427	1.2090102532234	1.95441652608708	-0.161137499331579
774	Spis-XP-022787678-1	-0.99892800476613	-1.1068823150333	0.449575334083217	-1.1407997371638	2.99309602177364	-0.817520526139067	-1.03462042971157	-1.17084096645094	-0.636731187796095	-0.484841360140008	-0.349783553482682	-0.568035378609083
775	Spis-XP-022787680-1	-0.462296416801654	-0.591208090658826	0.316095879334798	-0.612429601850801	2.08945065522917	-0.372086510975659	-0.628692821701196	-0.571514950868709	-0.452028654671907	-0.424951509513118	-0.183675708045149	0.0432302973035217
776	Spis-XP-022787760-1	0.0100450762327773	0.00694023188401872	0.0546678290724074	-0.0532903071120158	-0.0321476877076709	-0.00271782281521061	-0.0462165867326445	-0.00375131661581966	0.00840871920126146	-0.00996018340028562	-0.046865926345808	0.375118149665119
777	Spis-XP-022787830-1	-0.875274836501522	1.43510785331878	-0.396097025716535	0.10594860311726	-0.773269821928533	-0.492350808223005	-0.295694412552021	-0.818826117608812	-0.468692081139994	-0.605520470487074	-0.393940555221011	-0.867053147754713
778	Spis-XP-022787887-1	0.000149974885616994	-0.0233694585974462	-0.0184135642876047	-0.0317547761945159	0.148184826411768	-0.00461250111780039	-0.0620155815532245	0.0628920386601923	-0.0672002410580806	0.0279264486171095	0.143425055438779	-0.0641342703704707
779	Spis-XP-022787898-1	0.00863954366670182	-0.0164817804470081	0.103133176039359	-0.0544115871932122	-0.0221131253642739	0.0302354229279995	-0.0117372031572559	-0.0678004604073429	-0.044439074170597	-0.0696677159807201	0.050689792529991	-0.0669409470171507
780	Spis-XP-022787902-1	-0.152615982066565	-0.0709274578856661	-0.096852289844085	-0.14526231417697	-0.138532301462333	0.0219302503409826	-0.151400165496934	-0.148310547266671	1.73907348839951	-0.101090355506475	-0.0364494480614657	-0.00655986035378933
781	Spis-XP-022787941-1	-0.0465032587671586	-0.0147606760002471	0.145847742748769	-0.0644004151393705	-0.0521569071033957	0.013127820665464	-0.0595687786915939	-0.0503276445661805	-0.0519317781468897	-0.0429926055719238	-0.06758787934878	1.51655993237874
782	Spis-XP-022787954-1	-0.0099872935696037	0.00133053801144992	0.00549252040248208	-0.0107002423527963	0.0204344212189919	0.0147702285014288	0.00378758766463801	-0.0287359351107656	0.0308337128881201	-0.0118365760341345	0.0359080782324287	-0.0248109205170319
783	Spis-XP-022787983-1	0.00790554662214435	-0.00394738454300167	0.0288470134274377	0.0324376686746995	-0.0895819420643666	-0.0594879648919047	-0.0120553002691256	0.083587312239248	-0.024867451330951	0.0311169974677923	-0.130724066097289	-0.136417564986573
784	Spis-XP-022787985-1	-0.0217922025238957	-0.0160117691465377	0.00209443254737283	-0.0271070394302129	-0.0252307959043566	0.108528636590433	-0.0250716845534865	-0.0074965676664988	-0.0103617888110613	-0.0174231608688972	-0.0266305293805658	1.16135038569341
785	Spis-XP-022788001-1	-0.00674255314655844	0.00572201923274077	0.011779012862088	-0.000970098956167589	-0.0138557877294136	-0.0277078263352629	0.011052155413143	-0.0210579099542465	0.0642558964170115	0.0127085986883595	-0.0255336088123226	-0.00736515377598295
786	Spis-XP-022788006-1	-0.0356269770227058	-0.00862173302729526	0.163363881335505	-0.0666356974367386	-0.032394288979108	0.0550837531553766	-0.0377044819562649	-0.0435006456746954	-0.0190609576664776	-0.0746028356901858	-0.0720612041420752	-0.0691119376157299
787	Spis-XP-022788034-1	-0.450100756687683	0.865123936310885	-0.253499221295699	0.205224669539009	-0.372345768104592	-0.25278039042441	-0.414782195551059	-0.431005484730682	-0.375325363514983	-0.301253820924626	-0.165578802486777	-0.161755043461185
788	Spis-XP-022788045-1	-0.0932445255434584	-0.156127075497675	0.589994154255905	-0.194269182588219	-0.155707976673685	-0.123086716341529	0.0976266438907815	-0.104281105541683	-0.0437035328652125	-0.0957272274618851	0.0496959737158922	-0.189893169604457
789	Spis-XP-022788102-1	-1.53386939832333	1.96165765021597	-0.923767963627927	0.80809230082843	-1.69095849265161	-1.32762732936549	-1.09155478919155	-1.77720289072469	-1.37759696757435	-1.02421711443498	-0.492910683851072	-0.962390083591121
790	Spis-XP-022788105-1	-0.0233414404127201	0.0983044693500091	-0.0245267589690767	-0.00900158308143181	-0.0439380835817336	-0.0355462378666727	0.013297635127061	-0.0658699003333402	0.00240606731101366	-0.0609785914798013	0.0508619500823908	-0.0612804501911241
791	Spis-XP-022788130-1	-0.0303740827065323	-0.175238382842859	-0.176855802487598	0.161457649794231	0.0993768510644885	0.0709055950978835	-0.400645917554281	0.910889999853398	-0.172197605447354	-0.140352952311696	-0.236585366953188	-0.68140694597751
792	Spis-XP-022788155-1	0.0598390016316368	-0.0438439989063566	0.00111842579676596	-0.0664750862100957	0.00256930280314652	0.0786616160417906	-0.0284077391645971	-0.0798668208140249	0.0484491863014855	0.122968543433528	-0.0136035257946124	-0.0802246293025391
793	Spis-XP-022788185-1	-0.0825374375181941	-0.0424347505396635	0.197136551343365	-0.0729344158987739	0.029258427142159	0.221195256157213	-0.0957335316837956	-0.0854327464424371	-0.0574406749462869	-0.0459823577997788	-0.092023315985822	-0.0958641123986901
794	Spis-XP-022788209-1	0.00743534044763607	0.00368150260022354	-0.0133003763595087	0.0227852684641731	-0.0308953438305137	0.0197662429032937	-0.012301376781405	0.00725030661054241	-0.0298530786497096	-0.0406691636211885	-0.0468897331654104	0.035452324049123
795	Spis-XP-022788225-1	-0.0520940529002729	-0.0441886022582489	-0.0143520483198427	-0.0462727422421619	0.0339368484577852	0.380663948785259	-0.0378486597747525	-0.0515297426884674	-0.0444628722216203	0.0390746561451174	0.036280893879731	-0.0579222278072132
796	Spis-XP-022788241-1	0.0449607633760168	-0.0170714132209718	0.0189999009988304	-0.052671061476276	0.00272509763993933	0.0108295473523592	-0.0467797699935653	0.0693171004033286	-0.0551314223746927	-0.0517584675681351	-0.051388675625378	-0.0523402030872126
797	Spis-XP-022788267-1	0.00786863394110388	-0.0338517819587189	-0.00802511251771396	0.000354597881827887	-0.0291187563779849	0.01430082035941	-0.0316535532926746	-0.0495733584102649	-0.0328611618560463	0.0793385046641777	0.00241611328287264	1.40474951694401
798	Spis-XP-022788272-1	-0.0231285801736351	-0.0130329190390012	0.00432660053009124	-0.0254920322868223	-0.0214445274869818	-0.00974367310313759	0.0244129478050038	-0.0163364092519738	-0.00958336664307349	0.00394365797925565	1.02541943583968	-0.0221401626117495
799	Spis-XP-022788288-1	-0.0801642322546039	-0.0820578293844272	-0.0157729107836484	-0.0914695109086944	-0.0691075274698252	0.683087397661221	-0.0898656812986894	-0.0758892185245317	-0.0207464559076844	0.167619185328255	-0.0955571882401273	-0.101219538964662
800	Spis-XP-022788290-1	-0.0694674644860843	-0.0763877533804757	-0.0392558660332876	-0.0656228146769254	-0.0712930948318515	-0.0682256858638635	-0.0781614070937783	-0.0756855169216605	-0.0407371160563149	1.63364811129965	0.00878062058149065	-0.0719238093425464
801	Spis-XP-022788291-1	-0.976245843074305	-1.06940329445453	-0.740029735080286	-1.22967630226215	-1.11881017685047	-0.88668037579612	-1.1091337414074	-1.02636362618521	-0.883321746218942	5.52798847327534	-0.496651017559373	-0.505435638166606
802	Spis-XP-022788292-1	-0.212425124365071	-0.384695771392426	0.0701847585442863	-0.365319041420191	-0.206302867695089	-0.282044202873545	-0.261217994613637	-0.311127590595137	-0.0742738413811769	3.06573070941176	0.129281155471717	1.03539702374069
803	Spis-XP-022788303-1	-0.00797178409585827	-0.0437753338010587	-0.00451854140962073	-0.0642744534275035	0.00595100231264075	0.274958554925619	-0.0662436632065565	-0.0664137695953573	0.190873128965951	-0.063858150770761	-0.0276418073976687	-0.0698728470202013
804	Spis-XP-022788316-1	-0.0956460545622591	-0.0408579317400235	0.0101430703254174	-0.0680763360535338	-0.0317740181590321	0.531375622692866	-0.0235457621585748	-0.046832853645846	-0.00903431231937782	-0.0214387954514205	-0.112418436762307	-0.129834472623322
805	Spis-XP-022788332-1	-0.597968930772567	0.940793482830283	-0.389536680586244	0.26407852411294	-0.414981327218808	-0.459570370666696	0.0279942499448774	-0.439392165312277	-0.321619228195634	-0.393046479859944	0.0549706260528854	0.450771369419846
806	Spis-XP-022788341-1	0.107345631279795	0.0117784148306651	-0.0308993568402015	-0.0573991601127328	0.0672506737460834	-0.113132687150424	-0.122753596759593	-0.00573814117381616	-0.0171413959036506	-0.0725776058148904	-0.159413215860639	-0.134531035862685
807	Spis-XP-022788342-1	0.00895907985650314	0.00779971607955851	0.042783738897469	-0.0129607139921863	0.00331497675012374	-0.0370261660860674	-0.0311956450714725	-0.0258276216920834	-0.036491934502588	-0.0360481781086608	-0.0360421714561366	-0.0360911030237027
808	Spis-XP-022788364-1	0.0410954463457678	-0.0134844798545585	0.0284700413617812	-0.0458272762337524	0.0131008936421502	-0.0153961402380924	-0.0299344334474847	-0.0268860525142723	-0.0185251306003533	0.0097732463727664	-0.0458282561504216	-0.0461409218172817
809	Spis-XP-022788375-1	-0.00867686408332612	0.00469241825111289	0.0368105595324146	-0.0283187872280044	-0.0175510146575815	0.0175199741490032	-0.00967752541759993	0.000755682695512426	0.0313118729593597	-0.0136904062620138	-0.0373572586691436	-0.0378738213999602
810	Spis-XP-022788439-1	-0.180232459745648	-0.210649068116101	-0.136272687337123	-0.192545049746355	1.2824222284025	-0.214363057292436	-0.211908988203626	0.0479665761842094	-0.176329333440509	-0.161741845801726	-0.169702094739385	-0.218361094071362
811	Spis-XP-022788444-1	-0.136070821380176	-0.118605691501469	-0.0175158381961596	-0.135205358308658	-0.153596797911359	0.739513114963404	-0.0821007441272847	-0.0607805209730269	0.0841216674851939	0.77473079851156	0.116529390354444	-0.112992562010336
812	Spis-XP-022788467-1	-0.0115408587244359	-0.021567370858937	0.0295728559141999	-0.0202376732277786	-0.023543273178577	0.100939991873812	0.0557933828831412	-0.0289378070724216	-0.0305815262406158	-0.0371531328230352	-0.0348953838341862	-0.0346998418699537
813	Spis-XP-022788472-1	0.177671671162702	-0.0202287877929396	0.1666961301508	-0.147477376997845	-0.0565150038027763	-0.188334112584664	-0.199100714108508	-0.142064173000115	-0.370164715949983	-0.15158595054488	0.261711055155417	0.966231896249285
814	Spis-XP-022788474-1	-1.34437405224649	-1.1481191611444	-1.03007851567647	-1.01379915908723	-1.15671054174159	-0.369437086484682	-1.04949617479031	-1.10571104155274	5.06090717626737	-0.608922865480082	-1.23859649007724	-0.757571198249632
815	Spis-XP-022788476-1	0.0895558438269316	-0.198914145360272	-0.0259424252882086	-0.0237937414403709	-0.110373358860846	0.369582343785542	-0.146656581961524	-0.138394966668037	0.270996889624856	0.254414491604886	0.048494468089273	0.408884337174666
816	Spis-XP-022788482-1	-0.12572108008147	-0.159001137170989	-0.00866728775967096	-0.194009084527265	-0.0494996452059821	0.109622811323317	-0.194656283461944	-0.183577131867552	-0.00334126574245402	2.10867032046418	-0.110888710729406	0.119896529162931
817	Spis-XP-022788523-1	0.0136798755148264	-0.000727015754736736	-0.00892157495353759	-0.0141414715203989	0.00197195752301805	0.0088589596911661	-0.00850719828866034	-0.0127734449867658	0.00407219377518381	-0.0124440733860943	-0.0121581257181262	0.211811196296794
818	Spis-XP-022788555-1	-0.0227301807802814	-0.0178388964394398	0.0736690487779875	-0.0616780892692202	-0.0898973163357349	-0.0299619441437019	-0.00641902803383124	-0.0286093865469369	-0.0509102821002208	0.629763323825823	0.00789589668806785	0.311968536232589
819	Spis-XP-022788569-1	0.12581702290199	-0.0650691684057067	-0.0270181280037098	-0.0777617090783357	-0.0311263360322612	-0.0197886211133285	-0.0846839857158231	0.174515807893416	0.0281932564716164	-0.0804680747436387	0.0437798880347761	-0.0744516214772451
820	Spis-XP-022788575-1	-0.0513528556925068	-0.0312224736558217	0.0811093126603334	-0.0698130323636416	-0.0656163337378129	-0.0514620897017213	-0.0336759477445121	-0.0407968718119857	-0.0362776586136361	0.0058567151899845	-0.0631596387730892	2.45424723636129
821	Spis-XP-022788577-1	-0.00474332164129694	-0.0465408945049719	0.0660519704396182	-0.0792285074860596	0.0149234190511171	-0.0620569996524202	-0.0570965166228569	-0.0148132020979904	-0.0705379130990318	0.715307055879287	0.0844067792903649	-0.0666244787758235
822	Spis-XP-022788588-1	-0.100823675819151	-0.0910494471944081	0.0144978551962176	-0.0939161738535452	-0.071868533231715	0.663977646402514	-0.104627058281882	-0.102834715051281	0.259917561799779	-0.00501276481028527	-0.0972832199006165	-0.0973343950645594
823	Spis-XP-022788658-1	-0.00729121746262443	-0.0112375687870096	-0.00179680539317292	-0.0939241374270094	-0.00457612776893795	0.00714792805445039	0.190668962516831	-0.110675472100845	-0.000332427263126711	0.303371362927214	0.366239300239805	-0.203905819372566
824	Spis-XP-022788659-1	0.036610165361408	0.00511260893368724	-0.015701135656313	-0.0375295894886242	-0.0425713429232868	-0.0475086006269865	-0.0170295795967758	0.173860442482718	-0.0320307932450263	-0.046060745606769	-0.042786466423297	-0.0200194853408509
825	Spis-XP-022788685-1	-0.0506896892422094	-0.0141625991294626	0.0907967458204082	-0.0694461102402917	-0.060113341447758	0.212254604923813	-0.00942969009393251	-0.0671820580032198	0.031130085348135	0.027253130574621	-0.0287302460076648	0.174939744278529
826	Spis-XP-022788695-1	0.00197082115358977	0.0112076731202161	-0.0154749492763273	0.0179035519807506	-0.0275158058036682	0.0469091106173242	-0.0267502149664338	-0.021154201211993	-0.0264163262531157	-0.0252084747987237	0.0190305628416368	-0.0279663806198492
827	Spis-XP-022788701-1	-0.0777722357069782	-0.0636542417771102	-0.0378171888630301	-0.106542141596264	0.613921796579032	0.0175430646514925	-0.0917187240719989	-0.0936060499592487	-0.069150263649379	-0.0409192100463757	-0.103672653324679	-0.108554749134646
828	Spis-XP-022788709-1	-0.0549618050012364	-0.05475881781521	0.0148339038224488	-0.0622637592469902	-0.07878327554351	-0.0641431596299742	-0.0897635381151779	-0.0881296093283058	-0.0504211195348373	1.4121300861887	-0.0271678945904846	-0.0908482590698872
829	Spis-XP-022788729-1	-0.00736556052665044	-0.068628933651649	0.140234015769538	-0.0985065302907063	-0.0211724306104415	0.211667884264171	-0.102634928787663	-0.0710746565285461	0.0618607829087436	0.0500378128178275	-0.089469114967527	-0.0818743780892141
830	Spis-XP-022788743-1	-0.384466798475414	0.0132417456415297	-0.113953049818066	-0.0226791693986771	-0.316544803981709	1.44290668852014	-0.0837612634423222	-0.37415155965615	-0.356497726344058	-0.352974007840867	-0.170431600904514	-0.438800512676687
831	Spis-XP-022788783-1	-0.0186417398721773	0.00261601523858083	0.0625610170056371	-0.0545806559771645	0.0557731423648265	-0.0418541641800499	-0.0765628566483942	-0.0127347801320599	0.109335746272537	0.103358385237161	-0.0894017262243335	-0.0703686590043495
832	Spis-XP-022788795-1	-1.53054527978357	1.72403753720133	-0.561214667487955	0.523752357268476	-1.51121880864858	-1.01014211474243	0.202879548214273	-1.51187156356374	-0.807939890703017	-1.02356004766712	-0.420774515961671	-0.87454325274781
833	Spis-XP-022788803-1	0.0429311618142688	0.00304030111241323	-0.0291390990182562	0.0359078633037725	-0.0381198049461191	-0.0264221467814579	-0.0366995678477962	-0.0363359476143356	-0.0213273252867766	-0.0344589981873721	-0.0308785641004447	-0.0309603257004585
834	Spis-XP-022788808-1	0.0177011507318594	-0.537913345782687	-0.379779454499955	-0.516752865925039	1.89378648719701	-0.344978489163082	-0.582733830780231	0.155995472438667	-0.553238496835331	-0.342806148019631	-0.614937798349101	-0.0359644505139269
835	Spis-XP-022788809-1	-1.54284234380275	1.79626633895571	-0.619805398050189	0.49777563302976	-1.45695137720496	-1.14283790129864	0.128661437526417	-1.74832684491864	-0.770998509518817	-1.00560769377759	-0.463992420886799	-0.307264649067316
836	Spis-XP-022788831-1	-0.00646322322432005	-0.0159753851263853	0.0102184290958505	-0.00428416258746845	-0.00876802806998752	0.0691386492738943	0.0250693750801326	-0.0189063737096205	-0.0190413682075153	-0.0190190637981932	-0.0187436522007615	-0.0186269334683484
837	Spis-XP-022788851-1	-0.399637289535377	-0.34796545513096	-0.0798511866631638	-0.39784564753252	-0.316450335374234	-0.276366389201183	2.3078257933038	-0.359653121663001	-0.315380448623713	-0.272783547026955	-0.403541717635418	-0.140264470721015
838	Spis-XP-022788868-1	0.000300201350057882	-0.00758055820804256	0.0719074808999196	-0.0251131845214702	-0.0228400394650331	-0.0279485046194024	-0.00363362902654522	-0.0286931215246066	-0.0288560608974636	0.0495577347743447	-0.027826886069793	-0.028052932674769
839	Spis-XP-022788873-1	-0.0174471426361825	-0.0273860707164639	0.203117524275751	-0.0700664573912213	-0.0498758128607133	-0.0245408382027868	-0.0539593213233135	-0.0639501317128246	-0.0661038950456213	0.122194298737821	-0.0641123735270039	-0.0643775461593687
840	Spis-XP-022788874-1	-0.0283474176289622	-0.0188738922383667	0.0979705549495332	-0.0531575456140604	-0.0509539674856613	0.0968223582000544	-0.0203967624042828	-0.0486319811181892	-0.0472394525535008	0.130818657882162	0.112930311118241	0.153728419526073
841	Spis-XP-022788879-1	-0.0584042153554368	0.0501991557581052	0.073504810621751	-0.0896015677907408	-0.0849087325653892	0.0417088787620313	-0.0620868980061899	0.00955243437381592	-0.0483584959060758	0.0869825917782752	0.953520197486773	-0.121698190431778
842	Spis-XP-022788891-1	-0.0196017252481364	-0.0362369962800851	0.00387162135834411	-0.0452953820566601	0.0463743520766199	0.0306760983243442	-0.0445009189687156	-0.0422523048017101	0.030749680071448	-0.0420027755880094	-0.0406861065482981	1.75738612282775
843	Spis-XP-022788906-1	0.0669963405862002	-0.0491566316619136	0.0744278291367371	-0.098117202215529	-0.00585062269321068	0.0182576174994061	-0.0762019923984665	0.0661464260579303	-0.0155704235857604	-0.0268752193809308	-0.0998364027347312	-0.0946344223888941
844	Spis-XP-022788935-1	-0.0039322411741563	-0.00155552559154012	0.0365876703218507	-0.0180512850874787	-0.0354535833651542	0.0377086403215611	0.00713889367671926	-0.0324886648167447	-0.00900219349354007	0.0291562382151897	-0.053065019446194	-0.0455677067573804
845	Spis-XP-022788956-1	0.104939056568792	-0.0308655069543724	0.00974815436715748	-0.0342482382578593	-0.168376196746273	-0.014567650548087	-0.172539541640451	-0.188639592032033	0.454662682612735	0.0373581408928245	0.193494681079751	-0.281326427026922
846	Spis-XP-022788977-1	-1.71622420285384	1.41936366252676	-0.848342000831757	0.993701545727034	-1.44400803553445	-1.21852989706179	0.858429926231597	-1.67826636031671	-1.09522158330148	-1.44942905574422	0.206504148851232	-0.561898296380984
847	Spis-XP-022788978-1	-0.0680042246751935	0.202601408867447	-0.00593037306353283	-0.0998096600368748	-0.179547590567448	-0.0161256285749812	0.193338397886944	-0.161689008123111	-0.0363415283304266	0.0445709472238999	-0.104466073685851	0.0142143519951613
848	Spis-XP-022789013-1	0.0246836951455709	0.0254342520658515	-0.00065773822184384	-0.121601319219314	-0.12322586343124	-0.0565793387619389	0.382464281161853	0.0768739612029486	-0.121409527103024	-0.176281580793983	-0.0819313506578967	-0.17559793196776
849	Spis-XP-022789022-1	-0.0623720580421887	0.0490668355372214	0.0110161342559683	0.0589210343037271	-0.0203008139300859	-0.00465578639749271	0.0402061263368608	-0.0938937051571434	8.72684629239506e-05	-0.0943689315213296	0.0262287989779697	-0.121307799967637
850	Spis-XP-022789071-1	0.0799215482541116	-0.0155762943523804	0.0029462057458236	-0.240125658816359	-0.173941777862776	0.797673228974032	-0.318730711864599	-0.140648438529016	-0.336674799379245	-0.241611690325606	-0.354734843962182	-0.016009823822154
851	Spis-XP-022789093-1	-0.753157286083167	-0.252178623265976	-0.261289279032309	-0.754041032363777	-0.718934635860189	-0.525259219558338	3.04790115679538	-0.770933557912088	-0.51664264252032	-0.526528082171055	-0.785231283803973	-0.794577438720405
852	Spis-XP-022789113-1	-0.10434700616942	0.0831190170684822	0.124136958279497	-0.0701090203501436	-0.0983672702105854	-0.0735452877829706	0.301122732678684	-0.0776042523133567	-0.107621387789416	-0.0463032122455771	-0.1163982113219	-0.124780839833006
853	Spis-XP-022789119-1	-0.0405113178327417	-0.0381719071178543	-0.0400792551411876	0.0387670759183606	-0.0819959805043432	0.0743269228398009	0.166566194921422	0.0323757612950808	-0.0392716247290209	0.310713373547444	-0.105957528309583	0.00144348433074437
854	Spis-XP-022789122-1	-0.0460813223116158	0.0637510831424412	0.168994394795694	-0.144422194252476	-0.109091534976726	-0.103004198936039	-0.0898620939483366	-0.197515695392502	-0.103014708199279	0.0627106604879554	1.56864581234662	-0.0118910727088576
855	Spis-XP-022789165-1	0.0338983631161515	-0.000490871535965082	-0.0194218783886615	-0.047587613781576	0.0172739982120135	0.0808791100612663	-0.0583468704312706	-0.0446632223026368	0.0582557189313913	-0.0899508583493182	0.0922815895308721	-0.104365238114574
856	Spis-XP-022789185-1	0.0316948414931823	-0.0793214988234753	-0.041789330324237	-0.0708785981974988	-0.0573368205205073	-0.0475822068206271	-0.000869463809072282	0.555833964005874	-0.11276917153545	0.148631105659294	0.0479895636927287	-0.132342504991642
857	Spis-XP-022789210-1	-0.229833464739791	-0.174014966626163	-0.339302602683276	0.307829206012267	0.0479295875854028	0.0719926280923511	0.0421861108338926	1.055902084821	-0.0987926668828244	-0.044332664548718	-0.177568912573307	-0.320446866823217
858	Spis-XP-022789219-1	0.0137773319522045	0.00730961736609194	0.0628939971216479	-0.0574122125342089	-0.0386420538862074	0.019660287147045	-0.063951573977643	-0.0178306613056569	-0.0232607387740142	0.0883296074083974	-0.0682883924276418	0.0146540112106739
859	Spis-XP-022789220-1	-0.176786698889953	-0.020966527390674	-0.0613903874302125	0.45109551217831	-0.114457909902702	-0.106505743085759	0.0892722660483901	-0.160565373050776	-0.110543844735953	-0.0274529453406064	0.0467916744840604	0.135029157703801
860	Spis-XP-022789260-1	-0.231617540679092	-0.223192055746593	-0.180011561597363	-0.12751773385434	-0.160641012417265	-0.075549726991987	-0.254324413239524	-0.169773235362046	2.34107575448714	-0.207269357495296	-0.269648118396736	0.121747477514591
861	Spis-XP-022789285-1	-0.0559317464491021	-0.0449738098439625	-0.0257225336491525	-0.0779418282662365	-0.0910762197303846	0.566119618094622	-0.0809970037402181	-0.0788247412767774	0.0726403393096704	-0.024261544507169	-0.0715535127852848	0.305809503858124
862	Spis-XP-022789286-1	-0.0812780574976177	-0.106440710620072	-0.106261991843757	-0.090844828482725	0.727376933809908	-0.101825583023985	-0.111560047208654	0.157006921390165	-0.103278390805439	-0.0681902498723895	-0.107745132607393	0.0800645967750551
863	Spis-XP-022789304-1	0.0125884056768578	-0.0865000914752744	0.00843893087495673	-0.169483008527327	-0.0692833686140591	0.561997765598733	-0.0760358060076456	-0.0435718559306364	0.0662912220439571	-0.0437974051964465	-0.156393533594924	0.00390726024423518
864	Spis-XP-022789330-1	-0.0495685862137646	-0.0398848377067121	0.150464010875359	-0.12886222177647	-0.0717723764806403	0.0990958172928203	-0.0291887798685628	-0.066567654572177	-0.00170798200248951	0.0678980008155869	0.0200454849179513	1.71847070163173
865	Spis-XP-022789359-1	-0.00967607187543727	0.0167790686330525	-0.00787971757639966	-0.0060741710191278	0.00643954372126974	0.00736729171431846	-0.00147941138922396	-0.0157681816894316	-0.0133089477002685	0.00968865225420663	0.105169623574187	-0.0180421562913661
866	Spis-XP-022789364-1	-0.0137791228005049	-0.0267404847106197	-0.000681896530706126	-0.0314067320113253	-0.0366961551729141	0.138109346101524	-0.0287682872949721	-0.028460983657462	0.0222465245831409	-0.00943988579905725	-0.0397656106249087	1.16952114756894
867	Spis-XP-022789393-1	0.0161095142277407	-0.151790047896676	-0.156586424928754	0.0017639051532693	0.0557821608264307	0.0167495796527693	-0.0862948413291457	0.735891551728826	0.0365192991339219	0.0244571681658431	-0.185145143510489	-0.110425411839278
868	Spis-XP-022789418-1	-0.031162742936852	0.0884640873406869	0.0159462707048463	-0.0398754416965376	-0.0632619312067854	-0.0121167861318921	0.053451482576713	-0.0463845106231931	-0.0703329041010176	0.0241392940154549	-0.0392697150044047	-0.06942254951627
869	Spis-XP-022789421-1	-0.02040520598565	0.206205152858117	-0.0753193825204329	-0.0824368157073311	-0.0572815405361446	0.0098460677595808	-0.0148194935332696	-0.0611177396028577	-0.129300158178379	-0.0323108948238954	-0.201045483978111	-0.171435524837663
870	Spis-XP-022789462-1	0.997046585419814	-0.799941760720764	-0.180890048013693	-0.936210908672938	0.998409713318464	-0.467923800958127	-0.931871999665233	-0.0913306863344925	-0.612163207049589	-0.42085314586612	-0.101905705545608	-0.824506467122998
871	Spis-XP-022789474-1	-0.243353970754987	-0.189513227900116	-0.12116227241505	-0.22629241266392	-0.215244507095477	1.12132732411028	-0.15905334270473	-0.211925314921742	1.14874715447978	-0.0188876478606599	-0.195716854759681	0.0634937878285854
872	Spis-XP-022789489-1	-0.120573722450977	-0.0967620869073338	0.0287759937807292	-0.127873335565383	-0.110981724249167	-0.0200917188884737	-0.0631905212018468	-0.139790111370353	-0.135429235080184	-0.106600913989235	-0.148591249409765	3.86510642019626
873	Spis-XP-022789491-1	-0.101108680608123	-0.200601171127165	-0.0645513135885378	-0.160100292785068	-0.132066691190259	-0.150847591326063	-0.184588887427497	-0.194655115139322	-0.0905211582879549	-0.104632784771572	-0.22841886170251	4.54879297789808
874	Spis-XP-022789498-1	-0.0879626592966005	-0.0799274755932564	-0.0463512142936577	-0.115690647064288	-0.0272049691496252	0.0981215477640922	-0.0595014236037603	-0.107711709586783	-0.1092609082026	-0.121105334173884	-0.0910388753498681	3.52274975965051
875	Spis-XP-022789499-1	-0.210125929714198	-0.202760988071986	-0.114393277496271	-0.221611722703576	-0.216924175777418	-0.0722850398608338	-0.247625113243231	-0.262569204844942	-0.191267687440788	-0.083149805131217	-0.26078398396419	5.00497615480696
876	Spis-XP-022789503-1	-0.0189538503846005	-0.0166923964947897	0.0392012392642346	-0.0265540648817654	-0.03103940424279	0.0278801770255941	-0.0446949396704609	-0.0425815658148246	-0.0439772898139946	-0.032890038324057	-0.0424185950820957	1.57719285568414
877	Spis-XP-022789508-1	-0.0714621743064408	-0.0850957694138658	-0.0271595939700633	-0.116930552788579	-0.0938620776593678	0.0473688148432607	-0.0640486474914097	-0.0537605802541604	1.21703953892952	0.0152500167821181	0.00546047338216676	-0.131082578943376
878	Spis-XP-022789521-1	-0.0559533895737154	-0.0705600150406685	0.0272805102554438	-0.0588408804154048	-0.0447173369621852	-0.0562662785275512	-0.0676753045404547	-0.0620456239859488	0.0148735420858417	-0.0704013689581092	-0.0692840472327705	3.01550936329733
879	Spis-XP-022789567-1	0.0399236807541966	-0.029833824211933	-0.0176552552312452	-0.0337903429882262	0.0379445649883485	-0.00218117828048394	-0.0483648246883753	0.1028341969059	-0.0317958104562798	-0.0311913775070926	0.101546581547365	-0.0463367749545202
880	Spis-XP-022789583-1	0.0222405599043369	-0.0470218344109667	0.0150895501636239	-0.0439869503038663	0.0469747509958099	0.00938305579072629	-0.0398586549138094	0.0734724568448779	-0.0271804595501352	0.124406282222793	0.0413391858795431	-0.0366284821581374
881	Spis-XP-022789590-1	0.31534811419553	-0.133095876478091	-0.0564033625918239	-0.451510262485289	0.0270955367582324	-0.29702844297768	-0.507882879752253	0.188433872955504	-0.150526760739123	1.46033338291181	0.103354760164499	0.270846200595623
882	Spis-XP-022789630-1	-0.00693734681938008	-0.0187392846116946	0.0852458256552254	-0.0349180878376279	-0.0143611702081126	0.00171235479913982	-0.0186610415692243	-0.0377285973285688	-0.00854301730649601	0.046000649442168	0.0889791998913875	-0.0360788826533227
883	Spis-XP-022789719-1	-0.448536120377924	-0.594457160423157	-0.408661837266753	-0.708392204708789	-0.555811087441286	2.59935000844525	-0.63006064470642	-0.329366959433321	-0.362800022459153	1.04753716928172	-0.466597564847025	-0.51180516710515
884	Spis-XP-022789726-1	-0.0382496320862027	-0.0349281325159501	0.000284409364607427	-0.0345735232244589	-0.00891968573492576	0.267375066487495	-0.0366764830666749	-0.0336356217219653	0.106572228202949	0.0113863774416802	-0.0327549912532858	-0.0386380570266828
885	Spis-XP-022789729-1	0.142167851974844	-0.116676989510676	-0.0721701654303675	-0.0894793869623789	0.134079465126845	-0.101919530296297	-0.0796980562674464	0.184510901000689	-0.0314249228648208	0.0739797106395179	0.380611953385729	-0.138358330720218
886	Spis-XP-022789743-1	0.0998518501910307	-0.108489594425683	0.0302905328258198	-0.0128127639626578	-0.187112725771286	0.0795125292449997	-0.068422183414644	0.200252838693176	-0.14671829699974	0.0712066532819868	0.251698675809877	-0.145880658009067
887	Spis-XP-022789763-1	-0.00298144464219216	-0.0416261937513092	0.0229781904675634	-0.0501076764949311	-0.0562720992074074	-0.0399139812911701	-0.0537333260410786	-0.0607345473425596	-0.00483955865264885	0.784296124347494	-0.0685290389556928	0.657831390493054
888	Spis-XP-022789836-1	-0.0169774382351571	0.0589361151587241	-0.0124663546548172	-0.0211667712247023	-0.0225314300409436	-0.0354749150652423	-0.0347521177918131	-0.0321179636750643	-0.013029401289556	0.0132157993770777	-0.0364614109847428	0.851975777172952
889	Spis-XP-022789848-1	-0.0730144066792306	-0.321603166040084	-0.238950756071905	-0.269664334885877	1.47864116889929	-0.260664138558891	-0.306346059862561	0.0582193271023183	-0.296319194070204	-0.297209920568714	-0.197005493801072	-0.321892677829034
890	Spis-XP-022789852-1	-0.0467198017479079	-0.0398884447961302	-0.0244929803430533	-0.0427993400356833	-0.0370433664099548	0.400213134770715	-0.0461679572208973	-0.0456327125706602	0.0852735349831248	0.0182133529432344	-0.0409067536233964	-0.0332855238073961
891	Spis-XP-022789860-1	-0.248980425201252	-0.222198253547787	-0.0218745946956276	-0.24081240297264	-0.157564583181161	1.10882679216141	-0.105211330577841	-0.21770829438082	0.937353176401739	0.0849103097974246	-0.170316829534638	0.209602122682029
892	Spis-XP-022789861-1	-0.0163333897152567	-0.0258998026574049	0.043569839238527	-0.0351029623878471	-0.0390253338994485	0.0241638810382716	0.0348773619143064	-0.0784722462431901	0.309208767775835	-0.0214634757109127	-0.0745141664291894	-0.0647450816379398
893	Spis-XP-022789887-1	0.0110022476504235	-0.0333515027606504	0.156855321292132	-0.0851701628028406	-0.0487865206584571	0.0802309130163117	-0.0307168156858622	-0.095718916008483	-0.0197949543822918	-0.0580986502702446	-0.101086474145552	-0.130852543158531
894	Spis-XP-022789892-1	1.46074473862206	-1.27961759109187	-0.453189203156331	-1.39498475246728	0.693068290600243	-0.823636759032782	-1.31360354203703	0.851927739642079	-0.57053523058482	-0.723350114409004	-0.363877415023966	0.11480920737235
895	Spis-XP-022789964-1	0.0165278590585335	-0.149820426521388	-0.217769634531267	-0.0823750246427935	0.0512415915446732	-0.0814150047374176	0.504906876766533	0.618423454178999	-0.00304277320642149	-0.128242690146983	-0.124935590113748	-0.280924461592662
896	Spis-XP-022789981-1	-0.43271194203169	-0.393285391029384	-0.327669112758875	-0.398046589989283	-0.383534173792478	1.62016680626218	-0.413702641944952	-0.36933319255045	1.97820254015293	-0.0110534591004121	-0.250072708137339	-0.416588606406552
897	Spis-XP-022789983-1	0.0110035738296202	0.00344892169798498	-0.011361319265765	-0.0250446580715738	-0.0362118813929516	0.0793170391597273	-0.0255401177228342	-0.0110112611637607	0.00638877451186955	0.0835774265594306	-0.060672927414929	-0.0499547058581564
898	Spis-XP-022789987-1	-0.192841675425244	-0.197011887718881	0.0993950025061748	-0.243106408934968	-0.109194287232715	0.981112509071873	-0.0989435110554553	-0.219038871025918	0.0426859054267076	0.860772671817825	-0.233892238085638	-0.235107352000798
899	Spis-XP-022790002-1	0.108267777420591	0.00182874671366032	0.0612445591140446	-0.083206074148858	-0.0534167886563913	-0.0514295286322049	-0.0175349979551981	-0.0785965428345485	-0.146284747631926	-0.0999795121311813	-0.156232409208229	-0.156805433671232
900	Spis-XP-022790024-1	-0.11142792281969	-0.100578875555664	-0.00370160707395534	-0.114302549417792	-0.105091697132139	0.836322134137615	-0.0742332542302731	-0.0261686328038966	-0.139581077615107	-0.0424961519197121	0.148074335010914	-0.00702767385701136
901	Spis-XP-022790076-1	-0.252326852473133	-0.0560658547380388	-0.0918841527814953	-0.134004234568921	-0.149369604718671	0.408179775476099	0.112500268122419	0.790624389062782	0.34736780116098	0.260809683502638	-0.264421720487213	-0.393950034986715
902	Spis-XP-022790154-1	-0.0420455887848993	-0.0744647106514893	0.00852818394139536	-0.0859342943683286	-0.0836854937882867	0.559394127592857	-0.0535149408645385	-0.0372171656685066	-0.066419720411951	0.0028173080392053	-0.105672508762921	0.249329834941397
903	Spis-XP-022790183-1	0.717198951603986	-0.294095851765917	-0.216997619144626	-0.319275427902835	-0.188389953121747	-0.31578965041238	-0.347034317921182	0.355567478942117	-0.236516366989843	-0.29118453476654	-0.0923859540000849	-0.0846993245431223
904	Spis-XP-022790186-1	-0.0281945669570539	0.039214082939161	-0.0118147737026018	0.00396957919994133	-0.0459820654112364	0.0722931024355926	-0.0576999625768927	0.0306551392329201	-0.0441350053357322	0.0968951788716503	-0.064214478031953	-0.0654684973490312
905	Spis-XP-022790202-1	-0.0297359415786262	-0.120166087791981	-0.0707949630712734	-0.163308616453818	-0.116247161586894	0.929960572401508	-0.116556122311794	-0.152137108151527	-0.0459736233225061	-0.00266968385095026	-0.163118873998674	-0.165218715305301
906	Spis-XP-022790239-1	-0.104667507823348	0.350952965591534	-0.121124039605137	0.0307664532448356	-0.169274992039055	-0.0807166541648296	-0.166981271692726	-0.18308019277058	-0.011246993978621	-0.12214666533907	0.237383112632073	-0.0582935386927825
907	Spis-XP-022790296-1	-0.159116913473853	0.442035967839999	-0.0821026280641008	-0.115380173351419	-0.149182115459787	-0.0751566240622763	0.0706813531953999	-0.219189769759377	-0.121286151281148	-0.22661603248265	-0.197198728271244	0.106286791519545
908	Spis-XP-022790303-1	-1.4709812284716	1.23107663699253	-0.868304486779752	1.47102212974654	-1.27876152993507	-1.18683909750378	-0.504290732935224	-1.39099759488494	-0.918522058918669	-1.46106545788221	-0.345898940047881	-0.617622700762769
909	Spis-XP-022790314-1	0.124375411835023	-0.0681685257213634	-0.0233209014498593	-0.0765737263021635	-0.0732892825789593	0.0222044981705559	-0.0803178550104602	0.107834013744401	0.0321198432672471	-0.0597189078501959	0.0195120491469786	0.581161434640665
910	Spis-XP-022790329-1	-1.32300947194599	-1.18794980792328	1.69712925075447	-1.02861033343988	-1.19109474614018	2.05401645444594	-1.32091865450173	-1.21181179644062	1.07531084666163	0.00787185713219096	-1.42409763795874	-0.855505141414922
911	Spis-XP-022790378-1	-0.0207735565795681	-0.0152101904008748	-0.0363103902369645	-0.0601346902553409	-0.000440863635658179	-0.0449497838292119	0.0164401224409343	0.337021801249538	0.140922261462441	0.0385956166953531	-0.0554296663709073	-0.13292357602526
912	Spis-XP-022790392-1	-0.0339351641252269	-0.0281189955578876	0.0504031134118643	-0.0330762544374051	-0.0146554733523746	0.122530879179511	-0.0211758931347288	-0.0513247164958992	0.132796220575142	0.0263215049868758	-0.0369041263989427	0.166237701841981
913	Spis-XP-022790424-1	-0.257311020297125	-0.315463501247913	-0.0950197155328873	-0.325050447866304	-0.248955493928706	1.50354410918588	-0.389190230113526	-0.332216423671269	0.251949982670344	1.30674681317268	-0.361491420509834	-0.318693533815145
914	Spis-XP-022790426-1	0.058338448437122	0.0104970734423464	0.0823887273962101	-0.0675344397354371	-0.178557007361794	-0.039343623109286	-0.109396773648524	-0.102290837054112	0.274280594497427	0.0350943057373976	0.0526745056087164	-0.175812631262385
915	Spis-XP-022790433-1	-0.10659892292513	-0.0560920564087936	0.0878570229924275	-0.113630190032194	-0.0779496432079931	-3.66535866977713e-05	-0.049409595398396	-0.107659848652144	0.0321922111059267	1.38589938217828	-0.0238576158049077	-0.142608108121694
916	Spis-XP-022790443-1	0.00111430232816123	-0.0248016685797014	0.0920840454944888	-0.037069230024682	-0.0383484961416128	0.0640548678279022	-0.0238898573371677	-0.040646752300938	-0.0238382504297495	-0.020562739319512	-0.0609188786567222	-0.067525585080822
917	Spis-XP-022790471-1	-0.0467106023928521	-0.0168619125230518	0.0580258264814004	-0.0309506855543212	-0.0204865131096645	0.00936127154756957	-0.0132715108873976	-0.00628876461375283	-0.0115367726573893	-0.00581252106876667	-0.0509041803696676	1.50286249378086
918	Spis-XP-022790506-1	0.143243454014011	-0.15421049460961	0.09613315449114	-0.180882268079216	-0.00278934562852179	-0.00565348169649554	-0.257451177767754	0.128270193503384	0.220266206907328	-0.188325157035964	0.777402503476212	0.519033786530871
919	Spis-XP-022790510-1	0.0127862482295988	-0.0330236646768361	0.0309376598348187	-0.0363425793666548	0.0195257454649162	-0.0548075937172042	-0.077517373760146	0.226753575996566	-0.0425685377841279	-0.00370198842931492	0.0918157772365107	-0.092618698646204
920	Spis-XP-022790554-1	0.00400797637027889	-0.00697777609240403	-0.0131613509326547	0.0203052713552497	-0.0133841544424927	-0.000100753464355719	-0.0131297461849448	0.0458555523415894	-0.0127913886562894	-0.012983696445948	-0.0124070803769465	-0.0124697294792304
921	Spis-XP-022790594-1	0.153669263314871	0.00670448687394767	-0.0424483388169707	-0.00202346147064639	-0.10869262710068	-0.0563476959843876	-0.188705523153503	-0.101386218443472	-0.163330359233081	0.199034944443092	0.0397241305920085	-0.117858431168082
922	Spis-XP-022790669-1	-0.259441782902241	-0.182339490512764	-0.122107423094159	-0.155507978436078	-0.207789369888783	1.39940680296767	-0.214457194027695	-0.0732354650509374	0.258161423735781	-0.225567345729779	0.000395633636388504	-0.0945249608079987
923	Spis-XP-022790678-1	-0.0220176689890197	-0.0159699078852931	0.102364180977	-0.0598962504296965	-0.00974353107875078	-0.0562382736727143	-0.00913363320315589	0.0173496211650639	0.0225399335884813	0.153317676823196	0.0692974022901519	0.0851597224082038
924	Spis-XP-022790717-1	-0.0200718031378142	-0.028522863867468	0.0918465065755933	-0.0718149839365195	-0.0321105404473083	0.218915719910862	-0.0236266527034357	-0.0676526635966895	-0.0316143537402629	-0.0642120157155614	-0.0639534288394095	-0.0658336993200269
925	Spis-XP-022790732-1	0.10345365942733	-0.0939544254317895	0.0201678223613977	-0.130892846475378	-0.091329285979871	0.380398313147727	-0.0727383294352765	-0.106288574115356	-0.0909426391005146	-0.0828910010297588	0.079274371696778	0.0949599490036324
926	Spis-XP-022790735-1	0.0123919216844661	0.00617910094889604	-0.0137111144224208	-0.109308036180778	-0.0757146197652849	0.180504361201947	-0.0174386389991899	-0.0415111495587519	0.145725673275506	0.15982891665804	0.0320606820825184	-0.0749883515026096
927	Spis-XP-022790776-1	-0.0890588353691328	-0.221584070087566	-0.0780375184496944	-0.165207905757903	-0.208647093027019	-0.161786196024702	-0.178286196506602	-0.182043822389903	-0.17127742506672	2.57573033647299	0.101716787941341	-0.207761729297243
928	Spis-XP-022790799-1	-0.0135701307884952	0.130133111818294	0.0220310562344548	-0.0934596105936758	-0.052315540506235	0.0894249559949535	-0.0942199817418822	-0.0870268028534991	-0.0582461453026695	-0.0970369136925192	-0.182987241222405	-0.0952228636621839
929	Spis-XP-022790806-1	-0.0134628908037985	-0.0511800873109717	0.0418573595257119	-0.0802097762290689	-0.0391198894733753	0.326210694996318	-0.0755443116680208	-0.0484417487900001	0.0237504941204495	0.0539315868335745	0.0358721077925303	-0.0893335203379585
930	Spis-XP-022790820-1	0.0271003044628785	-0.0286174157134231	0.0421642988405044	0.0131262469897171	-0.0499196052651702	-0.00372854791728553	-0.0221681012751193	-0.0151058175463211	-0.0304965767742294	-0.0456394683759219	0.0289787620166781	-0.0454538826897924
931	Spis-XP-022790828-1	-0.0217042070889494	-0.0628140151353921	0.0413644748744566	-0.072971786632154	-0.0095142815956157	-0.0117533094567348	-0.0511097471463509	-0.0330052684264985	-0.0601080690352549	0.963717673803662	-0.0635235989159587	-0.0662991595484537
932	Spis-XP-022790832-1	0.0461763527428067	-0.168108353327348	0.00808261505586644	-0.224078204681815	-0.177769040575364	-0.179712398637888	-0.214025945302334	-0.0652208739363592	-0.187003317501089	2.10601592688214	-0.102399185089947	-0.205946533607492
933	Spis-XP-022790844-1	-0.164504430022847	-0.126418195304099	-0.0469040026649248	-0.12139040438934	-0.101696367278345	0.755230433365963	-0.115180577634021	0.23016687182996	0.495357644354636	-0.0858891145482423	-0.0990921135976301	-0.153262153693489
934	Spis-XP-022790848-1	-0.425388949722184	0.831686390790686	-0.156979503635889	0.0430095302260673	-0.370020557167646	-0.240362739022525	-0.226059252094555	-0.371800967925437	-0.169145164257384	-0.39375567769652	-0.116337971558565	-0.405587833505763
935	Spis-XP-022790867-1	0.0300553638001011	-0.0304259898158722	0.107163958895737	-0.0549559986675446	-0.0107306204271931	-0.0125481074664095	-0.0466606024228748	-0.0544023872328735	-0.0523824848642753	-0.0376505665175017	-0.0496826080919883	0.230862480102953
936	Spis-XP-022790872-1	0.000168553948569392	-0.0384885141479958	0.0331499221033326	-0.0891386084313331	-0.0172436561208495	0.0359945338705422	0.00401143031472329	-0.0421914038726751	0.0283670079333232	0.136444400032938	-0.0821522699099983	1.49989327558268
937	Spis-XP-022790888-1	-0.0772752100700395	-0.0496213442020589	-0.0384516675031929	-0.0653573905536943	-0.0548125923042125	0.633330672348109	-0.0915260452233093	-0.0790094150686074	0.0593308069615616	-0.0779184705199469	-0.0873813594435499	-0.0820304731579306
938	Spis-XP-022790896-1	0.0249650462578851	-0.0104146292929524	0.0533314853930902	-0.0372931318069379	0.0596170819536456	-0.0404757325190968	-0.0686021129799899	-0.0675634613742767	-0.0119660701901139	0.00953996948368459	-0.0636145864475695	-0.0644074831639015
939	Spis-XP-022790937-1	0.0193493458843059	-0.00793312753751262	0.00985239722329676	0.0297374094830221	-0.0296020771415318	-0.0429817840149085	-0.0475712367704159	-0.0353137708669979	0.0318171607913593	-0.046476076928769	0.200500334681695	-0.0498583823089506
940	Spis-XP-022791019-1	-0.429573531121121	-0.400152927044761	-0.166701341819528	-0.374807242964535	-0.369925430515712	0.456175491621745	-0.374840058686612	-0.334705799025476	2.85664869362769	-0.270784564116482	-0.349613098620674	0.574535299441188
941	Spis-XP-022791021-1	0.0314925365805945	-0.0514401497406366	-0.0907584738066727	-0.0830831092799113	0.00580293232439155	0.0669246366644025	-0.0141371391987774	0.365750766416149	0.152835150046146	-0.0698854834950042	-0.0753341031855216	-0.124141330050762
942	Spis-XP-022791078-1	-1.29003474356544	1.05264573867699	-0.696081310297474	1.37520744336051	-0.81779265821704	-0.860838184806288	-0.793142402514688	-1.19946606764568	-0.634528447045199	-0.826007310187352	-0.423690709925436	-0.709033361612992
943	Spis-XP-022791088-1	0.29028668505766	-0.190259404693668	0.16336440242996	-0.254555744973905	-0.110593716522384	-0.128402848196286	-0.236195320706289	-0.0547406128420616	-0.0880585760261298	-0.0409989556986168	-0.355474109638526	1.94117233231449
944	Spis-XP-022791098-1	-0.0199819415233203	-0.0192147303584135	0.0347538544406426	-0.0292401688232799	-0.0288019954266059	-0.0308349540047486	0.0123480493869539	0.216336525719343	0.00333110466603366	-0.0118003338171976	-0.0304228118759835	-0.0289980963365936
945	Spis-XP-022791118-1	0.0265537977659401	-0.528681141060926	-0.381087223332591	-0.467817923627512	1.61377076653686	-0.400178181402969	-0.563374888454369	0.878387342349518	-0.458523093374598	-0.359607366158369	-0.357654328952317	-0.543812168317306
946	Spis-XP-022791128-1	-0.013474768282444	0.000643214875570994	-0.00489522846993454	-0.0315671588026578	-0.00520869463225165	0.0764121992570373	-0.0167459799053466	0.121733754242578	-0.0534888020686731	-0.010826958598549	-0.0179083238240309	-0.0647664800045107
947	Spis-XP-022791132-1	-0.0490739166311809	-0.0410905226863372	0.0580303552945519	-0.0467210737249229	-0.0176430590170496	-0.01450755621401	-0.0543888555905279	-0.0358794918517374	-0.0123355888476424	0.827483319334671	0.00899847620994759	-0.0542677830554844
948	Spis-XP-022791222-1	0.0205661032132939	-0.0105222171142061	0.021507025372487	-0.0146265105152244	-0.0259821167331144	-0.0255596339713867	0.0215600415233963	-0.0248521639704348	0.0168957413373994	-0.0244867243991882	0.0558129919267156	-0.024719277628156
949	Spis-XP-022791236-1	-0.0933140717096046	0.00835484970352864	0.0882146959379661	-0.0743966731120661	-0.0944025976633063	0.309675893386235	-0.101764056175833	-0.0295250488471268	-0.0951975067828418	0.376108709730349	0.0213826143546706	-0.102618525342973
950	Spis-XP-022791239-1	0.00960186670036866	-0.049204273257396	0.0104573682365144	-0.0165161797269256	-0.0267495378054404	0.113221953180287	0.0181649438837295	-0.00548403854796778	0.0654202108930006	-0.0611623369786853	-0.0618024637634667	0.162436437787309
951	Spis-XP-022791264-1	0.0614748822785406	-0.125417349356574	-0.0252801505590347	-0.188216458985043	0.0418241845710705	0.305057939451076	-0.16855702856065	0.0323944998157267	0.16946375692786	0.47614404977027	-0.157273418500051	0.48388561510096
952	Spis-XP-022791269-1	-0.0871300634750456	-0.05403089961296	0.088135732369142	-0.0515801770056619	-0.0113351158751488	0.257430172963682	-0.0742856637454944	0.118873631490475	0.0774696243415273	0.0245538848684835	-0.0727554369918825	-0.0895258681457389
953	Spis-XP-022791270-1	-0.317736612950734	0.376245350355992	-0.0562392471811051	0.025634397450326	-0.244559553575572	0.140924469558507	-0.0864551409166244	-0.312969258831397	-0.109626749856825	-0.117772138391349	0.242797536369226	2.10233119982021
954	Spis-XP-022791277-1	-0.287173934219436	-0.629516994330977	-0.113360062970431	-0.649832885163705	-0.475209220042644	-0.512939078342084	-0.656974385693823	-0.367707711095882	-0.466911315053729	4.06498513476255	-0.576182428757391	0.507030006597492
955	Spis-XP-022791301-1	-0.109073219122606	-0.0773448318520558	0.159092900371141	-0.130993122084406	-0.083235426524255	0.39084420118945	-0.0507869337319048	-0.0155057114077399	0.266039265110066	-0.090704677921565	-0.086273461136621	0.624171555144903
956	Spis-XP-022791309-1	-0.274213332304513	-0.249392504108827	-0.142271329764325	-0.379149323600637	0.245890474719697	0.20196347202917	0.4048957342971	-0.339789699475661	-0.00811452366721882	2.33868835625497	-0.200213699432937	0.414970995152849
957	Spis-XP-022791409-1	-0.730933130863694	-0.791455464054051	-0.790468328956444	0.398477401240491	0.0618192971897713	-0.125940415358644	-0.168640390829917	2.84338598832519	-0.374486226941458	-0.944439778875066	-1.21973077132691	-1.07010951210466
958	Spis-XP-022791470-1	-0.0806628521579147	0.150911348842896	-0.0485708008960427	0.0418295164856512	-0.0922751554282075	-0.02529368247823	0.0654698579545543	-0.100700686790382	-0.0442304733173481	0.0263744351140668	-0.0704435842795542	-0.0969773860718092
959	Spis-XP-022791509-1	-0.234125323730585	-0.265776509697268	-0.126450888497062	-0.270998314925694	-0.266980403030058	1.26090082374867	-0.289074307474335	-0.0434175107520728	1.13709485083066	0.13335499636465	-0.165070045242616	-0.334196996676618
960	Spis-XP-022791511-1	-0.0283233467753881	-0.0665181473338732	0.079348126930788	-0.0932682360853537	-0.0670791104997073	0.37997446711286	-0.125361768216285	-0.0872632947016708	0.0848449072428837	0.183681735319333	-0.0482225001981387	-0.126628743550168
961	Spis-XP-022791512-1	0.177415415401155	0.0345897292249853	-0.283040155008798	0.158323206553041	-0.0802765529039043	-0.0380099249620584	-0.23419590204485	0.0026342277890119	-0.235362641808514	-0.0841679504469578	0.143437952226271	-0.285171338652118
962	Spis-XP-022791554-1	-0.288307807616626	0.196473519445415	-0.193668169978226	-0.114718153077657	-0.173407660117127	-0.367243076652563	1.31604910469265	-0.347720124394233	-0.198644996013219	0.124598750026899	-0.118407568955432	0.0145165576266407
963	Spis-XP-022791591-1	0.00937757145910699	-0.0256614903441076	0.00900456570661322	-0.0227510343241304	0.0658126668677109	0.015744079278279	-0.0368203516634739	-0.0181892061402099	0.0451496748918466	-0.0392360894373369	0.068374770620273	-0.0405137346752559
964	Spis-XP-022791615-1	-0.778693744385101	0.630491487863722	-0.4350622662278	0.923319683697735	-0.649986567891884	-0.501079758821284	0.445465514808296	-0.684544837788567	-0.508864069758534	-0.464326278008293	-0.398487651797571	-0.554107216769366
965	Spis-XP-022791674-1	0.0108228467575772	-0.0154426989333909	0.0429126017457775	-0.0327996318956959	-0.0196184580349651	-0.00176840466515539	-0.0300919765333264	-0.00583412181086532	0.0718025274818182	-0.0296330211912179	0.0796474023201594	0.0522931540800874
966	Spis-XP-022791676-1	-0.182641272829772	0.0391655478561139	-0.160312620172125	0.532297587644395	-0.207910623470704	-0.0932976539795129	0.0902615578653935	-0.164766146911211	-0.0559689405316826	-0.166602411381079	-0.240977205621395	-0.2329758022921
967	Spis-XP-022791679-1	-0.0107016486322939	-0.0105128251294633	0.0144745702854107	-0.016487831258584	0.0261805797413507	-0.00308933605172465	-0.0176337020768598	0.000519083615675354	-0.017208837764529	-0.0165955511535967	-0.0169840486667337	0.768007898916658
968	Spis-XP-022791688-1	-0.0158166245424595	-0.0217102616963928	0.0244014409831212	-0.0300825515303566	-0.0134120757832186	0.0311220387692933	-0.0153632202028514	-0.0179309141871628	0.0583913961825504	0.0597859332668979	-0.0261814477612879	0.904472870939847
969	Spis-XP-022791705-1	0.0411404931618323	-0.0201371757275341	0.0472492563208678	-0.0173939974530882	-0.0192951951158788	-0.0147541588258438	-0.0273522852008305	-0.0628523014588837	-0.0362015925163991	0.00612086779746279	-0.0831052673223073	-0.108483399270999
970	Spis-XP-022791731-1	-0.0155069443971953	-0.0360449512967398	0.0439934760204502	-0.0095112321557107	-0.0265891153045497	0.000354458230465125	-0.0201111612847996	-0.0276910471230156	-0.0297404648591354	-0.0294152412581476	0.0119100311930847	1.44825468046804
971	Spis-XP-022791744-1	-0.231626626839475	-0.0531124289335284	-0.132201013052243	-0.157017764408959	-0.182839836131715	-0.155755292936012	1.48959689492089	-0.270832679878402	-0.137479896364982	-0.0265668775269097	-0.06389367507966	-0.258145568982221
972	Spis-XP-022791745-1	-0.0335451309993413	-0.00643012013934909	-0.0241718724315141	-0.039924451558481	-0.0217088522972843	0.00277334860164911	-0.0168166074826243	-0.0434253348856603	-0.0440298380275855	-0.0435487321324466	0.00624598593470876	2.25054361721842
973	Spis-XP-022791746-1	-0.0322375215429979	-0.0194810047934985	0.0557457396751013	-0.0814983299084231	0.0189368437515434	0.0730519041325507	0.0151911520176791	0.0830936420103288	0.0142105479689705	0.00306380609555724	0.151255464908165	-0.0417193471688251
974	Spis-XP-022791758-1	0.00163352505824494	-0.010150644622089	0.0880240256021776	-0.0361266044255937	-0.0343509511783596	-0.0135342032649387	-0.0287416091028567	-0.0176628203864255	-0.017932817573431	0.0434537860732911	-0.0311242804263518	-0.0303487746071318
975	Spis-XP-022791765-1	-0.0158260273591553	-0.0308913567931986	-0.00452296718936102	-0.0170979384597171	-0.0230989116010815	-0.0277774139459629	-0.0167997190119649	-0.0426114712458175	-0.0462907244104956	-0.0240419207762656	1.48054528683713	-0.0486856599300948
976	Spis-XP-022791771-1	-0.0693760631165204	0.0776895857094392	-0.0541901649488726	0.0250857979453769	0.054876008148289	-0.0423465014885778	0.141500415616082	-0.0631778318141346	-0.0853900342082813	-0.130777642931772	-0.0481837281607603	0.408147687232999
977	Spis-XP-022791794-1	-1.00325146753874	1.82152631304287	-0.432598146855568	-0.379981355810614	-0.839865644841872	-0.643424835843798	-0.641729443306063	-1.01392600614447	-0.468046180143408	-0.466584322167238	-0.195342359402217	-0.775377550627831
978	Spis-XP-022791818-1	-0.0296282852874855	-0.0371095630672174	0.112989977691116	-0.0900148741467195	-0.0225585554264795	0.202312188199705	-0.0641057942408609	-0.0317466060551374	0.0044205319104438	0.0791511058548072	-0.0883325541001351	-0.0853575758600051
979	Spis-XP-022791835-1	-0.0147341042474179	0.00744955948260298	0.000405621639934021	-0.029409692203431	-0.0270405201226553	0.0406745440066416	0.00791581551900841	-0.0306207885649947	-0.0304008732516005	-0.0305924786830503	-0.0307617290305982	1.15159423843538
980	Spis-XP-022791855-1	0.187312126012926	-0.0893361981149565	-0.0542483290143862	-0.0457320219622042	-0.0753610266565336	-0.00723267038309636	-0.0215494850378391	0.00384097893528713	-0.0915650554380192	0.0304398536305552	-0.00250424861674062	-0.0907602943532258
981	Spis-XP-022791880-1	-0.735689146371582	-0.755507301760828	-0.617391823414898	-0.752035711582005	-0.567612101922883	-0.592268848825463	-0.641570041200584	-0.74798037399746	-0.642783852427794	4.83627565886167	0.158902503735415	-0.631869945081599
982	Spis-XP-022791885-1	-0.424672111526148	-0.427538864172758	-0.363694971114067	-0.464199775928827	-0.376709345372374	2.3193239504347	-0.402893699185775	-0.424073953103497	0.372746523153615	-0.220924884239417	-0.336142351984901	-0.358396581370731
983	Spis-XP-022791890-1	-0.0395219393437212	-0.0264797424378881	-0.0682526182646468	0.0581577255253899	-0.0756501065698534	0.221365160129673	0.171380978241683	-0.119265162472546	0.0664365022183423	-0.106856658257411	-0.0111963786860719	-0.183060124018762
984	Spis-XP-022791903-1	-0.156419168211063	-0.149828213817219	0.0801613150101348	-0.239639558943879	-0.208102298291478	0.857016864527963	-0.174150203445287	-0.0458503232711115	0.361433720685634	0.345349065258948	0.797389335594344	-0.371158520643284
985	Spis-XP-022792004-1	-0.0127769088631567	-0.0474907665420921	0.00887070558562537	-0.0534917274247021	-0.0516449839290333	0.264370372948868	-0.0425906084879792	-0.0419702416604536	0.0596482740942209	0.091163853483113	-0.0479840549875245	0.485108853717785
986	Spis-XP-022792017-1	-0.542141963469457	-0.607107037395368	-0.481271450829398	-0.709858187513011	-0.566920042613095	1.70767786079292	-0.584851502837686	-0.622888520143057	2.84343926558218	-0.246662509064664	-0.667035673622602	-0.395569284030111
987	Spis-XP-022792027-1	-0.0191658558228044	-0.0601413979299489	0.1665428164127	-0.0794564271607279	-0.0376479502636149	-0.0414043698672258	-0.0700844656213572	-0.0725588840623819	-0.0159556345114218	0.613295421059075	-0.0925733712172432	-0.0934867958284843
988	Spis-XP-022792038-1	0.0180470195014214	-0.0231147116527928	-0.0835193035357963	0.0927805398439576	-0.0513925555958575	0.114576362541526	-0.0595915832073659	-0.0739338017404569	-0.00608384605234177	-0.00833958919712952	0.0785802314939324	0.295487355949967
989	Spis-XP-022792057-1	-0.123225298514336	-0.179420200622847	0.480165263119861	0.0152503683310961	-0.109959928710392	0.0872527871815091	-0.0981351686890888	-0.177705126612157	-0.15576898369332	0.0841519071149571	-0.18962423919328	-0.0587343635792139
990	Spis-XP-022792070-1	-0.0481859482511651	0.0276400569419417	-0.0194209050655003	0.0239509713134857	-0.0287641786981061	-0.0792161790194637	0.260703667520485	0.00398705211008069	-0.090150690499897	-0.0306186604640394	-0.0968640762826485	-0.0880490351458658
991	Spis-XP-022792092-1	0.0834544823493753	0.00832051069784476	-0.00114612484501653	-0.110729453412678	-0.027220242552186	0.0494451435649728	-0.0970008694833004	-0.0657005870875217	0.0152906310127159	0.0901113223556778	0.13032400820322	-0.164435061569111
992	Spis-XP-022792119-1	-0.53046059103822	-0.525624770391785	-0.446030410548504	0.887217506383517	1.20360083619192	-0.721500143820434	0.296600688527392	0.246568411069809	-0.760786122327932	-0.783564351488995	-0.825291532146331	0.0666487114842997
993	Spis-XP-022792148-1	-0.455982741271034	-0.387129428941381	-0.334302639883665	-0.483554979091528	-0.43905623551635	2.12488503961837	-0.405121728275852	-0.37681074909469	1.08489616385203	-0.371686320545427	-0.413204326058579	0.922919874908422
994	Spis-XP-022792157-1	0.325875466590649	-0.20291161490524	-0.145068059693286	-0.10366462842042	-0.211798481345528	0.056642797612694	0.132298990958679	0.251434737045542	-0.171960528960817	-0.156469104353463	-0.211238088043465	-0.126170873196159
995	Spis-XP-022792185-1	-0.177938836655459	0.287847955940406	-0.0943984748684702	0.0355653935716141	-0.0922056451385225	-0.00458207700853064	0.202538416445709	-0.191533044948639	-0.145963263150962	-0.190507554708122	-0.0516997861290026	-0.174249957449992
996	Spis-XP-022792220-1	0.0052817219215433	-0.127754091126515	-0.103386277143802	-0.148747362038397	-0.136701805079031	-0.0972424532349965	-0.130125976166919	-0.13047958378384	-0.118701290952142	0.152421333023433	3.13465514702591	-0.172522321733167
997	Spis-XP-022792222-1	-0.0557172169654693	0.0937133330301621	-0.0276847834861697	0.0766887759044522	-0.036390122859211	-0.0569039774107009	-0.0206382846103659	-0.0547578033933322	-0.0382588612553103	-0.0545773904828357	-0.015091372123406	-0.0536650966809393
998	Spis-XP-022792257-1	-1.48033050796853	-0.166670744372594	-1.04060652654779	1.91120713722139	-1.28355404374867	-1.34875730807049	1.86904738150669	-0.9211921227714	-1.17079301910958	-1.29391460445384	-0.838008797116745	-0.969217373741442
999	Spis-XP-022792389-1	-0.0331243365565168	-0.136751635758114	-0.14253523783406	-0.116484036879822	-0.209685705332803	-0.0844069315115945	-0.233180135256042	-0.144817384873307	-0.0517865335076941	0.0934822370686297	3.42672541305187	-0.269167591904692
1000	Spis-XP-022792390-1	-0.01276570867153	-0.109007879495435	-0.118095776268504	-0.103283241797681	-0.0996462008515512	-0.125848934827052	-0.125676064950066	-0.0945174715885324	-0.065789438308497	0.00500223833400668	3.06186930532951	-0.160707349771982
1001	Spis-XP-022792391-1	-0.0434072802223145	-0.164683944297687	-0.0430478944195132	-0.169120258457294	-0.100811468421622	0.0614442970465655	-0.17808636234009	-0.136783925629503	-0.0339528566581161	-0.111988482055387	3.1845123875159	-0.173298976845003
1002	Spis-XP-022792395-1	-0.0358314451224346	-0.0989507516803963	-0.101947194022486	-0.106247961222334	-0.0623220043200392	-0.0757995799221515	-0.0922147139262063	-0.08796011225783	-0.0314113397590052	-0.0783726434874347	2.95449323961631	-0.149985616398704
1003	Spis-XP-022792396-1	0.0449465812191313	-0.0393796039239785	-0.0242694824193653	-0.0701133122173517	-0.027218930847746	0.097982114736516	-0.0677410301361945	-0.0684733519446424	0.00578190898722175	-0.0822643849055318	1.1624204819658	-0.0182161362677677
1004	Spis-XP-022792401-1	-0.0189751259758601	-0.0666972095252236	-0.00611469129950443	-0.132219170597397	-0.0756136168337398	-0.0796736053989242	-0.0805211528743933	-0.139177076014341	-0.0687727411942277	-0.0232348652778327	2.64856477013254	-0.145698764426943
1005	Spis-XP-022792402-1	-0.00604367691401009	-0.0414329155866436	-0.0268435362328969	-0.0487163545231426	-0.045809894747112	-0.0280660618264558	-0.0441550878913502	-0.0339413664937703	-0.0434643051912685	-0.0370687235962435	1.88853059023242	-0.0528484492637607
1006	Spis-XP-022792410-1	-0.0723362218482664	-0.0486797662662178	0.00474739725272232	-0.0844609865484205	-0.0124695070845287	0.51760596123285	-0.0742461274796731	-0.0642921792361563	-0.00349634938648841	0.0669445852593331	-0.0337521714109572	-0.0522245519953162
1007	Spis-XP-022792446-1	0.0127312872897829	-0.0326118920640973	0.0118812337770657	-0.0400219403065788	0.173999385785933	0.00641806402561229	-0.0504905396766366	-0.0502804612848107	-0.049994092485349	-0.0487982734994488	-0.013317322159585	-0.048142895735656
1008	Spis-XP-022792453-1	-0.00307722482661806	-0.00205735715917023	-0.025641990703298	-0.0537235972307701	0.0269848528466959	0.0987326885834236	-0.0435724291993837	-0.0380078194693701	0.237205872374295	-0.086717353097972	0.105788704433288	-0.136723865323911
1009	Spis-XP-022792474-1	-0.171076885325964	0.137453723390411	0.20979301415066	-0.0949102855188385	-0.0845335937501109	-0.068217822012598	0.115379617423603	-0.193157040944084	0.0917353706523579	0.0264416940602231	-0.118950229591917	-0.00912622577953279
1010	Spis-XP-022792492-1	-0.0202912580208507	-0.0218341246771981	-0.056225963749415	0.0388113263214317	0.121253232302448	0.0489216807591079	-0.0133683578986042	-0.0802507181334333	-0.030557185798062	0.0744903121637318	0.0806092060126481	0.0493612430923585
1011	Spis-XP-022792526-1	-0.00226022942909987	0.0122479572788864	-0.00673768737645319	-0.00981790213389752	-0.0164921561288617	-0.0166369671589243	-0.0106328169474708	0.125909370226548	-0.054076658971431	-0.131849015481751	0.212371690085115	-0.0277751071122403
1012	Spis-XP-022792541-1	-0.200060517040268	-0.263265608318691	-0.0858682136099518	-0.275914180003975	-0.00772452924501643	1.02370962523549	-0.291030759322686	-0.247669047384149	1.05467781401121	0.670056319094644	-0.259307914802022	-0.335623928201365
1013	Spis-XP-022792554-1	-0.0905063458874269	-0.101635075746205	0.398087273378697	-0.181005249746316	-0.158910743639353	0.281495909740433	-0.179602942763311	-0.151283109160522	0.000795169627619413	-0.0663843668913588	0.824795265522586	-0.203674335607987
1014	Spis-XP-022792565-1	0.0302735459785063	-0.00254246482950769	0.0443816492982377	-0.106289524705136	-0.0422931775564915	0.0847210459812429	-0.0248852677439843	-0.0575127098885117	0.179192288762834	-0.11843360615056	-0.11422513971741	0.134961744413008
1015	Spis-XP-022792579-1	-0.0421185118559991	0.0155976920084671	0.0251906490384434	-0.00349834973218047	-0.0387631716471591	0.036161685491403	0.0554032767201397	-0.0367094441174971	0.0772585338345469	-0.0134881143755089	-0.0448392487673111	-0.0429135627962126
1016	Spis-XP-022792585-1	-0.53341572744024	-0.531880717656335	-0.233096493937541	-0.556114780863388	-0.460111886429514	2.29662825677708	-0.288061263103075	-0.431231190821229	0.782302630785766	0.421364036238786	-0.459695653797214	-0.379642730164063
1017	Spis-XP-022792606-1	-0.182411210161071	0.229983565326741	0.0449230702151821	0.175572735108124	-0.195581820175491	-0.060655300524402	-0.109867688000557	-0.192254017109528	-0.038204317780613	-0.141486770233462	-0.142689636778593	-0.225378672077077
1018	Spis-XP-022792614-1	-0.197923641542362	0.384926745860821	0.136629302703566	-0.101760810293162	-0.155393771158842	-0.111374610077917	-0.105063725667379	-0.29899708307079	-0.136676459017282	-0.0456252176395397	-0.14476185078649	0.0404721119245706
1019	Spis-XP-022792629-1	0.0372002761361133	-0.0445067333883737	0.140016902854372	-0.136418557341226	0.00172947379530874	0.127803834073961	-0.0840608392215169	-0.144771064909073	-0.0554999056206523	0.139552693954231	-0.0610040673226487	-0.18289829863629
1020	Spis-XP-022792631-1	-0.00364297622516628	-0.0334145897994389	0.121855529536226	-0.0698980823141921	0.00305145549862114	-0.00640850000451551	-0.0441948035565948	-0.0112121597206324	-0.0283092916559679	-0.00631836144174922	0.19171176610877	0.269692417478379
1021	Spis-XP-022792639-1	-0.0182949823247182	-0.0281479732357751	-0.00773299762048088	-0.0342436920169186	-0.0497987941295992	0.0493772090651177	0.0124703547815763	0.277963395155896	0.0144669931951513	-0.00342679686367904	0.0147494977756049	-0.0864004139960115
1022	Spis-XP-022792666-1	-0.02147382674347	-0.0138707428557493	0.0503826851196904	-0.0116518137707595	0.0340310625048138	0.00169481281239794	-0.00620389135956136	-0.0244589878259472	-0.00900840194420085	0.029924928993019	-0.0238271830132188	-0.0230742594157341
1023	Spis-XP-022792668-1	-0.0246574662814222	-0.0340248018428977	0.139530961090777	-0.020438511958417	-0.0329128330089079	0.00122947013476206	-0.0316761330665873	-0.000305915693192396	-0.0265531194887215	-0.0294628449886059	-0.0121428782834539	-0.0296375188510023
1024	Spis-XP-022792670-1	-0.0999088113653414	-0.213015302973779	0.89094496377904	-0.225791212071601	-0.213534569704112	-0.0837306999802991	-0.358947487783243	-0.287605279449519	-0.161285380234726	-0.272777026418959	-0.329862107143355	-0.360739397793194
1025	Spis-XP-022792674-1	-0.269190619130722	-0.241470414919022	-0.208943341691878	-0.207963016273231	-0.240952655498395	1.65259410188686	-0.211060977630149	-0.247631366082311	0.291592719613681	-0.206469668647323	-0.254806947095722	-0.248773234400722
1026	Spis-XP-022792678-1	-0.0176029784323022	0.164375928098265	-0.0377392530412939	-0.0566775121456867	-0.0492405859042612	0.00814362418619355	-0.121010206330179	-0.0607306206480258	-0.0992204658690553	0.0649278563814512	-0.0190228283020617	-0.112156478649294
1027	Spis-XP-022792757-1	-2.03435109727302	1.1169407709627	-1.23528167258678	2.10307975636998	-1.75177734894842	-1.43903047499859	-1.76684243315433	-1.78264980806183	-0.59944367272743	-1.17135420521891	-0.586182324736341	-0.795388482609896
1028	Spis-XP-022792782-1	-0.183416521532148	-0.140814666820527	-0.0804869792899731	-0.159977934136788	0.583780241453755	-0.177957604077622	-0.181194207388866	-0.0927094977576446	-0.0889606345376528	1.73059181059993	-0.106487477293932	-0.195240133641676
1029	Spis-XP-022792803-1	-0.453333111311616	-0.508431601749664	0.132026063223783	-0.482164427514004	-0.317105889118897	1.53381400677067	-0.383134606870375	-0.290998636993926	0.329916735958165	2.01600568371157	-0.4850451164261	0.100632869977376
1030	Spis-XP-022792827-1	-0.0183731866519118	-0.0298317844522282	0.00919833736118104	-0.0412080491326359	0.128252487951674	0.00713975975893661	0.0192956787850922	-0.0129458514407648	0.0600579769916417	-0.00702721729652726	-0.041592799912966	0.0707245793176154
1031	Spis-XP-022792844-1	-0.55245220462082	-0.390120518245007	-0.321522973054699	-0.193700798912699	-0.38597555526082	1.9344213892606	-0.454177715936804	-0.317141543290528	1.42945157220432	-0.379867584654107	-0.551977780549639	-0.563399174273791
1032	Spis-XP-022792880-1	0.0803553061650734	-0.394454403889647	-0.20751817831051	-0.112097723510765	0.686518080326772	0.181219299242111	-0.235891688292364	0.43395792203356	-0.416920868970616	0.703921567197043	-0.523219789737691	-0.781773306079638
1033	Spis-XP-022792899-1	-0.0127130391011038	0.0123475527319037	0.0148482289993299	0.00537125794740387	-0.0352157434646272	0.0109369559173115	-0.0362783582005409	0.0280058780956192	0.0192152226419694	-0.0291709813242427	0.0483047771344672	-0.0301108578302587
1034	Spis-XP-022792954-1	-0.0237558182009549	-0.0560668108493907	0.0564205185177518	-0.0779139444801835	-0.022330696100582	0.277164019187577	-0.0537626120233	-0.0484379971666806	-0.0217416577707197	0.244736991792503	-0.0792406333704258	-0.0791094859008643
1035	Spis-XP-022792972-1	-0.0186003883078886	0.0473204736013483	0.024497300975801	-0.0398202892055445	0.0116627280408772	-0.00891313941794489	-0.0176545324982658	-0.0450975296174679	-0.00988775620878192	0.0225972821384004	-0.0428730602676045	-0.0430814390987174
1036	Spis-XP-022793005-1	-0.0215331035540618	-0.0400574980833486	0.034895306291489	-0.0444861523031636	-0.0189949944119455	0.140458610816247	-0.0124333500972795	-0.0321042666151798	-0.0405679105651971	0.356465385836989	-0.0425634252645241	-0.0774883484163734
1037	Spis-XP-022793018-1	-0.102741653755079	0.214475736020962	-0.00682009403380213	-0.0640906958818436	-0.0351128270133476	0.0785301240306044	-0.0967792589710257	-0.0936978880757559	-0.0582448939767665	-0.115225919419076	0.0398257756553169	-0.112878372623318
1038	Spis-XP-022793026-1	-0.0482511244416563	-0.178187385295122	-0.057236937532171	-0.203190491458823	0.416685455427044	0.599117270794245	-0.130890458840819	0.0514729395632979	-0.0872899015328698	-0.15956891473192	-0.117994905225964	0.0417650458283425
1039	Spis-XP-022793029-1	-0.0903170797983365	-0.0120493170843183	-0.0563022056076715	0.123389123308019	-0.0178298957249279	0.00191731838801856	-0.0128318816664752	0.211192930152577	-0.0623039980638402	0.0645318026056183	0.36328522969882	-0.0889056400019446
1040	Spis-XP-022793031-1	-0.308415072268599	-0.217530962408269	-0.221589592711013	0.614420075627099	-0.0887011695179974	-0.229573828643109	0.105411043357559	0.939903732139635	-0.272719626225071	-0.0914149067027941	-0.337401358962327	-0.384771623869665
1041	Spis-XP-022793036-1	0.0139143549994385	-0.00813690225626812	0.0906436897837749	-0.0395665341971014	-0.032657975561905	-0.0528541485070425	-0.0260729356950445	-0.0417524552399406	-0.0703218199390529	0.160962312612314	-0.0964982082325164	-0.0024892942612149
1042	Spis-XP-022793052-1	-0.163297646795404	-0.0574315325581007	-0.00158744066368574	0.0173395120115249	-0.165408399249113	-0.0177263561324859	0.0805151544080903	0.82665502342839	0.014054184349046	-0.23106308838622	-0.033398899777906	0.666601422980067
1043	Spis-XP-022793096-1	0.0101145356084175	0.0104556684060257	-0.25156965047243	0.284536455319608	0.121294600328149	0.0728675628136463	-0.238701295173064	-0.089833717571519	-0.20261091466123	-0.128980491143185	-0.0992059907032903	-0.397162435174163
1044	Spis-XP-022793102-1	-0.0215576045547285	0.0215485876050929	-0.0195418510457995	0.00309195546193662	0.000987380962583016	-0.00301494374345768	-0.0445765847963444	0.174699088739845	-0.0484129596917433	-0.0581645468714749	-0.0520244067983316	-0.0439766435692439
1045	Spis-XP-022793128-1	-0.0483383470676968	0.210143226983963	0.0146249271888232	-0.0910852025495085	-0.064956665186749	-0.113554620903975	-0.0392325703395339	-0.138246222150012	-0.0162790381946622	-0.0696169544697201	0.305838708511244	-0.118496311456832
1046	Spis-XP-022793141-1	-0.117427344937937	-0.087654699298813	0.238922996593156	-0.166783058726957	-0.137677594212295	0.0854087838120582	-0.0957998708312008	-0.116702354866628	0.0440553737001673	-0.124080901225696	-0.104951642022405	2.99506833270467
1047	Spis-XP-022793144-1	-0.288811393183884	-0.291822119395177	-0.167893646659378	0.703527700847532	-0.287343807982436	-0.0429954587868147	0.513668174190022	0.0625981573767425	0.265145794769378	-0.278731593665229	-0.15658978560876	0.0532059840644798
1048	Spis-XP-022793145-1	-0.124370648256085	-0.102580516482093	0.0194825061843291	-0.134945750187219	-0.111642636589307	0.751589420378921	-0.111754303517662	-0.0280675530158513	0.0342997860741231	0.425632530746224	-0.108045471431322	-0.137787103422849
1049	Spis-XP-022793155-1	0.00279636905711051	-0.00587863461426031	0.00141053062475929	-0.0136848234116532	0.0301939520148034	0.00249801838167815	0.0250379021808819	-0.015540511757795	-0.0154284406625426	-0.0195028731337354	-0.0211414613314684	-0.0204139636826631
1050	Spis-XP-022793194-1	-0.184672552596397	0.0236015999784888	0.416594294296554	-0.241563204370871	-0.104223713965256	0.00828694926876222	0.00118703826091915	-0.251815283761272	0.101166803450039	0.129834818433298	-0.176492084964042	1.57338882064088
1051	Spis-XP-022793199-1	-0.23475668436073	0.254868942090194	-0.154929354352587	0.392030384276557	-0.127644503547275	-0.240806321991336	0.166470574111956	-0.316465940017006	-0.383442820747988	-0.1781948709289	0.362913095337849	-0.393827439119086
1052	Spis-XP-022793204-1	0.0207189981431502	-0.0446622683992134	0.0528393264516352	-0.00335684041107399	-0.0339600726840478	0.0382697847119582	-0.0313845029321565	-0.0534928630997203	0.0294380871734035	-0.0597928042968092	0.206974902289505	-0.0719340912942983
1053	Spis-XP-022793212-1	0.125098024817773	-0.0617807087535511	-0.0232284463367074	-0.0378785172763629	-0.0536178424964305	-0.0100728697611501	-0.0262195163160633	-0.0286254338853395	-0.0288588163773502	-0.127995372716841	-0.139434256646542	0.91247613971123
1054	Spis-XP-022793214-1	-0.558203033053921	-0.437844132010201	-0.481707905217875	1.27860449201355	0.142588068535985	0.00734417326761327	-0.355656867254205	0.0428604234271777	0.458709021460876	-0.387214467084661	-0.427164522504436	-0.205050918487245
1055	Spis-XP-022793248-1	-0.217849587066378	0.142404994501323	-0.00150984394655329	0.1882363367408	-0.393306381130255	0.168416087789182	-0.349199242745147	-0.318480821381259	0.732277597487632	-0.0978052003050335	0.924889638097412	-0.511789446533258
1056	Spis-XP-022793250-1	-0.349669789894353	0.659702511420354	-0.130092862868995	0.00937128448577224	-0.275418038697164	-0.0351743180486713	-0.123247424820876	-0.311803340976408	-0.166943991279081	-0.27126232484277	-0.262527728797001	-0.0274838246084792
1057	Spis-XP-022793253-1	-0.0275265987311287	0.0668587861764624	-0.0562060765004625	-0.0643538175515733	0.0249376013095543	0.146007664491401	-0.0387468291436017	-0.0902234361564493	-0.0190150258436247	-0.0286605441674879	-0.0592799265350528	0.828172958594516
1058	Spis-XP-022793293-1	0.00942093203529462	-0.0117650153010931	0.0023695221023161	-0.000560808466595147	0.0102429050875523	0.0270509451085104	-0.0322924064268295	-0.0206912173141694	0.0173722616569217	-0.0309457822430514	-0.0310122936875073	0.0894757807349296
1059	Spis-XP-022793344-1	-0.195017995200574	-0.293150231062178	0.658674902117272	-0.408291466748568	-0.235646584696859	0.51475627897133	-0.402427315456199	-0.145060012725107	-0.109449018592802	1.25464311195781	-0.0725991601566587	-0.481355451226492
1060	Spis-XP-022793352-1	-0.0127244853060658	0.0357788192383195	0.0974633408457813	-0.154730729707167	-0.00261106475717784	0.0785895274546778	-0.0565140152364581	-0.115366629168381	0.128345137718905	0.0691342275398064	0.0268101493591094	-0.176496308447396
1061	Spis-XP-022793353-1	-0.624442618542115	0.890349893339963	-0.163876668760758	0.0983562845878413	-0.470245999176052	0.00393710750987442	-0.19775869258833	-0.421992775347282	-0.229217330484688	-0.405530162413191	0.103297695947208	0.253853847652461
1062	Spis-XP-022793367-1	-0.00439122549891779	-0.55020258610158	0.925494462013324	-0.425450196601441	-0.619998127036445	-0.597044040565909	0.24069620853581	0.896795938088612	-0.306913487107257	-0.271889415580448	-0.22897501002605	0.616858554664582
1063	Spis-XP-022793373-1	0.106978847752645	-0.0170197686054317	-0.0241085715786627	-0.0527453055263455	-0.034526628175291	-0.0506272511083192	-0.0483486500275455	-0.0181227162040734	-0.0327298108187096	0.109682688155424	-0.041389294157639	-0.0579226941914228
1064	Spis-XP-022793374-1	-0.0610854240233029	-0.0398568138644071	0.0829287435572237	-0.0298234800185204	-0.0806845702693843	0.312850117924026	-0.0693826438928643	-0.0515912437374827	0.0266591369265993	0.00570065681844548	-0.0327505815136271	0.0739574015207122
1065	Spis-XP-022793420-1	-2.43840215024168	2.26044629837979	-1.30430271848026	0.68397096578018	-2.61608924715563	-1.78983165066907	0.518401604646792	-2.75366066617343	-1.45005807587123	-1.42787675854032	-0.294191065321386	-0.607195860681438
1066	Spis-XP-022793452-1	-0.0250561328205905	-0.0398996782732049	0.12157849431323	-0.0314586135174666	0.0505888672407638	-0.0191739506739957	-0.0419715313291212	-0.0395252201936255	-0.040989131331527	0.110841602033007	-0.040450621329088	-0.0399747841805372
1067	Spis-XP-022793454-1	0.161380638485501	0.0633911909682852	-0.0274780782837749	-0.311576632003737	-0.0031532312572895	0.172984968196354	-0.154674557170958	-0.384346756575596	0.232190018171906	0.0816316858070684	0.122037325661525	-0.547205469050635
1068	Spis-XP-022793480-1	-0.000781114893757442	4.33961718515202e-05	0.0293526970449381	-0.0404421780622393	-0.00574267723932759	0.0626078852101249	0.0146294163606108	-0.0468568082109485	0.038643953699668	-0.0731500805162876	-0.0599837498193801	-0.0887775485938959
1069	Spis-XP-022793481-1	-0.0247815849195714	0.0172038752838137	0.00609351357016633	-0.00709626296055372	0.00128366097734534	-0.00325946039254156	0.0844741593377158	-0.049129187321278	-0.0341268987302579	0.0120769953729343	-0.022659093970096	0.10151762436728
1070	Spis-XP-022793515-1	-0.034830578130216	-0.035689206814111	-0.0139764772935464	-0.0360681777984388	0.00906727257727739	0.235381412831207	-0.0209929780265505	-0.020849557998885	0.167785666576837	-0.0308599648945275	-0.0378990501136394	-0.0349161123207331
1071	Spis-XP-022793537-1	0.0358951461854796	-0.037002975194208	-0.0147235675697554	-0.0321993465640675	-0.0240455733268885	-0.0398469915643274	-0.0462194557926181	0.20607562009107	-0.0633532043251457	-0.0173790737150274	0.159678640654156	0.648584043154666
1072	Spis-XP-022793571-1	-0.0734355174690592	0.362675424877695	-0.382364912360765	0.476296067793018	-0.395358300888837	-0.434023885428791	-0.270576854066649	-0.0352590311619441	-0.301480784727311	-0.0275709759702993	-0.00152156332476505	-0.573592342257891
1073	Spis-XP-022793581-1	-0.0136412859459946	-0.00831368425627527	0.0718386512875268	-0.0421426454855385	0.0848965397781538	-0.0220193943939714	-0.0409411119914357	-0.0553925852806016	0.0590280894654379	-0.202992575281604	0.0652488133585606	0.15126792437051
1074	Spis-XP-022793588-1	0.0119336165273954	-0.0459359776450642	-0.0289464824717297	-0.0568902166992454	-0.0225700601034037	0.161403281146101	0.00788935217564456	-0.00753915329789739	0.250363708864234	-0.0689295143251102	0.0778590804171239	-0.0736888257706703
1075	Spis-XP-022793600-1	-0.00816482725764156	-0.0298744176374615	0.0453515000272917	-0.0373943231375819	-0.0170010143686817	0.148815669295952	-0.0392636833578585	-0.0131516401294338	-0.0382552376910047	-0.0377564092795318	-0.00857764417871469	0.295150739650677
1076	Spis-XP-022793606-1	-1.2747864122332	-1.68570543415185	-1.26264720719224	-1.27272854478261	4.0895832617168	-1.24674517041824	-1.56911850632541	0.00864611523098402	-1.54654590665825	-1.24132423368241	-1.32959026775854	-1.13629664703233
1077	Spis-XP-022793618-1	-0.0387724575765198	-0.00701472321810501	0.0961142562759515	-0.0326500787950558	0.000129001845726145	0.0472118103592191	-0.0403354225315007	0.00807226385077578	-0.0561613789230184	0.0267356713242708	0.00852725335477297	-0.0790978138955643
1078	Spis-XP-022793640-1	-0.0168589197201902	0.00791190185458259	0.00995207255565439	-0.0293947594347683	0.00605944702528778	0.0239280052119292	0.006738787097743	-0.0121667374557188	0.0462472711337762	0.0667290506122773	-0.0269592454098826	-0.0304423864693657
1079	Spis-XP-022793643-1	-0.061758931048283	-0.0431554891678322	0.0901310960599327	-0.170862205982053	-0.0282612510316157	0.0106488373531353	-0.0344613076854277	-0.102741968007552	-0.0288207388320771	1.20082782790048	0.101740072015555	-0.151227443700798
1080	Spis-XP-022793687-1	0.170791952725044	-0.0188667247950588	-0.176800540449093	-0.11157638588696	-0.0792082731364641	0.0982944157649371	-0.125819759756564	0.0482191221757682	0.348243003041606	-0.0779005904265384	-0.125471781835515	-0.170158505985711
1081	Spis-XP-022793699-1	0.0183870166773111	-0.0157824395642413	-0.0294669915146959	0.0349555018685162	-0.0441322493077842	-0.00105550132131171	0.0246547215346941	0.0108819441385407	-0.00294273459639167	-0.0171244788171606	0.0831991618187343	-0.0436626103314613
1082	Spis-XP-022793720-1	-0.000605251122118011	-0.00475059209360701	0.112177462886626	-0.0643360257293506	-0.0375801118532693	0.0181476742804257	-0.00419254678742587	-0.150764348574109	0.073461963230968	0.038677730259926	-0.0392378384110438	-0.16273287089993
1083	Spis-XP-022793776-1	-0.0729994561681673	-0.0844420720898926	-0.0613040650764807	-0.0181746815478624	-0.0800089285198308	-0.0372114808535034	-0.09136784135212	0.0616294878841395	-0.0448030361904128	1.5065639439211	-0.0708944870802582	-0.0868592839316644
1084	Spis-XP-022793814-1	-0.0185852832451178	0.0590166829579682	0.016625566936561	-0.0298420844072168	-0.00199291989971639	-0.0237578607765975	-0.0443834087164282	-0.0279182644959007	0.00171154012044918	-0.0102509974059916	0.047818695152983	-0.053669000162809
1085	Spis-XP-022793819-1	0.0714634927821444	-0.0772560513085536	-0.0237544073261275	-0.111088034569468	-0.0850584176298791	0.0150927964795467	-0.045326764489463	-0.0847214370535029	-0.00798394952041057	-0.0383019134483811	1.86794702630383	-0.061325463565444
1086	Spis-XP-022793831-1	0.28551146829758	-0.611484699477899	-0.557954148718513	-0.757037543134101	1.52804686081937	0.680376591525081	-0.832628820760725	-0.14663449482449	-0.346497673414516	-0.2215242223541	0.00252861076077515	-0.379596397693668
1087	Spis-XP-022793834-1	-0.126410610402669	-0.129608815232965	0.195602655180738	-0.263065431437912	-0.23538623039373	-0.0699926283884502	-0.225184199986863	1.17435032997525	0.186051634058896	0.0242445173780289	-0.229266915881909	0.362708417249815
1088	Spis-XP-022793850-1	-0.118951420604515	-0.381995586791695	0.133379066677705	-0.511859665138089	-0.474531768057344	-0.392662920483173	-0.494769989180032	2.26344226436063	-0.100844147343453	-0.11357037586078	-0.560662083161914	-0.1071108977923
1089	Spis-XP-022793852-1	-0.739191600208948	-0.795456188168382	-0.433627877813228	-0.858117812983847	-0.835936638915128	3.16726826723564	-0.830694919428362	-0.890650817523951	0.35658577075661	-0.305937414189977	-0.706520035373416	-0.495278348455614
1090	Spis-XP-022793906-1	-0.0989683438797276	0.0941808093604554	0.0992769043223521	0.0969351717750213	-0.127196521697166	-0.0427995766644116	-0.145636444236102	-0.0587215347497033	-0.157955399653845	-0.0655744625211109	0.0148523957949615	0.711730434132242
1091	Spis-XP-022793909-1	-0.14962419908435	-0.0502783282732361	0.0309013514907113	-0.133891177299449	-0.0521792006372622	0.471719364848276	-0.0792783227659691	-0.132073853389892	0.71547034140267	-0.0350702577559874	-0.151019996273464	0.42594226911626
1092	Spis-XP-022793918-1	-0.906953731553352	1.04518117448469	-0.417337889840201	0.479946565813224	-0.884954349655647	-0.597347624041321	0.766396132268204	-0.86992840733399	-0.731215983253181	-0.76256239818051	-0.0816770797171729	-0.846784078503204
1093	Spis-XP-022793945-1	-0.130463605922047	-0.121376239296713	-0.129876082794093	-0.0352553651831129	0.911150675852716	-0.111549169876023	-0.106428564503106	-0.103309903618667	-0.116672316190638	-0.118699412689917	-0.118286092782816	-0.117462743248921
1094	Spis-XP-022793971-1	-0.748617766436017	1.02683058378822	-0.512706145267662	0.70637698955751	-0.691694728929188	-0.639167395315825	-0.361148213793396	-0.677291897484106	-0.437506748519348	-0.415452844627233	-0.118058376410866	-0.319101538565066
1095	Spis-XP-022794004-1	-0.0602144614136688	0.00563217683816492	-0.0147608206407338	-0.0355972650256926	-0.0554723479061989	0.243701700351445	-0.0264825673147859	-0.0360279572198411	0.0807404377745223	0.250288224873055	-0.0615333348301525	-0.0655140789639726
1096	Spis-XP-022794033-1	-0.025492467684591	-0.038839159190733	-0.0324523740534659	-0.0336970203318241	0.197368182779017	0.0605766283643422	-0.0534429663515419	-0.0487604931341624	0.0324494405720374	0.213387568924229	-0.00143838936444502	-0.0714360679504406
1097	Spis-XP-022794104-1	-0.070945531402726	-0.0153314055067165	0.0816075220437597	0.0389678563740481	-0.0415202306530634	-0.0845201965199471	-0.0548340170312564	-0.0783812935204253	-0.093180608823724	-0.0917919321513073	-0.0932438891820252	2.14493338656032
1098	Spis-XP-022794112-1	-0.0293234236069433	-0.0850503525866677	0.177320003553655	-0.120043288182917	-0.0277178646560381	0.0275858050975056	-0.0133838023427164	0.0827800080979763	0.200813740468925	-0.0402109791228307	-0.180251017054899	0.685382536990119
1099	Spis-XP-022794122-1	-0.0475295868528102	-0.0367551941822832	-0.0383293814484282	-0.0420934818348347	0.356253365156052	-0.0481615939709111	-0.0423663035063552	0.0189883332727601	-0.0141289872454183	0.0624526355486627	-0.0490835838489616	-0.0452252440952878
1100	Spis-XP-022794131-1	0.0797552825233809	-0.00957543011004151	-0.033122318827583	-0.0237179024689827	-0.0335280605729863	-0.0243937153336707	-0.0155342954561912	0.00291498000168693	-0.0319480391224977	-0.031501983710933	-0.0305149426329237	-0.0314139905597464
1101	Spis-XP-022794160-1	-0.0782744387051867	-0.101267024867536	0.591454970409867	-0.322396650100151	0.0931490967224124	-0.139503743517482	0.080223504346298	-0.302931647510089	-0.129954062962003	-0.267104042135793	0.03299330255599	-0.49583908280167
1102	Spis-XP-022794176-1	-0.0293042328025472	-0.625922867914344	-1.03243867886089	0.712463658437354	0.399111838958484	-0.341821013844096	-0.804165996278009	1.70033115737704	-0.231125460887966	-0.381539019128255	0.0534273919445547	-0.502725119930236
1103	Spis-XP-022794178-1	-0.010101308743149	0.00124967102679659	0.0132943148063322	-0.00766338532057445	-0.0118856640357375	0.0591651934022587	-0.0130753481157519	-0.0134366923069166	-0.0129221602939629	-0.00907187340529655	-0.0132574963794267	-0.0125827367564972
1104	Spis-XP-022794192-1	-0.01293178208443	0.0365610114289239	-0.100645932345637	0.0449376590687196	0.123418712178041	-0.0753270001230215	0.215185777231239	-0.17847312380012	-0.280933689879586	-0.19417773262922	-0.24553203952151	1.06100699220898
1105	Spis-XP-022794200-1	-0.0141615067593982	-0.0276265187826421	-0.0440891627455781	-0.0437103693836174	0.0120654478223744	-0.0340834796490399	-0.0889075886224375	-0.0703200701766109	0.215499334025719	-0.131798603419495	1.63502406642587	0.0672161735259333
1106	Spis-XP-022794234-1	-0.00448409431312456	-0.0477598427021617	-0.0153342557823893	-0.0519290436594698	-0.0448434315747742	0.291462951311339	-0.0189644262435541	-0.0520075435055545	0.125718832206367	-0.000726427674454751	-0.0515021519370382	0.0495675781728698
1107	Spis-XP-022794237-1	0.0329337007947921	-0.0377734261075081	0.0355592530901711	-0.0872225174669973	-0.0148104637985865	0.20166427927225	-0.0900631809990949	-0.0583370752844907	-0.0292579193409784	0.0508097010254514	0.13492508007582	-0.0939951193351682
1108	Spis-XP-022794254-1	0.13799081056748	-0.231942620022737	-0.193946877794379	-0.57156812854128	0.301608195857333	-0.204980533471283	1.42291188606919	-0.356664590887991	-0.497969449014611	-0.323445679329677	0.043131351972302	-0.354514182893562
1109	Spis-XP-022794272-1	0.0459271242128078	-0.162757379804158	-0.203440827704108	-0.115917970758782	-0.163136711382971	0.162256261512232	-0.314952447504629	1.10744117202207	0.29009262308264	-0.135050269426046	-0.158692318858714	-0.570704666538644
1110	Spis-XP-022794296-1	0.0197573727563921	-0.00891997828247458	-0.00330670709915775	-0.0154221270382894	0.0196471310768588	-0.0210328134345802	-0.00761753055336689	-0.0195201967399882	0.0394885027174657	0.0192757245296481	-0.0339022414261217	-0.0315432953586322
1111	Spis-XP-022794301-1	-0.215541952666992	-0.367825914365493	0.176101243210143	-0.322195425680003	-0.330331024090824	1.61004094986734	-0.339152860160538	-0.331515338515324	-0.0281652753123776	0.0730565470175571	-0.33226067009766	-0.430004605861516
1112	Spis-XP-022794323-1	-0.0755065134538022	-0.178900690968297	0.16143202155487	-0.192682769828038	-0.186827986248136	0.89554241119678	-0.153058121762515	-0.180168576995738	-0.123214958465431	0.108624871751519	0.134896316393308	-0.217498400701214
1113	Spis-XP-022794326-1	-0.12116616267591	-0.169787806342269	0.087191148250246	-0.22064007142273	-0.163488158798092	0.93574287006383	-0.0481549765834879	-0.191994261849451	-0.107432967855643	0.549110358920596	-0.226995047251092	0.0646642207217779
1114	Spis-XP-022794351-1	-1.79214202738541	1.95044016347826	-1.37962916913462	1.16092244038893	-1.6976956707997	-1.49737520135588	-1.23002194430433	-2.0175641112346	-1.4974280519856	-1.46067820289481	0.0916039127505339	-0.929506369126989
1115	Spis-XP-022794354-1	-0.629533205904433	-0.158492194754187	1.00166381724408	-0.0871330947601249	-0.595604663690968	0.790861005876581	-0.5468308767327	-0.660878445078426	-0.129687149526014	0.393728134281615	-0.401468683863745	-0.419944426003711
1116	Spis-XP-022794373-1	-0.00912814484523151	-0.00134489206403683	0.0342254945678184	-0.0552114721552289	-0.022874406652223	0.0241368976361553	-0.0503067338089706	-0.0476845561704171	0.0961621994145499	0.0353797212957222	0.188934572716516	0.746993753364651
1117	Spis-XP-022794422-1	0.0311901337108246	0.00719439997092321	-0.0271746744883278	-0.0191558179508971	-0.0457652447246811	-0.0520206263331881	-0.0705267219610607	0.13502192165549	0.15111550357945	-0.0651627894191997	-0.0530577940102731	-0.0883008328886216
1118	Spis-XP-022794431-1	0.0538130899670574	-0.635351299361218	-0.271866096558522	-0.630911262327432	2.07788246681087	-0.54482143753506	-0.58995745949764	-0.388066594303482	-0.556249621779623	-0.308195491347764	-0.500352255787274	-0.249823186118503
1119	Spis-XP-022794446-1	-0.389395544719259	-0.423297913257072	-0.10543964785604	-0.415661488501007	-0.364960352265581	-0.237200292069328	-0.40829677753709	-0.44047495053081	3.15433299609354	-0.29453691057234	-0.39603944329387	-0.126107873175897
1120	Spis-XP-022794488-1	0.00829657515856855	-0.0519824047517977	0.00535709189075451	-0.07736379116402	-0.0761932464930081	-0.0533725425389739	-0.0812147624257834	-0.069736415740474	-0.0740805085175144	0.00729825628856022	2.08610782242016	-0.0809241380726609
1121	Spis-XP-022794506-1	-0.131560984910195	-0.163556639337792	0.029268508471004	-0.19339743399412	-0.164948077597719	1.07136579759608	-0.0923353775533493	-0.178430087009554	-0.0297667532037863	0.0671534072304946	0.103137151091312	-0.160194729116283
1122	Spis-XP-022794556-1	0.101149680671287	-0.0359361998088675	0.0213843728143227	-0.0952939492416721	-0.0566780052579989	-0.000120303237861608	-0.0559583465895618	0.037353754589798	-0.0632810640384656	-0.0585346317904154	0.133072856984652	0.549280641307061
1123	Spis-XP-022794618-1	-0.153724911620958	-0.051938493446305	0.303103518362338	-0.114370316458226	-0.16643490744468	0.279098199857731	-0.163329745219596	-0.207810965979611	-0.074813991969389	0.734921455604242	0.13711103988025	0.214195051252882
1124	Spis-XP-022794681-1	-0.0271968101253007	0.0442662176355117	-0.00835008638894819	-0.0139415294811481	-0.00372338119824246	0.08252796806056	-0.0383298468346014	-0.0382572176470952	-0.0207582593573117	-0.0182976127769043	-0.000487412514644098	-0.0365933774434091
1125	Spis-XP-022794697-1	0.266803313362502	-0.149038043468204	-0.0554440161099728	-0.146563192649389	-0.114966127930362	0.183187807059443	-0.146506056403845	0.00173373418951847	-0.0361439122496781	-0.0155623183586896	0.0201411684392975	0.168722237775181
1126	Spis-XP-022794731-1	-0.0307570460412674	-0.00425392521167833	0.0613525098239212	-0.0425926088456495	0.0149368565301652	-0.0292272392238105	-0.0151873344308725	-0.0531094575303286	-0.0328869415824091	0.0216022949412545	0.842617686953893	-0.102231399890782
1127	Spis-XP-022794740-1	-0.119178395783933	-0.202175931759204	-0.205697660925634	0.752288611648797	-0.0468293707861845	-0.166337387122612	-0.166649893734736	-0.0454169082092101	-0.156909257025506	-0.180845144781594	-0.133763826770404	-0.0736895597633845
1128	Spis-XP-022794764-1	-0.0731925638826437	-0.105934116789232	-0.0496438490371566	-0.0997271555084135	-0.0824260753623705	0.79163391683412	-0.0526230313625881	-0.0658814072495345	-0.0379708121220039	-0.0127788902552404	-0.0600574427933165	-0.0989673502222567
1129	Spis-XP-022794775-1	-0.0522062222800177	-0.199081287212955	-0.226147014669867	0.0788778395496483	0.00864104112376152	-0.265409935598714	-0.278486882048943	1.37298177766408	-0.0427222545597525	-0.301707774419826	0.207825584709261	-0.0454273562293379
1130	Spis-XP-022794785-1	-0.233274572982739	-0.0959992115243427	-0.284098501595196	0.649247222166177	-0.00434966073209914	-0.29124083385982	-0.165318824340946	0.460304283455468	0.100746662091112	-0.131529780052711	-0.261694798773516	0.148650569623962
1131	Spis-XP-022794786-1	-0.210437126040984	0.394469241153328	-0.073628931531212	0.167267056838888	-0.17536247943423	-0.131895378670431	-0.213759076220302	-0.205508018812315	-0.186371261151308	-0.178111142198173	0.187885471326881	-0.230933526527869
1132	Spis-XP-022794883-1	0.0184889637956216	-0.449170083664625	-0.291418771241297	-0.38422136118632	1.67794060006303	-0.205904043580718	-0.415833399016191	-0.111226751833569	-0.417765169999732	-0.416092028451912	-0.434996285472835	-0.128499101011979
1133	Spis-XP-022794906-1	-0.0531154647293419	-0.0674953422121946	0.113254060851314	-0.117363976425162	0.32510931492279	0.083440430070466	-0.0749500583344867	-0.0972026626681851	-0.0502271340359166	-0.0626555861789642	-0.0816344352951097	-0.0180602216747442
1134	Spis-XP-022794924-1	-0.364922688888971	-0.278005723396032	-0.199507551963789	-0.360800398880938	-0.282260095795734	-0.29604884839466	2.24617256121215	-0.327872254204262	-0.224311002594946	-0.216922584702721	-0.290781625101789	-0.348100891138758
1135	Spis-XP-022794929-1	-0.118453399911842	-0.203461223731913	0.0511144754708025	-0.227757364367115	-0.117434432672197	1.07658955451326	-0.237270951103661	-0.221015748921655	-0.00310625182884014	0.512040651303518	-0.0904210269148511	-0.24903776311832
1136	Spis-XP-022794946-1	0.0745921853359897	-0.0493285156048371	0.0576151803569199	-0.052216149248299	-0.0296179021408234	-0.0120219321785252	-0.0667890700075482	0.0125735230863032	-0.045859326262073	0.0422085950362401	-0.0657214294390574	-0.0671821594514629
1137	Spis-XP-022794972-1	0.0513616304330728	0.00831127219068441	-0.0238713763433012	-0.0471769110496912	-0.0261523425156969	0.0136898306277012	-0.0245428258343247	-0.0500830721365531	0.0506586618287365	0.0269708507991938	0.0319515640146753	-0.0579347987212212
1138	Spis-XP-022795002-1	0.00636614968539911	0.00483234203245033	0.00948277684066466	-0.00550488428733621	-0.0371631209130607	0.0552388220623757	-0.0306360840029854	-0.0370108130455462	-0.023598739950233	0.0059922581592745	-0.0341289850535185	0.146647561459473
1139	Spis-XP-022795010-1	-0.0144363757790551	-0.00526136701568795	0.0631325737597166	-0.0317253724638659	-0.0217438395944867	0.0123355289842215	-0.0207741015968555	0.0236176833083905	0.0334935106989768	-0.0251177147779461	-0.0292379965786112	-0.0237043205855917
1140	Spis-XP-022795046-1	-0.293782617760278	0.715643032968009	-0.334699021241946	0.205582415046971	-0.291156389437955	-0.261579228862429	-0.295592271650779	-0.361908850943451	-0.407047225136732	-0.121360853242365	0.326136347751645	-0.489706041958205
1141	Spis-XP-022795051-1	-0.644526375817353	-0.15681924102325	-0.488700236724198	1.73740796120794	-0.572015964223738	-0.492060454750261	-0.474106523491113	-0.58507822081381	-0.458230213103444	-0.550110412946581	-0.578321036881692	-0.25835684327982
1142	Spis-XP-022795065-1	-2.07217070812882	1.57381279400484	-1.37373634929372	1.17140582993553	-0.411155529418541	-1.34540673643049	-0.194776682367345	-0.464679725649244	-1.27282441779251	-1.68176153037501	-0.537510642299017	-1.51030341798443
1143	Spis-XP-022795095-1	-0.0151388895120173	-0.0489015738364331	0.057134418634346	-0.0338322987698413	0.0237500187799474	-0.050953534104258	0.0114385031897137	0.225197961750949	-0.062268519744956	0.0264335453040531	0.0208365344744109	-0.173628840981834
1144	Spis-XP-022795121-1	-0.0104665954018073	0.0333018589840674	0.0728884409878346	-0.0699317234561504	-0.009545475678954	-0.00116817345645159	-0.0496491109040104	-0.0026033986607196	-0.067762464605685	0.0629758107207819	-0.0290560083723268	-0.0725478993168112
1145	Spis-XP-022795138-1	-0.0929122454160308	-0.193163940356242	0.663907249179529	-0.212758849723521	-0.18450959010282	-0.0161118863770636	-0.188333277278414	-0.0546184197192827	-0.116938001467537	0.0228005514500002	-0.128284349526272	0.703112160103337
1146	Spis-XP-022795139-1	-0.0830696043793016	-0.250815589287326	0.667576319327535	-0.237841423571961	-0.0697922514579595	0.0892699786280049	-0.232043948061125	-0.19909387832507	-0.135531375614123	0.272805931019035	0.0299158828418363	0.0128278710941476
1147	Spis-XP-022795140-1	0.0822578346101713	-0.0438804036851277	-0.00685309991661585	-0.0366975006237094	-0.0200656771118642	-0.0147002986618917	-0.0227363716712597	0.0640880123019339	-0.0302888882525826	-0.046775410861925	-0.0426916950668635	-0.0368784076274638
1148	Spis-XP-022795158-1	-0.0209002037796303	0.0488830891942868	-0.00839176523967696	0.0138772700633944	0.000914867127317358	-0.0258309703865193	-0.0362120456755949	-0.0364593570912813	0.0204866111476831	-0.0481707894512955	0.0446818377319507	-0.0476599745720102
1149	Spis-XP-022795166-1	-0.0257439600801391	0.0150011056848684	0.0636172188548355	-0.0708909698008432	-0.0808630032144504	-0.023650367912919	-0.0616427895548196	-0.0254589805503069	-0.0114115240800252	-0.0850404081848006	1.31968498776423	0.0637522676144031
1150	Spis-XP-022795168-1	-0.70102170554585	-1.03473681286293	-0.165489535698398	-1.0818728951423	0.935676828245332	-0.0362925483511669	-0.658430350539524	-0.875472315832342	-0.737711175816496	4.19431102530746	-0.0898840545749027	-0.810208870590471
1151	Spis-XP-022795171-1	0.0134671025634258	-0.0377090640414653	0.110011559631015	-0.0491606368862447	0.0366326493748664	-0.0320045099986865	-0.0408458734083896	-0.0483318598222442	-0.0280320327586049	-0.0429832129658259	-0.0519049885152653	0.197427711281892
1152	Spis-XP-022795188-1	-0.410064737621708	-0.38082529533494	0.0729480446954572	-0.640695538511526	-0.112841183309748	1.32486230692982	-0.157689525477833	-0.235722653537798	1.53112637698629	0.674000904495696	-0.256345877189839	-0.263369803808385
1153	Spis-XP-022795189-1	0.0164774628028567	0.0236466682389083	-0.0122886867313367	-0.0199827860647761	-0.016043944310768	-0.0167111296103726	-0.00887124389424264	-0.0217802367361592	0.000509073770789934	-0.021929955417325	0.126387452979919	-0.0215905905277721
1154	Spis-XP-022795211-1	-0.00178208556201856	-0.0395370333005971	0.0283452107082051	-0.0545562048149059	-0.0497499012819879	-0.0275799725315703	-0.0796580139438604	-0.0578595280588616	-0.0549037613971774	0.0118684249257508	1.68951797761113	-0.0745428081958309
1155	Spis-XP-022795298-1	0.0105197741428759	-0.0088998252646671	0.0387512235601516	-0.0228899684654364	-0.0059765680681208	-0.0123081524436271	-0.0309090996317452	0.0085094440786696	0.0233733393133307	-0.0305536363585142	-0.0282110379213502	-0.0272492115178365
1156	Spis-XP-022795301-1	-0.0550408590202882	0.273107247684472	0.671343509775725	-0.0998574776449004	-0.497793736629198	-0.379343165215258	-0.879355440578884	-0.527623252948612	-0.849974813324993	-0.147899898760403	0.374110714089829	-0.303718415498887
1157	Spis-XP-022795331-1	-0.185328975880129	-0.169301806882133	-0.0428383760930498	-0.187970590538384	-0.0920901664985222	1.13345739249073	-0.16532938198538	-0.156055922869569	0.107512534803326	0.267803854145089	-0.107541618476288	0.400887032673586
1158	Spis-XP-022795343-1	0.0769410689889261	-0.0723172480625875	-0.0401759308150856	-0.165554163688895	-0.168799000774913	0.292273088654403	-0.117184962647874	-0.116650472921572	0.0600240131766192	0.092544918908639	1.53418948693144	0.223658776398235
1159	Spis-XP-022795366-1	0.0599660650252551	-0.0673552686204642	-0.0215252896032138	-0.016595115548279	0.0254086123989227	-0.0628641721270999	-0.04224776217095	0.18551574626305	-0.0424715519179759	0.0843361780469825	-0.0675745756767399	0.0832951393111681
1160	Spis-XP-022795368-1	0.0249764092499573	-0.00965122068428459	-0.0095228157114229	-0.00994634400569179	-0.0175603329279217	-0.0178902898477701	-0.0129656546710816	0.0535373620485822	0.0241827802645577	-0.0185500921309946	-0.0288637210896439	-0.0192052870420218
1161	Spis-XP-022795374-1	-0.281954056860286	0.291461541278591	-0.259336849446122	0.631863801729502	-0.217028875339675	-0.276227896515396	-0.276766415423958	-0.172689789965738	-0.242020718973535	-0.140660491238009	-0.199983686275868	-0.246724228129826
1162	Spis-XP-022795430-1	-0.34266968415496	-0.400629866592127	-0.354414251565883	0.285064268676407	0.678814006144633	0.225623253260078	-0.573117995317094	1.11675486208457	0.464345579628251	-0.274587574049214	-0.563627680363622	-0.495514425770212
1163	Spis-XP-022795479-1	-0.0669645329297107	-0.027572316351529	0.149629510231494	-0.0605656434450395	-0.0689097546397316	0.0518646857724552	-0.0763907194938902	-0.0379314345261717	-0.0211499179673954	0.542349157354634	-0.072018334323535	0.0994629997348639
1164	Spis-XP-022795498-1	-0.144421169057017	0.362100424228641	-0.123296615127339	0.258614481858854	-0.409838373526914	-0.241621399639245	0.173854940070748	-0.352481210163419	-0.298627663114108	-0.397915835894392	0.0915056075484766	0.0829046133086792
1165	Spis-XP-022795500-1	0.0343369960211194	-0.0226587455495691	-0.0160200200503657	-0.0119424693562148	-0.00088218253350987	0.0657876445125751	-0.0256703324073355	-0.0222617522130248	0.0113031641469172	-0.0449875350100369	-0.0519792154488614	-0.0332390729663731
1166	Spis-XP-022795505-1	-0.214300707508616	0.392485580340982	-0.0559686082194643	-0.0648345044419481	-0.15869578583227	0.186837798669354	-0.201891573004999	-0.223043960567442	-0.0104531026070848	0.0471512727702308	-0.0442157812119507	-0.257549891887301
1167	Spis-XP-022795511-1	0.0426677807959547	-0.0227629597353884	0.0170435730098894	-0.0498738105030397	0.0145050339429815	-0.00718474815615477	-0.0147608938093263	-0.0306835846973493	0.0243566526007595	0.0276406933771183	0.019554669660567	-0.075313796958809
1168	Spis-XP-022795567-1	-0.0912555151046419	-0.134985795641474	-0.0495493247527999	-0.151159758525656	-0.105066776203662	1.00727100500262	-0.135817127537326	-0.0458818633129438	-0.133199914388114	-0.111637680816934	0.0267759943840195	-0.0937169195789307
1169	Spis-XP-022795595-1	-0.121706716279163	-0.0337709104199893	-0.0625283464067605	-0.0740152093522732	0.761061446967172	-0.120638523262629	-0.161740873581539	-0.105436362512706	-0.0955275138725936	-0.133936427008712	0.0510389406468473	-0.157422520513735
1170	Spis-XP-022795622-1	-0.0613555735431816	-0.0524176536984885	0.0721709814603558	-0.0794557045043347	-0.0419073081747157	0.0835169213618099	-0.0789375475141966	-0.0752774016318822	0.096686295458179	-0.042954142340946	1.69333053079104	-0.0817761298000661
1171	Spis-XP-022795625-1	-0.129380081834339	-0.199787434351082	-0.0167952429402529	-0.221862401762984	-0.207929312714759	1.10595127661463	-0.246386151189371	-0.143574236504728	0.307158530276326	0.432502203651344	-0.147421079176116	0.224656008695342
1172	Spis-XP-022795627-1	-0.59246962634207	-0.552350260222514	-0.183237184124955	-0.693114153200278	-0.627907996259258	2.31258892055511	-0.566164415206504	-0.574112438445774	1.47067822815407	0.299558744434833	-0.24759080134565	-0.670747209601048
1173	Spis-XP-022795633-1	-0.00248502751586634	-0.0361252634975761	0.116859948806508	-0.0780058808920596	-0.0406980443066003	0.162144456633188	-0.0338514456467396	-0.0644558925801676	-0.0478437262848426	-0.0149768954294254	-0.0766399767067842	-0.0719280086939418
1174	Spis-XP-022795707-1	-0.10338943238556	0.063844863431245	0.0955520839973213	-0.0797117441297438	0.0135010813450805	-0.00998313549784932	0.111392731979157	0.0483646014558597	-0.0395550864365054	-0.0769430032652958	0.0145391206093888	-0.164449693993602
1175	Spis-XP-022795719-1	-0.0629318557867448	0.047883160287041	0.00979215101804626	0.0160226845221295	-0.120654020058641	-0.134029036674277	-0.0378965779486122	-0.130578906533268	-0.103457390835807	-0.0842481808089282	-0.0896172534741503	2.62371501376552
1176	Spis-XP-022795740-1	0.0117076045081091	-0.124627032837541	-0.0297349780908573	-0.142007672338406	-0.132983125180759	0.773470624782703	-0.137375381329955	-0.105774926694196	0.00999256593115333	-0.0342134937673486	-0.0776872050927036	-0.142403887742472
1177	Spis-XP-022795842-1	0.251421990916878	-0.395366232769955	-0.000289288263429333	0.0180404896547837	-0.439810036281707	-0.382702279861535	-0.42869321362348	1.33340364305347	-0.0977874164803545	-0.0940536300897479	-0.532878147400994	-0.430826089036065
1178	Spis-XP-022795871-1	-1.42145403206301	0.809279517543531	-1.01739847713286	1.73308837228918	-1.2088123837582	-1.02379923151817	0.194190519788592	-1.01255351163168	-0.984801648652992	-1.28178580536612	-0.70318430801715	-1.0515141715221
1179	Spis-XP-022795915-1	-0.132330955112937	-0.0988451810397768	-0.051663839960247	-0.108238654939101	-0.173752015992836	-0.0822689248094229	1.18634241873833	-0.150899910306156	-0.112034119087032	-0.143876003079528	0.0209676909428334	-0.152851461896285
1180	Spis-XP-022795933-1	-1.33672366495523	1.46820686325212	-0.700033407241176	0.883653015091413	-1.1480524543128	-0.879599229521382	-0.320345964391834	-1.38787916625313	-0.664131597887365	-0.919799238672246	-0.050864448139555	-0.56079543401882
1181	Spis-XP-022795935-1	-0.354875232072869	-0.259311076898269	0.500336821580861	-0.374229530393953	-0.314606125578451	1.10529716285013	-0.288646655855955	-0.296874842645597	0.641566705295717	0.0529575949273257	-0.147874161200286	0.104710719640164
1182	Spis-XP-022795962-1	-0.236318754593813	0.546232043335535	-0.0339652945356926	-0.148640030019591	-0.141359887788287	-0.153282012120337	-0.129738075846834	-0.243172144225547	-0.0557655954520641	-0.0617320092199255	-0.130151410789618	0.135490080779361
1183	Spis-XP-022795974-1	-0.422007823451009	-0.258142765688334	1.27845146181759	-0.521257518748341	-0.264065316531568	-0.318451862285045	-0.355817696294186	-0.538101112160802	-0.366958242362614	1.26945089480707	-0.226020918370141	-0.587614474263039
1184	Spis-XP-022796010-1	0.769283468160175	-0.30514494976682	-0.230794431687476	-0.331759897654185	-0.17151043143486	-0.236470390451517	-0.298290060440283	0.0318353959265071	-0.202876624460837	-0.157438045787577	-0.334759940782228	-0.351292753341862
1185	Spis-XP-022796014-1	-0.0340796598006174	-0.0165081229398659	0.100297356600909	-0.0382026786673529	0.124119365359928	-0.0248568455325717	-0.0232002188754243	-0.0539100724369774	-0.0627981724453598	-0.0614577392355464	-0.0648340048024807	-0.0564472600059971
1186	Spis-XP-022796049-1	-0.331728622920948	-0.347848200971136	0.115114370988704	-0.424293930924519	-0.252348961205806	1.76800759079572	-0.342351190172633	-0.303459060155694	0.0847910955947823	0.00452757548467553	0.091657541549279	-0.299151658193304
1187	Spis-XP-022796055-1	-0.229971887881871	-0.238606821993146	0.386494156847374	-0.408649745694289	-0.288432173303363	1.11993388722443	-0.362973677410254	-0.347146572256537	0.202548261448199	0.707777887918295	-0.235284567722365	0.116365674811097
1188	Spis-XP-022796126-1	0.351267807386268	-0.163529986033879	-0.126782315692284	0.00276091620918709	-0.0334393633078704	-0.12643943714304	-0.225546665186298	-0.0709370599023422	-0.231903099364372	0.0293087943150213	0.203286361810288	-0.0507992588165315
1189	Spis-XP-022796138-1	0.0394058295924547	-0.00940041083273945	0.0173931115224083	-0.019615509376867	-0.0391072037248735	-0.0382599089058047	-0.0522373429868815	-0.0116117737757285	-0.00509849724658553	-0.053235093805254	0.464807818839108	-0.0532269566106241
1190	Spis-XP-022796142-1	0.451517308988025	-0.17715587876946	-0.128257908163943	-0.182946858471739	-0.154472995927664	-0.141853068680548	-0.170230103605598	0.120671221792198	-0.103160546965157	-0.0166927975199882	0.0949237623699196	-0.188676505858163
1191	Spis-XP-022796162-1	0.0996430971252972	0.010551979530326	-0.0940240563017732	-0.0916253347138906	-0.00826328607507754	0.113756046295556	-0.0212757828775138	-0.0717352631147962	0.0309844387258826	-0.106090842306583	-0.0559119790566121	0.166026261374848
1192	Spis-XP-022796202-1	-0.00330910030083119	-0.0285464685761453	0.0225242136165805	-0.033015345227483	0.00546365525202227	0.0666481594284189	-0.0327859028295385	-0.0303895500133506	0.115808882600889	0.0220084205118892	-0.0336149837330567	0.271973560825462
1193	Spis-XP-022796332-1	-0.0696535514819257	-0.0656862608406893	0.0138141887207435	-0.0748174626696707	-0.0534721723343047	0.0105743469237552	-0.0662829456711464	-0.0673922834471743	-0.0151036896902578	1.32775461975845	-0.0572741531291391	0.134353344627688
1194	Spis-XP-022796347-1	-0.00288299700402711	-0.00898593069023243	0.0526762041940937	-0.0096438065062526	-0.0559075200636131	0.0737825446874661	-0.021713142987425	-0.0499152186367488	0.00810934612157806	-0.022108456233252	-0.0605211713018733	-0.0901202362233625
1195	Spis-XP-022796373-1	0.122856566595619	0.0885381971183899	0.238541855545878	-0.346114595973726	-0.155325063796897	-0.0503928824028162	-0.175613615313777	-0.281391957644355	0.0169704655783611	0.0736300850326034	0.172816163061482	-0.410053717371359
1196	Spis-XP-022796374-1	0.0256426334806984	-0.0261287930110357	0.176476486904212	-0.17995394929843	-0.106641732907848	0.274931241402937	-0.0905302863019265	-0.156515641532123	-0.15684436617627	0.0967376813667044	0.0633464489439891	-0.187518145876411
1197	Spis-XP-022796398-1	-0.197645836562876	0.0392273897213741	-0.121241193622736	0.59172927252516	-0.232032315757435	-0.111184249858612	-0.0590372471363053	-0.12807485051152	-0.161799778180853	-0.205251700841846	-0.093405199182083	-0.232396155635075
1198	Spis-XP-022796426-1	-0.0524304068240956	-0.00747366557953671	0.169333231275846	-0.0509424726072578	-0.0805367727724308	0.0696118907589864	-0.0782155579737788	-0.0436533299050098	0.0544384096016278	0.0411347331127049	-0.0784646151557996	0.0223450465180813
1199	Spis-XP-022796437-1	-0.120017829893143	-0.111755716764614	-0.0231628120647081	-0.154488330434751	-0.139249029616792	0.459796050097074	-0.117075239112363	-0.0968482160784582	1.13065030891378	0.0222247129343158	-0.0414406443885336	-0.132835402577956
1200	Spis-XP-022796463-1	-0.0311182221503981	0.0356789287813455	-0.0457705679218418	0.0273654972996926	-0.0378995235219173	-0.0644194430311504	0.185725363541869	0.0806958557133021	-0.089966305872646	-0.0982572738021952	-0.0296120640921826	-0.0988907331342378
1201	Spis-XP-022796484-1	-0.0536588573147	-0.071638171760517	0.036459005305261	-0.0909465533756232	-0.0609733290287448	0.195619680854297	-0.0550773430678334	-0.0838346958403995	0.471437786324938	-0.00557445247164473	-0.0637931889216932	1.48188859159563
1202	Spis-XP-022796493-1	-0.0727987502692936	-0.0391101284831427	-0.0556800484191056	-0.0899264599170239	-0.028082599186066	-0.0237216887158023	-0.128945693726719	-0.0338265409414777	-0.0402600005443592	-0.0811258277703209	-0.0865461046979009	3.3794108619081
1203	Spis-XP-022796494-1	0.0529675570939629	-0.0834468250357735	-0.0184693680721109	-0.051461150204944	0.168641047764662	-0.0527864798230969	-0.0199330205097814	-0.0780101593641284	-0.0800138713532635	0.160398888235213	-0.0614782318176657	1.08172582095069
1204	Spis-XP-022796495-1	-0.0956730699374382	-0.0440066682787656	0.585694889912258	-0.20982959176431	-0.133960640094294	0.125386945339215	-0.38012965727039	-0.442617856957968	-0.237913905584363	0.0293274940677716	0.364100470294245	0.464410520386677
1205	Spis-XP-022796523-1	-0.413954126142143	-0.476302198439975	-0.434267456357244	-0.529301477040008	2.33130442838207	-0.398734351442235	-0.411350762219591	-0.457068960464505	-0.326611347871891	-0.398523168061099	-0.353949910806113	-0.171530360164177
1206	Spis-XP-022796525-1	-0.0440280387151678	-0.17358345184856	-0.0718615147226068	-0.138488522770339	-0.0282634885565774	0.940422397039544	-0.179023994842455	-0.114961655844352	0.0451834243883279	-0.026671527844148	-0.197814798515547	-0.00236534521596229
1207	Spis-XP-022796569-1	-0.199673404160368	0.346549096236897	0.114032904558627	0.050674045840393	-0.240674808204708	-0.170313263114442	-0.203540596854777	-0.24352340577966	-0.16072318849001	0.0469566682071164	0.26331440968437	-0.0900200058119589
1208	Spis-XP-022796590-1	0.0592509004646344	-0.0149920648066545	-0.00500892878534731	-0.0241875535005818	-0.0375711850480428	0.00206796074270209	-0.0171613713413717	-0.0393404416994733	0.00422481138613995	0.0151515011288009	-0.0362952526726806	-0.0312817218775981
1209	Spis-XP-022796593-1	0.0122798707841195	0.00711234373386869	-0.0311452715189847	-0.00770084083493436	0.0608297348681986	-0.0351264620087238	-0.0242813254224166	-0.0337219568751033	0.123337970167167	-0.079849396868974	-0.0573557016880865	-0.051107884292307
1210	Spis-XP-022796597-1	-0.0305771291277039	-0.0202116806893403	0.0493653145537085	-0.032237885654816	-0.0287011970620786	0.0189122308158657	-0.0183083843412027	-0.0344964417568665	0.00838120121456711	-0.0135769562610063	-0.0334512429713364	1.47977248082126
1211	Spis-XP-022796647-1	-0.169803308346314	-0.149326411521096	-0.0573533343364625	-0.192653874289497	-0.14270660337865	1.02228001069124	-0.148124852596433	-0.165290529932423	0.670015632591551	-0.0430276262346028	-0.181704472151116	-0.0941206408634975
1212	Spis-XP-022796677-1	-0.254809239287516	0.54189147931641	-0.072396263489543	-0.0272069047713716	-0.227621970611968	-0.162404535353678	-0.139144883636183	-0.231422718817833	-0.0728216354648233	-0.111583847329312	-0.0469632775828397	0.432474321290255
1213	Spis-XP-022796687-1	-0.0101964303808542	-0.00296872742350858	-0.0245358074574559	-0.0277525053314977	-0.0423257187016909	0.0351752310572346	0.0417492663563355	0.014235947874887	0.11147624424757	0.0908178185873765	0.00556941182194209	0.372190297326009
1214	Spis-XP-022796690-1	-0.189301448418121	-0.318869964054331	-0.164010667038218	0.947037314612257	-0.161132208421362	-0.268743510031747	-0.189499894022656	0.221703094866735	-0.309392821461327	-0.313532247248785	-0.296515647512039	-0.239842128804233
1215	Spis-XP-022796708-1	-1.01928263530766	-0.895922907525132	-0.473422019113758	-1.04915963994019	-0.995225096137512	-0.895880197471704	3.869826010387	-1.04592337986918	-0.719366435089755	-0.667301082863573	-0.794752500907765	-1.02951608787539
1216	Spis-XP-022796735-1	0.134653531347721	-0.145839301913557	0.0196287735612415	-0.180167590012178	-0.175965003410883	0.0114496335247233	-0.111668034974091	-0.160533950940079	-0.16521653760011	1.4443215677181	-0.107764674123061	-0.155848814535403
1217	Spis-XP-022796762-1	0.0561696953273854	-0.0293152575907134	0.0248658361851602	-0.0613946268559848	0.0017200013255545	-0.00757986897781295	-0.0145248031115064	-0.0417657591547804	-0.031881212003511	-0.00422692190057836	0.326325692396738	-0.0692086552263611
1218	Spis-XP-022796800-1	-0.0304618508244252	0.0320062311613052	0.09911744630287	-0.0812826695764051	-0.0418636878293503	-0.00465379470008298	-0.0485345390670668	-0.0721215576982948	-0.0640684979173055	0.0931212349673476	-0.0126890244275651	1.04221530992653
1219	Spis-XP-022796837-1	-0.124473792956939	0.0231228227262687	-0.0969067179155991	-0.115097982766568	0.0391358978906602	0.676154778689873	-0.167765819462271	-0.14193091196829	0.119899511769681	0.0324120370026443	0.0924660802280968	-0.242426442155332
1220	Spis-XP-022796840-1	-0.00468101802086736	-0.00694451569818805	0.00281543172108534	-0.0196640067193421	0.00126120831570589	0.0430171971986929	0.0115834301788073	-0.0352832852656496	0.10057014109472	-0.0282573536503632	-0.0288052512656014	-0.0290826301099369
1221	Spis-XP-022796859-1	0.015419008273833	-0.0313990899487251	-0.0183638966258623	0.0070862931841788	-0.0349716198022067	0.0345985265379169	0.00502134046996779	0.0623941579386774	0.0678812547786688	-0.0393970931711482	0.0137774072984113	-0.0552470743520406
1222	Spis-XP-022796886-1	-0.0609505638723191	-0.140379014457024	0.0543708878679176	-0.102570999571479	0.542009519051542	-0.0187069193651587	-0.205356545554035	0.346191356640498	-0.266843003877266	-0.207735141768432	-0.144814837747031	-0.0894945501124064
1223	Spis-XP-022796887-1	-0.787951518590085	0.823490144278584	-0.641496091218284	0.104451823026053	-0.829309075910993	0.292372106144031	0.526929488718836	-0.91478459382747	1.22786760040252	-0.898445678996491	0.492390549676029	-0.339033753447641
1224	Spis-XP-022796936-1	-0.00471037488938105	-0.0117572482296962	-0.0189041761943898	-0.0184527608292105	-0.0055944098408137	-0.00940906021498482	-0.0168462342277879	-0.0143355129376421	-0.00782726991051694	0.0318852342783016	0.93662811697272	-0.0237066617564873
1225	Spis-XP-022796978-1	-0.0515597698356992	-0.0590372904109658	0.136843778216463	-0.00523586203506485	0.0468904709039242	0.0118717693246739	0.0302053679211207	-0.0667768718901639	-0.00165351172282387	-0.00280972082938961	-0.069143675962385	-0.0721307490840447
1226	Spis-XP-022796981-1	-0.0694702239470321	-0.0794156319251902	0.00433175827480838	-0.0372938068416352	0.544620595043093	-0.0737709679453201	-0.0726011465057493	-0.0847837917092015	-0.085200111384033	-0.0888208308135725	-0.0827824382525471	-0.0954860665125816
1227	Spis-XP-022796983-1	0.880309416981554	-0.941539424818094	-0.685892438848418	-0.762110782434946	1.01523678716784	-0.713063868675531	-0.809972572799321	1.29736672579009	-0.88821232023938	-0.0666074594917654	-0.67244262889032	-0.566689615306925
1228	Spis-XP-022797007-1	-0.0412148266413411	-0.0278011769031423	-0.0562576036511475	0.0497363789416955	0.251739181822156	-0.0578961337099612	-0.0582911854752936	0.0555952139460071	-0.0571664311970365	-0.0553076720657165	0.0372723502641821	-0.0499864749298938
1229	Spis-XP-022797026-1	-0.0098947281695897	-0.025033295368872	0.0223232119868606	-0.033755279829756	0.152790185155379	-0.038691940715589	-0.0372315236022671	-0.0209898412436993	0.0302622192992157	0.0173896815894983	-0.0351677281431685	-0.0394447009641561
1230	Spis-XP-022797052-1	-0.151708915692663	-0.164956759887436	-0.0734833856790189	-0.153672883238816	-0.123122551306331	1.02138411061915	-0.128010131809413	-0.162853884599905	0.570329004565344	-0.105730570176534	-0.152662204305575	-0.119827668980187
1231	Spis-XP-022797063-1	-0.0282753525259289	-0.0191041775787639	0.0293603707378108	-0.0756340543303433	-0.0203178445304679	0.0433088854119858	-0.0481930671445756	-0.0114888419038868	0.25855180449823	-0.0734244086754486	0.88907461973866	-0.0871203535571799
1232	Spis-XP-022797064-1	-0.0939563908382677	0.263535378295629	-0.0688177934995848	-0.031286173204626	-0.1109561172595	-0.0418297242117629	0.000692911676178909	-0.111762499960722	-0.049465545392223	0.0279273830685659	-0.118419872645731	-0.114741873287845
1233	Spis-XP-022797068-1	-0.00538246898444519	-0.0260497389566124	0.0478934828417928	-0.087947237994107	0.191634213850348	-0.0219574826041818	-0.0191648019226551	-0.0850791150302016	0.00659860721585226	0.0665481052958644	-0.103578921430307	0.0339700990403519
1234	Spis-XP-022797070-1	-0.0855463916393598	-0.14020981668518	0.125117308956341	-0.21078197210416	-0.13165143003412	-0.0941294277229242	-0.149884882518641	-0.101008019885479	-0.177656040977822	-0.0701674767944563	-0.223077165925514	3.98957148671956
1235	Spis-XP-022797081-1	-0.0965434710638507	0.212964291073446	-0.00915406902953547	-0.0212326694375608	-0.0951325210997096	-0.0562053966442839	-0.0788466572897326	-0.0396307661445201	0.0346081928536723	-0.0985560803085837	0.139103559495094	-0.0969567640426763
1236	Spis-XP-022797084-1	0.0230588958384925	-0.0212240265637239	0.00459139362624255	-0.0147534399182162	-0.017711375005822	-0.0224853617874241	0.00462951049180856	-0.0219743275739306	-0.0173881265084394	-0.0223252895947752	0.541802346479518	-0.0211696547738739
1237	Spis-XP-022797088-1	-0.194825405700937	0.421271579147179	0.0107977107898436	0.0324664125324339	-0.207437245529253	-0.130455248716187	-0.176298041316148	-0.225736117012417	-0.235401066851046	-0.0531669407269631	-0.149937584726829	0.171053977803275
1238	Spis-XP-022797091-1	0.00441557505345772	0.0048638973171157	-0.0434699181234653	0.0424768057576996	0.0207477175671311	-0.0234030332168261	-0.0254492737313684	0.0112300347236822	0.0161696943905231	-0.0615149060855143	-0.025356907453819	0.0276947843509565
1239	Spis-XP-022797095-1	-0.185589543239821	0.498515976002555	-0.109560243096085	-0.0815098352527413	-0.116064880937012	-0.117501399780968	-0.105466449482855	-0.180661288486647	-0.167203030114872	-0.181530165026497	0.0834178366301501	-0.170631223760297
1240	Spis-XP-022797097-1	-1.06756936107343	1.51140289994976	-0.723908443713305	0.649356221457152	-0.948503284249818	-0.637195482079618	-0.856967629294307	-1.05116903317473	-0.717600471449526	-0.764405784539536	-0.51423368509287	-0.293006283187475
1241	Spis-XP-022797119-1	0.0617147236893392	-0.0129650270282482	0.0131432441314169	-0.0599117210208283	0.000669417617033728	-0.0445728881295864	0.00351291883866668	0.0274341634725338	-0.0442451464372336	-0.0624679112048992	-0.0546434982699545	0.0656199822708441
1242	Spis-XP-022797135-1	-0.767466691755811	1.28526352925051	-0.572797153281035	0.208466359278582	-0.574804563770412	-0.544560427183168	-0.0563324054662058	-0.760616776711248	-0.450425121751629	-0.380840681516597	0.0605804404173894	-0.591854312735607
1243	Spis-XP-022797141-1	-0.614273073516616	-1.22122960065825	-1.09923446139765	-0.176285251455738	0.24906489175395	-0.182588709754417	-0.82293162243331	3.3979185185676	0.241251477379674	-0.668712326203387	-0.582867107397552	-1.17564987827428
1244	Spis-XP-022797157-1	-0.0724796299139508	-0.0957078916553113	0.222091781145061	-0.111644001277845	0.0114009747239855	0.197647992374751	-0.0739746272197654	-0.0607958205370918	0.0140021816476959	0.22035444909518	-0.115781961102979	0.260369327475258
1245	Spis-XP-022797162-1	-0.0324026052855038	0.0244978242090036	-0.0162463706954838	0.0611016691550788	-0.0127488044623615	0.0825108442103366	-0.0399034140705761	-0.0758159192198646	-0.0861196626742207	-0.0408401801333876	-0.0214120243022166	0.130238504141676
1246	Spis-XP-022797207-1	-0.0152246468223318	-0.025490892652316	0.0543177504601422	-0.0500909192275885	-0.0191285033612475	0.179234263189106	-0.0410634099682407	-0.0317441798109636	-0.0117027158849892	-0.00898907654041294	-0.000612019679503188	-0.0418698064983494
1247	Spis-XP-022797219-1	-0.0266748096181399	-0.000491278231091866	0.0876761270452934	-0.119136291477473	-0.0250089443927506	0.0656971846097163	-0.0813799768766056	0.200830874316429	-0.00450968121673008	0.0996112371687856	-0.117186790579717	-0.115175237200669
1248	Spis-XP-022797220-1	0.771732338962126	-0.0494657010573569	-0.233023398340622	-0.337945077806512	-0.0870755238435821	-0.597663788680004	-0.336106093698489	-0.311444969775797	-0.625244820361765	-0.485224992578566	0.0776407931763592	-0.76580511865091
1249	Spis-XP-022797242-1	0.836406980705096	-1.00976927782777	1.34256872889048	-1.12068378711945	-0.986224652546371	-0.643113121240069	-1.10520217160417	-0.49614396294935	-0.484200173593231	-0.474936811787329	-0.594606916607625	-0.0948065418907726
1250	Spis-XP-022797244-1	0.0421113141794007	-0.0275195972518684	0.0302571191550815	-0.0463197699332226	-0.0219975928903354	-0.0527478166247107	-0.0173060765028329	0.133002068046668	-0.0289902675438568	-0.0349694938815424	-0.0244751713140888	-0.0195649357976225
1251	Spis-XP-022797262-1	-0.0718690428103587	-0.00997684188750153	0.0215154799864423	-0.109104101922279	-0.0934158860669082	-0.0212462099007112	-0.0666584179620027	-0.0753430212496628	-0.0462060480406851	1.21976530919403	-0.021292511843524	0.940952004011362
1252	Spis-XP-022797264-1	1.29828426870226	-0.284838188793327	-0.49301486553729	-0.476779765245364	0.0329362363847334	-1.30563129625745	-0.834362177413624	-0.482667437196225	-1.43390852901969	-0.8951665237157	0.398212121217753	-0.303971647798182
1253	Spis-XP-022797298-1	-0.00370149310891057	-0.0100601168117546	0.0370478634886542	-0.0287550254452062	-0.0176534950631579	0.0751725648383218	-0.033817972451299	-0.0105838402597697	0.00853279571784548	-0.0322420161065031	-0.0329119529355007	0.111021919138203
1254	Spis-XP-022797313-1	0.144615139895649	-0.042086870231631	-0.0558745625082568	-0.142625686590385	0.13868943647462	-0.04852087589752	-0.0787701309566785	-0.0322098930814095	-0.10962713721538	0.195045312143352	0.0723209666624186	-0.140733167947359
1255	Spis-XP-022797333-1	-0.00887110950702662	-0.0186328325913829	0.118386925088574	-0.0973882150153925	-0.0418359681634469	0.0306298955348814	-0.0620805291680951	0.0348478628391237	0.0144125806025754	0.0275506389932617	-0.0336098051840317	0.621621570292023
1256	Spis-XP-022797360-1	-0.0631834658430668	-0.0332614870137083	0.054790045529269	-0.0746390930403248	-0.052720231513998	0.390673942582926	-0.0431448158647169	-0.0844146767596421	0.0841639854351854	-0.00967471895805634	-0.0825751576235537	-0.0875736306922714
1257	Spis-XP-022797363-1	-0.737296631259931	-0.614274694276293	-0.378666283046269	-0.746088680948314	-0.664363531867057	2.60524977692055	-0.653888709784322	-0.79280830007166	1.64847053131204	0.00294854755766616	-0.714611593528963	-0.851085940340557
1258	Spis-XP-022797364-1	-0.0062110903381018	-0.0357285575343098	0.116665668203571	-0.0366866498994195	-0.0953742012008199	0.0910898669498435	-0.0457169238459946	-0.0486198671047719	0.0216134105716845	0.0988629602421844	-0.0589087421924032	-0.108902416174142
1259	Spis-XP-022797383-1	-0.0393417740800999	0.072962221468087	-0.053940125784567	0.116603435060942	-0.0508837113823218	-0.0480186448802261	-0.0265127237748409	-0.0486690025894593	-0.0619800165821714	-0.0414040338708057	-0.0573163109997933	-0.0602807437778279
1260	Spis-XP-022797390-1	-0.180885170467565	0.326537086435266	-0.0869176384581253	0.0293924543314119	0.155944707147881	-0.124864326783001	-0.176977750470222	-0.23429706991381	-0.0674646366510695	-0.253362634908215	0.0221414651237752	0.201425779485489
1261	Spis-XP-022797403-1	-0.0922813750899182	-0.0969576384443353	-0.0505123088932369	-0.0775180060720252	-0.0821260065463504	-0.0153550178767284	-0.11310315320605	-0.112721179621759	-0.0407660535053834	-0.0427195832942241	-0.111671670660114	3.74875954144947
1262	Spis-XP-022797406-1	0.00890355938354313	-0.0119598678667197	0.0665658119653874	-0.0363126606369646	-0.0394128967477762	-0.00138874714590068	-0.038187274955014	-0.0181711914356665	-0.0228790130875272	-0.0335840749101162	-0.00856821302023731	0.643706389154089
1263	Spis-XP-022797422-1	-0.309546687546785	-0.115525345127393	-0.137965317630376	-0.235412799965857	-0.258098479043044	-0.10670282970639	-0.307795262728223	-0.265513809309319	-0.29450588030953	-0.185647804001134	-0.0729158056770828	5.17172131535786
1264	Spis-XP-022797425-1	-0.0645063180909049	-0.0441453215666482	-0.0333499176956838	0.0111196900948794	-0.0229620960044388	-0.0659655568178875	-0.0863160606318791	-0.0582539113208353	0.0087097939216654	-0.0987257784645823	-0.101793171319391	2.91688664811418
1265	Spis-XP-022797426-1	-0.000215444696819958	-0.0226908277753204	0.00223284764758221	-0.0353886559559055	-0.0161057033022419	-0.0365865965190285	-0.0363194707745833	0.00830638625464613	-0.0355091455563656	-0.0353176456750797	0.16804848846348	1.72515577690408
1266	Spis-XP-022797428-1	-0.330631678761446	-0.509966571791672	-0.0756890004983044	-0.623674087474494	-0.216361162022213	0.418032976182251	-0.341227685938391	-0.56995804835237	-0.443679607571187	3.52147864887026	0.0756059721654981	-0.239549225261848
1267	Spis-XP-022797443-1	0.0699277205462581	-0.747753296253723	-0.776067271806813	-0.291741121373872	-0.519130192302701	-0.572990901578111	-0.759146669641938	3.01873003237528	-0.956354863138194	-0.84994555688365	-0.0369575585161934	-0.343469556248809
1268	Spis-XP-022797454-1	-0.235662988222242	-0.200477089896377	-0.16563375842436	-0.269566773737691	-0.189696855057855	1.59830230699722	-0.195966436570216	-0.236332438315346	0.055177922319068	-0.170655405626312	-0.145002575774326	-0.260735179477289
1269	Spis-XP-022797461-1	-0.0342980011108724	-0.241308540116775	-0.245279465866401	-0.0796340079304891	0.370420537390476	-0.00622521594385217	-0.470314753163568	1.20972598340255	0.193201604352126	-0.221302000807629	-0.483849738645712	-0.162868627401802
1270	Spis-XP-022797466-1	-0.0214717230133945	0.0303640355460121	0.0105364758299081	-0.019718474918057	0.0161675044516364	0.00322625183775939	-0.0356265480086678	-0.0399279067187538	0.0480246386581625	0.0545911691361258	-0.0396894204883832	-0.0388213558157751
1271	Spis-XP-022797494-1	-0.0205922518834267	-0.0752047543005899	-0.174205419582565	-0.0222310471025066	-0.18668453919112	-0.199771439546272	0.960578432753012	0.0410265830020459	-0.120887239780599	-0.13618534309137	0.0466050642977457	0.270526160062404
1272	Spis-XP-022797529-1	1.07611598013643	-0.488124424910552	-0.483379580280364	-0.454034001035305	-0.43142959114259	-0.401652233790304	-0.519188996570318	0.589910868776531	-0.342373428463269	-0.385153598391957	-0.0928079167514922	-0.451916982632213
1273	Spis-XP-022797535-1	0.0193787983304469	-0.0572191434145735	0.0443149454469674	-0.0885489036298134	0.0326450191247458	0.222370884379259	-0.0649162481009692	-0.0780869191723052	0.0792170527717264	-0.0507260705710215	-0.0793248558991786	-0.162547197248085
1274	Spis-XP-022797560-1	0.0220699115200393	-0.0304315982185222	0.101221780324178	-0.0352107564867303	-0.0326494381185658	-0.0455705063284177	-0.04495593767745	-0.0304831743986243	-0.0254395696684901	0.0616848314172572	0.0725461594856046	-0.0419356873428325
1275	Spis-XP-022797596-1	-0.0855978889834683	-0.0276643446829419	0.114778546519749	-0.0814172989535319	-0.0108900196656764	0.0503945024291783	-0.121359673854509	0.233857894635302	0.0919027884503557	0.28466617928848	-0.0516201619515554	-0.0611598243999924
1276	Spis-XP-022797607-1	0.0503012958677645	0.0280910329897838	0.000455651498216386	-0.142287812955473	-0.133170612854119	0.125448018927463	-0.057293562293459	0.0246847280011955	0.156096277621744	0.0347909454224628	0.129944004112697	-0.214726667985868
1277	Spis-XP-022797637-1	0.0115635135998318	-0.0180920206187076	0.042831731461176	-0.0341898087905543	-0.0251841754003604	-0.0178389475242169	0.019221569439751	0.0318916093097127	0.0285602799795827	-0.037515982216575	0.0260301962873669	-0.0530777800315782
1278	Spis-XP-022797645-1	0.507015424871801	-0.202960387704215	-0.0808538201602252	-0.273314177253121	-0.168041621173229	0.0277952146319699	-0.264780400949606	0.0544964156305948	-0.150289978337384	-0.18120874400375	-0.110503124316629	-0.253188286409831
1279	Spis-XP-022797661-1	-0.23967602836958	0.174080474581017	-0.0708704099546055	0.312845214170908	-0.091814912769159	-0.0535468165326405	-0.19032359484498	0.163623335806534	-0.0665281698390424	-0.146541275521795	-0.39693764884273	-0.435863543743638
1280	Spis-XP-022797687-1	-0.614784876218237	0.392755956472309	-0.464367824089498	1.06623651676842	-0.511226170266585	-0.324050593138882	-0.219597125520218	-0.0559249211974394	-0.484721687889358	-0.544257106565176	-0.0576342401323242	-0.593790614281569
1281	Spis-XP-022797688-1	-0.304246972772358	-0.359316319336308	-0.153129392383687	-0.476871094300369	-0.390156773890827	1.85844838671374	-0.452740608431583	-0.0434340231248972	-0.172937065782196	1.1650167428482	-0.130433883510504	-0.517541376116949
1282	Spis-XP-022797689-1	-0.0352775622954303	-0.0189240706547334	0.15211049567549	-0.050164690229046	-0.0597048970337526	-0.0397378478807825	-0.0394556966440242	-0.038526536411841	-0.00515664729501866	-0.000730844357021462	0.491150063135591	0.44542154703729
1283	Spis-XP-022797705-1	-0.0279441338705763	-0.0119045321374084	0.0188358148821055	-0.0173096509136536	-0.00716869587274381	0.120955253060453	-0.00837228900927906	-0.0176516970463283	-0.015299804159754	-0.0128214510573588	-0.0151904575461437	0.362612097238277
1284	Spis-XP-022797718-1	-0.65127581379493	0.719729999231737	-0.341664300270152	0.863881149442341	-0.587909549839017	-0.571660347183479	-0.561509943029709	-0.612891825969955	-0.327866067936724	-0.318171614466213	0.151460451681081	0.384538551238939
1285	Spis-XP-022797721-1	-0.797346626947715	0.400565610950778	-0.612677597268855	1.11781236037631	-0.60491376785791	-0.605256650457074	0.82787074347546	-0.587834846792647	-0.597264475514425	-0.295581413471895	-0.67981282754265	-0.471410985056748
1286	Spis-XP-022797732-1	-0.420943456856738	-0.377947659703419	-0.35836103957888	-0.363350814771867	1.98190402162814	0.100047789982084	-0.452117145054791	-0.311139236208189	-0.19161127278096	-0.28461230641695	-0.430702641184599	-0.566454225674136
1287	Spis-XP-022797738-1	-0.100072633789113	-0.0917336036338215	0.0739774515597744	-0.135974577651701	-0.107771484551954	0.67930283122459	-0.116614688021152	-0.0644451782905001	0.00814598462028476	0.224974116452339	-0.0825704305509294	0.0265620927211333
1288	Spis-XP-022797744-1	-0.00202573722125031	-0.049315565004552	0.0327108315245373	-0.0443536618086607	-0.0192557992469879	0.0147687951398297	-0.0264559555718903	-0.0544540909196544	0.0204714166960561	0.595946476775151	-0.0688803661598695	-0.0520502842176943
1289	Spis-XP-022797764-1	-0.056029864451128	-0.101241792670747	-0.0948914865954338	-0.139965237758674	-0.111803238749373	-0.0913135807036565	-0.142650201737918	-0.108014152422658	-0.04732708801076	-0.00375140685436851	3.19957144298349	-0.152591102526145
1290	Spis-XP-022797780-1	-0.015898938630944	0.0399019419145971	0.0276729092701313	0.0232307753830514	-0.0467120814008221	-0.056373266154644	-0.0174736078536586	-0.0100330714856861	-0.0287682823896024	-0.0569585349650895	0.00793903807055534	-0.0574231915551978
1291	Spis-XP-022797784-1	-0.00505510216658758	-0.0853219152606572	-0.0162849781443805	-0.125284303005771	-0.122215158034257	-0.10383168065955	-0.0812658920313901	-0.139798328038343	-0.0945057395496343	-0.0122055550781417	2.77189587965407	0.0122810788287666
1292	Spis-XP-022797787-1	-0.0223690584387595	-0.0558095778478194	0.0974972999922307	-0.11509238885216	-0.118088539631924	0.418988200139884	-0.0559793024358195	-0.0679246455327752	-0.0192587784963566	-0.00441552211015157	0.0214968406360347	-0.121160027210042
1293	Spis-XP-022797792-1	-0.0666356940159526	-0.0311566117422706	0.167276620646435	-0.153994864756754	-0.00283688864644574	-0.0139007437733075	-0.110031141170796	-0.19497586577857	0.026476881064877	0.0993306820373029	-0.0644713255277111	2.47381029501842
1294	Spis-XP-022797812-1	-0.0187880639742357	-0.0216175497659716	0.0817729066013397	-0.0266189077504827	-0.023287672309563	-0.0176365794893846	-0.0145642236195538	0.0114590116271143	0.0222209665716588	0.104112973019154	-0.0376102504650999	0.100070320707434
1295	Spis-XP-022797817-1	-0.0802856080012726	-0.075457141174706	-0.0487733484195223	-0.0691799867213186	-0.0444090672123596	-0.0268928382196109	-0.0801686291105025	-0.0859536305191535	-0.0926550891535243	-0.0924662081602601	-0.0923218276901824	3.54768720440225
1296	Spis-XP-022797836-1	-0.0884861767036622	-0.04192638190424	-0.0365765349144642	0.130624818741969	0.227723077779564	0.00722250988421858	-0.082303503744726	0.0340298435298669	-0.0884934497349163	-0.0209685143432854	-0.133697289888805	-0.117717355837025
1297	Spis-XP-022797885-1	0.180965954655326	0.235854528203018	-0.581414013538211	-0.393666670417838	0.0475502125204778	0.880210523324575	-0.593516230627593	-0.415577506910964	0.231639917602834	-0.368634625265888	-0.275776752179092	-0.758527223025437
1298	Spis-XP-022797897-1	-0.0155166712481271	0.0136543660508909	0.0883474842756226	-0.0759009227061452	-0.054756622370178	-0.00593032836319164	0.0784664386148284	-0.0343427452579331	0.0603308572976738	-0.0373176385345737	-0.0971459663911203	-0.121918208051373
1299	Spis-XP-022797898-1	-0.11380108478139	-0.296034316806439	1.00505246644696	-0.364218594480872	-0.17384426850386	-0.0541805500726338	-0.359276472055595	-0.143148367134698	-0.347460727567396	-0.166535884088301	-0.219429873350161	-0.259361795242462
1300	Spis-XP-022797906-1	-0.0297599929190969	-0.135404578235407	-0.125064627007769	-0.210246491820247	0.915926668424221	-0.0311169892634028	-0.201019055201822	-0.0842703167621284	-0.0506181113353245	-0.184281231390635	0.131374271599472	-0.288874386657702
1301	Spis-XP-022797908-1	0.0138175266736295	-0.0521646280430369	0.0267181333330854	-0.0876630372630547	0.00579997180325224	-0.0171722146307133	-0.0533244938943665	-0.0606847069114721	-0.0716000105740831	-0.0502563283430926	1.65277807926214	-0.0865341793418482
1302	Spis-XP-022797910-1	-0.0370358215042375	0.0418280466002743	0.0111145527754195	-0.000321160129241937	-0.0288459323245752	0.0448947630058597	0.0126794978707501	-0.032724492402083	-0.0329310568011641	-0.0141607208339052	-0.0342504829764353	-0.0320552753651906
1303	Spis-XP-022797920-1	-0.0705328790489795	0.00930506026076133	0.0307288910720481	-0.0196271883491466	-0.0360267969493481	-0.0797545159522133	-0.0460246317973725	0.47025047314085	-0.0347091397699752	-0.073795809850593	-0.0556094809698458	-0.223443447879902
1304	Spis-XP-022797921-1	-0.0234849715292077	0.0847184845950228	-0.00668590227073633	-0.0234060996672808	-0.0277868680297997	-0.0428653992318758	-0.0250268814199728	0.0324822029487981	0.0050421571784489	-0.0502102540511173	-0.0992715199060419	-0.102393915208683
1305	Spis-XP-022797922-1	-0.0151021927091442	0.0132549115116468	-0.00175760048686205	-0.0135383242572846	0.0210135967921602	-0.0164933856192287	0.00801567283907709	0.00865608888363623	0.048536354468626	-0.00989266180769877	0.00175680522458715	-0.0296482381344187
1306	Spis-XP-022797942-1	-0.0974361134530902	-0.10541094895009	0.0480304104178956	-0.107577931325661	-0.096005110600995	0.753279517807546	-0.0105906437715043	-0.0882932991175878	-0.107017777476642	-0.112480446205694	-0.109809920245759	0.0149795356554056
1307	Spis-XP-022797995-1	-0.675591020199899	1.05904486655379	-0.508193832202808	0.529330755031944	-0.643564081105122	-0.553895195362922	-0.217124261228978	-0.665364901210905	-0.580469869097567	-0.809002195839312	0.558418964992432	-0.141701744983734
1308	Spis-XP-022797997-1	-0.368988580109398	0.755611533018879	-0.478081713422518	0.709734847180432	-0.617080954775703	-0.609186302736995	-0.381803867908274	-0.543174802178197	-0.527435800404586	-0.664727470558451	-0.219305764195899	-0.526965848270732
1309	Spis-XP-022798004-1	-0.0125340098448688	-0.0171771446571796	0.0269288573673918	-0.00182262096677146	0.0220466163812018	-0.0121913082290489	0.0013605357060364	0.049208605664965	-0.0177911948908976	-0.0318270875375652	0.0264603567497868	-0.0317805821278591
1310	Spis-XP-022798007-1	0.00250804964405705	-0.0332380736692771	0.0556718989439377	-0.0403908189111468	-0.0295106365330905	0.057623120577634	-0.0429229279959513	-0.0450934436935466	0.0228884211855516	0.172650231155291	-0.0478259984964382	0.35619906632866
1311	Spis-XP-022798013-1	-0.30478394008004	-0.224088104326878	-0.253370500289366	0.129724800799294	0.312159129630154	-0.134295650956509	-0.136636231216059	1.50405101858864	-0.230796233653888	-0.180244420318535	-0.13595396135015	-0.371377698553742
1312	Spis-XP-022798020-1	-0.369812077197144	-0.311663630171913	0.39133811740102	-0.356456038678451	-0.22480318592581	1.12192208984054	-0.255474585406046	-0.356366736479246	-0.156703538128713	1.4758637375551	-0.0517340665730939	-0.215982246168748
1313	Spis-XP-022798045-1	-0.0732775517195982	-0.0178174043408924	0.0209019945015175	-0.0528918012029115	-0.0608375831840275	0.399038047905005	-0.0387310376156518	-0.0426023989948594	0.0086823284083795	0.047156021965776	-0.0644188386261619	-0.068908512846736
1314	Spis-XP-022798065-1	-0.0503061598305372	-0.056193754861262	0.00141495792504018	-0.0779983403813058	-0.0739235126832514	0.428120187462727	-0.0296267593229952	-0.0114994242231503	0.113172354391887	0.082780800456497	0.0121914814954139	-0.0650403269525948
1315	Spis-XP-022798076-1	0.00467941094223596	0.0342872010199081	-0.0440133302205027	-0.0310879484621154	0.0383293699076684	0.00121330083551144	0.0655818364399419	-0.0582292462996175	-0.0305749049697279	0.020852286324735	-0.0574040411522209	-0.10740706294446
1316	Spis-XP-022798084-1	-0.607415662993446	-0.43032343009402	-0.454006441535065	0.18306896017207	-0.450878440533885	1.49258158073619	-0.251806903392257	-0.517712907828972	1.91891039215951	0.0771713940642104	-0.137359680024453	-0.335623128554901
1317	Spis-XP-022798091-1	-0.13608101825482	0.240783853538993	-0.0106522374363059	0.019274936163482	-0.117321387475963	-0.030092628499544	-0.0556250177470458	-0.0731321975357049	-0.0825389088808601	-0.110407324217911	0.264333739002484	-0.134887475996455
1318	Spis-XP-022798114-1	-0.0457083316345671	-0.354353912582093	-0.165308017823286	-0.430713806984771	1.19774486484201	0.581709052367693	-0.338184472301314	-0.0984783602426255	-0.299772838131404	-0.310871242771452	-0.162778091645412	-0.476485350536017
1319	Spis-XP-022798133-1	-8.9042413785656e-05	-0.0450332995111176	-0.0477749660915329	0.00678382674538371	-0.0209087350549963	-0.00922824622863408	-0.0583118629607445	-0.0499550462598407	0.0488007223123041	-0.0823031503504441	1.5505883553863	-0.0947763835667321
1320	Spis-XP-022798142-1	-0.0376501114476219	-0.0609439033967392	0.00559057430495014	-0.0588414058723137	-0.0113766908244701	0.462925506223106	-0.0544304744406679	-0.0747170796073025	-0.0439629444528014	-0.0442868983703295	-0.0619397809457018	-0.0700501254803677
1321	Spis-XP-022798160-1	-0.0050073498910946	-0.0539363341589244	0.0202197953650646	-0.0123415481614851	0.105855677609962	-0.00074142765683019	-0.042034832364195	-0.063632691884608	0.126673405636508	0.114197335373864	-0.0228316293934396	-0.0633710952457049
1322	Spis-XP-022798181-1	-0.0212295997020213	0.0107664458800229	0.0520227613285029	-0.0396143603348158	-0.039842742240036	0.0413313210417046	-0.0633967451017422	-0.0589646590293531	-0.029180793991998	0.0289254100712451	0.715844123519734	-0.0638302565428232
1323	Spis-XP-022798199-1	-0.146084168597977	-0.141225235950768	0.177862151821018	-0.193765476588318	-0.168994027591917	0.92290072587133	-0.182640469354904	-0.155240595634651	-0.0289837113750957	0.0205400294502865	0.13342723809391	-0.178898806059888
1324	Spis-XP-022798201-1	-0.00336254259819519	0.00175295073489404	0.00706231384971537	-0.035412819551097	-0.00923646625980618	0.0337553342693602	-0.00371043677829889	-0.0312636045790201	0.112485847584871	0.0330366225366254	-0.0229868430230888	-0.0169671169943021
1325	Spis-XP-022798226-1	0.0247334183114389	-0.119340266564802	-0.364621032157569	0.0152999911969532	-0.13410500210114	-0.0898862693160158	-0.248610729773553	0.448012591593635	-0.197579613256588	-0.237483572592319	2.99619564832342	-0.385194233093489
1326	Spis-XP-022798270-1	0.0411771902218727	-0.837023956211498	-0.731397235244354	1.34927105241861	-0.905477932856044	-0.726832847949479	-0.717672235347578	1.55698152829492	-0.811134670924408	-0.641435730711069	-0.552494070638614	-0.820400444251093
1327	Spis-XP-022798312-1	-0.017235591239882	-0.0311757940360068	0.0172434364486865	0.00553810006448881	0.0122717240472827	0.0740991058436075	-0.0212564927798577	-0.0740805748816059	-0.0221764423913791	0.191854650046248	0.109260800018588	0.00232659297264659
1328	Spis-XP-022798324-1	-0.160873826993941	-0.284074259335561	0.69127105531192	-0.457312965481838	0.109541599095625	0.615613124365895	-0.34094361214335	-0.171477281585373	-0.222907716030177	-0.11721343010568	-0.0889675990807851	-0.45962802711886
1329	Spis-XP-022798325-1	-0.136872440955172	-0.148151063273729	0.680503650621116	-0.213138123779815	-0.0048222822580952	-0.0903396573888597	-0.196151710457442	-0.193543615209311	-0.135682103448918	-0.0500327304453541	-0.0514012112479517	0.206130668924327
1330	Spis-XP-022798336-1	-0.016499685157299	-0.00984304411268695	0.0162953631494638	-0.0190891526609079	-0.00737633669770944	0.0161643995887297	0.0180203565636863	0.109668088079231	-0.0347553956145442	0.00736938925770095	-0.0348217992277671	-0.0337933087738889
1331	Spis-XP-022798355-1	-0.101818542858035	-0.155339587845685	0.00397930370439686	-0.226368202110814	0.254841446230144	0.902106707541719	-0.188215258097422	-0.176026271012228	-0.159428813070065	-0.0785322937828641	-0.143708907591293	-0.216727246232579
1332	Spis-XP-022798424-1	2.93084527101725	-2.71966960272021	-1.18987710702935	-2.79424263270585	-0.424415879830938	-1.9560742262574	-2.7421302866098	0.821010012681055	-1.65680458062372	-1.5209767346408	-0.64171163021512	-1.40125060628305
1333	Spis-XP-022798432-1	0.019023305960844	-0.105072313668073	-0.1239699266644	0.63607266502934	-0.354738899184135	-0.117415389324784	-0.372723104277979	-0.0875749961259424	-0.157490142110053	-0.23376421291175	-0.296544591725603	-0.245528031578075
1334	Spis-XP-022798435-1	-0.293009814842166	-0.0185652404997496	-0.396456793638028	1.15987048319675	-0.482407166190096	-0.384673652584816	-0.460392473599035	-0.182885652777043	-0.384172318062184	0.19733045333493	-0.339580406955404	0.122423941326612
1335	Spis-XP-022798437-1	-0.328455140573025	-0.379081615157038	-0.281073419568214	-0.272110955459058	1.91407167711748	-0.301443328405519	-0.353359585423392	-0.299845170957733	-0.247478297393322	-0.354704929707811	-0.19043498126465	-0.352901765211807
1336	Spis-XP-022798452-1	-1.09238703198894	-0.266120393443644	-0.904680457816599	2.319662869863	-0.868806868431265	-0.999414653134363	-0.108920193968354	-0.756894360401843	-0.733864793666634	-0.945953371510305	-0.520055133531672	-1.00946823653459
1337	Spis-XP-022798459-1	-0.300968993452826	-0.236009569744618	0.032911149803697	0.602681009530338	-0.37575084893022	0.115941967444381	-0.383874258806925	-0.355231382726911	-0.294977192264408	1.58304075669772	-0.276131003467701	0.95417133924785
1338	Spis-XP-022798479-1	-0.0431739664184812	-0.0761876068519321	0.00291502372216237	-0.0493798007153936	-0.0258824541206248	-0.041927435564136	-0.0450451671606641	-0.0508373719137018	-0.0168674763513142	-0.0652592779529825	2.18324873712724	0.0240084261428763
1339	Spis-XP-022798500-1	-0.148524116430157	0.0600924055416185	-0.190284398924147	0.0399677504874103	-0.185035552482746	0.892060397901382	-0.207344471305399	-0.158150557816893	-0.170118212027574	-0.139330327578427	-0.0820762909129727	-0.22755634107381
1340	Spis-XP-022798535-1	0.0284646760143959	-0.00822211377436771	0.0537497534720545	-0.105314700571327	-0.00476223618392664	0.0096676666659455	0.0709593211177102	-0.0424681314151316	0.00186624388339836	-0.00482964312329182	-0.038357661830423	-0.032884743228529
1341	Spis-XP-022798541-1	-0.187864843652833	-0.233357135927316	-0.0971990254805652	-0.191173996971443	-0.216429891231214	-0.0836455104310654	-0.255316345827529	-0.18348344725651	-0.0829810763958209	2.8012369166778	-0.121886686544032	-0.116573173584952
1342	Spis-XP-022798546-1	0.00893922057151531	-0.0226344727689063	0.0447599004780289	-0.039105040223731	-0.0309341642441738	0.0011741539146845	-0.00918674332849502	0.0295218709009241	-0.000396622452686228	0.142892356709318	-0.0300672675464022	-0.0298658306810857
1343	Spis-XP-022798551-1	-0.0881048784920733	-0.079268214491525	0.0336516320168471	-0.0825515143150271	-0.0500425514211593	0.590103705755848	-0.0807518128669094	-0.0381227196341488	0.0486942546222737	-0.0165695039895417	-0.0699815531156991	-0.0537047195811008
1344	Spis-XP-022798552-1	-0.0231535230200661	0.0177347635448979	0.0420104767240547	-0.0159165270813238	-0.0146059030886757	-0.0167679111604583	-0.0208646001243566	-0.0263526922399125	0.0234088781068184	-0.0351531406822028	0.288851530583518	-0.0489011896458588
1345	Spis-XP-022798553-1	0.173634508131787	-0.00497358075239546	-0.297059714240406	-0.177797692649698	-0.066801394101575	-0.302333675152233	0.393262529480242	0.71254581441447	-0.262032809608297	-0.342474395120144	-0.301497093974712	-0.377884041374175
1346	Spis-XP-022798554-1	-0.81526375656566	-0.800454946589842	-0.0698959738936329	-0.870987876956413	-0.709337374602764	3.0811580055193	-0.476383086664871	-0.818659654063225	-0.564462912269082	-0.351538792195544	-0.776306318903153	-0.758512163984791
1347	Spis-XP-022798584-1	0.0175264664471636	-0.00703581142494932	-0.00532358323383519	-0.0196502052334427	-0.0162592209772543	-0.00987736834817961	-0.0264334094259466	-0.0280245758645473	0.0849571493002945	0.118944713582582	0.0709713901951907	-0.0430482815105266
1348	Spis-XP-022798601-1	0.787540788188469	-1.31718364887752	-0.971246364107417	-0.78954026098662	1.56527536385136	-0.089174623626511	-1.29543103835909	1.04414624593546	-0.154582500359066	-0.42394194800452	-0.669873354406731	-1.15431019984049
1349	Spis-XP-022798609-1	0.0162639328797327	-0.0258021129704259	-0.00914161544297344	-0.0696995018944252	-0.0472031164721872	-0.0145107705233736	-0.0312566208507927	-0.0437447179809936	-0.0211246715298772	0.0893504219227117	-0.0607842928170902	2.04868824366617
1350	Spis-XP-022798645-1	-0.0307782976605149	0.0417434018924166	-0.0616519981296321	0.0617073135161166	0.0182712887064727	-0.072064277092717	-0.0501950071628541	0.0613946171234248	0.167778327979608	-0.118574351234566	-0.142682418675202	-0.129227209634306
1351	Spis-XP-022798655-1	-0.0464428136082582	-0.00905779433942096	-0.0356184465484119	-0.0529882972186302	-0.0182971271671289	-0.0120927704680014	0.0217629909669235	-0.0130289445933052	-0.0472795296045353	-0.0467865555408841	-0.0458945718436989	2.44071240622491
1352	Spis-XP-022798656-1	-0.00889509404591046	-0.00208789550500685	0.0873377562184623	-0.0329964281551477	-0.0120906824691899	-0.0279315577919557	0.00319683427843674	-0.0526174325399125	-0.0278031954058132	0.0398436337044265	-0.0490270385261756	-0.0535452599800847
1353	Spis-XP-022798671-1	-0.0999591175026141	-0.239483020640512	-0.0632904613128459	-0.329526649403061	1.36558034842648	-0.199715465659271	-0.350159327077853	-0.140782820142946	-0.28519617956386	-0.177008672500809	-0.117159555711415	-0.358144053521287
1354	Spis-XP-022798683-1	-0.155866458098274	-0.215056463769226	0.55223364404953	-0.262061802775789	0.35536721684438	-0.0803082252244107	-0.226173474544552	-0.0589208709925726	-0.0338423698621758	0.296163049302115	-0.223687404074887	-0.302640640357008
1355	Spis-XP-022798684-1	-0.0400446401690782	0.120048329364663	0.0173092806518955	-0.0766536497996431	0.146291963548674	-0.161500502347462	-0.0385253021767288	-0.0895628713731437	-0.176068819213778	-0.0704248837409385	0.393516432226033	0.174093771407304
1356	Spis-XP-022798688-1	-0.00856908300700655	-0.0214229602035401	-0.0336832771494554	-0.0680517503542381	-0.0492295005614125	0.0335887366101933	-0.0684658628867667	-0.0679864063852431	-0.0269271165532985	-0.056321773300019	1.86053332104498	-0.0649007046967221
1357	Spis-XP-022798703-1	0.00194982745356884	-0.0622003394996251	0.223328119239683	-0.125148660388318	-0.0564444308928775	0.112853132240757	-0.0634246192032172	-0.126975102071866	-0.014341127776003	-0.0109642730330701	-0.151478964716362	0.426744017472224
1358	Spis-XP-022798728-1	-0.0322046962957247	0.0445275046248732	0.0595046206003978	-0.0383109126362214	-0.0208967471429057	-0.0269923290947563	-0.0189701123713629	-0.0361139855706476	0.0455739057098486	0.0114807461640308	-0.0392949085646598	-0.0384581086840441
1359	Spis-XP-022798766-1	0.799021936432137	-1.24661230621463	-0.837001013875536	-0.820534491575904	1.75687312359241	-1.09112551018009	-1.33151708342084	1.24178672803702	-0.950877709506911	-1.05627904031628	-0.296544948162041	-1.19051395414756
1360	Spis-XP-022798773-1	-0.141791179195725	0.263248541440919	-0.155011886388143	-0.00531947498935648	-0.186798401956829	0.170273914334304	0.375788677835089	-0.394610248066655	-0.1232871421815	-0.0146348213861458	-0.265070575042888	-0.291739523007354
1361	Spis-XP-022798800-1	-0.0752765496476002	0.126791025932082	0.00995971225606601	0.109740012243331	-0.0903543704280959	-0.0846304714436799	-0.079494909060338	-0.144348169299178	-0.0591458369094346	-0.0703471855125835	-0.000754643851776093	0.293088886728583
1362	Spis-XP-022798870-1	-0.0603636972562285	-0.0885439638372514	-0.0525908806735905	-0.0833129473614475	-0.0678480578662722	0.533474559850601	-0.0671436082050378	0.0369888336448311	-0.0644432773714609	0.545383640612526	-0.0422704940332629	-0.0968323148703597
1363	Spis-XP-022798884-1	-0.383211481610024	-0.356450078756898	-0.0294884203354053	-0.452195417498119	-0.388110211632763	1.03378170943239	-0.417582125324563	-0.358631144197625	2.07173018047318	0.856628751673855	-0.0029196921079202	-0.212802097101473
1364	Spis-XP-022798902-1	0.143955373042842	-0.429400113101838	-0.265396078065147	-0.593537849764934	0.793028698414824	0.174421692365862	-0.581605674672495	0.28320207336569	-0.299826808723506	1.79219624857292	-0.0127524951393124	0.546177905359935
1365	Spis-XP-022798987-1	0.0071703752103327	-0.00313731178195897	-0.0318603714840821	0.053825505233891	-0.0281247519753396	0.00691502902003396	-0.04119313396735	0.00174455359238943	0.02603471476473	0.00803541181556872	-0.0815468972913802	-0.062340125335047
1366	Spis-XP-022798988-1	0.0463529062917566	-0.101252633796035	-0.0436959147701513	-0.0851482815126518	0.259586492666591	-0.0933908619963316	0.0291798130405407	-0.0917485792565892	-0.0955414188599185	-0.0598811314744033	0.0466687822305299	1.83151432096499
1367	Spis-XP-022798990-1	-0.0311855661533202	0.0353568253170314	0.0276151459585592	0.00466317566225062	-0.0276335234617051	-0.00729676458418443	0.00299067594741114	-0.0467189422087259	0.0136807447054129	-0.0458838680609989	0.0818813527046607	-0.0451030262129368
1368	Spis-XP-022798997-1	-0.0130823163346763	-0.0287487928046808	0.0814954507166795	-0.0278605094465881	-0.0385987779499628	0.0570434538296411	0.000519317565080973	-0.032025208405895	0.0163861188724342	0.0236591000146951	-0.0257078018419522	-0.024877738354298
1369	Spis-XP-022798998-1	-0.0108892447540799	-0.038646578492352	0.143654548906213	-0.159347428315112	0.0325397348318744	0.179951334237532	-0.15586760961237	0.0481885962385311	0.0820273364668277	-0.0504711449317889	-0.200005867852716	-0.0588224660570116
1370	Spis-XP-022799027-1	-0.03915836624005	0.0495493067869692	-0.00183198780509609	0.0705647111934459	-0.0288223649530869	-0.0337764105478286	-0.0319473568039683	-0.0461588560077178	-0.0419909565083057	-0.045132292594205	0.029047166506012	-0.0446277073226415
1371	Spis-XP-022799035-1	-0.0143310280649421	0.0317750601444831	-0.0192309419808701	-0.00765236049574786	-0.00641831618643857	0.0129678299892433	0.0354932261470634	-0.0105115405560161	-0.00901346028073074	-0.0271188299569803	-0.0304479064352469	-0.0243749262641741
1372	Spis-XP-022799039-1	-0.0219382775356513	0.0164214119368631	0.0225783281575521	-0.00277532542576336	0.0110342986188445	0.0282641837662419	-0.024985475117588	-0.0246062418678908	-0.024437185901725	-0.02560940114832	-0.0244753188334937	-0.0228350894077995
1373	Spis-XP-022799052-1	-0.00327350116298807	-0.0417718512887385	0.00840021442308788	-0.0515854916225334	0.0567111540419255	0.143507413768636	-0.0467695038038859	-0.00824249077212919	-0.00275486408109658	0.113519241879668	0.00119175373432803	-0.0474562470721466
1374	Spis-XP-022799053-1	-0.110653221717805	0.000601122115663322	0.538931710975419	-0.295417495961515	-0.0917548015650844	-0.129797089172324	0.0185043346290005	-0.212323055905815	-0.0595080357649495	-0.0193969324980286	-0.0256924749888336	0.0740754851780672
1375	Spis-XP-022799055-1	0.0384088568098231	-0.0439363500317154	-0.101898071069591	-0.110230089256183	0.0463452046657504	0.440352192022894	-0.282625417420125	-0.114261355859107	0.232320198093045	0.054393249755041	-0.124444411408032	0.376074800388837
1376	Spis-XP-022799065-1	0.0288137257640737	-0.0150515272164778	0.0107585074266031	0.0168772782147973	-0.0194863228507414	-0.00463668486153565	-0.03724332925628	-0.0420045911354065	0.00564788672697248	-0.0399356283033147	-0.0308755884403798	-0.0387931750049857
1377	Spis-XP-022799075-1	-0.03595862189214	-0.0430187706453115	-0.0670273259712363	0.249353963127313	-0.0378815527035048	-0.0913259636605256	-0.0529655287485269	0.075543702080325	-0.010634720672768	-0.0875779532595761	-0.0898919123876495	-0.0677109393777921
1378	Spis-XP-022799082-1	-1.25226553039169	-1.28314372320686	-0.956479130925723	-1.36480494481471	3.9812848234775	-1.12668048040485	-1.40030977564926	-1.33223284440292	-1.15340448374796	-0.948936304777615	-1.0912500053254	-0.539707336635351
1379	Spis-XP-022799114-1	-0.4348336965521	-0.394125660054815	0.113746377380849	-0.420053516065139	-0.334866109721965	1.18020436490434	-0.296585381393559	-0.292543356299964	-0.0420722846368058	2.45272800803995	-0.196506487645932	-0.586009347785543
1380	Spis-XP-022799130-1	-0.0271111477507932	-0.0765957521264172	0.00549494472656586	-0.0616497409329374	-0.0564233975244341	0.33148739045303	-0.00730473654132216	-0.0406810140672548	-0.00752910068198033	0.317169338502388	0.154298299379699	0.0317050666945567
1381	Spis-XP-022799139-1	-0.0521630267378712	-0.0395178772211894	0.0718868467199972	-0.0614329463220919	-0.0551394250572841	0.352658438865094	-0.0705348128776339	-0.0849732565367258	0.104466627657512	-0.0686332378752384	-0.0938040267487428	-0.0173024306734955
1382	Spis-XP-022799147-1	0.00455538083645246	-0.00674395746389486	-0.0324512145141768	-0.00558735764625883	-0.0219079317950902	0.043180805897522	0.0206522049055905	-0.0277420526836232	-0.0111532450632107	0.140150646389646	0.220511582998194	-0.062009117065426
1383	Spis-XP-022799148-1	-0.239799883303985	0.55123776023679	-0.0414750589314815	-0.0238839270555581	-0.184379678452981	-0.176145680375543	-0.193814931561678	-0.272960279666812	-0.16343995318579	-0.154358171791029	-0.111938031514407	-0.263398583196291
1384	Spis-XP-022799155-1	-0.0246954366183062	0.0629844084062033	0.00754464814270599	-0.0227379510023144	-0.0153546363941797	-0.0171018183452694	-0.0767322345612834	-0.0757613984783933	0.117504185557409	0.0350972132743508	0.118326399741864	-0.0722401375137183
1385	Spis-XP-022799159-1	-0.0547524753490051	-0.0652838595870944	-0.0437870131143254	-0.0705937686714667	-0.0957298216707673	0.543342311061366	-0.0682158682986014	-0.024906906311408	0.188181839582218	0.0539658440016023	-0.00807939760442875	-0.099337986258104
1386	Spis-XP-022799178-1	-0.240118579441327	-0.25806360354884	-0.135613453944789	-0.347770952616653	-0.27042091682249	1.64644316642179	-0.363431180262548	0.0584020387488709	-0.180372944753596	0.502924732734043	-0.278165755345378	-0.129752976673014
1387	Spis-XP-022799183-1	-0.0467753114077699	-0.071168000144995	0.118070127835864	-0.0838350929156196	-0.0544225969467223	0.281084825408539	-0.111584851583741	-0.0854824502238221	0.121041170455282	0.28770931157714	-0.0147178834693581	-0.113267397884369
1388	Spis-XP-022799189-1	-0.0284096240397895	0.0699880750922144	0.113481208999615	-0.193239901587378	-0.0113490291562594	0.0439278153680239	0.0524636654411387	-0.087177086623581	0.0159612580212911	0.0388574350863883	-0.104742807584042	-0.0818360825937464
1389	Spis-XP-022799195-1	-0.337713302020041	-0.358234856990767	-0.170337497129145	-0.396296655952531	-0.209429605170319	1.37059094277664	-0.391458670115138	-0.23690814762543	1.77676394184959	-0.0252991761256335	-0.174517448647209	-0.567569896593925
1390	Spis-XP-022799205-1	-0.189139319398049	-0.0678205406398706	-0.0712047897904792	-0.3131022382436	-0.100346699442633	-0.231541128311133	-0.282953801926794	-0.322491656842369	-0.0764841436201128	2.73317014821804	-0.312153045025161	-0.326566078070721
1391	Spis-XP-022799209-1	0.0417523913376596	-0.12645593109928	0.107838678113436	-0.154237708700449	-0.187353911024568	0.571468532981216	-0.1399565914295	-0.199556180589454	0.0230709253669366	0.0749407887357109	0.191921081112498	-0.247319378270647
1392	Spis-XP-022799213-1	-2.2893949280485	2.26719569603003	-1.34821685750119	0.882823574345822	-2.24873407376005	-1.60959517693858	-0.768189977434651	-2.46814979797646	-1.16737631012616	-1.7726807403395	0.651866743199775	-0.631757965308659
1393	Spis-XP-022799226-1	0.00485994645191054	-0.00201823997836893	-0.0198676297887206	-6.2961857881301e-05	0.00901260946320719	0.0375363787945651	0.0180168686130789	-0.0205445621020574	0.00238494822431838	-0.0409627964763643	-0.0410636647512343	-0.0357518720896639
1394	Spis-XP-022799245-1	-0.0819503634174432	-0.119354506910721	0.00615602590045233	-0.11780064904562	0.717880759271821	-0.0733948754091947	-0.11605245019125	-0.0722383229857418	-0.0751392264467222	-0.00205531818406207	-0.121124166564926	-0.124293370876077
1395	Spis-XP-022799248-1	-0.00719832302575298	-0.0119609411891524	0.0428605143826487	-0.0347660751943848	0.0280784833807932	-0.00699875307636778	-0.0377992964536202	0.0251364658872588	0.0661939138784393	-0.00581637503646321	-0.0464108138413086	-0.0504044392803196
1396	Spis-XP-022799249-1	-0.281969406562332	-0.279926606104119	-0.207047685351515	-0.306210217242277	-0.292911161215573	1.62983539112186	-0.298209239720379	-0.124150102354319	0.787443076037644	-0.139434056555087	-0.255551115443328	0.311138427455754
1397	Spis-XP-022799272-1	-0.0862639286822214	-0.174820659159802	-0.12022036627312	-0.221950737157823	0.279632015298697	0.913155597145362	-0.190808869191501	-0.0618732557978781	-0.109580353447769	0.152658642953431	0.0571616981828771	-0.213677230205047
1398	Spis-XP-022799305-1	-0.229087041993656	-0.276183986007778	-0.230247725327749	-0.275977152675585	-0.219532961563418	-0.253770509727691	-0.236893295691607	-0.257194646114385	-0.260670408413667	3.24043730158252	0.111242888666023	-0.271076460008343
1399	Spis-XP-022799307-1	-0.148396885413572	-0.172801908963528	0.870557247125392	-0.282418295335737	-0.0548306890609725	-0.262318312761513	-0.275926568841027	-0.0913632766460222	-0.26396923274878	-0.141321899447064	-0.256523821015415	-0.168551347764409
1400	Spis-XP-022799320-1	0.043175994620115	0.020319797498809	5.06689830185453e-05	-0.00131386431985844	-0.0357953562652295	-0.0150923089986552	-0.0471926122437071	-0.0940169825490038	-0.0533168020725249	0.0552668495053787	-0.115544705968197	-0.0840108408354706
1401	Spis-XP-022799329-1	-0.0117484458374468	-0.0584917194249541	0.166075363889705	-0.0601282174039408	-0.00326529476586677	0.0296513263322049	-0.0581598286160133	-0.0285989087374923	0.0201551714164422	-0.060960253536066	0.0366853802647272	0.039050853975653
1402	Spis-XP-022799332-1	-0.0697993348795713	-0.0512516884494813	-0.00474307886281028	-0.0818482730411236	-0.0478097649961666	0.209927940248973	0.0140169397990606	-0.0801758430374029	0.495800332023947	0.293122247038198	-0.0739524084716727	0.275862928528827
1403	Spis-XP-022799335-1	-0.118628739743194	-0.133031119062832	0.689266163794255	-0.200042716407888	-0.164786611766705	-0.128211848807938	-0.197807953985724	-0.0940280321355075	-0.172001673468527	0.13188975148	-0.176841797465646	0.00313004074840467
1404	Spis-XP-022799337-1	-0.0321453024167615	0.0290445802079205	-0.0217858287839211	-0.000577709381445579	-0.0246337868553952	0.0290534888497137	-0.0515748103292952	0.173199011751213	-0.0276040747971133	-0.00180151508530349	-0.0466240003866073	-0.0446427484484564
1405	Spis-XP-022799368-1	-0.155184380164455	-0.0251403908552069	-0.0744942393083241	-0.150936922702086	-0.169864246612461	-0.0598097110930087	1.10766785056443	-0.0991600743598647	-0.00376516820054382	-0.127707389917684	-0.00875902285585695	0.0768043946027488
1406	Spis-XP-022799373-1	0.00857460000452237	0.0101841552242109	-0.014448424389695	-0.00923058725387505	-0.0367077512997685	0.0223993848074688	-0.0205604712049914	0.0177633994402737	0.0281643811254822	0.040807955834272	-0.0420207819223535	-0.0374652006064181
1407	Spis-XP-022799376-1	-0.0380129538692291	-0.0538191854055466	0.0457242704156712	-0.0820881534156881	-0.065109065843105	0.324088629276337	-0.0439761702935991	-0.0570497600420235	0.0407497667303483	0.260224071382831	0.0463635476950666	0.0368760365652573
1408	Spis-XP-022799394-1	0.0309989283682197	-0.361395212296907	-0.0135529599181587	-0.447843048079261	-0.261570891466262	1.22242270695479	-0.375945208745598	-0.200060115883828	-0.0530625286397576	1.05880042243447	-0.0612666902087982	1.12825560686923
1409	Spis-XP-022799416-1	-0.188881839046437	0.0889738933386969	-0.133449064330744	-0.0183125658817079	-0.133653760579564	-0.111200908836235	-0.28759235599168	-0.24545498668745	-0.100021064892051	-0.107619248800602	-0.0982270236400065	4.00852242760147
1410	Spis-XP-022799425-1	-0.107260958953475	-0.471755864890215	-0.622757010555507	-0.0725375625764798	1.12371189105243	-0.705610196077587	-0.458097859470544	1.79722807153172	-0.749584931113313	-0.415077483556316	-0.366713938586563	-0.532729206405356
1411	Spis-XP-022799427-1	-0.0750853956873375	-0.535346571208928	0.0942269346094627	-0.440994486114558	-0.448950011573049	-0.548428296962875	-0.0429244456250361	-0.446234726506753	-0.708437563269674	-0.503020010450387	4.75636725269477	-0.697147770140977
1412	Spis-XP-022799433-1	-0.249554422196999	-0.144833457414704	-0.171169609415277	0.479625885624841	0.0232037849858497	0.193474630170264	0.0705912815654908	-0.118363082278404	0.400142164387631	-0.186635712290072	-0.160568792381052	0.0385707536823074
1413	Spis-XP-022799472-1	-0.0308672825892014	-0.0707172129984287	0.00334710275251698	-0.0813893675279523	0.410008111512582	-0.0132316492527565	-0.0870127402366636	-0.00779348719849821	-0.0851571778158633	0.00989340112058289	-0.0558792982835896	0.283417230216057
1414	Spis-XP-022799484-1	0.229439079160491	-0.0957302534598144	-0.0485146015829978	-0.114747562224091	-0.0558727889310112	0.0297668458153586	-0.0800146434743423	-0.0681717845918374	-0.0792872943526038	0.161678429483261	-0.0981994150918032	-0.112565238687531
1415	Spis-XP-022799523-1	-0.064118853780008	-0.0732177899986005	0.0604951617789004	-0.139923464339642	-0.00661354777116488	0.262260375872961	-0.0955378888383565	-0.116323267029564	0.205675061725289	0.77575687668751	-0.023423989339671	-0.123761030552927
1416	Spis-XP-022799527-1	-0.814734746480898	-0.179534169467136	0.838003894676911	-0.276934992625595	1.59873105539157	-1.01411074989986	-1.03259303171268	-0.102858603121653	-0.592961494632229	-0.962561493892452	-1.09614891991358	-0.163889533137346
1417	Spis-XP-022799541-1	-1.58919742148675	0.69988830018948	-1.20188286184595	1.39820352505857	-1.62173927244514	-1.46961491534307	1.92115348541236	-1.60875250670479	-1.19140976393551	-1.61041004008985	-1.1792746416979	-0.951963340178558
1418	Spis-XP-022799542-1	-0.868376994524756	0.0202830174670765	-0.565597103048244	1.49113689153884	0.389915538363912	-0.810160408551314	-0.411959425549098	-0.0492017224671608	-0.752848936457233	-0.770318970164938	-0.532894116206375	-0.878367712761061
1419	Spis-XP-022799577-1	-0.0130269684618816	0.0225018653619268	-0.0109518246642401	-0.00134952315947639	-0.00364235471880529	-0.00691045927466795	0.00138454838338394	-0.0036854204570919	-0.0119027326785822	0.0557802210912804	-0.013155075132639	0.0743173552919042
1420	Spis-XP-022799578-1	-0.107590833974004	0.332749212692251	-0.0531426500381301	-0.0857917121343883	-0.109899061672633	-0.0754192682462682	-0.0675580950784752	-0.11251750098447	0.0078991949810322	-0.11821544881474	-0.0502167708748911	-0.121051169464761
1421	Spis-XP-022799605-1	-0.116677249799857	-0.171572244728534	0.203216223775478	-0.240390751205394	-0.157436021117195	0.0350067313334763	-0.174100300457274	-0.17440954338011	-0.0180470135494653	-0.186555025885853	-0.297310901030537	3.97295878348398
1422	Spis-XP-022799629-1	0.0613248708002734	0.104552894880531	-0.0964906157390534	-0.231865495180732	0.0174941594340811	0.241641557546729	-0.118983675677357	-0.146629893606001	0.0943717521308822	0.0664692674123963	0.109044808947549	-0.35922563151678
1423	Spis-XP-022799635-1	-0.0190656556129308	-0.0562684098656885	0.203143807777695	-0.0482430700880284	-0.0352901623562042	-0.0528391749467436	-0.0664900386379371	-0.06941929919603	0.0423916191359723	-0.00475477636231672	0.325102991671927	-0.00752387344904544
1424	Spis-XP-022799666-1	0.00435083799176206	0.0224306880697225	0.0135120216500556	-0.023138068121576	0.00196234246321278	-0.0212468332316774	-0.00925444202283105	-0.0221028255508072	-0.0160018656445414	-0.0193371535926569	-0.0194500583578338	0.0177649914392842
1425	Spis-XP-022799678-1	0.0161972021424709	0.0316050585175247	0.0223450200815134	-0.0678838393669755	0.0309688956257715	-0.0640115533521229	-0.0286123989146109	-0.0405150232286805	0.00244659064230632	0.0367783405271822	0.117193513505915	0.0214641679817547
1426	Spis-XP-022799696-1	-0.00474410245668447	0.00655945973619814	0.017410622992639	-0.0110703687749758	-0.023179746986014	-0.00306669378714287	-0.0225681875457747	0.0276104877465542	0.0472152770795412	-0.0209837448985098	-0.020317640612428	-0.0216617642532573
1427	Spis-XP-022799701-1	0.000773464121703447	-0.0421681070070196	0.00816972755694498	-0.0573812606875636	-0.0532336733881595	0.123030265253259	-0.0449640249897995	-0.013265349189943	0.313005211432857	0.0879048409263409	-0.0183825012835514	-0.0540303376088328
1428	Spis-XP-022799739-1	-0.0773572153065945	0.0545246529492476	0.256404891217189	-0.167588335883683	-0.111715918936185	0.0151769926907491	-0.164139830009507	-0.110442217779734	-0.0389726087941477	0.142822284302912	0.802513883029602	0.042302375512721
1429	Spis-XP-022799772-1	-0.0141901243256591	-0.031919884311631	0.0153361354688257	-0.0388847378928545	0.0119747955655878	0.0256076260232903	-0.0512402971918365	-0.0419025468558156	-0.0373128427515471	-0.034781950581077	0.0723009964722227	1.77700785850509
1430	Spis-XP-022799795-1	-0.00624067241739615	0.0140758600486202	0.0706264101502022	-0.0870845081048471	0.0277523213453571	0.0197956288192105	-0.0174764898715912	-0.0754314919765267	0.0912595853054923	-0.0172390973537869	-0.136075425354807	-0.134265269750281
1431	Spis-XP-022799822-1	0.0884362972773269	-0.411927338317839	0.265015157480448	-0.326300920400084	0.719167821039443	-0.000824563652017885	-0.278240310727314	0.0904194865631511	-0.316824275223699	0.250312159289311	-0.551641620102166	-0.337015586337262
1432	Spis-XP-022799839-1	0.00890872977816545	-0.0875963389113344	0.101237994325377	-0.159511752411068	0.290958851492952	-0.0247691018564702	-0.0985279339918013	0.0986953253091867	0.00812854113129186	-0.00831786322744896	-0.20082503472477	-0.328111404567444
1433	Spis-XP-022799847-1	-0.0318071469793144	-0.0785726918591768	0.0352984469768615	-0.0178867152990487	-0.00597252828452602	0.0774406075491078	0.00372427078750666	-0.0368586392604009	0.147170399636077	0.267503932989896	-0.0126939661434944	0.674297214132439
1434	Spis-XP-022799853-1	-0.121830648208804	0.083979287444951	0.107990968520385	-0.111635060122205	-0.112830023661777	0.228459357833905	0.0162944966439399	-0.146201602108024	0.049555001805829	0.195746891429106	-0.00520349668094322	-0.0882917199323566
1435	Spis-XP-022799862-1	-0.0122402669006078	0.0260898323525975	0.0361797870016807	-0.0212192116143573	-0.0165641483917716	-0.00735028606879359	0.00302049801403757	-0.0225246192987261	-0.0191931793223087	-0.0379582411873661	-0.0420601882774436	-0.026177805869649
1436	Spis-XP-022799878-1	0.00114683055858725	-0.0695496365740264	-0.0383828993834838	-0.0522480512905587	-0.00551672594230403	0.410614110324941	-0.0657216930889986	-0.0158572255008492	-0.0612722979626195	0.00209071752397401	0.00349778379933043	-0.0791619043536087
1437	Spis-XP-022799903-1	0.0160172386241393	-0.00953246343549075	0.0281619940828407	-0.0312355399490761	-0.0425889324360459	0.105873098422729	-0.0475080376818647	-0.0193485880334473	0.000847575512173279	-0.0562525818118229	-0.0559982924773569	-0.0525113664605194
1438	Spis-XP-022799904-1	0.0436008928278622	-0.0123851976383971	0.0244870268708962	-0.00608749345341056	-0.0205720267789958	-0.0618435834081017	-0.111609901437706	-0.0575681456045441	0.0321539800221757	0.179650121957292	0.0825453971352182	-0.13216109956376
1439	Spis-XP-022799917-1	-0.14034099994907	-0.127390177160462	-0.0760405230209257	-0.140652420116511	0.958621206726384	-0.10082498742674	-0.101705971989363	-0.127879647059496	-0.0952011778904004	-0.0856391284618346	0.134487472578898	-0.137669197827916
1440	Spis-XP-022799949-1	-2.64739752471517	-0.440513768829885	-2.29780332763049	3.79477887843959	-2.19934242683575	-2.02997346751746	-1.7492876231848	-1.75042090000227	-1.5709961591743	-1.96200925695586	-1.92327886656251	-2.25574317194705
1441	Spis-XP-022799960-1	-0.00167853581262862	-0.0025275920362474	0.0431153011870243	-0.0158831187654168	-0.00694834111889056	-0.0200143220458186	-0.0197555213564372	-0.000771353230839149	0.00253959824666715	-0.00514816863793725	-0.0220630377771528	0.0378987029565998
1442	Spis-XP-022799962-1	-0.0408459296576485	-0.0123082175408984	0.067785227162527	-0.065224733939352	-0.0262131289935592	0.0939982751237826	-0.0306317954143789	-0.0288937889773323	-0.0502697247279975	0.0449910945923783	-0.0612288859896025	1.31546512045288
1443	Spis-XP-022799970-1	-0.0491911879979116	-0.0632910623181185	0.00944063982520735	-0.0825435682787317	0.316854859843228	0.163531703972438	-0.0836864670300215	-0.0864768211351235	0.0308729121244429	0.0169418167579187	-0.0938531386244599	-0.115694724675133
1444	Spis-XP-022799977-1	-0.0249994223191439	-0.0206043699373424	-0.0356082732680994	-0.0465660427742746	-0.0405564934995285	0.285387893326077	-0.0425597113691478	-0.0418109589208894	0.194209110131482	0.00941101507958864	-0.0452092540053295	-0.0389694794689229
1445	Spis-XP-022799980-1	-0.0760692410772179	-0.0298753408439013	0.0747582590725368	-0.100102639739582	-0.0410239766538622	0.0312625362921914	-0.106997927623857	-0.0931310036913135	-0.0511765923419584	0.00769206516862894	-0.0692722994828426	2.79351142231071
1446	Spis-XP-022800008-1	-1.79584655965465	-1.55311584572369	-0.853388307169659	-1.85345311254944	-1.6902633549667	4.57987419174437	-1.77925552824328	-1.8990743043995	0.0817338808655133	-0.609832898246338	-1.37187902142436	-0.963115784831237
1447	Spis-XP-022800024-1	-0.465417483828832	-0.87460925319116	-0.565867276296729	-0.870345283639114	-0.830184094158043	3.15215129528812	-0.759542086065143	-0.715692167456238	-0.165458613155012	-0.802145401442092	-0.307991404211729	-0.275025632773107
1448	Spis-XP-022800085-1	-0.0972862066603736	-0.183487486210517	-0.157477245493053	-0.557700666025406	-0.258311585735797	0.0807698484273577	-0.323212942075587	-0.35241948430973	2.51831691295146	-0.253813664063232	-0.414589348772103	-0.535854041205896
1449	Spis-XP-022800114-1	0.0222597891815612	-0.0397911386260929	0.0303873920575747	-0.0547121899850145	0.0378162624601841	-0.0252960698998615	-0.00845993691416645	-0.0603106156400685	-0.0151597527114006	-0.0585072358251966	-0.00155221192530054	1.31367496379363
1450	Spis-XP-022800191-1	0.0147142704206835	-0.0470224054372796	-0.0148691583625371	-0.071032177234656	-0.00407858543608561	-0.036080414197385	-0.0238497433124117	-0.0832629484454131	-0.0465295111777208	0.00987762618235569	1.72828359312037	-0.08427548254906
1451	Spis-XP-022800199-1	-0.00878439892894618	-0.0535873283020226	-0.00118196121877073	-0.0801271018979012	-0.0297684197770265	-0.00475338835911282	-0.0754612202378221	-0.0497073173056805	0.0250123325124998	1.04219396734701	-0.0728009549563355	-0.0713309645270716
1452	Spis-XP-022800233-1	-0.798043122590172	0.0908834411283439	-0.255575017275703	-0.0465481376081991	-0.660770297374367	0.6053551623113	1.06942981704399	-0.385664228050952	0.0182927600293121	2.02907573173603	0.0319947496430533	-0.729544922158562
1453	Spis-XP-022800241-1	-0.0471568721476673	-0.0975036130865876	0.154597345339303	-0.155398477142545	-0.117574330173203	0.0144226639990025	-0.127977577180218	-0.154274923211384	-0.153193618655956	0.1511638513534	2.42010275493966	-0.206023636828106
1454	Spis-XP-022800297-1	-0.0859187061034909	-0.188934412407954	-0.14570162563862	-0.137471709740904	1.02341853934655	-0.173114487712349	-0.154778322354269	0.151315010800636	-0.176034708635219	-0.164010485444232	-0.139981885721142	-0.146794664640542
1455	Spis-XP-022800304-1	-0.00449473794540491	-0.0044391538917706	-0.0286285907585449	-0.00859007385088782	0.0851553364283667	0.0399369684540222	-0.0256129438831974	-0.0237035930169161	0.0348466471343489	-0.0458082290987014	-0.0460772161926633	-0.0416057213841366
1456	Spis-XP-022800311-1	-0.0100901817516171	0.00771334526011419	-0.0326212597745879	-0.0893350918352258	-0.0698768823495202	0.235174190276951	-0.106400061365591	0.0871295424242856	-0.0152194323223004	0.305339027763102	-0.127375769829678	0.249362804439933
1457	Spis-XP-022800385-1	-0.128361725886053	0.205061897816421	0.0276875211278219	0.0413694612792259	-0.156944339455612	0.0151667225292022	-0.172866197091818	-0.138785461179463	-0.0351495746681875	0.291485164236681	-0.212159882750565	-0.20964611591659
1458	Spis-XP-022800395-1	0.0597102191903638	0.0289914841552868	0.019770757270857	-0.0383539642395984	-0.0547322440771383	-0.0177967894153522	-0.112991267117495	-0.0100976771053024	-0.0231002716986356	-0.103331435050104	0.0255951116938662	-0.139706481022454
1459	Spis-XP-022800400-1	0.084658037107779	-0.0716731932096307	-0.00512807826274705	0.0192459327923439	0.0443248105754443	-0.00300738659999034	-0.0338007941455497	0.0352195119073723	-0.146233588006574	-0.17223130821121	-0.138379997497126	-0.166168193529669
1460	Spis-XP-022800419-1	-0.456144244176753	0.464361017136786	1.06412530504569	-1.93913093372648	-0.0660623500089255	0.0700762702268092	-0.0821161242854034	-0.972988864229405	-0.0522621563827714	0.042615551771056	0.129343152557447	0.182142158447808
1461	Spis-XP-022800426-1	-0.00394933887888833	-0.0151377125300272	-0.0296929856165845	0.00277677468195609	0.00532557466369315	-0.00399725953972792	-0.00523823984143863	0.000302657833969641	0.0871219851202903	-0.0170406081994709	0.516630874308558	-0.0240214807969329
1462	Spis-XP-022800472-1	-0.126272512533238	-0.14014139471665	-0.0856354220297715	-0.0584354562136253	-0.139229206825688	0.794837099959014	-0.00105351154976085	0.0309757338338983	0.177473762076519	0.262567242773123	-0.167243969780559	-0.16701289053502
1463	Spis-XP-022800473-1	0.00949922673482045	-0.0122318133181278	0.0278013259691197	-0.0464706059685887	-0.00903043181986038	0.0336470294709132	-0.0447694374582104	-0.0211800245421192	-0.0621542642444967	0.223873905172597	-0.0589013229751323	0.371920992487333
1464	Spis-XP-022800476-1	0.00550606890857123	0.0100959724390564	0.00387523132660508	0.0238954778624025	-0.041032103132609	0.0245055620376651	-0.0847961353853482	-0.013365996066702	-0.0288499157437877	0.0405406709701356	0.0521473774163529	-0.0666789309326187
1465	Spis-XP-022800487-1	-0.0234019639541087	-0.0410185896354442	0.143417338894709	-0.00545658952951723	0.00503855587916138	-0.00731653492326641	-0.0541227794721977	-0.0410888072409046	-0.0244314125261627	-0.0547360484829926	-0.0523042668143114	-0.056290869523705
1466	Spis-XP-022800515-1	0.0338769477550433	0.00439588650206642	-0.0098010190157201	-0.0228170724600196	-0.0644230352790547	-0.00650210446627567	-0.0553174659039412	-0.0270531006468462	0.0237706803714344	-3.44950880445949e-06	-0.0711708549105014	0.993936976033506
1467	Spis-XP-022800550-1	-0.0377974378256205	-0.00896689690139207	-0.309396312169114	0.232067684973145	0.117993787875173	-0.00465422559821405	0.117420322626617	0.139876385150634	-0.0277292697359385	-0.179116245442578	-0.373375993218103	-0.070134184861484
1468	Spis-XP-022800575-1	1.60810858961749	-0.746589673964715	-0.663242435369037	-0.753302068903537	-0.634551939376124	-0.658466309936835	-0.677819713083921	0.0319306441656063	-0.505362040378825	-0.356596858629938	-0.174075317450484	-0.385210772212646
1469	Spis-XP-022800588-1	0.00144408521550576	-0.0581268246929155	0.00817922496769455	-0.071922955233582	-0.0587714103604591	0.407841725774756	-0.0577141423111538	-0.0684526675373506	-0.0438844247161658	0.0108868430247422	-0.0397652859462246	-0.0652015095405171
1470	Spis-XP-022800590-1	-0.0956374181577805	-0.158341135152884	-0.265640905732218	0.159322764067252	0.0805912782990147	0.408553707268614	0.247812789264256	0.308136202296575	-0.158975316904487	-0.102832288906715	-0.210833239629307	-0.270950456925486
1471	Spis-XP-022800613-1	-0.00626854526408609	-0.00934319585554753	0.0368315308012401	-0.012006795945616	0.000282667239575186	0.00548308414227711	-0.010949157646031	-0.00825412002973348	-0.0106885283722552	-0.0112390602875232	-0.0104557196366347	0.159664320362532
1472	Spis-XP-022800619-1	0.00559401194182457	-0.00850123207235974	0.0176720494583302	0.00159400810150471	-0.0117587702296726	0.0162642024409763	-0.0132255881451778	-0.0208434786618345	-0.00894727995614576	-0.0156764965921412	-0.00148482450135286	-0.0205031530132066
1473	Spis-XP-022800643-1	-0.0196144989631476	0.015913426558165	0.0860914173908565	-0.0681536769390922	0.0175770775682995	0.00573368052063314	-0.0641808215690099	-0.0723675811990514	0.108045214265688	-0.0509816244199995	0.0930978469303776	-0.0780889381995035
1474	Spis-XP-022800681-1	0.0308239659035318	-0.0390643909667107	0.0803994166762587	-0.0681966729910588	0.00312605252805256	-0.0120970572391848	-0.0603591103288226	-0.0215707569589515	0.0343608545287427	0.0868221067394808	-0.125051966473208	0.284100683018297
1475	Spis-XP-022800684-1	-0.299123551091419	-0.362332316070244	-0.165111836898025	-0.374967774553657	-0.351487147512898	2.02865412918195	-0.32779850244592	-0.349713747370126	-0.0312595755484196	-0.192275089829238	-0.345845752816567	-0.328303128676569
1476	Spis-XP-022800688-1	-0.0840250426995313	-0.024985308877075	0.0785354262852076	-0.0545113662600051	-0.0766753165736229	0.0892178078365598	0.0315700402722473	0.372963179816562	-0.00294164848552259	-0.105915852723318	-0.138987436442081	-0.165118743272534
1477	Spis-XP-022800691-1	0.00585062697055892	-0.000532270791747167	0.0187354134558204	-0.012324897696941	-0.0169099318504931	-0.000775176398739974	-0.013804814324933	0.0236922555282056	-0.0134461718579231	-0.0189351330846028	-0.0133181218641044	-0.0130097035892116
1478	Spis-XP-022800728-1	-0.0134996522162303	0.0305098309950575	-0.0364947267980879	0.00305350080002886	-0.00488019709355307	-0.0775631315038694	0.152805364960836	-0.0705482563706386	-0.00284545786379091	-0.0565851759811397	0.147384272704987	0.287136131840613
1479	Spis-XP-022800829-1	0.0173316722812281	0.00785628392664305	-0.0155660161286917	0.00415338663104476	0.0257679277346798	-0.0395005574812546	-0.0254661803704303	-0.0137564011262341	-0.00197873932152833	-0.0301115724448246	0.00872704702992275	-0.0365559051132351
1480	Spis-XP-022800850-1	-0.206133406988772	0.00979682880378063	-0.421364752861081	0.26201507304191	0.360761759368373	-0.0300468658575015	-0.241047763485545	0.782713312926888	-0.0317814749613412	-0.226262054293646	-0.383904984990048	-0.864814194968883
1481	Spis-XP-022800870-1	-0.0985134196326273	0.210759275615141	-0.0514663268067797	0.0396141379744825	-0.100439094614247	-0.0730340683776428	0.0453602204700649	-0.0650537123759608	-0.113633565489015	-0.0614181615214863	-0.0783298699012548	-0.162003981989945
1482	Spis-XP-022800890-1	-0.110304127762428	-0.106409076165034	-0.0966950689608963	-0.114123000430171	-0.0862248576401816	0.837353691813365	-0.0521277862293657	-0.0918181814372317	0.250068338364689	0.0981079689662668	-0.101506373584643	-0.107036146809614
1483	Spis-XP-022800920-1	0.0466014029735963	-0.0141208406344931	-0.0176367619994003	-0.0321644727962701	-0.0291147111437187	0.0430479227148701	-0.0374330850319474	-0.00899480681772703	-0.028768912894973	0.136525785030428	-0.0425873164374881	-0.045249183314155
1484	Spis-XP-022800942-1	-1.21339445736533	-0.916403173708354	-1.68381074699894	2.01856011411506	0.841393221161322	-1.92381312894764	0.00106018434538946	1.54396172077768	-1.82501532617769	-1.61741600441343	-1.16945038064304	-1.88712440957591
1485	Spis-XP-022800955-1	-0.0105816683174413	-0.0340193914772047	0.0147519609774727	-0.0894692233278897	-0.0549321179674434	0.00785443236660684	-0.0280728310613338	-0.0854747667670995	0.143486371907823	0.119378763754379	1.46734727698758	-0.0885118364712306
1486	Spis-XP-022801036-1	-0.0261433584006734	-0.0708668399441893	-0.0313337061628075	-0.0794008388567698	0.0313252625663993	0.438496509916497	-0.0822291614353019	-0.0903576397274946	-0.0636465141737561	0.343746132690187	-0.0903075558367132	-0.0877396473095986
1487	Spis-XP-022801045-1	0.15507177406669	-0.282616795447791	0.0602765901988501	0.0570989418425459	-0.272137206958438	-0.261966708722524	-0.103697639952155	0.81238565817929	-0.00211634401792743	-0.162737064260187	-0.338867415458874	-0.335149158865882
1488	Spis-XP-022801064-1	0.165548745287815	-0.516544220453983	0.0555983915595255	0.0199749369842828	-0.648145699203586	-0.482505821644509	-0.466604405835099	1.72847130892348	-0.0416207678341542	-0.270076260781366	-0.456079126594919	0.316367420417338
1489	Spis-XP-022801065-1	0.00314034652631135	-0.00877557700246746	0.0145130700508079	-0.0329790884435719	0.00093206770728281	0.015654690611912	-0.0153748281424461	-0.0308538956544942	0.0173396972361266	0.191052857794088	-0.0252113295836447	-0.0296497718519424
1490	Spis-XP-022801070-1	-0.152882620822973	-0.116326193887341	-0.0887339911982504	-0.150103548591581	-0.154894231392172	0.333497443700282	-0.124158501884521	-0.141730478116761	1.53975211416601	0.0275506669178397	-0.142770923045338	-0.142442198638587
1491	Spis-XP-022801076-1	0.0174598185204425	-0.0336134697850383	0.0770874384524342	-0.0492077387411482	-0.0162687735435039	0.109822629486233	-0.0742900587648697	-0.0649326063486972	-0.00744568264051883	-0.0273249714624244	0.0172983321610845	-0.10218717829765
1492	Spis-XP-022801095-1	-0.0191541456179912	-0.0534355803488241	0.0155424312832292	-0.104194750369664	-0.0153217844888756	0.117627101471328	-0.0720304883152172	-0.0553294242778399	0.0241902499982512	0.837485566471844	0.0845835570652703	-0.0910291814899404
1493	Spis-XP-022801132-1	0.0277165743423098	-0.0241885320162952	-0.0101071306446671	-0.0327407299232484	-0.0170068296019357	0.145506866282692	-0.052578963749926	-0.0149838407301237	-0.0419981351130201	-0.0487351202533524	-0.0662947634945588	0.398632669915681
1494	Spis-XP-022801161-1	-0.0210188822855966	-0.0160866587577007	-0.0136945321156454	0.00319424541260355	-0.0161458897426375	0.159678801037653	-0.00612112235713681	-0.0282490347496501	-0.0220950544014733	0.0411202628763873	0.0235309214420611	-0.02699556158197
1495	Spis-XP-022801180-1	0.00930148043961477	0.00967008386342942	-0.0021450773005379	-0.0358977465582162	0.00255663558979263	-0.0244127744611157	0.0399157981198272	-0.0356138329210757	0.00369065371162746	0.116026247682128	-0.0299503865002072	-0.0505052239161949
1496	Spis-XP-022801212-1	-0.0226160801871758	-0.0341035396013915	-0.0328985682817408	-0.0553304441338845	0.386164978719418	-0.0408817552281985	-0.0486342006756037	-0.0620864419911598	-0.0628663987246676	-0.0406316339632597	-0.0614172191459561	-0.0612376476498758
1497	Spis-XP-022801214-1	-0.0252552966547626	-0.00422621423639953	0.0424705430823682	-0.029866608547584	-0.0211964131575235	-0.00223908210529496	0.00902360472250281	-0.0346493063714849	-0.0096191488834256	-0.0332931838987712	-0.0330665668140543	1.20208893977592
1498	Spis-XP-022801217-1	-0.151759173156351	-0.21290019681527	-0.198964727414986	-0.257810586311354	-0.181568763010584	-0.127955257842222	-0.210069129231461	-0.091901529850983	-0.150263654366868	2.86045692484939	-0.226806439351464	0.0122943914316358
1499	Spis-XP-022801236-1	-0.0525882278830136	-0.0432063811518988	0.0941309956364994	-0.246734056214743	-0.117162734874082	0.186532213465362	-0.0857751679454015	-0.139023692569375	-0.0594535223685843	-0.0164893692431882	2.30383345659503	0.136472388793189
1500	Spis-XP-022801243-1	-0.0149246821196082	-0.0231234516886349	0.0318241808190869	-0.0323647023516093	0.00142933396357632	0.0474603224108906	-0.0324860660348363	-0.0352261994647096	0.0936745056565036	-0.0184631592500503	-0.0215698744588773	0.803931025926544
1501	Spis-XP-022801246-1	-0.0252591361611836	-0.0364214185568195	0.0304699044016182	-0.0411594158046778	0.180955950339669	-0.00641072868310388	-0.0121976648189053	0.0159848468775194	-0.044913930198778	0.0149557173321145	-0.0595462654900811	-0.0598322539176245
1502	Spis-XP-022801263-1	0.148070738061759	-0.0472521452742976	-0.110522784287456	0.168486408088984	-0.207727958049831	-0.0678743344986085	-0.310630236543901	0.289854959675652	-0.156816137899743	-0.26583754030887	0.0983067664639635	-0.248288885665716
1503	Spis-XP-022801266-1	-0.0201362747947981	0.00252673047459909	0.078552916364755	0.0310769323166604	-0.0994198060270243	-0.0295849383196016	-0.0652738780689833	0.00525371626385504	0.0538647418277801	0.0152646880361543	-0.104606000341854	0.0344202389675058
1504	Spis-XP-022801271-1	-0.0290853417761922	-0.0285260706582277	0.0113975553150958	0.0688762691290106	0.0137266701415632	0.000377741114357857	-0.0450164414576286	-0.0290104285985669	0.0138462399814137	0.0949570833827835	-0.0421989570171722	0.146744630460009
1505	Spis-XP-022801282-1	0.00651219717640886	-0.0161408085368615	0.0585587781387278	-0.0493722475586762	-0.0417974898315312	0.100072304431341	-0.0284812866488547	-0.00206522871343846	-0.0263101255176821	-0.0323106655986476	-0.0432010127250456	-0.0423026562014258
1506	Spis-XP-022801321-1	-0.083362118162948	0.0519957883382431	-0.00205897706247039	-0.0410907744750373	-0.0952364430424983	0.0039951249828792	-0.0710308856083624	-0.0618020933739791	-0.0524414073463149	0.992898032612938	-0.0889806422465506	-0.0843777595571552
1507	Spis-XP-022801333-1	-1.15362956029015	-1.23504145391548	-0.900727867882236	-1.24694603459795	3.79262589115544	-1.00380981292765	-1.07508006695986	-1.14989562028997	-0.737038540277641	-0.855519880742803	-0.971585947065378	-0.547048607242778
1508	Spis-XP-022801335-1	-0.159973453078183	-0.266875045111531	-0.143594821344942	-0.279718991509296	1.41981449673836	-0.134670954676882	-0.219326347334132	-0.254024738139183	-0.0629525978182021	-0.204715147099064	-0.255291487160843	0.0471645582423106
1509	Spis-XP-022801336-1	-0.00850694352723226	0.0153695036051957	0.0287128075158561	-0.0840594903512707	0.0496777763879974	0.0168455807883645	-0.0264521228883881	0.0132706611735549	-0.00301302100884868	0.0520124654875775	-0.00213086432740719	0.146456294461991
1510	Spis-XP-022801346-1	-0.115966638042419	0.219446599684608	0.00432948743170167	-0.000743637009098991	-0.141601124713797	-0.00444285239630154	-0.0401263897109132	-0.124891599517421	0.0991157421363791	-0.139049407593348	-0.0759087266888354	-0.100998835887176
1511	Spis-XP-022801355-1	-0.0116975762383962	0.00504614339031416	0.0474332479749441	-0.0307461438391564	-0.0220367849651056	0.000516099245434741	-0.0195057460641106	0.00633584040535651	0.0505885550346099	0.0207007498551177	-0.0563585879286249	-0.045759361596341
1512	Spis-XP-022801363-1	0.164567925024927	-0.0923645860478392	-0.120275265898122	-0.176070853228753	-0.0575374973718401	-0.0480578144560508	-0.108187392351437	-0.0723130400031864	-0.158115084377711	-0.202123014746143	2.37676554464562	-0.211938412679006
1513	Spis-XP-022801394-1	-0.0170321948626976	-0.0380142251314165	0.110587660297531	-0.0492295910281597	-0.015398391040769	0.0400139244058293	-0.0704547522766475	-0.0816324940965724	0.233639286121679	0.0143372017607856	-0.0884911352624011	-0.0871597491109312
1514	Spis-XP-022801403-1	-0.315382050051696	0.180258392376644	-0.268679296960968	0.798564451532705	-0.272701591994557	-0.309490314402566	-0.261434727164364	-0.0315499708112988	-0.291744013275351	-0.236388990366713	-0.1208676077536	-0.287792642362515
1515	Spis-XP-022801471-1	0.0406091993668607	-0.0134234071091499	-0.0264687709814431	-0.0380591142512981	-0.00973707217504616	0.0406836836269996	0.0103042866714838	0.038447175677083	-0.000502339063141281	-0.0480197885108456	-0.0470276632585211	-0.0546879411564014
1516	Spis-XP-022801475-1	1.62684175402366	-1.829223179281	-1.08065726077853	-1.65387458199623	-0.378369670901931	1.10816883464547	-1.75887506659422	1.24992596083115	-0.775356439008337	-0.797280139397439	-1.07509132678667	-0.0883887005038422
1517	Spis-XP-022801492-1	-0.000755657384911054	-0.0147524454479634	-0.0101293160685643	0.0377790322807587	-0.0574270419972186	0.0452158312124318	-0.0489180484873326	0.0524549977516763	-0.0025287065326956	-0.062390878107825	0.0647925972523028	0.323542063190169
1518	Spis-XP-022801515-1	-0.0454255284238191	-0.0553053157488499	-0.0152640875563527	-0.0255587076845716	0.379022455182559	-0.0198990683616763	-0.0448245081679825	-0.049319992723419	-0.0464901653405423	-0.0406717982289344	-0.0469167269914494	-0.059016923143543
1519	Spis-XP-022801526-1	0.000353343615101503	-0.0114006471160871	0.0094413562566684	-0.0148573198024264	0.00612133685809164	-0.00841013670495143	-0.0135469614264961	-0.0132493854620045	0.064830299304616	-0.00984263732494797	-0.0129356828935435	0.45758114354636
1520	Spis-XP-022801535-1	-0.0351432156112858	-0.0865080081500846	0.00924327948162025	-0.0708006245892998	-0.0364978118894151	-0.0551659129605425	-0.047963391394279	-0.0725586622733218	-0.0260659290284853	1.34149665150758	-0.0787282176108215	-0.0806614626081916
1521	Spis-XP-022801553-1	-0.0146675571878312	-0.00663720352755348	0.0437079640224217	-0.0289864902558401	-0.000985402046709813	0.0445265776268132	-0.0064851012801328	-0.0038033421596863	-0.0333879176051854	0.0281735861890394	0.0192171596535875	-0.0362902057922389
1522	Spis-XP-022801568-1	0.0102315094615399	0.0119988306617558	-0.0093364248962069	-0.028572408120096	0.00990389992801895	0.0104518136047222	-0.00781178010800177	-0.0244359832954312	0.0158512847336908	0.0127955269744797	0.0265290046859324	-0.030628599676831
1523	Spis-XP-022801605-1	-0.0357798621841676	-0.0980919688539731	0.0278617670146177	-0.129967494955567	-0.0854250359554505	0.504441560312123	-0.0841864802665976	-0.126289818876575	0.107752510738015	0.361916339543806	0.370729443165058	-0.131595628635479
1524	Spis-XP-022801616-1	-0.01229548977003	-0.0100022178647826	-0.00691369607112551	-0.0407949976321095	-0.0243179716841126	0.166606941393363	-0.0283701369373046	-0.0172154537007978	-0.0253817512145636	0.194811266221993	-0.0314081838871033	-0.035581647575466
1525	Spis-XP-022801635-1	-0.0473634497594767	0.12592805420876	-0.0371657190385507	0.0191601711961518	-0.0395969742780579	-0.0107610943628789	-0.0589238958175936	-0.0352406997633345	-0.0416726547211936	-0.0616610238509653	-0.0101847604996661	-0.0610346679497915
1526	Spis-XP-022801658-1	0.00699019963344616	0.00218848725942142	0.0104696158645118	-0.0340201410000909	0.0283340760545252	0.0100410697348219	-0.0377741696175793	-0.0155588578731004	0.0149037479904623	-0.0353518897679836	-0.0342225461670068	0.33594022127307
1527	Spis-XP-022801672-1	-0.0826873363920163	-0.0626329894920305	0.119388704597193	-0.090502965863757	-0.0561282191323172	0.369599868217173	-0.0679282376094605	-0.0748009832682335	-0.0379348356574404	0.335887250588115	0.0187048273087866	-0.0976838408986573
1528	Spis-XP-022801739-1	-1.40492179883924	-0.0638668585695343	-1.15709893138919	2.57457227310183	-0.962950790877088	-1.07300034265908	-1.04796337007243	-0.928600591922483	-0.666575637569347	-1.06244688238824	-1.21607335782715	-0.875660934909949
1529	Spis-XP-022801768-1	-0.025390469209389	0.0364037080401356	-0.028301989577187	-0.00509086347056094	0.0678552871276687	0.0213915429820129	-0.0478620726962459	-0.0734057818388242	0.0771314354128744	-0.0234518069357076	-0.021556321264509	0.0311453993443005
1530	Spis-XP-022801770-1	-0.0548316151188942	0.137930052415858	-0.0224506586906275	-0.0199617646703181	-0.0591476964722782	-0.0397873235337843	-0.013145154313457	-0.0519897541147682	-0.0225901021106088	0.116540053359706	-0.0508076025045474	-0.0552563657990355
1531	Spis-XP-022801783-1	-0.289334009499537	-0.280317902927592	0.712936483981362	-0.308964772596607	-0.289207356406531	-0.352822945423299	0.410888541444354	-0.372418383911696	-0.318323278026541	-0.159855781518282	2.85254367154658	0.195430106896941
1532	Spis-XP-022801846-1	-0.0120604189580158	-0.0063933995386875	0.0183097856456311	-0.0181768680270626	-0.0170840601003723	0.0600424214170606	0.00304808028036105	0.0201766438600535	-0.0165464447529782	0.0154977926717189	-0.0140972998324235	-0.0159637405669602
1533	Spis-XP-022801872-1	0.00203624853000082	0.0297116261866666	-0.0137648047816227	-0.0280352324183264	0.000307664795615802	0.0147304982635863	-0.0255949059088134	-0.00196886537566565	-0.0249709835409209	0.00307820193669896	0.12591093006227	-0.0243799553344422
1534	Spis-XP-022801895-1	0.379114162583941	-0.161964224344153	0.00244979790687133	-0.163126474070332	-0.168658259378913	0.0288649465678846	-0.158218031555713	-0.156170533014626	-0.0896973196685872	-0.0686019679049865	-0.245488333398327	-0.259194175569469
1535	Spis-XP-022801955-1	-0.364275420518425	-0.301364310690365	-0.246790216720417	-0.376029021041633	-0.282362758361185	-0.16115592970473	-0.343058798770059	-0.335582427564816	2.99834625639975	-0.194809254758442	-0.355992976393873	-0.160199649708131
1536	Spis-XP-022801961-1	-0.00887700561274722	-0.000927660013726822	0.0277094162919179	-0.085414323845373	0.0212407096214559	0.11246491505924	-0.0656227351640454	-0.047849354479782	-0.0159898555167692	-0.0258743482172798	0.611965631208263	0.117895803236747
1537	Spis-XP-022802023-1	-1.29766611239427	1.17926342872909	-0.752008736119038	1.06609137139959	-1.2833553979016	-1.25682071407622	0.467805661307946	-0.621048469769702	-0.868146300555716	-1.06301142141645	-0.10392545451025	-0.736916988942143
1538	Spis-XP-022802037-1	0.0268121548810646	-0.0430375903912725	0.0229169695044322	-0.0609742094326657	0.00158836586946687	0.0557221588929302	-0.0252541531407031	-0.0460832173795249	0.183706705283148	-0.0648162446065542	0.243455133162233	-0.0615399280527938
1539	Spis-XP-022802048-1	-0.0176873570281644	-0.0037370835863517	-0.0162714137857674	0.0456653453992572	0.0720175172528312	-0.0389446162859091	-0.0362838101944374	0.0329199754124902	-0.0376148702444071	-0.0373907850236481	-0.0358598886652764	-0.0507335314110557
1540	Spis-XP-022802095-1	-0.0182490618504709	-0.0216664757090923	0.0278459321215306	-0.00903736825941304	-0.00897415865314653	-0.0181689835104221	-0.00881108932851909	-0.00221393380935658	-0.0177458793256322	-0.0175933320345074	-0.0173743234803432	1.24954537323397
1541	Spis-XP-022802113-1	-0.063450451538244	0.056008570087194	0.00913687819083399	-0.00801315648088174	-0.0199351286251111	0.0400090805044913	0.0477455100504428	-0.0366773113165256	-0.063869199658116	0.128147172643759	-0.0411426051987386	-0.114779255601841
1542	Spis-XP-022802154-1	-0.0472789408134374	0.0176926022525885	-0.0202072243987958	0.0112711453237076	0.0453947522499686	-0.00507639745784049	-0.0278087671770617	0.158599833547812	-0.034961673573049	-0.0173973642002215	-0.0422314652263357	-0.0400484035835349
1543	Spis-XP-022802161-1	-0.0234325342225989	-0.0788620614667322	0.0157333912393171	-0.0642678885651425	-0.0173350567234884	0.0155730263539058	-0.113763948064481	0.591052135503712	0.00350133318342905	-0.0504322773702049	-0.102043018062644	0.0573705001110282
1544	Spis-XP-022802168-1	-0.0752659626206696	0.0336827993970318	0.0832781379815252	-0.0202765370831723	-0.05187634441475	-0.110131383178692	-0.186133830343048	0.498191033881105	-0.106075580049035	-0.0948350255733135	0.0240913626751935	-0.281858342927703
1545	Spis-XP-022802171-1	-0.0312347398311614	0.055286861294837	0.0883649304762871	-0.0101825948833317	-0.0669514504858139	-0.0507370203400317	-0.0748775616477126	-0.0537507895600198	0.0921688253676765	-0.0973831539447813	-0.0576136178346185	-0.102507788122084
1546	Spis-XP-022802196-1	0.554218454998883	-0.241050318362543	-0.140337283811642	-0.212785486490549	-0.111372504611	-0.123438445410906	-0.206634435983365	0.0460146875432534	-0.233865697049467	-0.196233422157004	0.0828267190691078	-0.259358379976285
1547	Spis-XP-022802206-1	-1.72805186423519	1.86696396411128	-0.954942134377888	1.00087871924891	-1.57149873976337	-1.22703566870454	-1.33714876523592	-1.60944815109644	-0.898004406827196	-1.0455743715531	-0.479353845075828	-1.39006918290351
1548	Spis-XP-022802222-1	-1.36154550592078	-0.740574500117477	-0.869897713484164	1.66239464768346	-0.273664462063417	-1.24645340148445	2.13308508771129	-0.149856108446547	-1.33684809341936	-1.19809575729264	-0.453801776569852	-0.96493260359783
1549	Spis-XP-022802226-1	-0.280140649105854	-0.13770653490968	0.805037926292164	-0.247928445453976	-0.223348058426129	-0.156973766736877	-0.310704592205699	-0.309675050615714	-0.272896215703865	1.29674871102469	-0.326720296236987	-0.322498730912709
1550	Spis-XP-022802230-1	-0.223075284132565	0.562899037702449	-0.0633107339394643	-0.0830881826397949	-0.27577365657084	-0.00695512107612989	-0.187356080676288	-0.304516816281318	-0.244071277128298	-0.17300836435691	0.292302955617013	-0.140167880577541
1551	Spis-XP-022802232-1	0.000937875024538903	-0.00682974250010682	0.578644360680699	-0.372663556373861	-0.164581688431144	-0.189617937606398	-0.328582631261961	-0.349308619346502	-0.354305490400431	0.899136662693997	-0.424698728169247	-0.52935212486313
1552	Spis-XP-022802281-1	0.0213835581869334	-0.00189378634861042	-0.0166696532783582	-0.0197963159144267	-0.0184387438944158	0.0398471380863901	-0.0180416841858285	-0.0109541867166553	-0.00522271721068602	-0.0170008912315798	-0.020095921131922	0.369345185411832
1553	Spis-XP-022802301-1	-0.0268080558040282	0.00820285341228188	-0.00135786332291738	0.0183507368287368	-0.0160298666546361	-0.0255950757113409	0.0672286650667644	-0.0109960760364273	-0.0179976109005308	0.00644179698628147	0.220464455200689	-0.0475607956576549
1554	Spis-XP-022802302-1	-0.422811707533902	0.444974306475282	1.12608100148464	-2.03503187838478	-0.151063149287114	-0.0239671650779281	-0.0431027523189238	-1.0072074229466	-0.0431187487463749	0.088625921393187	0.0761951513132155	0.115483604201884
1555	Spis-XP-022802311-1	-0.13160304089476	-0.162059235172284	-0.315043099309625	0.584772875549827	0.464423460325978	-0.260740473030148	-0.84897155546818	0.105117353927344	0.195267267951703	-0.130178083788805	0.201484303282247	0.77786789945419
1556	Spis-XP-022802315-1	-0.125751850076108	-0.0845075597483674	-0.00127652435278672	-0.130436268670024	-0.0501724284981423	0.692891706422282	-0.109686585091522	-0.121412271652956	0.374583592973201	0.123130175875434	-0.126518725292138	-0.111682605518423
1557	Spis-XP-022802322-1	-1.22090363742181	0.822896146273479	-0.82374300912124	1.43088243798511	-1.15151703446368	-0.866712929395859	0.35463110211278	-0.895067161599994	-0.824872730362171	-0.867789142567828	-0.00955628488718863	-0.856329444201603
1558	Spis-XP-022802343-1	-0.0249314111026094	0.0764896927287745	-0.0977123568198943	0.280428233493142	-0.144909303262848	-0.20405444965115	-0.0507446072288428	0.0116572294331333	-0.186933565058239	-0.206772339934909	-0.0239745568981636	-0.0618389344913427
1559	Spis-XP-022802411-1	-0.0152340688348785	-0.0109330645185089	0.0620291671314832	-0.0295363843466645	-0.00382329328562532	0.0674327149249249	-0.0353947229937399	-0.0338690420060688	-0.0319567766330274	0.0422815861846421	-0.0394192211272035	-0.00942146436622094
1560	Spis-XP-022802423-1	-0.134314719228774	0.265221739738692	-0.0677004517975878	0.0874218214556892	-0.125313793592667	-0.105488008094495	-0.0636085207864611	-0.150300683423886	0.0709561601512263	-0.0941703658812436	-0.0719841998530026	-0.143377406536059
1561	Spis-XP-022802452-1	-0.442288585761872	0.556637637519358	-0.0888050505664701	0.279421101259692	-0.446905889956119	-0.106162930387561	0.16750598359605	-0.36926301228872	-0.280870874658187	-0.400577845832687	0.0511469109336585	-0.171195577573978
1562	Spis-XP-022802461-1	-0.155160445599152	0.406831773070442	-0.108040572434391	0.0987906923011878	-0.218863583472138	-0.19557357160775	-0.135812894507037	-0.196171300436363	-0.0764797933443462	-0.181744835775568	0.279335612190792	-0.274177166593404
1563	Spis-XP-022802473-1	-0.0338383887343775	0.0152730865855721	-0.0270741555267742	-0.036272650067486	0.0536789557907016	0.17015476785907	-0.0612280173616875	-0.0457658802317093	0.0974084738341201	-0.0628520119486473	-0.0085403924903299	-0.0614918108062971
1564	Spis-XP-022802481-1	0.00350373514997358	0.0488442601184101	-0.0593388678801456	-0.0433339349497939	-0.0852124206730233	0.03736019440991	0.0874501582563764	-0.0162343575062766	-0.00632377501608121	0.1059931024011	0.235119109114496	-0.0857836747617332
1565	Spis-XP-022802488-1	-0.0151860832484864	-0.00734911776122732	0.0649810126812841	-0.0367041796661231	-0.01784044647921	-0.00884320634994187	-0.0362176125536064	-0.0329973240611969	-0.0127186624263373	-0.0597997868358675	-0.047694718302983	1.16502888792498
1566	Spis-XP-022802494-1	-0.0314266420101136	0.0504105091157186	-0.00282398046126652	-0.00719882942891218	0.00833859937021676	-0.0107362478121938	-0.0291631741660073	0.00772814531424707	-0.0321123632424904	-0.00274533717638625	0.112803182752195	-0.0377970228354392
1567	Spis-XP-022802502-1	-0.0864776869908623	-0.108836857729436	0.0340288007317235	-0.138497190662141	-0.041642190873765	0.252110477878046	-0.0949216779679296	-0.149841945668787	0.659018507383692	0.0596549928279072	-0.146102494153382	2.09739099002705
1568	Spis-XP-022802554-1	-0.00587785630690582	-0.0528377699284371	0.0733784591835223	-0.07499203292622	-0.0186975348239556	-0.00383290020092236	-0.0725594280341545	-0.0492642748051471	-0.0457968113137515	0.757123729653337	-0.0685857531804678	-0.0566744897099392
1569	Spis-XP-022802559-1	-0.0507147391527978	-0.0370938446608277	-0.0217060095597166	-0.15226200584036	0.0960441724224127	0.244509789270742	0.13182391256592	0.0807773729029504	0.0212294276570605	0.192771922343641	-0.201813816306369	-0.28358504677536
1570	Spis-XP-022802603-1	-0.0206200284040719	0.00603199978207715	0.000125559735674949	-0.0181787448916602	-0.00751233047431102	0.0244891446042984	-0.017212877970507	-0.0117957399080694	-0.0678944938515072	-0.0497535805157	-0.0800708455508855	1.35229169205895
1571	Spis-XP-022802604-1	-0.0741179456789632	-0.0436909928471202	-0.0926653693727641	0.144616728697925	-0.0850326945581581	0.104757536473539	0.226913761420515	0.0801652849220989	-0.0435055403739426	-0.021336156341981	-0.106637476028434	-0.104558040212235
1572	Spis-XP-022802614-1	0.0714274922145145	0.0356785488367644	-0.00651410228341287	-0.0959169268358853	0.0920897974433703	-0.05362686333881	-0.0173341614493468	-0.110653726856469	-0.0422919465566523	-0.129401506140549	-0.105840236491582	-0.292635383573618
1573	Spis-XP-022802643-1	0.0155312954927365	-0.00060050463752067	0.00703472370864137	-0.0430442791167726	0.0261549276157656	-0.0047822517077856	-0.0014886224597408	-0.0452477956605087	0.078351175845448	-0.0262343185908325	0.0260216361395019	-0.0404387026413755
1574	Spis-XP-022802728-1	0.120278699656077	-0.0241568786932951	-0.0418628087196824	-0.0500005044833858	-0.0427989914547686	-0.00403935033310257	-0.0293083598083118	-0.0214757802886535	-0.0691401154608819	0.052922461272203	-0.0892818539178578	-0.0776044058391079
1575	Spis-XP-022802792-1	-0.0631612731416615	0.030159042176475	-0.0254676647213952	-0.0142387888419742	-0.0112053117986361	0.200655647438931	-0.0381153785295343	-0.0447326646157738	0.114757759388657	-0.00270811080946415	-0.020375403277004	-0.0964937501900133
1576	Spis-XP-022802871-1	-0.0396587706967576	-0.232861725931742	0.687758845152679	-0.221613331800102	-0.206726717321076	0.0728033776745127	-0.229593485302767	-0.204249901213071	-0.220903975863591	0.197921683375695	-0.0447844849352056	-0.281642120544916
1577	Spis-XP-022802888-1	0.309912355080331	-0.122846264938054	-0.0685641682660775	-0.0745265020076067	-0.181284787497544	0.0386504952265958	-0.0763531879054127	-0.0212009071127411	-0.174891557844517	-0.0856102495585485	-0.179123404710323	-0.280505617481324
1578	Spis-XP-022802895-1	0.0363376711687751	-0.0628790878976699	0.0326386878199161	-0.111427343113672	0.111255299696634	0.215052734862369	-0.0864375898170605	0.00479505110739598	-0.212083693974005	0.12086637675856	-0.238016893788575	-0.188084187247348
1579	Spis-XP-022802911-1	-0.0474552840422901	0.00396189154959668	-0.0535046331368773	0.00626546674923988	0.0215372391683172	-0.0737727698125427	0.0226394803182127	0.296339901999915	-0.0802902691510999	-0.0400778977145437	0.588586703245082	-0.115541285232074
1580	Spis-XP-022802936-1	-0.218051560871933	-0.29921539503046	-0.0559477161250781	-0.460905563279335	-0.441888207463205	-0.529679335578503	-0.469801312668727	2.49782078635077	-0.443277762374924	-0.253315026628913	-0.525763222068644	0.289166600946236
1581	Spis-XP-022802951-1	0.00924968756935885	-0.0116036175613274	0.00562107229822808	-0.00689359634842798	0.00611180613420935	-0.0017181933381932	-0.0107712991528135	-0.0179585198134089	-0.0177507024964738	0.000433494875989947	0.0731499193445598	0.29020326353886
1582	Spis-XP-022803022-1	-0.0278525598180941	-0.0293156529511181	0.0555812710754023	-0.0621823114503758	0.00693840041684799	0.0595826073888035	-0.026594474116121	0.149730266519385	0.0584501513683441	-0.00834744094757861	-0.0646424082957764	-0.0593067953451421
1583	Spis-XP-022803036-1	-2.1025558124693	1.64836623624686	-1.43736247086585	1.6412065715325	-1.71863023394905	-1.35220022553542	-1.55001044181096	-1.99058036960937	-0.981955552472081	-1.33585867383249	-0.58801650677844	-1.04582716364757
1584	Spis-XP-022803038-1	-2.31469987860198	1.05543562417297	-1.56497924374576	2.42322656355298	-1.97011186119637	-1.58654166701891	-1.91313450227881	-2.02960837389038	-1.2136001928595	-1.77410230578522	-1.06500536190761	-1.56145255495433
1585	Spis-XP-022803070-1	-0.0475089640398133	-0.0668537295619855	0.0397470351932857	-0.0555255647409464	0.368708780948477	0.00309604264801447	-0.0728759449011017	-0.0818896416588189	-0.0343518338432863	0.0147620935903847	-0.0735366020681653	-0.0780509521085919
1586	Spis-XP-022803073-1	0.0607729282636943	-0.0371987791029907	0.0199067097378869	-0.0271946542685323	-0.0409427089064182	-0.0330288252703125	-0.0350175386522572	0.000180313707118893	-0.0274401178819775	0.142048715333476	0.0483756913865365	-0.0371952836565016
1587	Spis-XP-022803082-1	0.0627331421332012	-0.102746876636233	0.164282510457176	-0.112322931972916	-0.104095393184301	-0.062367500272032	-0.0807886715376079	-0.118218182730921	-0.125629476944328	0.835625038953056	-0.0585746459328751	-0.129914553996877
1588	Spis-XP-022803084-1	-0.0979279091421381	-0.170448471159078	0.0910734026306219	-0.172074316267095	-0.152729211728985	-0.163969082841278	-0.0711940643441304	-0.163726918192815	-0.0346803021655686	2.12388737886389	-0.169693643523376	-0.172303131727843
1589	Spis-XP-022803109-1	-0.019748872205765	-0.0300299888442699	0.0220308493790824	-0.0299471403838564	-0.0351643119699938	0.0115855685065741	-0.0299030819427462	0.0173893126881318	-0.0119122548461661	0.503052832160909	0.0760326005320388	0.112489188756798
1590	Spis-XP-022803111-1	-0.0633517277823375	-0.0750839519310328	-0.0647747562050396	-0.0744679336477813	-0.0688740480719069	-0.07032801745391	-0.0632500159800918	-0.082482473443871	-0.0804950889484666	1.69751544395522	-0.00367411374003404	-0.0779751488327745
1591	Spis-XP-022803120-1	-0.0484996166621492	-0.0248534284149599	0.0756158386383276	-0.0704841069173708	-0.0793436138949898	0.0831603836175899	-0.080990665049093	-0.076972855397064	0.00509429157688569	0.501181170183753	-0.105381486364399	1.33909057847209
1592	Spis-XP-022803170-1	-0.00170169771557419	-0.0245884171342357	0.0586619079495456	-0.0435714908040648	-0.0451771237065682	-0.0298670282840682	-0.020387261580328	-0.00746828159740123	-0.0388546711563406	0.0212884703558319	0.813836127224381	0.307237598048348
1593	Spis-XP-022803190-1	-0.00154374312445889	-0.0194240402155333	0.0112815712880906	-0.0369975413404754	0.0133389942972632	0.140232688031112	-0.0168784917612659	-0.0129529410694849	-0.0306370190335677	-0.037829905916	-0.0379545150129931	-0.0330800155200547
1594	Spis-XP-022803208-1	0.0526614456893311	-0.148281984428098	-0.160944579661647	-0.221795588261936	0.824878079239697	-0.0717356582912992	-0.193911780269126	0.0181178692291054	-0.014752740996633	-0.181467096892064	0.0481950926627838	-0.219983894104007
1595	Spis-XP-022803240-1	-0.402284576606738	-0.373948553080724	-0.26002623354721	-0.433557137283359	-0.348068451373619	-0.162536800210092	-0.46848443014438	-0.614289580045968	3.26529064091603	-0.298180535760032	-0.491756245218672	-0.754547741381818
1596	Spis-XP-022803267-1	0.00184878246131381	-0.0102191912400442	0.150250180812449	-0.0544581051354609	-0.0448817647424736	-0.0293311077797061	-0.0768608035848451	-0.0731481439338835	0.0783980429210967	-0.0720383734811457	-0.0707654013741627	-0.065868483055194
1597	Spis-XP-022803294-1	-0.0669676956743246	-0.499788497292952	-0.285090663901583	0.0100524438830167	0.223412318581246	0.116127863663588	0.511948501757352	1.21168829771189	-0.323119565621649	0.0689995789003732	-0.41085009591344	-0.907922474843504
1598	Spis-XP-022803300-1	0.0858871134152792	-0.00395027696978517	0.0629628713230625	-0.158622196752751	-0.0411938753471435	0.0753674581582443	-0.0579322066266891	-0.118639721945648	-0.0870154280934502	0.140507829741842	0.0446054147962776	0.0835707537560058
1599	Spis-XP-022803305-1	-0.0216637078137874	0.000950649720883295	0.123768905718662	-0.104281619766242	-0.0568486538734515	0.190533362860174	-0.0843132467859845	-0.104515910933542	0.063159942470209	-0.00772179356174957	-0.111605539333735	-0.15521835276434
1600	Spis-XP-022803308-1	0.0134280583760811	-0.102609434079442	0.14814174366793	-0.00909428691794306	-0.00184791498562747	0.104890669558265	-0.0942632140614274	-0.113979979626639	-0.0711396740286788	0.0448305221442078	0.0630408078146609	-0.102575843216124
1601	Spis-XP-022803324-1	-8.82675156289592e-05	-0.029170228154045	0.103882171494476	-0.0364803522845451	-0.0213838524193787	0.0149040361770086	-0.0460835604794467	-0.000147667788101991	-0.000541385836050901	-0.0623124530413109	0.0404601210646521	-0.0675735736578957
1602	Spis-XP-022803366-1	-0.316677212467327	-0.300064292015039	0.102325743135254	-0.411123742263064	-0.311681062181087	1.4195919858331	-0.312924256189399	-0.119097629376576	-0.197139881354586	1.46871408565984	-0.339706803925249	0.0890160718920304
1603	Spis-XP-022803369-1	-0.114968950240154	-0.0537826249182416	-0.000730243353078169	-0.024651113911025	-0.0774970148347855	0.137489993363138	-0.02440090641224	-0.131936480178274	0.00330311403119507	0.00791486944743178	2.17998724711063	-0.136889389862925
1604	Spis-XP-022803370-1	-0.151098698281147	0.062552031063192	-0.146587444361233	-0.121221980299662	-0.0152410188807211	0.511980653116235	-0.120382404234345	-0.212344481647912	0.790119606852102	-0.202190538029806	-0.0415672847374705	0.28964251545739
1605	Spis-XP-022803398-1	-0.002328314283944	-0.0189749013419725	0.0159758921154763	-0.0227041594163072	0.00552513053485084	-0.0255671999814185	-0.0195954586566612	0.0147030836664712	-0.0303985780360592	-0.029303627987673	-0.0279617947132776	1.21271151726647
1606	Spis-XP-022803401-1	0.0235003336429122	0.00571372846157986	-0.117769752299667	-0.101755682960298	-0.0940291528300239	-0.129470177036748	-0.137398241590606	-0.131106423455484	-0.134179188395288	-0.129405414627216	2.65243063201773	-0.0537830515185746
1607	Spis-XP-022803424-1	-0.597242726123644	1.17028059820464	-0.458435053361156	0.149675624382861	-0.437654527512271	-0.509251580619024	-0.37531895407377	-0.629539150242158	-0.281085392248505	-0.348035006179634	-0.231858592208971	-0.3425077234432
1608	Spis-XP-022803433-1	0.102033413355672	-0.0438970285230045	-0.0335875402628045	-0.210669649456161	-0.0456023360396517	-0.0797249993332422	-0.128689631909332	-0.0592894029904033	-0.129398116858586	1.22856246787727	0.0844806721431396	0.0851272149764979
1609	Spis-XP-022803452-1	-0.654611336310621	0.714016926956123	-0.616729102332527	0.815572659491414	0.241065336750994	-0.515518310302102	-0.546039864198913	-0.750728581066321	-0.575727189271244	-0.682168884908793	-0.391176356468244	-0.269947222770895
1610	Spis-XP-022803533-1	-0.0214217485848707	8.87773924590496e-06	0.0424835269791108	-0.0263697882551285	0.0648837538349864	-0.00959954120183194	0.02063483745972	-0.0595656056244807	0.0119757324735145	-0.033871917185519	-0.0504019311346891	-0.0954548388359532
1611	Spis-XP-022803549-1	-0.666018401115077	1.41566385383046	-0.449171774100658	-0.056693592766039	-0.711677762412969	-0.446165243640454	-0.564294463278912	-0.990523714226997	-0.60254915350406	-0.500211862816552	0.630309523626715	0.530319784910076
1612	Spis-XP-022803585-1	0.412041563247272	-0.24575371845153	-0.239034403511607	-0.0724399660146226	-0.21169661655217	0.127847473744992	-0.082016514307673	0.16627019133228	-0.0514816640550827	-0.0624850368724025	0.0709994407033238	-0.375936800732781
1613	Spis-XP-022803624-1	-0.0282765040079221	-0.0255324205688447	0.0426704559357478	-0.0298123063847268	-0.0352540751789707	-0.0249789844568973	-0.0396149269709524	-0.0480644593295907	0.0357771267819945	-0.0191779505150925	-0.0443902317368359	1.89262494994435
1614	Spis-XP-022803626-1	-0.0110555115428358	-0.028829749563528	0.0378481345630088	-0.050641502280184	-0.017814386387486	0.00434520460051761	-0.0464498244560843	-0.0519301832408297	-0.00721871582009194	-0.0508423059336984	-0.047644105304406	1.88005272753646
1615	Spis-XP-022803627-1	-0.0160042428832482	-0.015637104080346	-0.00484266949831031	-0.0454027579962933	0.00205068911602771	0.0223246080320301	-0.0229324268998726	-0.0418871668019355	-0.0129031246072877	-0.041139691795164	-0.0383545564078809	1.82895292273296
1616	Spis-XP-022803630-1	-0.251720744635812	0.436711513960681	-0.0560895603305727	0.123197592538232	-0.137991270584558	-0.164643488215009	-0.227837285945927	-0.210067710158822	-0.0479734794827861	-0.203012316650734	0.0136801053349756	-0.0578781618943482
1617	Spis-XP-022803634-1	-0.0258760513171622	-0.0154522104455379	0.00607250638260463	-0.0303220145399229	-0.00836490899855458	0.00420885259190686	-0.022710124185484	-0.00923559972750184	-0.0286210649375347	-0.0283804231237989	0.0355943787201352	1.73865660631375
1618	Spis-XP-022803637-1	-0.0299839426617037	-0.0235189380999308	0.000823476487901084	-0.0231285881194027	-0.03253928843097	-0.00687039929960329	-0.0261368972873767	-0.0384139713465255	-0.0333616390053897	0.0273038505825118	-0.0400330342458205	2.09953966000193
1619	Spis-XP-022803638-1	-0.00417099279226886	-0.0298280412887955	0.0171733216743832	-0.0399648577549104	-0.0283415089141024	0.00338744146554081	-0.0266470666819082	-0.0285664403880569	0.0252230830421327	-0.0351489396504954	-0.0361174213844424	1.71577598513238
1620	Spis-XP-022803641-1	-0.0960854854369035	-0.0945511672218428	-0.0327630967625079	-0.1078109143392	0.599773021512354	0.205844759414096	-0.119366186100765	-0.127225065824765	-0.0893598168021478	-0.050873753157129	-0.140877080580062	0.0177840607341362
1621	Spis-XP-022803660-1	-0.151907690673649	-0.257941386725696	-0.0710873276474146	-0.213650771858552	1.29054454933889	-0.139655796587638	-0.211450000765778	-0.181226850734697	-0.213713071911462	-0.0516312808821074	-0.208514789644247	-0.214931618688102
1622	Spis-XP-022803675-1	-0.0665063544757119	-0.0705663681253364	0.0486654996145194	-0.0452803224612727	0.0387962188106343	0.0323982865248837	-0.0640988416451224	0.334104329399164	0.207090451532775	-0.0160546888887421	0.0115049885109923	-0.137006737843403
1623	Spis-XP-022803685-1	0.0249755683083323	-0.154590607067379	0.565249257627468	-0.182574750515743	-0.120364100591149	-0.11805897474397	-0.198152211748765	-0.206472879677808	-0.117652277711144	-0.119781564897976	-0.00949812486743998	-0.259965675769703
1624	Spis-XP-022803726-1	0.0806828407489969	-0.205736499972015	-0.0580221285303248	-0.152906492593737	-0.02770524835735	0.536704574289993	-0.139401081142464	-0.0680230118409311	0.138718407507314	0.510327374488692	-0.0769522675824668	0.0764105169923778
1625	Spis-XP-022803736-1	-0.820096648139211	-0.245679902266894	-0.109318502937582	-0.273239970093566	-0.670027328966763	-0.393717880353005	2.72074975256294	-0.627533387743868	-0.582067091723635	-0.383507446735191	-0.593129056913849	-0.196481752426869
1626	Spis-XP-022803751-1	0.00374632123177798	0.0136600697574233	0.0100306754157468	-0.0772450138922034	0.00503712108158108	0.055968666619651	-0.00171625789816215	0.0244415430058709	0.0098586039903546	-0.0524600255510754	0.193573120635079	-0.169774376976162
1627	Spis-XP-022803773-1	1.87766789357765	-0.937328420073043	-0.634205740694505	-1.09370588047996	-0.720881425397196	-0.672072089730112	-0.996267633131911	-0.313784712154674	-0.258597137216729	-0.482621040125007	-0.617438901483705	-0.320553063505234
1628	Spis-XP-022803774-1	2.15888356490794	-1.25972109323018	-0.744794688046443	-1.24943865106579	-0.894105100024357	-0.971406622672218	-1.31716710689657	0.252452298479783	-1.08245022203958	-0.727523214262418	-0.19713686876056	-1.19071082714454
1629	Spis-XP-022803778-1	-0.0660632796627998	0.175190384773791	-0.0289453372961484	0.00545168946133513	-0.0536706538316067	-0.0482226144956013	-0.0145015094481298	-0.0769358892565036	-0.0949717232139635	-0.0889360154703749	0.0118855420129356	-0.0933666408545299
1630	Spis-XP-022803796-1	-0.823028982329924	0.994123184536289	-0.466704883093408	0.880926164090307	-0.721112264062422	-0.695837878062852	-0.525257520940039	-0.784519072040382	-0.471401595671725	-0.700647639522391	-0.101243029633596	-0.43541540556228
1631	Spis-XP-022803815-1	-0.129431090076002	-0.154007189076861	0.445648436672303	0.0699730635691529	-0.132804191158897	0.0120270938053045	-0.0955549370685018	-0.114388858032593	-0.110603814415819	-0.00640528940144	-0.141233945786464	-0.14152411571677
1632	Spis-XP-022803817-1	-0.0794610512752582	-0.13641991642826	0.497374796500211	-0.160371179049704	-0.109984016206114	0.148059007562974	-0.144240845172516	-0.0775011203607515	-0.109541433816791	-0.103441859932176	-0.139293100969058	-0.140550252710479
1633	Spis-XP-022803824-1	-0.0875275571407446	-0.0871515370855577	0.234398934728318	-0.0454867113840105	-0.0956203896995783	-0.0763304577091053	-0.0918171374157328	-0.115937444020465	-0.128969784864195	0.66750947442529	-0.135427931390545	1.77993545002059
1634	Spis-XP-022803836-1	-0.336588278976252	-0.35873115327937	-0.208873682396774	-0.398211443985659	1.92199298117722	-0.25247032632943	-0.327534912220543	-0.268550279308857	-0.397992261626891	-0.247708318840703	-0.320386535161725	-0.400550685062052
1635	Spis-XP-022803837-1	-0.198888438388103	-0.155148668648564	-0.0888416703773304	-0.240633847083355	-0.156574508084212	1.31756295351317	-0.196217752376968	-0.234703093067688	-0.0546632596196123	0.455754453141103	-0.038631337979361	-0.211957944279048
1636	Spis-XP-022803838-1	-0.00982826516350588	-0.00331692236746772	-0.023232772723139	0.0524251718568957	0.0260474281894368	-0.0560145084148866	-0.0801480843636828	0.164889988908914	-0.0730758720189799	-0.0330016083459078	-0.0109400991040365	-0.0770885155209658
1637	Spis-XP-022803840-1	0.0347929803945428	0.0625589303102623	-0.0979235983784233	-0.0775958996669709	0.0122778740441922	0.0324418787505785	-0.0542186781756991	0.0539758119818147	0.0569694931257439	-0.00815463185202384	0.0838661285362442	-0.122673292016016
1638	Spis-XP-022803850-1	-0.027923300744614	0.00156039062402205	0.0106153694159188	0.0437928734773245	-0.0372121421251258	0.0403527929831696	0.0103910279432871	-0.048371324361153	0.0107534439121154	0.0437308104075205	-0.125914549024152	-0.130358061078953
1639	Spis-XP-022803853-1	0.586142307534717	-0.922201230807414	-0.674281016369348	-0.775584952065879	0.219513057838144	-0.797733163345852	-0.713051872417499	2.50466099221189	-0.670727693615764	-0.748385666239952	-0.432475059767952	-0.976513499819184
1640	Spis-XP-022803862-1	-0.06421311440914	-0.0820838860565017	0.027934504767815	-0.115842724809108	0.67514695391024	-0.12598280995565	-0.110344992229475	-0.113125422717436	-0.109960106230827	-0.1463231957514	-0.0451535752178852	-0.155791416885537
1641	Spis-XP-022803866-1	0.0854861314751596	-0.0225256154505131	-0.027081991929924	-0.040065630720122	0.0163946703698869	-0.0376729743464972	-0.0374542553909565	-0.0219774353113532	0.0133199594855707	-0.00967034486112036	-0.0402617520522111	-0.0367595799604037
1642	Spis-XP-022803867-1	-0.191480071123104	0.272985655189973	-0.0315250463807431	0.172542456031866	-0.14559461337966	-0.137335241342444	-0.0318503847191467	-0.177733983579472	-0.0624577502631126	-0.10171651429434	-0.104494451279866	-0.171983778221283
1643	Spis-XP-022803869-1	0.0446253498698082	-0.0345455557680791	-0.0469712928051362	-0.0619226617155699	0.173142147626054	-0.0117671463038903	-0.0211602265674189	0.000399636752023466	0.0212836940163589	-0.0386450325056125	-0.0522243429576515	-0.0748614050774077
1644	Spis-XP-022803870-1	-0.729297354069995	-0.86005526936031	-0.269283898146067	-0.998097727069838	3.04336321163227	-0.625372832325363	-0.984731488700578	-0.734844621381398	-0.732541225285745	-0.719313512746742	-1.06955171004686	-0.0980226902510735
1645	Spis-XP-022803927-1	0.0916760876832604	-0.00488871137159119	-0.0288541011512635	-0.102447918461407	0.130256829240036	-0.0532049812694436	-0.0791137093778055	-0.0544417323654807	-0.0429651966173199	0.00884859875811081	0.0384665060041885	-0.0704745188457791
1646	Spis-XP-022803962-1	-0.066537607072755	-0.0833220524366416	0.065009860051439	-0.1421952474863	-0.103970096101238	0.698610038581008	-0.100553474688757	-0.111457167856399	0.0101281236158553	-0.0866613488982131	-0.032077919068237	-0.135352328942547
1647	Spis-XP-022804020-1	0.0431778635923186	0.0137968561761512	-0.0152063385003234	-0.0389059128534135	0.0325321519611518	-0.0360295293179884	-0.0622745586932129	-0.0270926332804033	-0.00157329121263386	0.0756198213124503	-0.102259590815455	-0.105456242611363
1648	Spis-XP-022804051-1	0.00292457979631223	0.0144159014241829	-0.0383880213840087	-0.0117326831202893	0.0264086615542175	0.0178935722257344	0.0418371109236097	-0.0400531668773234	-0.0270846288601117	0.024171391208491	0.0236399158663097	-0.039152498087876
1649	Spis-XP-022804071-1	-0.0549737542849385	-0.0604135204766253	0.00124359136239321	-0.0367319813867292	-0.100367352651561	0.490018873329341	-0.10729945165507	0.00202627778039127	0.0743146574684637	0.00166376032478108	-0.129773869544486	0.0655548032704238
1650	Spis-XP-022804075-1	-0.0172145942154933	-0.00810518722732334	0.0048750933172707	-0.0189603874227075	-0.014016940251063	0.00744922532989476	0.0112812141273608	-0.0188835613922814	0.00688768944431468	-0.0261975229612217	0.765545825336121	-0.0166692648400396
1651	Spis-XP-022804118-1	-0.0183874382487184	-0.0480170175559448	0.0368693302939133	0.0278121438381501	-0.0204645399152816	0.0521773614452435	0.00126050515236165	0.0348939250975325	-0.11141530436825	0.148532536117548	0.0911510648646084	-0.170080714133537
1652	Spis-XP-022804124-1	-0.00306701123276694	-0.0120381593934919	0.0146317896479899	-0.0769803877749449	0.0802802532671491	0.084042203146327	-0.0997147914714619	0.0134224068545417	0.00408274714141665	0.0634110847633198	0.052146090145963	0.303814146457301
1653	Spis-XP-022804192-1	-0.0322611187009865	-0.0773724282850173	0.137716240762711	-0.0527332148859924	-0.0735091897204337	0.0136660628328771	-0.0261117393175467	-0.0711106503762239	-0.0259844075300819	0.0160481670388117	1.37221940718186	-0.0926614750480873
1654	Spis-XP-022804202-1	-0.136077260321982	-0.118928345336744	-0.0456731145170791	-0.142054247382309	-0.12018373959947	0.633760245038274	-0.139356795066129	-0.147421801933349	0.984395447367566	0.0523769060533374	-0.0253908243780541	-0.146514600342696
1655	Spis-XP-022804248-1	0.418539250884766	0.189249761638865	-0.762564126650515	-0.237665407428102	-0.0550997640361964	-0.648014112617799	0.916971165901846	-0.0631560419837301	-0.852881980682253	-0.924384178585001	0.0362528496683204	-0.553442602751287
1656	Spis-XP-022804253-1	-0.915542586721681	1.06134336395256	-0.507843691942758	0.358285702716101	-0.751175004797258	-0.580555778882495	0.860556492937588	-0.720050957909042	-0.485501351682858	-0.571542796368222	-0.312020871658821	-0.647285945699299
1657	Spis-XP-022804270-1	-0.00827744227762345	-0.0372263202091819	-0.00227748393153238	-0.0438364385914493	0.0264826762066598	-0.0286728125703389	-0.0346396296451953	-0.036281810725386	-0.0390716599862709	-0.03873409305495	-0.0524986113762484	2.10203984773809
1658	Spis-XP-022804287-1	-0.06835843241366	-0.0450382270426327	-0.00953858383255137	0.0259332322134168	0.000294251863742073	-0.060007199583919	-0.0603410831265581	-0.0199436053981806	-0.0285006860960832	-0.0653336170098875	0.0441071272462442	2.54547957370539
1659	Spis-XP-022804291-1	0.0612947679351389	0.0511763861681288	0.036691048710916	-0.106928213021269	-0.0646288864830422	-0.0515385524212547	-0.0614526274175712	-0.0943588802527158	0.00387909889121207	0.112706942893493	0.100740099496438	-0.128139670588528
1660	Spis-XP-022804302-1	0.0202898680157192	-0.0613899324730248	0.0290423811420259	-0.064052004802371	-0.0431062637645481	0.269289768258281	-0.0599004055411948	-0.0386796609106975	-0.0297246278365957	0.0718602996609426	-0.05530744344835	-0.0152950385764847
1661	Spis-XP-022804303-1	-0.898335020733232	-0.941090804309418	-0.721086198424352	-0.864079954798112	3.30177262473949	-0.715046809848167	-0.954643747754815	-0.771547697378629	-0.734992341501079	-0.357616915738887	-0.891348140558501	-1.00051661412477
1662	Spis-XP-022804308-1	-0.885914783507505	1.5685243434912	-0.493578306399606	0.206057932721111	-0.819132778465126	-0.594675738535888	-0.864121843142104	-0.985152114765116	-0.579166858725098	-1.01954066712532	-0.296216932111191	-0.416164218473274
1663	Spis-XP-022804311-1	0.00463384841175311	0.00497419318977912	-0.0299134031519027	-0.0129748462021268	-0.0251764958487896	0.00658212701030205	-0.00282002091811178	-0.0330681265619144	-0.0235631301784916	0.0141962854057695	0.74688483750414	-0.0438700195062801
1664	Spis-XP-022804321-1	-0.036867459746692	-0.0608590618559446	0.00610981596864107	-0.10295605942465	-0.0871573804983194	0.503212379699953	-0.0550813761368298	-0.0622977702163503	0.0287389537268184	0.128327510989961	0.0891149749957392	-0.0956971706191024
1665	Spis-XP-022804348-1	-0.0604565279695653	-0.193274872532108	0.24714303916762	-0.214153982693911	-0.192820810107771	0.877058547131785	-0.222374143658647	-0.193017267685938	-0.102878265515668	-0.112780815078101	-0.218260695310484	0.294823617522335
1666	Spis-XP-022804425-1	-0.0517000948837214	-0.012892700424365	0.0795113299535708	-0.0379322380766836	-0.0713564210422405	0.330886103410987	-0.130058612341081	-0.11933772844798	-0.108476474561025	0.0873740512102965	-0.152821959466051	0.48139206874921
1667	Spis-XP-022804434-1	0.00152649018856987	0.00423260466729719	-0.148133685873452	0.158675121693913	0.0257603966471873	-0.0948433111596486	0.1159775362171	-0.0565772077236824	-0.110405230504699	-0.258987935599324	0.420008760382307	0.186209608994581
1668	Spis-XP-022804445-1	-0.0234918029627364	-0.0159378557845983	0.0121384879473322	-0.0171188879608042	-0.0256646133471054	-0.0404699864574803	-0.0241361405561934	0.00258257202826519	-0.0416408477640993	0.619867924258773	-0.0550949522200539	-0.0113151203002606
1669	Spis-XP-022804476-1	-0.0318195969191061	0.116727851475422	-0.0340361563744319	-0.0156517715770882	-0.0124471657233991	-0.0504458721534549	0.0138888327803785	-0.0786360007583351	-0.0684033627093202	0.0447456338495149	-0.00693196050763095	-0.0866490596632489
1670	Spis-XP-022804594-1	-0.0282101973922053	-0.0378567618558097	-0.0163859451995511	-0.0468319688530498	-0.0436125823402899	0.377504555074045	-0.0489693775646502	0.0224126263947059	-0.0317867881903794	-0.0467248080964001	-0.0448513783411216	-0.038085873470324
1671	Spis-XP-022804632-1	-0.0690955874556236	0.0804498085241475	-0.0808381443814212	0.0780751571631865	-0.143888133268547	0.030037435383799	0.128472304674646	-0.0556506396226839	0.0672026059494983	0.0948712232619362	-0.0679084617660291	-0.15805928798849
1672	Spis-XP-022804680-1	-0.0340548627866801	-0.117318867043146	-0.0607352715373161	-0.123543129581722	0.580143893137591	0.117944451478209	-0.105175979509467	-0.0131677790042947	-0.109360375647216	0.0102458037718928	-0.112784634460477	-0.111586807211911
1673	Spis-XP-022804689-1	-0.0386029205002975	-0.0280060696106341	0.501269773685263	-0.604639952507476	-0.107510189518293	0.192987491161568	-0.249657890713251	-0.386051819001578	0.36988612290904	0.472784000350922	-0.418878596241699	0.937391031779219
1674	Spis-XP-022804698-1	0.00259088183730509	-0.00967664065695722	0.00284149688502412	-0.0313784627616355	0.0146842098657394	-0.00985175809078764	-0.00410177012291481	-0.0484563389312439	0.00333239330530283	0.0409090112570111	0.618224828913077	-0.0431627987628953
1675	Spis-XP-022804739-1	0.0238910167553133	-0.00891116741631278	0.0113746211373642	-0.0345660137602956	-0.00470531548681763	0.0309303610740548	-0.0146527148135174	-0.0387544752712565	0.0164793465800053	-0.0378688575675068	0.0522220753136952	0.101246676212791
1676	Spis-XP-022804768-1	0.0399183487958474	0.0191375059102266	-0.0318308827727449	-0.0353883281394401	-0.0307765898789918	-0.00900279617218427	-0.0102895897662728	0.0378598246975616	-0.00510805489476217	-0.0129826455350912	-0.0181180614051315	-0.0600645865884522
1677	Spis-XP-022804772-1	-0.0947685813620588	-0.0800192726698654	-0.106794457899682	0.13331157918302	-0.0364527906944289	-0.0115582476310791	0.279316770514013	0.254434959681121	-0.0987277646619787	-0.0958323569690895	0.782207236154448	-0.103730827879954
1678	Spis-XP-022804777-1	0.00122211834155009	-0.00683852568918247	-0.0243578012388065	-0.027665972098833	-0.033198561218066	0.0795125612640727	0.0128921426183075	0.096540473182671	-0.0714372143798363	0.152114000971852	-0.0828777172052597	-0.170672880934904
1679	Spis-XP-022804820-1	-0.0696729012458642	0.0892879243482053	0.0573126484579989	0.0390585589654396	-0.0579328446070899	-0.0094743709311796	-0.0506285202690825	-0.0574918768988262	-0.0771013935053615	-0.0896923300965348	-0.0988993177854253	-0.0858691144945958
1680	Spis-XP-022804823-1	-0.0342956689506256	-0.0469667947922712	-0.0559081625676698	-0.0360195686056276	-0.0375623148384245	0.0789921289970701	0.025346131723109	0.483498422266973	-0.0238044202215657	-0.055826904250518	0.0608401446581164	-0.239777494142046
1681	Spis-XP-022804824-1	-0.172773398589497	-0.099189882184658	0.0027065951605405	0.217528008783291	-0.124378880784447	-0.153699439625426	0.0326290091265338	0.713816006601697	-0.0458410955391324	0.00448484620988679	-0.176099104815662	-0.201223249074707
1682	Spis-XP-022804829-1	-0.717367296492544	-0.45686204393561	-0.562770116369943	1.60223018887383	-0.298263213424312	-0.17154304524884	0.293801751539354	-0.284328739790735	0.0935813285385084	-0.730829050613674	-0.337548917927471	-0.178783557713482
1683	Spis-XP-022804863-1	-0.0414553362744204	-0.0675851202697966	0.040662908272197	-0.0685488094606297	-0.0117655080867759	0.384576840736926	-0.0652002484416788	0.00262722407720263	-0.0548029145183838	-0.0246253312444334	-0.0517964620867046	0.362539787261714
1684	Spis-XP-022804864-1	0.00489000473570766	0.00376363931630608	0.0893768720395007	-0.1194256961158	-0.00611121726210298	0.0956147552262416	-0.108924849517749	-0.0148583147608405	0.0903830449359277	7.57994602599843e-05	-0.134534305336221	-0.052050838497803
1685	Spis-XP-022804865-1	0.0129090012359858	-0.0596707097137527	-0.0668487027302842	-0.0608651277606506	-0.0225254858051189	-0.0445917316796608	-0.0387537201294083	0.618607795484011	-0.0269150654588646	-0.064403704441956	-0.0641053290993527	-0.0619694266333031
1686	Spis-XP-022804878-1	-0.179216838465878	-0.133822363198582	-0.179121716079857	0.70306524587155	-0.11103842285153	0.0379150846442887	-0.276816630058282	-0.214926193310343	0.0566537725018297	-0.0239159657801966	0.0180736887576222	-0.285694485097205
1687	Spis-XP-022804917-1	-0.528876555867406	-0.381591038737006	-0.424436549562477	0.448681568091381	0.10206599851368	0.976594777465971	0.941410469393931	-0.372816819644121	0.123279662918902	-0.402776234193234	-0.186029961684397	-0.472374113892306
1688	Spis-XP-022804923-1	-0.0251885101074027	-0.0106947263608217	0.0910349912797642	-0.0520199832961165	-0.0142295746565933	0.0912804639768782	-0.0129201034651722	-0.0621919442602691	0.00735884420205817	-0.0610133417042316	-0.0534919136842787	0.194940162970402
1689	Spis-XP-022804940-1	-0.201406935647406	0.355806252527775	0.0569498643663583	0.0402657319419302	-0.165294967043726	-0.171861990023957	-0.124784945985577	-0.195298444596913	-0.000200946678440839	-0.199146698393857	-0.0486083760472642	-0.198497457072786
1690	Spis-XP-022804943-1	-0.0436589594503136	0.065455856712758	0.0156459785717047	0.0145764631937111	-0.0333504183152564	-0.0261582773707988	-0.00676392729680486	-0.0116924909420967	-0.0378390612627327	-0.0363529244454469	-0.00545167729326675	-0.0400219868565861
1691	Spis-XP-022804995-1	1.26062778392781	-0.520203418180793	-0.461250740221678	-0.585956034735077	-0.336883461065409	-0.41931983551304	-0.563077353046779	-0.0818978867214711	-0.458020127931487	-0.418525337793603	-0.0024656453949834	-0.116308853591976
1692	Spis-XP-022805017-1	0.00876347279707904	-0.00292088784903965	-0.00211751307287506	-0.0173458148742736	0.0428512740361268	0.000602391024214789	-0.0158077157737492	-0.0157212075225174	-0.0154302394025661	0.0134477547178104	-0.0313201541808132	-0.0154836890190321
1693	Spis-XP-022805019-1	0.270538841794327	-0.0712358732558242	-0.0746786562882042	-0.0927880876559328	-0.14705610126985	-0.180743502346739	-0.00596516185801987	0.0843520040830254	-0.163124895473089	0.0108462749463058	0.213507762414292	-0.194968446239443
1694	Spis-XP-022805022-1	-0.04607296980543	-0.0239373225196915	-0.0191040171488283	0.00787327081372312	0.0479698588323391	-0.0163843529292899	-0.0387915367164185	-0.0556473243013522	-0.0513190836143766	-0.0524137334020409	-0.0512247465263799	2.09286729870645
1695	Spis-XP-022805086-1	-0.187240009996387	-0.19678323473835	-0.0419299408580342	-0.201464529402797	-0.235950298495539	1.11535515875968	-0.138202384059797	-0.231470020466626	0.757423601531675	0.145557161199114	-0.228631580982359	-0.223176288695612
1696	Spis-XP-022805094-1	-0.0172554183768794	-0.0813842580176045	0.0199645857713673	-0.0638577718350498	-0.047316105777708	-0.026439294740765	-0.100825781049901	-0.0913404751645275	-0.0574205146625553	1.27611323405015	-0.0809310324098453	-0.10143037913946
1697	Spis-XP-022805104-1	-0.00959117205688698	0.0140736962598857	-0.00366032364740231	0.0195339649827026	-0.0370380176925132	0.048624749361547	-0.0187441053894904	-0.0398504446595786	-0.00885202549471542	0.0220576020277773	-0.0415897597171249	-0.038177658335131
1698	Spis-XP-022805129-1	-0.193533894287646	-0.310241385325019	0.163810367041834	-0.319377996974506	-0.273250340272509	0.95357390899497	-0.313675154903845	-0.183689495320378	1.3176920910911	-0.0272636984748134	-0.327792598469198	0.41662669257432
1699	Spis-XP-022805130-1	-0.128451094269929	-0.128724108505711	0.0815528468294672	-0.112515683306146	-0.110295421445248	0.816242296090186	-0.122250711765852	-0.136646248762763	0.00173910385319206	0.173189250182424	-0.151393410945017	-0.151367139381889
1700	Spis-XP-022805213-1	-0.000512530297186189	-0.0354938289985532	0.0646769047417577	-0.0299890488849608	0.000537200975604127	0.0316562179250776	-0.00601069760345982	-0.0659396518408343	-0.0673912205278769	0.243003461725074	-0.0439272867966902	-0.100512080536861
1701	Spis-XP-022805221-1	-0.189616612584105	0.333866093295021	-0.10879005013918	-0.128268201034726	-0.0765513294305064	0.272960968620549	-0.164974397735183	-0.24230452098595	0.201415615732407	-0.0891823033198948	-0.0851611925525312	0.686775735134148
1702	Spis-XP-022805231-1	-0.0186049070891461	-0.0592488739838017	0.0908870254379703	-0.0959721451161534	-0.0480563781429785	0.0358803483298853	-0.0574228165813795	0.0536458506522649	0.0172215795283533	0.0401027015061791	-0.106750315765099	1.81368617774014
1703	Spis-XP-022805238-1	-0.0474445132183016	-0.0250633967750674	0.000289619626615015	-0.0351487542349265	-0.00619599514779335	0.255643814151526	-0.0205025227085127	-0.0209865193407146	0.076350432352573	0.0381711538363161	-0.0341949219060737	-0.077315381073128
1704	Spis-XP-022805245-1	-0.290983251771236	-0.223592154448434	-0.116577356818772	-0.343457626515235	-0.216712910398137	0.837674603714675	-0.26487237276677	-0.30619119451529	1.93672680117774	0.176042342636336	-0.340413542501326	0.139863378658778
1705	Spis-XP-022805252-1	-0.0796656701937394	0.0117452099822709	0.0135355613444295	-0.122932940454773	0.361297388507511	0.00854666703818607	-0.175757732300911	-0.0194534347944507	0.157122351585722	0.0768158611809006	-0.0524562466270459	-0.207931317179941
1706	Spis-XP-022805253-1	0.471887468951136	-1.10219084850366	-0.63630422297525	-0.539994860659958	-0.0183817807677309	-0.260128478762611	-1.05471731503218	2.63223226279795	-0.831502616288799	-0.360581199376051	-0.430568875516533	-0.897056716554371
1707	Spis-XP-022805326-1	0.0118556888998042	-0.00697917193762476	-0.0346060150294874	0.0673322997236406	-0.0691120232863284	-0.0196840448680875	-0.0375246586620684	0.00702982888779262	0.00178871413381232	0.103588109120026	0.107164554357609	-0.0778559478579532
1708	Spis-XP-022805345-1	-0.224801560974105	-0.136495089798685	-0.101580929051912	-0.223553939818971	-0.205253066956398	0.914564352767012	-0.193271034035856	-0.152647396414991	-0.106284343000845	1.72336797618683	-0.223533434712644	-0.221638286317986
1709	Spis-XP-022805352-1	-0.00921124317304139	-0.0456393900764301	0.0996120404929435	-0.0418255611369056	-0.0524005786764136	0.0677874908255122	-0.0645831559032188	-0.0217919955300527	-0.0643191526038323	0.337568526455296	0.00783354139889668	-0.075395384845416
1710	Spis-XP-022805354-1	-0.0811469923422336	-0.0880992486875849	0.0586276094357145	-0.0717016299353427	-0.0365603810379543	0.462502361656533	-0.0834736803613377	-0.0219028977369892	0.167641212303615	0.0690936215206529	-0.106877699016742	-0.108685980174798
1711	Spis-XP-022805361-1	-0.102196104575677	-0.561590642930891	-0.586785062069256	-0.208710952272997	2.00175508454359	-0.548693180162299	-0.849174470971866	0.33297258056694	-0.721592985734968	0.141059748596397	-0.616336739572512	-0.851029059716708
1712	Spis-XP-022805376-1	-0.182544162069449	-0.055495526975291	-0.105266779322191	0.22299741121668	-0.00244435317765823	-0.020370742652768	-0.118775496213429	0.45997309003144	0.228519442475941	0.265809208655591	-0.210798211039451	-0.166483470355612
1713	Spis-XP-022805379-1	-0.0117537296769455	-0.0172449910886353	0.0548798922704449	-0.0207223379243999	-0.0255386663525757	0.00637415452746082	0.0137972236244495	-0.0331930139038933	-0.00521815582177373	0.0753501886002257	-0.0321992048862284	0.360348585619783
1714	Spis-XP-022805384-1	0.429982477559397	-0.432757396414511	-0.150448905474556	-0.421986610227101	0.65867362501388	-0.248873299436479	-0.407502465739126	0.182571905876274	-0.27500245246913	-0.0636167824808938	-0.130520460578333	2.19762022651306
1715	Spis-XP-022805467-1	-0.00217952036240164	0.0150701400400744	-0.00157597415430727	-0.0371203183707343	0.0211971794492758	-0.0227655382216939	-0.0104154924959571	0.100046614083708	-0.0179450697094951	0.000419278841062201	-0.0694494196286524	-0.108597758577293
1716	Spis-XP-022805474-1	0.0328076460803505	-0.0540854603807952	0.09834061599828	-0.0669788173980363	-0.015245637263027	0.0254194664380565	-0.0607262949647709	-0.0680774887461921	0.0646906360602204	0.121737950818954	-0.0670690089621135	-0.0639203576357049
1717	Spis-XP-022805476-1	-0.152988302977586	-0.143457100711775	0.0437498597063519	-0.180300917602676	-0.169529398653782	0.979914908435473	-0.14132953920672	0.08750722755197	-0.068694092299602	0.174378374815826	-0.164388692785786	-0.185958619687983
1718	Spis-XP-022805482-1	-0.0882268692148711	-0.0723275537924094	-0.0509456927304337	-0.0739450059250513	-0.0808530640842583	0.738268286753236	-0.0834721610460136	-0.0450333066122378	-0.0528721041672204	-0.0158143482742007	0.0138499341302055	-0.0795560305023795
1719	Spis-XP-022805507-1	-0.0908486944113079	0.210337142401136	-0.0467033560692918	0.0734209531247847	-0.0919612806141136	-0.0390880804741022	-0.0863535641326029	-0.125725586232075	-0.109337514982112	-0.133190532427742	0.0375644111224089	0.0211086878544316
1720	Spis-XP-022805523-1	0.0938540583271815	-0.615337379103652	0.153797986998477	-0.541360228289032	-0.203292983320992	0.244716787788683	1.52833215280911	-0.35543267738284	-0.419294367739695	0.375544084448303	-0.300423971655119	-0.498008244118546
1721	Spis-XP-022805563-1	-0.177875304997953	-0.150436006540849	-0.0689325656473223	-0.168766758864106	-0.13765183617967	1.17630727503605	-0.102430839994761	-0.14613702488099	0.0263440194279906	0.0194206256802432	-0.172766879689181	0.321663111737445
1722	Spis-XP-022805587-1	-0.0804120265276478	-0.136851755453026	0.0108559605135451	-0.136027649992436	-0.117424404807603	0.829968269822542	-0.11584436735402	-0.0934324677006423	-0.0493469683468649	0.210604980337886	-0.0759084574058348	0.268802213756072
1723	Spis-XP-022805607-1	-0.0200570629378259	-0.160897576482499	-0.00537796016977854	-0.115966657783622	-0.0586061269067352	0.0252564274431578	-0.0813031546112965	0.00549028175674382	-0.168994568898416	1.65607639516596	-0.194475097272633	-0.0871015123198436
1724	Spis-XP-022805609-1	-0.126800081639943	0.249084815511881	-0.062082507065523	-0.00492462085552367	-0.108102310089528	-0.0954126295919325	-0.0305900141261997	-0.0846335931613436	-0.124078674552247	-0.0802716941914325	1.00091601747002	0.0737663524770394
1725	Spis-XP-022805612-1	-0.0538231364626413	0.00235768757382436	0.121520780520293	-0.101875814782116	-0.00930078775807382	0.0578151068118783	-0.0457295598979659	-0.087142019508815	-0.0314644392603734	0.0730544701214359	-0.0966088888116278	1.37203113399261
1726	Spis-XP-022805633-1	0.00143331011254307	0.00283878744323149	0.0241818172815555	-0.00856048413734998	-0.00253904767847829	-0.0182454629775177	-0.0155183957052494	-0.00796411480428481	-0.027671502168369	0.000431861452335019	0.0763016574394058	-0.0257000874634511
1727	Spis-XP-022805642-1	-0.0344153188969644	-0.0310728456703303	-0.0214496960253032	-0.0470381863772583	0.0209893026847819	0.318520645344618	0.00790194257045981	-0.0518638332432937	-0.0511626589366803	0.0281771578486675	-0.0634462315683529	-0.0402748376090879
1728	Spis-XP-022805655-1	0.00989815918223926	0.0153571385250065	-0.0199801541870017	-0.026417585832004	-0.0159704943281797	-0.00745258887560665	-0.0279458780428727	0.0051876334368908	-0.0242932050417955	0.23835453648518	-0.000267083782087344	-0.0311448487296319
1729	Spis-XP-022805678-1	0.000634925796128318	1.72139729621226e-05	0.0181954314433844	-0.01753224017711	-0.0318362252559099	0.0303458726405845	0.0460939762333426	-0.0373527963894323	0.0227218634931877	-0.0441302588423644	-0.0434160670268845	-0.0624643548156108
1730	Spis-XP-022805681-1	0.000350922620628271	0.0121879702513401	0.0420341249408856	-0.0206704790336274	-0.0304817306126612	-0.025910208546633	-0.0300273513494095	-0.030562824191356	0.0538514357168062	0.020736053946587	-0.030898428322973	-0.0279721796370033
1731	Spis-XP-022805709-1	-0.000893995367770101	-0.00470583129927984	0.025814940308711	-0.0359902569692047	-0.0371670446724719	0.0363421245923972	0.0188250610359907	-0.00569551496770983	-0.0296268481666399	0.024460555858028	0.0684102475953143	0.354189601747679
1732	Spis-XP-022805721-1	-2.44356152233172	-0.400561256524714	-1.78036835918156	3.35654319370559	-1.71644509961017	-1.98699460981554	-0.0472441727323276	-1.78707139076426	-1.33898983834425	-1.85754197395482	-0.992050282048982	-1.8142890217849
1733	Spis-XP-022805737-1	0.0126504368090384	-0.0343177396882016	0.0361408380048074	-0.0882204455759328	-0.0186531457366703	0.212961740297382	-0.0512461157411612	-0.0776480239709659	0.0738682201441476	0.0469560373271233	-0.0122747635891741	-0.151924622504119
1734	Spis-XP-022805758-1	-0.0153814659672943	-0.0391205949058083	0.0219793659706331	-0.058865619976747	0.28171541107786	-0.0420186838953661	-0.0440295482285468	-0.054340550780051	-0.052217897775333	0.00255410748205791	0.0231162439211986	-0.0552452093703391
1735	Spis-XP-022805759-1	-0.0663049889966661	-0.0484666641074813	-0.00712384719775196	-0.0920674150974619	0.525396205436868	-0.102620881099328	-0.0481839256387213	-0.083705268207608	-0.00703028629615142	-0.0322542284110967	-0.0961786070647911	0.256597467244714
1736	Spis-XP-022805766-1	0.121953449372475	-0.108101020620642	-0.0640673792345297	-0.277687578643583	0.722399799610149	-0.111792817724541	-0.280749233572304	-0.0791697199042941	-0.320043646244182	0.0188557981191395	-0.0357269577935455	0.168207145262003
1737	Spis-XP-022805769-1	-0.0427602439404545	-0.0651881006255429	-0.00047053123177089	-0.0912365414666308	0.488570611253108	-0.0431871614583268	-0.0505769482672188	-0.0459250786118891	-0.0621357830360159	-0.083926216334968	-0.0830499669151324	-0.0785246030855638
1738	Spis-XP-022805780-1	-0.00679282776178249	-0.0116130202353202	0.0441493040830006	-0.0724406657287906	-0.0282241739520691	-0.0238883092865402	-0.0140543052967603	0.249752559679641	-0.0120495043212535	-0.00872770846283137	-0.0817262851585113	0.0335190319148012
1739	Spis-XP-022805845-1	-0.026205387740637	-0.0649479616871077	0.249095914908427	-0.0788630577313225	-0.0272908285970971	0.0256019786474154	-0.100681520503037	-0.0665305343711279	-0.0392392859968157	0.0711516203519479	-0.0708755909832535	0.0359864313855477
1740	Spis-XP-022805849-1	-0.0113021024541067	-0.0295944220702168	0.128103464797681	-0.0354579916983072	-0.0427547548042808	0.0609573203372296	-0.0273131916428895	-0.0778573622624757	-0.00730965544479897	-0.024875204784485	-0.0713426951313841	-0.0657479313710343
1741	Spis-XP-022805870-1	-0.0801940597997586	-0.0279429259737971	0.0069542475218677	-0.0560760483438433	-0.0659822800625388	0.469967619348801	-0.0701117831108204	-0.0767481209040559	0.106533458227393	-0.0613818869273661	-0.0744802924921426	0.360756329006425
1742	Spis-XP-022805877-1	-0.44939599651409	1.27174537331558	0.0777102889647763	-0.0717900705776908	-0.78393479086428	-0.99034315506419	-0.52539612438211	-1.55455131628624	-0.674745243611066	-1.24764458010958	-0.418796141364905	-0.135497754217827
1743	Spis-XP-022805878-1	-0.479872922301198	0.161105254052481	-0.583948401060574	0.209953066845656	0.937365285050493	-0.557491056988563	0.190596797604171	0.831753739569195	-0.747011017317732	-0.412304657820063	-0.199907426147734	-0.642604639639605
1744	Spis-XP-022805898-1	-0.0628665467446248	0.0990954992422474	-0.0123280440638182	0.00548869168574333	-0.036709987385721	-0.0283790319563016	0.0556900761590238	0.0186690939432363	-0.0648898934234468	-0.0648453479369217	-0.0731656999318253	-0.0630639878571515
1745	Spis-XP-022805905-1	-0.0766873396808649	-0.149136173834421	-0.146052121381964	0.0488419828683171	0.303537009175014	-0.0620903522372567	-0.160888393683705	0.731972177616601	-0.0726408142475045	0.0516651706340491	-0.118248249052999	-0.00937050778931722
1746	Spis-XP-022806008-1	-0.0550321389336884	-0.01098777660245	-0.034892059818005	-0.087810000779786	-0.0436414445379784	0.287581665115272	0.137290289600723	0.067686968142397	0.00591086586285906	0.0025264884263186	-0.0576924822477234	0.114574360884121
1747	Spis-XP-022806051-1	-1.21302438323182	1.97822190140275	-0.390734741080046	-0.134283207373567	-1.04593169334568	-0.966335055488582	-0.914474788777536	-1.3477017398258	-0.984231539220584	-0.989850795336256	0.0250584320319247	-0.162167657651089
1748	Spis-XP-022806064-1	-0.144417108881342	0.00363857241239338	-0.111013775165458	-0.121149179359196	-0.0246438812039963	0.107389958563531	0.145662049764998	0.751534938179207	0.0350205238169544	0.00952219823048667	-0.087393664077815	-0.184087655854155
1749	Spis-XP-022806069-1	-0.0904212864054145	0.101578653040981	0.0400773605656223	-0.118707874353397	-0.074728955645663	-0.072244759041525	-0.0370850194931942	0.247447720177021	0.0376914088028467	0.281770792714391	-0.145057935300108	0.498933398934884
1750	Spis-XP-022806141-1	-2.59375095915471	1.20328395342563	-1.37903028804239	1.12955854280278	-2.41457708326102	-1.93005097360997	2.17689377327202	-2.38935289020689	-1.94814423915461	-1.94211506779977	0.887864300621926	0.670584724047844
1751	Spis-XP-022806151-1	-0.0434683863172421	0.151109313475906	-0.00883461700604969	-0.082094256824056	-0.0514784916884406	0.0335603770511856	-0.0558286242358062	-0.0554895175547895	-0.0765594935517089	0.115281775254969	-0.0267241652126735	-0.0777901111755632
1752	Spis-XP-022806158-1	-0.259097843898635	-0.313879347546207	0.00536227491519303	-0.320121171150756	1.5669678577718	-0.247161884541786	-0.317978705913972	-0.255316220646973	-0.22183229821242	-0.0845006101161157	-0.245997216826763	-0.111547834010677
1753	Spis-XP-022806161-1	0.00394335924599599	0.0362080539418647	0.045674330109048	-0.0489063056041132	-0.0241495551692904	-0.0190364713896885	-0.0333575289724502	-0.0404206576612673	-0.0102202301479627	-0.0164389598325716	0.0180651300503656	0.0114913582691546
1754	Spis-XP-022806177-1	-0.0178419279863154	-0.012438080568566	0.0121040312867137	0.000213221970074947	-0.0303041903555257	0.038724707060211	0.030535442488181	-0.0179950902042993	0.0252756333801438	0.0172437825359744	0.0483551789836081	0.3016999202099
1755	Spis-XP-022806260-1	0.0220915079267706	-0.0532763428693463	-0.102147827613253	0.00718397119804698	-0.0816185968410478	-0.0389226287353814	-0.0267649959555922	0.543815542756126	0.00698145502250125	-0.0683162812496269	0.0737062883537934	-0.316059904663117
1756	Spis-XP-022806284-1	0.0138397560880836	0.000829846641489468	-0.0136881862059705	-0.0114707854130603	-0.00682588255393846	-0.00672376386119942	-0.00110410821264085	0.050820628507696	-0.0121214496395869	-0.0120104651519281	-0.0267573770541456	-0.0140937954488443
1757	Spis-XP-022806286-1	-0.00683946129419445	-0.0136047062803749	0.00955997278386068	-0.0135463944002762	-0.0105169299621288	0.0778306559980423	-0.00722704291002458	0.0138324578990514	-0.0120651295139572	0.0050111055422826	-0.0114718496150751	-0.0122968238770002
1758	Spis-XP-022806293-1	-0.0124063626035048	0.0442726330211217	0.00957656409760889	-0.0511185756609458	-0.0627278712282349	0.0757786654542282	-0.000608269423160598	-0.0528323052697214	0.0772551953581979	-0.0320051250338391	0.0402743617440071	-0.0741918433821899
1759	Spis-XP-022806337-1	0.0315844507028327	0.00276622979627891	0.0693509173279759	-0.0958407232347715	-0.0898267189908846	0.0116382057822241	-0.0556525852749175	0.0607363832700277	0.0279833236747877	0.0360661983744569	0.0425490532174926	0.0473221426309365
1760	Spis-XP-022806348-1	-0.0063786785908098	0.00561728618204942	-0.0409404685818797	-0.038114884547079	-0.019721624688498	-0.0329647248607227	0.0296025827018958	0.270023278525411	-0.0609914836999086	0.0240496017428545	0.11342920425317	-0.0550959155944152
1761	Spis-XP-022806356-1	-1.22179368354571	1.38200748839815	-0.741789284730709	0.781848341964945	-1.12606486037553	-0.841660867020691	0.225324451056292	-1.06658040706889	-0.770150241529407	-0.84955738558147	-0.325635340192814	-1.06589491838154
1762	Spis-XP-022806364-1	-0.042180447144373	0.00786295795020137	0.0726570112225241	-0.0120087280288587	-0.0460740441283132	0.0725054756511206	-0.0384737239569014	-0.0581053449685343	0.0305182990886411	0.076304725902145	-0.061254598810108	-0.0565593732346076
1763	Spis-XP-022806367-1	-1.07157506282411	0.897198963730025	-0.694491499133832	1.03933224735328	-0.910677581898925	-0.860601014747938	0.78547987747337	-1.05259481082673	-0.736822385107009	-0.890639953678842	-0.298033801111711	-0.924309519308148
1764	Spis-XP-022806373-1	-0.160839167109651	0.414278682035393	-0.193061266989077	0.3634164840263	-0.207308249388622	-0.288369832666312	-0.318153711382655	-0.2938045656718	-0.296071842918525	-0.335987237942642	-0.025116407562653	-0.400901564744773
1765	Spis-XP-022806376-1	-1.51940322503075	1.50256075101211	-1.05172047716079	1.29111776533423	-1.43817635960297	-1.21505740565378	-0.561461205430174	-1.43578629374533	-1.20606910046299	-1.21992178811372	-0.186479259736077	-0.984957471094508
1766	Spis-XP-022806382-1	-0.944702863967222	-0.979597857530185	-0.641928894774967	-0.943051644553097	3.34907552055342	-0.630236527441478	-0.878545274352001	-1.01221653471161	-0.83577999628293	-0.639757179284757	-0.76643188147554	-0.306392642258747
1767	Spis-XP-022806408-1	-0.0222891885168582	-0.0299313212236273	-0.0140525428736929	0.000253167101601733	-0.0245285951410118	0.165374283623203	0.0665377502085304	-0.0294019953532943	0.0194934807998314	-0.0312988963034559	-0.0317928723433655	-0.0348528499816167
1768	Spis-XP-022806411-1	-0.000798541602668443	-0.0337652698293228	0.0182772127564921	-0.0559155887664815	-0.0194679920990884	0.251202763616989	-0.0405601386458725	-0.0386695441969572	-0.0498593608136398	0.0326305153452201	-0.0637007913764327	-0.0486851166691536
1769	Spis-XP-022806423-1	-0.529470551906793	-0.482264866137835	-0.23450101613793	-0.536910292404024	-0.247364352776804	-0.569744632222597	2.79368211067637	-0.526141320092947	-0.41480270212211	-0.60744704075959	-0.405692295147734	-0.528491423046081
1770	Spis-XP-022806434-1	0.0127891588549204	-0.0054864485948473	0.00128302287876286	-0.00861099473315941	-0.00477381190783556	-8.13149278641491e-05	0.0157864939464031	-0.0133721357297252	-0.027277927743637	-0.035159615417255	0.140018505970613	-0.0257408272122941
1771	Spis-XP-022806472-1	0.0326257490940062	-0.117227041802185	-0.0444980727025864	-0.159520236793822	0.647073839524327	-0.0865857380473076	-0.107636065459976	-0.106381946498569	-0.0607216113274689	-0.110282168058475	-0.153131092677264	0.0562538175083164
1772	Spis-XP-022806491-1	0.163890138292808	-0.0499328928549515	-0.00598655093924487	-0.0959977904922845	-0.076432632900809	-0.0143535032876812	-0.0591931434114182	-0.0156753662157711	-0.0364449819289345	-0.0041085062195448	-0.119228531058062	0.235238625897041
1773	Spis-XP-022806502-1	-0.0209442504105807	-0.0146346584554685	0.0167757565841163	-0.02267360267997	-0.0315756536811153	0.0630329287621786	-0.0203657611521346	-0.0185329842674308	-0.0142236345627436	0.0444104878788575	0.714858753717142	-0.0280253177913927
1774	Spis-XP-022806511-1	-0.0278403440174133	0.0696795117998766	-0.00470562299908936	-0.0106616458016146	-0.0175072503046336	-0.023044312738198	-0.0228721728144995	-0.0222819655685089	-0.022245922702438	0.0102108754990695	0.0708718663449688	-0.0216881096080628
1775	Spis-XP-022806513-1	-0.0967458220534542	0.0580252785930434	0.0107143687367899	-0.0454870988132081	-0.176942331777304	-0.00774204539215131	-0.0118097753826176	0.419307313786106	-0.0867456062899344	0.370204753115341	-0.0878462026468169	-0.00374547352303792
1776	Spis-XP-022806515-1	-0.109605200845416	-0.142623588976561	-0.140746102584096	-0.067792461026045	-0.0646375022681881	-0.163458886635809	0.000410682397056716	1.33726094919156	-0.0631543320253831	-0.0889582414148894	-0.167591746606794	-0.160585274990224
1777	Spis-XP-022806518-1	-0.702848421161576	1.18490337955351	-0.441717716145037	0.29099044880449	-0.645894757714333	-0.292329350529973	-0.460633497698345	-0.584133956631026	-0.51730947517694	-0.420760899119461	-0.397573728418225	-0.246385859012379
1778	Spis-XP-022806558-1	-0.49235926023829	0.964546290570368	-0.376422954030818	0.259206613821595	-0.500047980218023	-0.410100495017234	-0.313380021217265	-0.472682782519526	-0.248234815857119	-0.367238001809305	-0.033938214960808	-0.508047509347469
1779	Spis-XP-022806567-1	-0.0314081518921976	-0.175108684100585	0.118725546559698	-0.28351780901175	-0.109138299499903	0.859545083641955	-0.165734482125089	-0.230893664018687	0.0322716663404368	0.348540172780589	-0.220738970563508	-0.0146653234669413
1780	Spis-XP-022806598-1	-0.0290816190843213	-0.032599601227861	0.0140146460042186	-0.0602399744682547	0.00598462892971863	0.338018798684071	-0.0568525259454772	-0.0601882172664443	-0.0479605641884303	-0.0742058753290334	-0.0574723971575371	0.292246126547209
1781	Spis-XP-022806608-1	0.0434445447695296	-0.118838414655529	-0.0479171413873715	-0.173145601493723	-0.145587852884057	-0.0150872942075074	-0.152114482906536	-0.00574095989353293	-0.0114573063192404	-0.131891953403347	2.78201795501644	-0.192162645981769
1782	Spis-XP-022806609-1	0.0206901341564062	-0.00905483923092408	0.00794042449770392	-0.00822661434560285	-0.0108426978746426	0.0067410895022143	-0.0180717409379604	-0.0256211670081194	0.0522912522554805	-0.0732783951961943	0.0520635766256874	-0.145262450758325
1783	Spis-XP-022806621-1	0.0183545553569098	-0.0127181793900433	0.0770217293889417	-0.0594246428724923	-0.0146617110431492	-0.0382178140226376	-0.0195381777407955	-0.018957455550433	-0.0211485898074351	0.00365384718799462	0.0316558210659792	0.334548881076554
1784	Spis-XP-022806650-1	-0.0642097461905614	-0.0672168914509613	-0.0370090975452869	-0.0903416331571149	-0.0341237587040076	-0.0231750108789603	-0.0609318297882733	-0.0413344108922697	-0.0298079594992759	-0.0796811489441052	-0.0785471556364447	3.32209471229534
1785	Spis-XP-022806664-1	0.0247915985407505	-0.0299245628380518	-0.0202861487651289	-0.0222530944678982	-0.0262114132416142	0.0418454929864317	-0.0251670195249743	-0.0309932599010599	-0.0048845916414764	-0.0301009885001373	-0.0303634711823216	1.30444442074351
1786	Spis-XP-022806666-1	-0.0150665587326765	-0.0332434478178009	-0.0222340423831859	-0.0272804677716043	-0.0197751006291433	-0.0175359207831969	-0.033975290686626	-0.0070287641301731	-0.021494326239951	0.00190190680413468	-0.0326391514637231	2.16790680901956
1787	Spis-XP-022806671-1	-0.0310145769031364	-0.0388765591118587	0.00758561168408397	-0.0350000733919082	0.0298283570182429	-0.062681649277567	-0.00666110869346521	-0.0387056224882219	0.00260241801992477	0.0269548738889242	-0.051309764547812	2.1130346705155
1788	Spis-XP-022806701-1	-0.487015010749702	0.532720170618423	-0.29192756042676	0.555438869336509	-0.293388258041129	-0.409592094064722	0.0573294609444773	-0.109870277645764	-0.297078120429773	-0.39078629807208	-0.222273232311733	-0.320235274717156
1789	Spis-XP-022806709-1	0.013137264796267	0.000740992817377091	0.00129620440026487	-0.0128488283827174	-0.000895788072718411	-0.00321692659378566	-0.00125482274712809	-0.0116452702731967	-0.0113274014392413	0.00581347069696944	-0.0117900982736658	-0.0110989937527219
1790	Spis-XP-022806714-1	-0.0921790038522615	0.312149272704258	-0.0633969727780052	0.0100235411480477	-0.134424139087978	-0.145348833832062	-0.0722111661326689	-0.124257150302483	-0.128909361761184	-0.094320814219552	0.0572806095063778	-0.150252909918546
1791	Spis-XP-022806737-1	-0.502683315076933	0.766955903984307	-0.384835360550247	0.135345379253675	0.448363749829769	-0.524045694115485	-0.193702355400154	-0.436368623004987	-0.488319503141247	-0.450383459393236	0.0445767609487677	-0.503734896599427
1792	Spis-XP-022806835-1	-0.0276812103635892	-0.011723450654633	-0.00823662301554492	-0.0437192283535157	-0.0113663080659176	0.244360501243636	-0.0366313822505717	-0.0422829979510909	0.0183623236922442	-0.0272042989612416	0.221946926929803	-0.0423446129612328
1793	Spis-XP-022806836-1	0.400986681598428	-0.149671820965544	-0.0722056541072801	-0.141469283693093	-0.105508209287962	-0.129247528609078	-0.150640289821714	0.012815548726181	-0.164539445427488	-0.116621423234995	-0.119749460493423	-0.172542819319201
1794	Spis-XP-022806838-1	-0.0393413728453637	-0.0446333424013019	0.0857619717421868	-0.0522728374494299	-0.061863378030508	0.318196673422141	-0.0765776839364911	-0.0637014033815214	-0.0132153395423788	0.0170476280988097	-0.0603085748428903	-0.0707922482236285
1795	Spis-XP-022806842-1	0.0328530597355022	0.00709342372331501	-0.0453978927410544	-0.00656499672598045	-0.024052346907515	0.0396221444722084	0.0454180398502601	-0.0866052618601815	-0.0347403011693536	-0.0199511834795161	0.148851853739809	-0.0499779935945758
1796	Spis-XP-022806876-1	-0.0105703663876268	-0.0254286990182944	-0.0197601447106605	-0.037554251129218	-0.0108015102123594	1.84813128144209e-05	-0.0305239281409185	-0.0123379714049579	0.267863753958341	0.305500570278961	-0.0342504204287043	0.299338011318412
1797	Spis-XP-022806877-1	0.0752948808610873	-0.0126858864911449	-0.025772896915237	-0.0911411093850472	0.0283719717377872	-0.0190512139796143	-0.0529113790240828	0.155131471512381	-0.0668917485483894	-0.0419722683575805	0.0252526812748337	-0.157684195643416
1798	Spis-XP-022806885-1	-0.100584463309056	-0.0696051831800562	0.179288364459927	-0.0762666849595964	-0.0819774887109085	0.0339900296478343	-0.0412189833417391	0.465136546393679	-0.00916422593547891	-0.0602572340481375	0.091593172261461	-0.27548876078332
1799	Spis-XP-022806910-1	-0.303056586050448	0.619009324082949	-0.0291280980112907	0.0894940801743668	-0.291592370888905	-0.14018643569819	-0.378839179207693	-0.345032687237347	-0.266094451583066	-0.244278407758336	-0.178483336434876	-0.08459870197117
1800	Spis-XP-022806916-1	0.0326510896857562	-0.0271650299228338	0.0447981402316617	-0.0185607600727749	-0.0260105524288686	-0.0113175242644012	-0.0345109509383808	-0.01599355006319	0.0393693330927492	-0.0529837723637109	-0.00469471585494381	-0.039440605017055
1801	Spis-XP-022806945-1	0.00473795735235315	0.0900458530317056	-0.0700011947016181	-0.0559477592074073	0.130243596714691	-0.0645497610688022	-0.0533899301314278	-0.0745161511232956	-0.0498358455544781	-0.0177686834956511	0.140484361636412	-0.0709836998913314
1802	Spis-XP-022806954-1	-0.0233750581054028	-0.0453058324131296	0.0384254448502171	-0.0490603769537106	-0.0360917720000692	0.0772316794264071	-0.0389871243773581	-0.0560964880690685	0.0640398406083386	0.528641444907919	0.034913272875474	0.158540206773723
1803	Spis-XP-022806962-1	-0.079948520360355	-0.0695912318083763	0.108314312957474	-0.154175291701144	-0.0412283885568489	0.00900392645492645	0.679289770383778	-0.157309606074436	0.0010871813757114	-0.109192230172821	-0.212964947788946	-0.209705526839767
1804	Spis-XP-022806976-1	-0.0890800258221538	-0.0303967526728976	0.122570206064644	-0.0538517856330691	-0.102984192782422	0.341714320184921	-0.0766039610446259	-0.0590796090995632	0.144356192666194	-0.0580511866734007	-0.119703619871671	-0.0926417867813931
1805	Spis-XP-022806991-1	-0.000776452526259096	0.00331974860497435	0.00339496693635099	-0.0141238611555816	0.0296051154318146	-0.00936173165529959	-0.000759768113013507	-0.0146697312471146	-0.0144150640753046	-0.012346517287938	0.0873331620484343	-0.0139281241274835
1806	Spis-XP-022807057-1	-0.0114504885999956	-0.0267958680222645	-0.0350480201446202	-0.0156545608178883	-0.0291768020071842	0.0246836726882107	-0.0261699998761307	0.024909234902004	-0.0328475649122094	-0.0337938544894544	-0.0325087397875333	1.90085931125237
1807	Spis-XP-022807096-1	-0.343829033507136	-0.404765030631844	-0.307082419200237	-0.396998157627857	2.05676599953763	-0.344415487023731	-0.337574497875845	-0.391851993055548	-0.258365999171078	-0.330772690557281	-0.354395768865257	-0.391162708785322
1808	Spis-XP-022807098-1	-0.0250540900177932	0.0354704774802608	0.0494920203701421	-0.0948089679854145	-0.139183222036895	0.249236017742187	-0.0951808106781158	-0.0555717045237256	0.0475016499402883	-0.0315702563654975	0.454450309735359	-0.231349968353407
1809	Spis-XP-022807103-1	-0.190686071093708	-0.214426389643798	0.630966516776071	-0.0923103779076085	-0.213060118015492	-0.0743749507210882	-0.208085442831135	-0.258678806060045	0.119827442483234	0.9572830597259	-0.272704124260404	-0.268332781852028
1810	Spis-XP-022807111-1	-0.569093687830629	0.316522734046674	-0.439092988724594	1.09629585589167	-0.581104196998743	-0.47598611540408	-0.427393507207261	0.372383369279186	-0.534888462240217	-0.360559330539419	-0.455507226398896	-0.560781795136597
1811	Spis-XP-022807126-1	0.155938282028809	-0.0663522099151263	-0.0879483710152639	-0.0302727322082841	-0.045428127821332	-0.0908229934135386	-0.0086283515033109	0.07107988198919	0.015837036887906	0.110834165112091	-0.0432702776758215	-0.181725336496695
1812	Spis-XP-022807128-1	-0.125417258482197	0.198489867355961	-0.0492275358129942	0.0157375895633362	0.0910174644255013	-0.0592955740803745	0.00925410172123148	-0.103780320613138	-0.133643033877366	-0.114649051818514	-0.145912202833585	-0.0446849414130229
1813	Spis-XP-022807145-1	-0.00358415985935428	0.0326167994491033	-0.018185555238361	-0.0345326432897747	-0.00163598325865159	0.0139980179229657	0.0544860011538059	-0.0156284610835935	-0.013450354607234	-0.0304280780381465	-0.0301121646090592	-0.0294822320907612
1814	Spis-XP-022807148-1	-0.167871224541864	-0.132118839912815	-0.160043819287974	-0.189981622099035	-0.117652340024902	-0.031795103360087	-0.179917054055376	-0.171884236371146	-0.170795578471549	-0.144971772044672	0.040932494766372	4.6450348859594
1815	Spis-XP-022807153-1	-0.0399181756278825	-0.0497294850741402	-0.0358964860936538	0.0815114172903707	-0.0028359307960127	-0.025338112360838	0.0117070308152133	0.233494165588298	-0.0466800972064136	0.124216154878451	-0.0415156821513847	-0.122062328380524
1816	Spis-XP-022807192-1	-1.87229581814662	1.89209784444285	-1.35643575416473	1.21674752013289	-1.61422469196545	-1.37040182801987	-1.46641611144075	-1.67818627165325	-1.23841367639493	-1.0943006917429	-0.491137278058599	-0.230691579565039
1817	Spis-XP-022807225-1	-0.115598195583272	-0.093547264952823	-0.00151032903336243	-0.165728038719278	-0.0637925233415747	-0.00869065934272911	-0.0294527319520771	-0.195147401400469	-0.0774576719247539	-0.0941153761147163	-0.0970121490604957	3.88518063607854
1818	Spis-XP-022807230-1	-0.483274012541243	0.743730921069412	-0.468902550989723	0.276236328155331	-0.448740503898346	-0.389351110057677	0.491604515146749	-0.496757279606777	-0.335862003008389	-0.485047346248505	0.830689174923956	0.334215799072746
1819	Spis-XP-022807232-1	0.0196341992027785	-0.0149014891630205	0.00585034875401953	-0.0615449808475695	-0.0151457379161642	-0.0141578910388239	-0.0613389438354263	-0.0276028648325289	0.00149522550486237	-0.0586696937544502	-0.0598188599933674	1.73301850992434
1820	Spis-XP-022807256-1	-0.00598909316791724	0.032651668285056	0.0132257527068334	-0.0168245915327673	-0.015645559594524	-0.0108345074634676	-0.0153329715077596	-0.013483031289902	-0.0150045316627708	-0.0143221309923106	-0.0120640481601616	-0.0145125967273312
1821	Spis-XP-022807257-1	-0.371632646625527	0.815473982313356	-0.0774913131904274	-0.163280923283142	-0.377329549206248	-0.12511224374002	-0.134161190006677	-0.358740038495132	-0.248492947787516	-0.279272809678033	-0.248701471120704	-0.187222810789954
1822	Spis-XP-022807324-1	-0.15008427651972	-0.0637845967975371	-0.0625257723041734	0.242980979717986	-0.142596247726177	-0.0868850439344086	0.581903385986115	-0.114063610288843	-0.165673578849643	-0.145873946002787	0.287746438626366	0.537085061022175
1823	Spis-XP-022807348-1	-0.0263348637240632	-0.077042780478146	0.212150476337918	-0.0614819813127783	-0.0786498017402319	-0.0294326220795692	-0.0598476808436545	0.242047925202791	-0.0683372145353386	-0.03522368393257	-0.11165970855669	-0.110381690370521
1824	Spis-XP-022807349-1	-0.20142332871586	-0.118802579348564	-0.12884450394009	-0.217968338682759	-0.12690998765636	1.38508576861335	-0.176794087380735	-0.194382647958921	-0.16673142848771	-0.175512454040162	-0.00591004087998215	-0.22810866674882
1825	Spis-XP-022807357-1	-0.193832399176118	-0.229856022213449	0.00712081604389014	-0.202289864897895	-0.214893063971166	1.16331475006831	-0.153800465582181	-0.143909447155218	0.555637929245693	-0.0452232746591447	0.0173542841352898	0.206705600692307
1826	Spis-XP-022807389-1	0.178685192194701	-0.134240869831288	-0.140796126511628	-0.234003634896089	0.0881146108573443	-0.160363310929635	-0.194078334479519	-0.121913795804271	-0.0747252581925742	0.282396881999135	2.38766904630935	0.343761615269535
1827	Spis-XP-022807394-1	-0.373167503581966	-0.288062366024236	-0.164449434715653	-0.366884621567091	-0.311397546749783	1.97112635233853	-0.300636880183878	-0.317128000990478	0.215141295508169	-0.313192823864384	-0.350761999754604	-0.294997398589002
1828	Spis-XP-022807419-1	-0.0505242392694685	-0.0285465394241965	0.0694596428955221	-0.0388812786530213	0.00340790367408031	0.138721324805045	-0.0177182103309475	-0.0307281597500959	0.102161295652597	0.0286916985428235	-0.066404524031307	-0.0641941443412959
1829	Spis-XP-022807440-1	-0.289538932055395	0.511842185277359	-0.190786896620575	0.338523657903335	-0.351299390292655	-0.182225116424068	-0.204266960948223	-0.273782655698326	-0.337300040111346	-0.0683356754557328	-0.0916913474837073	-0.302894292858534
1830	Spis-XP-022807441-1	0.00743224412599539	0.0332230623222591	-0.0103025759953792	-0.00588832737061767	-0.0504768278773158	-0.0447953060159345	-0.0134121600917105	-0.0141712703018759	0.0384766313159025	-0.0164440154080823	0.0573021833252912	0.315451373169533
1831	Spis-XP-022807466-1	-0.0316300600178303	-0.00930011055323833	-0.037476201609177	-0.0057645367714614	-0.0427156293286183	-0.0503554023692813	-0.0233192763542546	0.421530062444631	-0.0498585578963693	0.0606472798843078	0.017412888449725	-0.0704854546655211
1832	Spis-XP-022807468-1	-0.0115650675912768	-0.000653327432746903	0.0194111187731614	-0.0257211370580205	-0.0279291144152002	0.0723800726225063	-0.0467196574680746	0.0541391749645373	0.00113665439242609	0.00884355355154735	0.0506553156929619	-0.0441266956073661
1833	Spis-XP-022807490-1	-0.0185323119004824	0.0904106176955795	-0.0138233061054234	-0.0149805537771174	-0.0657221221361141	-0.0493921305614462	-0.0138000598489939	0.0231691529298449	-0.0201556119918576	0.000734787855539348	-0.00256430746923238	-0.112907100555091
1834	Spis-XP-022807504-1	-0.166421339615891	0.051387763155421	0.137670007025693	-0.144803002419706	0.0775568815018219	0.260311775330843	-0.19492630605185	-0.178479406261091	0.470912560494847	-0.0865751432935044	-0.0242840071527399	-0.0894818365935126
1835	Spis-XP-022807557-1	0.000362644710958565	0.0217042559352382	-0.0094403234236143	-0.00321208296542671	-0.0408884241627079	0.0382141870154628	-0.0325633237903929	-0.0658392368863032	0.0715260222103978	0.0255776071871549	-0.0664991125592626	0.154925329545553
1836	Spis-XP-022807590-1	0.00197705357898303	-0.0601730200572662	0.248163088160871	-0.155340255835542	-0.11712598925499	0.122120361995688	-0.0581768192928551	-0.0462135196916126	-0.0105369419390479	0.111762353196415	-0.169996200452252	-0.207833035078188
1837	Spis-XP-022807599-1	0.0357903193658004	0.00187316396720899	-0.0346431293250559	-0.0581981192340545	-0.0725429273961396	0.136259173962539	0.00568338467649931	-0.052001432476789	0.0557919122449309	-0.120120098586706	0.0472817495503779	0.572279757301124
1838	Spis-XP-022807612-1	0.006083013801727	-0.00321264327772524	-0.0103989836207209	-0.0208845784420417	-0.0329033062730973	0.0424508847738753	-0.0491243614321058	-0.0351843273745402	0.160605896103085	0.0592677988742462	0.132494435795685	-0.0466231729779545
1839	Spis-XP-022807634-1	0.0208609930490289	-0.0283893769390507	-0.00252980374358729	-0.0415790916583997	-0.0510503078130967	0.0874252516503161	-0.0491026147059096	-0.0440665275766477	-0.0478462265233459	0.473035333327694	-0.0603946150313548	-0.0470726152272818
1840	Spis-XP-022807675-1	-0.0453404611093091	-0.0514620442650217	-0.0366297855129167	-0.0702276284535451	-0.0397144025992023	-0.0286318312538928	-0.0422627755032575	-0.0532334194070104	-0.0734484232270466	-0.0734947521839804	-0.0722750345111004	3.11945804244884
1841	Spis-XP-022807725-1	-0.180783721998678	-0.536073266835846	-0.607085700252347	-0.12245437256813	1.72658566818233	-0.576879786872573	-0.552582006438572	1.03904374753985	-0.52579467074012	-0.404892370309828	-0.123656083692034	-0.253947332413872
1842	Spis-XP-022807726-1	-0.588078154857298	0.246277296715672	-0.894647211492938	0.163081680019884	1.74149748208829	-1.28242038114381	-1.00913687849046	0.830518243652301	-1.1952840315205	-0.945875870069522	-0.0749506821484831	-0.31547762842785
1843	Spis-XP-022807728-1	0.000311532238304407	-0.0167168489876094	-0.0203938682467386	-0.0447512203102185	-0.0431978377472817	-0.0406465043227172	-0.0106647512834036	-0.0105806535937801	0.0310273583269563	0.695826221207131	-0.0502206414634841	-0.0433798936173536
1844	Spis-XP-022807733-1	-0.0560161954404394	-0.103933077020109	-0.0221478961967847	-0.093281960072532	-0.0806382824181917	0.21324717607978	-0.0963088588166682	-0.0430827220426618	-0.0883075741152098	1.38031358366871	-0.0901964951353541	-0.0556052677949515
1845	Spis-XP-022807742-1	0.0140801380133943	0.0267374778091239	-0.00475593334263204	-0.0364545394081863	-0.0059750974350703	-0.0244632227920699	0.0508162977468495	-0.0260165709792408	-0.0481590317607154	-0.0467265887302229	-0.0175777973664984	0.156541378006801
1846	Spis-XP-022807759-1	0.0652463925818201	0.0674326474421875	-0.152703086528065	0.151760012378878	-0.0900170268805841	-0.0941644598489324	-0.16306591974646	0.0619918352753388	-0.140501422836225	-0.161818784403985	0.0233778529967599	-0.154443403556833
1847	Spis-XP-022807844-1	-0.0763956789089214	0.0324236636355746	-0.0124291336753162	-0.0717440241315423	-0.0871387701203523	0.423153368011303	-0.0521026546341387	-0.166225250736063	0.226700473783528	-0.0456409498096619	-0.132697618237081	-0.223866355180844
1848	Spis-XP-022807866-1	-0.196754596246295	-0.229199432683531	0.618971208273008	-0.22090925404414	-0.1625894610342	0.524275637793266	-0.182847223089517	-0.205850000809829	-0.0341890197974125	0.034533328080539	-0.221533523564696	-0.222837578508154
1849	Spis-XP-022807872-1	-0.185802217512296	-0.246156577307613	0.804981323566333	-0.307024293252203	-0.254297645454078	0.449733980196588	-0.259567376599712	-0.290481190522835	-0.0518915763753768	-0.171833948970837	-0.230892776614772	-0.0996841967303275
1850	Spis-XP-022807885-1	-0.034270232865942	-0.0167903473894366	0.146985344059831	-0.0781398185237761	-0.0522680105037398	0.060440427384409	-0.0114999202522251	-0.0672669634451405	0.0709658908246617	0.0521495452958186	0.0196257024739264	-0.160114673795119
1851	Spis-XP-022807918-1	0.00800192018730907	-0.000254357004663419	-0.0355753082987185	-0.0380562351611147	0.0170162969283055	0.00846713914676465	-0.0309745380494489	0.0378487851043329	0.220571127754524	-0.0348179787510849	-0.0193910635509802	-0.0865821839928901
1852	Spis-XP-022807980-1	0.119701494092443	-0.0451446188886074	-0.0609019330182044	-0.0279870100939184	-0.0152836336806041	-0.0267675481721553	0.00577327685190301	-0.02593838572067	-0.0153773991454645	-0.0507660614270695	0.113564712632572	-0.0668095601158351
1853	Spis-XP-022808027-1	-0.152460482569678	-0.0216833173574928	0.58320929116931	-0.294446253350238	-0.202608848258517	-0.0398025581510353	-0.276679659392164	-0.221131392371686	-0.164572782499909	0.956901373635981	-0.298820335411837	-0.180712970655841
1854	Spis-XP-022808048-1	-1.37621927669645	1.43309303714612	-0.887694795764353	1.17390515221046	-1.24317114936232	-0.749574144602287	-1.14541581963345	-1.21504737391454	-0.499420983966573	-1.1338079330965	-1.07109171903316	-1.16320825086307
1855	Spis-XP-022808068-1	0.0126687372912031	0.0468300740915326	-0.0500559403806437	-0.034440453572203	-0.0169541117328448	0.0155645852743519	-0.0273213921965134	-0.0225126078712341	0.0419578742696384	0.0706007579994951	-0.0862229923411178	0.169077463484042
1856	Spis-XP-022808070-1	-0.11933982767614	-0.0875182534145832	-0.0786552884503168	-0.0942397907172676	-0.0996165093345611	-0.0643864273619404	-0.111077795364965	1.22370468884448	-0.0826277205597138	-0.105353704984493	0.121163511645952	-0.13836098982611
1857	Spis-XP-022808090-1	-0.13872460182941	-0.205524283228786	0.0483682088104234	-0.225114690101248	0.446720678678939	0.678995718463669	-0.190289045254179	-0.0517005470088078	-0.0414492949458351	-0.00511556705684296	-0.16702416216259	0.643459837567049
1858	Spis-XP-022808099-1	0.00031910329742349	-0.0128147747354178	0.0703803271214486	-0.0466084376054495	-0.0568750986989823	0.0376878061152634	-0.030100027820421	-0.071706058079132	0.10690749296618	0.0502606760376727	0.0129218907517661	0.150881607185112
1859	Spis-XP-022808100-1	-0.121242305438592	0.204229716363619	-0.0739621075903531	-0.0386905146786424	-0.0825986666218866	0.155480342848127	-0.135357255760268	-0.1173666435643	0.271732282786195	-0.0993175081205335	-0.163485344902344	0.393888105291861
1860	Spis-XP-022808102-1	0.0217197548026969	0.00468902069970115	0.130373862537514	-0.147741827231444	-0.0834308951492378	0.111072100610433	-0.00360276903412965	-0.0393596699287076	-0.0466781598569389	-0.0342618811445875	-0.147804724931794	-0.178838602863305
1861	Spis-XP-022808147-1	0.00438742195101526	-0.0089295362115667	-0.0485322483192434	-0.0585265760748124	-0.0197280180451738	0.0382197949544534	-0.0547861558303166	-0.070423045056367	0.0127201885932994	0.00302813340583641	0.202774589994645	1.96479930051262
1862	Spis-XP-022808181-1	0.0158515231243973	-0.0164360403108341	0.0172783757351368	-0.0258566819953184	-0.0247343679260335	0.0288929823931978	-0.0375989794351433	0.0471585620758536	0.0537145261908291	-0.0437566222590487	-0.0429490760531607	0.0375295247010107
1863	Spis-XP-022808236-1	0.134113906356346	-0.23207689526335	0.374516773069899	-0.17197760356723	-0.199677138155104	-0.089904554903466	-0.205015075026318	0.262014235970758	-0.15856856495426	-0.0137314786645406	-0.127627893862781	0.504215965234096
1864	Spis-XP-022808246-1	-0.0460056909102456	0.0515674781241845	-0.0315255791782018	0.000889202031149727	-0.0242701444516037	0.0183887671558938	-0.0423173348129797	0.0320484803355435	0.0222526782419069	0.149257534013374	0.196632012910365	-0.0587597692023431
1865	Spis-XP-022808261-1	-0.40290890795408	-0.409831376566012	-0.389102111726704	0.0501725740684775	0.100596986282229	-0.35001742148064	-0.466571324776666	2.34570109772202	-0.057186451006225	-0.302514647118166	-0.170138703948396	-0.625656502021234
1866	Spis-XP-022808317-1	0.0297844048910305	-0.0597441660527864	-0.00934584170464783	-0.0809968797732815	0.0233122513409441	0.187615214939897	0.0118134786204818	-0.00495974492942715	0.0385098339828975	-0.0343665928161272	0.0889553901366828	-0.0860640865081586
1867	Spis-XP-022808348-1	-0.0158478603559224	0.0548201689565231	-0.0116818812583854	0.0523983003826879	-0.0653669727492584	-0.0702805548394286	0.0110435945719292	-0.0310621620672994	-0.0431589533869787	-0.0258272565885816	0.0352184653150715	-0.0697152760729859
1868	Spis-XP-022808402-1	-0.0554860590411204	-0.0244800619918966	0.123087383574945	-0.0638504937279311	-0.0516550351255946	0.249339710683791	-0.0165306148594386	-0.0569179292851437	-0.0679195870427507	-0.0574363550649092	-0.0482940424956628	-0.0767265091825751
1869	Spis-XP-022808404-1	-0.0261555481555605	-0.052942142078094	-0.0129028292627444	-0.0651680432162681	-0.0108729131950727	-0.0736680031103665	-0.0540008561933083	-0.0449988121589427	-0.0632633397716712	-0.075844829871403	-0.0776479338819769	2.91825636467133
1870	Spis-XP-022808455-1	0.0290777273356433	-0.0218114198895851	-0.0284639139413608	-0.013727788821954	-0.00892050132879854	-0.0122373792988428	0.080190384600304	-0.083142227433979	0.0641364630936713	0.00126675280882829	-0.119093334849366	0.597310158629186
1871	Spis-XP-022808494-1	0.0237398292714244	-0.0415062120893292	-0.0412133657438271	-0.096863027436786	0.00101028982760915	-0.0706303632490765	-0.0942104617166479	-0.0810741219102189	-0.0784439299613626	-0.0644309156055827	2.13935122144765	-0.0903063899303635
1872	Spis-XP-022808518-1	0.0427974855868728	0.00580480842720164	-0.038176150832974	-0.0509384332485325	-0.0213806821988097	0.0354900107448281	-0.022639871302361	0.00546766526491818	-0.0342668976003188	0.0380647899240104	0.313499183156579	-0.0371668217091119
1873	Spis-XP-022808521-1	-0.0534036656766124	-0.0611210974703792	-0.0833712006773345	-0.127289743953548	-0.0872322759488457	0.799050601790505	-0.108059077918278	-0.113907188096891	-0.0323130602400542	0.0205734262053732	-0.118634427672013	-0.0209776983995334
1874	Spis-XP-022808574-1	-0.0623760130600113	-0.0144581241234223	0.0289463440067839	0.00568057793734369	-0.0412373000016945	0.0523264423994128	-0.0506759939405397	-0.0403422020885846	-0.0448244960550856	0.631676999890395	-0.0578064888198272	0.0418849980951197
1875	Spis-XP-022808575-1	-0.00808756404619972	-0.0140974207877305	0.038943651927552	-0.0121103185546759	0.0109039174143211	-0.00661478541658413	-0.0185332656287646	-0.00794926370152352	-0.00955409078359085	-0.0193058446717469	-0.0176968809277851	0.443466914790218
1876	Spis-XP-022808580-1	0.12233792118796	0.0799947120615787	-0.545844518526013	0.209562167976683	0.205487263778163	-0.504874757601036	0.282192072314308	0.105568703289035	-0.488460618387568	-0.179606277381366	0.147341474047868	0.139486741588744
1877	Spis-XP-022808584-1	0.370543574133489	-0.0693261588106315	-0.131577102242835	-0.131482222608435	-0.124964582667078	-0.109264643029157	-0.115154231507433	-0.0893204236159136	-0.150990478858204	-0.0342490023735255	-0.0756306985110221	-0.136896153247805
1878	Spis-XP-022808585-1	0.0959104878961356	-0.0295719494106761	-0.0316714682100865	-0.0339087362605946	-0.0332619627668105	-0.0433631389086517	-0.0313570471642489	0.0390257616650934	-0.0459141616998994	0.0811177710948772	-0.0441941383568108	-0.0439145339602596
1879	Spis-XP-022808601-1	0.0379295891311448	-0.0284354109406167	-0.0163392362733594	0.038545562978209	-0.0265617033964625	-0.003960080983802	-0.0371239161426073	-0.0312460455444273	0.0441070593671521	-0.0359909361212036	-0.0355821349323	-0.0267462018700797
1880	Spis-XP-022808611-1	-0.0151745661487335	0.00839470900279913	-0.0175390866865335	0.00770543832055139	0.0889692316853814	-0.0286301240495812	-0.0484012694013718	-0.0402458261822447	0.0666942622560268	-0.00855044289399592	0.0368739485933679	-0.0467753478206889
1881	Spis-XP-022808614-1	-0.00567824906895192	-0.02654946466148	-0.0253872395896379	-0.0407393173649939	0.0342056949694034	0.000633936138607225	-0.0405131563697434	0.282862141754553	-0.0327934692258005	0.0819172383886452	-0.0684350137338571	-0.0565893202973842
1882	Spis-XP-022808624-1	-0.0491060014083273	-0.0790243907427749	0.046637276452203	-0.0517937699910172	-0.0674540503059244	-0.0630180243638034	-0.0710136575066142	-0.0642074972959377	-0.0694628602991588	1.31574285241091	-0.0713803170846571	-0.0492731515039513
1883	Spis-XP-022808625-1	0.025611494116058	-0.0516537012849501	0.108517436883566	-0.0737729468032145	-0.0169558223720304	0.015612373484636	-0.0282213944656306	0.0154847727742833	-0.0877962987210269	0.090017740286018	0.0942823474295389	-0.0891446964917693
1884	Spis-XP-022808627-1	-0.105432964925586	0.0661605118736845	0.0270559207612486	0.00616726010862374	-0.0785940126166791	0.0597898536244407	-0.0242007902403531	0.219513788302875	-0.038359952669136	-0.0638566324410209	-0.0531796528253372	-0.113975903758336
1885	Spis-XP-022808637-1	-0.121275151620578	-0.147329225785292	0.0204692362598759	-0.166698681175324	-0.123865807421998	0.996735571810225	-0.116809234841528	-0.124731695232097	0.0243920085093162	-0.0198632188740329	-0.0999589047776021	-0.145912610091984
1886	Spis-XP-022808659-1	0.0247115613476619	0.0442799442763463	-0.0254402053608885	0.0920019617988727	-0.123700285060147	-0.0383254764172788	-0.103778621166956	-0.0142667641965804	-0.101947303928619	-0.0472783477958773	0.067541239918651	-0.110006833473832
1887	Spis-XP-022808723-1	-0.00536441214397726	0.00541545003804849	0.0697805027871181	-0.0502724155352257	-0.0378468638138025	0.0712701358099446	-0.0538846894721817	-0.0534631589833852	-0.0527038343038992	0.0434443832163359	0.0144294440419998	0.228498542540809
1888	Spis-XP-022808792-1	-0.0395438162378307	-0.140206850054359	0.585820098712943	-0.179932902205206	-0.123275455387352	-0.14394731405287	-0.151122231568953	-0.160214974798384	-0.121760945603359	0.0776106617245644	-0.0124637586926435	-0.198553127796553
1889	Spis-XP-022808793-1	-0.154172340433078	-0.205355937965405	0.968596661309286	-0.384543654538439	-0.212254389626008	-0.218960562036008	-0.397395737442202	-0.204489395019747	-0.413545059868549	0.694700526469825	-0.278406075939211	-0.168411441993232
1890	Spis-XP-022808799-1	0.0371745139363507	-0.0329800869245077	0.00583626303833079	-0.104665872636939	-0.0241263598892083	0.0151131323034675	-0.0724347778940673	-0.0776826363551476	-0.0270990152981696	0.176802054780757	-0.171972920216847	1.95481167990066
1891	Spis-XP-022808800-1	-0.022884299404859	-0.306155323398258	1.01526952157224	-0.395576936215044	-0.216330554093195	-0.301828047286164	-0.393782614960879	-0.360854912236189	-0.369117387348527	0.328825854662112	0.0592397012210144	-0.133248456897055
1892	Spis-XP-022808801-1	-0.110129885219733	-0.063542691449917	0.329807907419479	-0.00293816077467851	-0.0149717190425843	-0.024612323381789	-0.0934515743824512	-0.0682935768612305	-0.0378136017119777	-0.106050389178013	-0.0691165256896857	-0.105595217417936
1893	Spis-XP-022808802-1	-0.164146915206708	-0.204575388216845	0.85651347908654	-0.232412296553275	-0.140653438783563	-0.0561235893196654	-0.303136108374487	-0.0639656810027122	-0.304884140560949	-0.179366534220023	-0.28125477273908	0.105380542637989
1894	Spis-XP-022808819-1	0.0002755728286849	-0.0782905111759769	-0.00293666493365358	-0.0743664692601698	-0.190910183529089	0.0523077692372094	-0.0807514574252371	-0.153226508128576	0.852839575785121	0.502745941986043	-0.205430378269967	-0.255613401297012
1895	Spis-XP-022808863-1	-0.258321964476123	0.607736378340753	-0.155965342649807	-0.00237700736512336	-0.267499890629969	-0.184275521077106	0.0382771583610079	-0.26106628249334	-0.235400323867441	-0.258957297581319	-0.289754198577768	0.0467712245343122
1896	Spis-XP-022808967-1	-0.102607699611781	-0.0835290898654659	0.354335059648967	-0.171255687456872	0.10728743067133	0.12624327938303	-0.145440364417527	-0.125929788017087	0.0623948694948249	-0.0135492289635028	-0.197190910690112	-0.0378956309556187
1897	Spis-XP-022809001-1	-0.0884729314951738	-0.136253830013005	-0.0787074294907778	-0.184797524347047	0.932325198745753	-0.119187579660926	-0.212548257192142	0.0634936774432231	-0.160845512229942	-0.0293297366009032	0.133381536405536	-0.230504637632528
1898	Spis-XP-022809046-1	0.0330520076857457	-0.00428864344203045	-0.00967660774672927	-0.00896530387726661	-0.0127949950747298	-0.0119375794816864	-0.0151344650371883	0.00315006831447279	-0.0147245450613147	-0.012883576014848	-0.017827491143364	-0.0143887188158221
1899	Spis-XP-022809098-1	0.0131981451340441	0.0108470838275288	0.0208245084215557	-0.0275790750528215	-0.0107526971534451	-0.0295818153720013	-0.0428327085805825	-0.0421320308031206	0.0323869433250773	0.0650645751629219	0.0451406829229908	0.0989036590428522
1900	Spis-XP-022809335-1	-0.666900444727535	-0.562312925404879	-0.439683248679502	-0.66269584456794	-0.525297677202743	0.163903306028505	-0.470958639178624	-0.612622341368674	3.7239055305114	-0.227803928662258	-0.321669933927076	0.0953438151583635
1901	Spis-XP-022809476-1	-0.154076291297385	-0.140093767118301	-0.0387018120580967	-0.267557090765364	-0.149968488527694	1.22924703364335	-0.180527704403197	-0.162381906901614	0.206137219881982	-0.222624913876884	-0.252578755585522	0.150876077928152
1902	Spis-XP-022809506-1	-0.137782087577675	0.143895448708675	0.0424269629081394	0.0201198114922094	-0.150043742712376	-0.015977627038266	0.194692925016352	-0.155291946379452	0.0345537723331139	-0.105006638643638	0.106764012814142	-0.1453065563872
1903	Spis-XP-022809510-1	-0.0569416565944205	0.0719909981128052	-0.00401762235696957	-0.00377267924018771	-0.0149631881410402	0.0250473850958118	-0.0281270878106991	-0.0234851522368015	0.0126606829238213	-0.00188639038295314	-0.00132340541299609	0.197101076856851
1904	Spis-XP-022809513-1	-0.0460931492052489	0.11685681286171	-0.0341353889485251	-0.0222136977350795	0.012170032260312	-0.0599464716023009	-0.0437162826372299	-0.0555151437514928	-0.0572202733951038	0.229148090554533	-0.0184735437725654	-0.0637040994945529
1905	Spis-XP-022809525-1	-0.132961333748231	0.0941505153174984	0.000913280269914718	0.120005761881846	-0.113017762570424	0.0473521748137028	0.0890385524531525	-0.113710078574945	-0.136462026335597	-0.00165369942975854	0.176602610190599	0.0439090202759152
1906	Spis-XP-022809572-1	-0.0698660751744836	-0.0856285323220578	-0.0321316161024008	-0.0351614308582099	0.524809333277802	-0.0151044871998749	-0.0774719470129609	0.00244864319661417	-0.107491236532738	-0.0341119406282995	-0.073115879348383	-0.104109355447887
1907	Spis-XP-022809591-1	0.0566607298535533	-0.0917725627829533	-0.00110791597180689	-0.0434930264280397	-0.0771941635759242	0.285771989824803	-0.0906166954075232	-0.0956032504924606	0.17906286027818	0.00976320755436469	-0.109582259480003	-0.111283623928744
1908	Spis-XP-022809603-1	-0.0185508779243793	-0.0558021360803588	0.117296713148366	-0.135289424129378	-0.0662665784402543	0.392324688315251	-0.0960812812423459	-0.0238785352000624	-0.0137400213873381	-0.0750356479173481	-0.137140836810582	-0.136130910252905
1909	Spis-XP-022809616-1	-0.0034454292550888	-0.0365950554337271	0.00312017810566442	-0.0517746079586037	0.000959970388893769	-0.0300113285651934	-0.0221196046590707	-0.0123188149831231	0.0701016918739962	-0.0442056166675664	1.27727157133753	-0.0449805377837465
1910	Spis-XP-022809626-1	-0.0933675271982342	-0.106878162395917	-0.0103366044708144	-0.058170143283447	-0.0814808986654954	0.705878292769795	-0.0332948792827564	-0.102834998373502	-0.0805311602206034	0.206360823441938	-0.121565708889422	-0.150355853740406
1911	Spis-XP-022809662-1	-0.0458900526220379	-0.0305721645393558	0.123548943883508	-0.0650623388539836	-0.0123674493745005	0.20214657568618	-0.0594092534518191	-0.0324273133873753	-0.0353936175746685	-0.0565999836847079	-0.0566504233104158	-0.0389357287950939
1912	Spis-XP-022809746-1	0.0116397792993882	-0.0259485371492725	0.0539923254151762	-0.041056770527225	-0.0278266965129871	0.0102183825365769	-0.0109767007049711	0.00508927075389496	0.00212252924563586	-0.0430073560642973	-0.0424658208695808	0.611174145923841
1913	Spis-XP-022809786-1	-0.00420279491751721	0.0853680515853964	-0.0319433231621587	-0.00266288086857276	-0.0600971069959484	0.0291426807885182	-0.0900216500661789	-0.00534392597278253	0.00255850285688666	-0.098284960401885	-0.00546570031346791	-0.122621186116745
1914	Spis-XP-022809798-1	-0.090263373561891	-0.0736463125412876	-0.0603693493845814	-0.119826645132108	-0.0945546095158574	-0.0645424329171668	-0.112188545949504	-0.0385816341061397	-0.0394943552376085	-0.110090347259139	-0.0786272010658084	3.82383759597479
1915	Spis-XP-022809885-1	-1.27359802766942	1.45788807630679	-0.865684571547792	0.960125916591466	-1.17111024304077	-0.849668884176782	-0.315774612411557	-1.19305251250231	-0.950548914459489	-0.971261386357966	-0.53858118684718	-0.521730671257921
1916	Spis-XP-022809957-1	0.0587381950931581	-0.0368400622595635	0.00792972543169285	-0.0732999995743727	-0.0459963588339597	0.0489386939991232	-0.0460298451898137	0.176213800902415	-0.0556040401506121	-0.0118906455232316	-0.0737090588119691	-0.0296338691535131
1917	Spis-XP-022810075-1	0.0279897282005308	-0.899939071659911	-1.07034475947651	0.175121452763748	1.70958873564328	-1.0489355663845	-0.231450652409664	1.41437131190074	-0.960421269491837	-0.878410874790082	-0.902061570100036	-1.02719900804667
1918	Spis-XP-022810120-1	-0.0821807218850933	-0.156905365902425	0.0757456923004892	-0.199349877120488	-0.0169297276878635	0.791836005885181	-0.173926141881624	-0.148045054422023	0.35302753473297	-0.154556727558564	-0.0845643831298868	-0.204142373284895
1919	Spis-XP-022810124-1	0.0946231552812779	0.0269620892076406	-0.112891256177594	0.114060471105033	-0.0511290761402333	-0.0988260694981415	-0.111509602367454	-0.0624924698520046	-0.100424080592589	-0.120209163717782	0.0279299101010313	-0.124344288666059
1920	Spis-XP-022810129-1	0.00379325123032056	0.00898188514588657	0.0328463506710136	-0.0164209190811613	-0.0293390240860759	-0.0245206116754665	-0.0228512735100433	-0.0283616385346125	-0.0279413456346547	0.115688387649853	0.0293266748900046	-0.0267365216199735
1921	Spis-XP-022810150-1	-0.276497043596263	-0.253194699610813	-0.0250190991404675	-0.295927325520999	-0.243600699523785	1.65234842208616	-0.303923751311438	-0.259780025023705	0.0287973442991983	-0.154448611740649	-0.0153784883457161	0.114070223451338
1922	Spis-XP-022810159-1	-0.375480747699594	-0.284445338194545	0.0216646449469777	-0.439027738211657	-0.264203280586682	1.89221824696574	-0.306944555503118	-0.44497399295916	0.0983782388808162	-0.230318590525852	-0.257747211905175	0.0681247261541715
1923	Spis-XP-022810182-1	-0.0286378535575903	-0.0270110600911914	0.0902225278329618	-0.0705882921268018	-0.0349549430741157	0.0937154709434303	-0.0665092003218199	-0.0670661943012238	0.320908134304429	-0.0166311310577865	-0.0639362609414075	-0.0643676787748592
1924	Spis-XP-022810195-1	0.0615749654817675	0.0116733623118581	-0.00111844573616511	-0.069288640637306	-0.0514965567225098	0.0203514981601686	-0.0478357273255995	0.0296062283037189	-0.0392431403529174	0.000198172326045951	-0.0163935838849733	-0.0629746788505795
1925	Spis-XP-022810229-1	0.00124756483067083	-0.00740714659836841	0.0363074153465475	-0.0237227790718225	-0.00598668088631049	0.0209753725109674	-0.0266305115264794	0.0148132157465259	-0.0257679343771468	0.00983204088139324	-0.0276584778120905	-0.0245375801230312
1926	Spis-XP-022810255-1	-0.566326945936669	-0.427843538896133	-0.447549975068887	1.75323282091789	-0.430952814508718	-0.422924182834829	-0.456037746948469	-0.416841218875801	-0.373012132115919	-0.372501981753261	-0.480651667310826	-0.47379746734968
1927	Spis-XP-022810267-1	0.00405955235236817	-0.012490026914326	0.0268263985455428	-0.0157248126869971	-0.0194844268924934	0.0651939723381554	-0.0199313769207533	-0.0193294400012486	-0.0192813287389257	-0.0129953287996447	-0.0190153719021743	-0.0169844878951084
1928	Spis-XP-022810359-1	-0.0858017061543898	0.0715827943992531	0.129860511693935	-0.238435671555862	0.0143666898637493	-0.0939032060953845	0.027554378233506	-0.0698069258214974	0.132664151986666	0.0528527586574753	-0.210982437012851	1.97336730433213
1929	Spis-XP-022810377-1	0.0606151687319741	-0.0713850251439303	-0.00349176460497297	-0.0806424924370031	0.00227271161181737	0.164252904003645	-0.0195395798893825	-0.0245067480545792	0.00489397734931679	0.0778095252575599	0.0497694025473765	-0.0906641304676333
1930	Spis-XP-022810566-1	-0.0313029282407504	0.00653015609469459	-0.0777567355611358	-0.0661132375305842	0.202588506253412	-0.161083273526404	0.262626399777157	0.118975931079591	-0.0650696597686871	0.0387450746604239	-0.252704110259526	-0.274424149988418
1931	Spis-XP-022810579-1	-0.0137965242345116	-0.0288896165555552	0.0853832240084622	-0.0526350673520586	-0.046145871534817	0.0694457958816239	-0.00336817834867865	-0.0155308666756532	0.0646645234220829	0.0559226101122813	-0.0432422941470392	-0.0468837392039109
1932	Spis-XP-022810592-1	0.0331563820502622	-0.0407482400812526	-0.0278393294448618	-0.033100536225024	-0.0402313124992105	-0.00898053137381304	-0.0341754643271225	-0.0376049655152209	-0.00817979748795888	0.65194361683749	-0.0481999412029289	-0.0474165283531461
1933	Spis-XP-022810634-1	-0.0750174396562862	-0.0367039515520038	0.0847611365605563	-0.100592648466022	0.36686300094191	0.0254443742876906	-0.0808538691459723	-0.0653915859621095	-0.0983361513636137	0.0150800280748888	-0.0813721464812022	-0.114697492823745
1934	Spis10033-1	-0.0628296395038734	0.015485625717619	-0.0271147715656162	-0.0451911311002521	-0.00988226725299231	0.339075694099241	-0.0710169903796512	-0.0666054748985267	0.00643699388962111	0.0853143851766928	0.00661475156496312	-0.0664408269222177
1935	Spis11100-1	0.00856334362361389	-0.0305705339214065	0.0555597935179292	-0.0291301464694267	0.0325627184483682	0.00635599931136933	-0.0388439487872008	-0.0260550974229539	-0.0361509154012475	0.0550083226032327	0.0477233292763868	-0.0370206864098957
1936	Spis11609-1	-0.0147738102128475	-0.279060104107454	0.105652950131244	-0.225008315245573	1.04406310252349	-0.257478741856313	-0.358904441580504	0.0691847073513249	-0.323848712509426	-0.262894234881268	-0.162337888977697	-0.396854745098585
1937	Spis13572-1	-0.0514525788819595	-0.05249134083709	-0.00454559182002572	-0.0527795528701551	-0.0294162573915734	0.282554316061064	-0.0493236028111698	0.00583434952325389	-0.0397796124304708	0.499143684776411	0.0518192847920895	-0.017705038478596
1938	Spis13684-1	-0.0108044300978886	-0.0518730817445109	-0.0450038835395011	-0.0161574488277112	0.0122247244365718	0.0470595704023926	-0.0160629122080572	0.261406887956819	0.150230809928506	-0.0705540543141941	0.00722076333338983	-0.0666528516873421
1939	Spis13872-1	-0.0162254232653841	0.0736911843231742	0.0521019668829161	-0.0385006102542725	-0.0734056918461041	-0.0523918382955732	-0.0339826804714567	-0.0588502593042728	0.0938836756470355	-0.0703629473642229	-0.0132400069641517	-0.0809829763820862
1940	Spis14158-1	-0.014357015535514	-0.0206966365696496	0.0191572577815897	-0.0236210893605007	-0.00646307277850566	0.103575114992018	-0.00854289823173708	-0.0388825474927671	0.0918657769461145	0.0102871678484758	-0.0417260679387353	-0.0382832885146257
1941	Spis14325-1	0.0442148451554089	-0.0290786015236588	-0.00543748224720883	-0.0445285960231138	0.0181589411322944	0.0473155370272086	-0.00415079336107538	-0.0585811636018841	0.0258159566238084	0.0244954170433439	-0.0674956282875005	0.058588286272653
1942	Spis14543-1	-0.0143574014968146	-0.00782485359651557	0.042330096625364	0.000748877281250303	-0.0162963386725845	-0.00473263177794763	-0.0179673773656481	0.00321384944417252	-0.0114585125181461	0.0543119828087597	0.0133644619105139	-0.0173372069832189
1943	Spis14850-1	0.0029177684094337	0.00741443518444296	0.058229386388971	-0.0269208781524032	-0.000143947138634332	-0.0355756328260667	-0.020539204814544	-0.0146357729220099	-0.0292262847933026	-0.0882188690784049	0.0670505010819643	-0.0277482013456259
1944	Spis14986-1	0.131815145992949	-0.380749791383607	-0.325326617600848	-0.294927198605137	1.11924780807323	-0.176682260771989	-0.334842151828349	0.639921414817136	-0.265894773000947	-0.264929177149409	-0.406894140031138	-0.333935870195757
1945	Spis15408-1	-0.0234133682296671	-0.0250534129042151	0.0475156029133484	-0.0507657073640027	-0.0344349075383809	0.264543736982439	-0.0579062769988523	-0.0762236820097608	-0.0181772960764125	0.0397234736619168	-0.068780170235501	-0.0745870966046931
1946	Spis16166-1	-0.057070154638575	-0.0430818903828824	-0.0536068794516226	0.148294705247478	-0.0193184147933232	0.189232242470516	-0.0716440645659174	-0.0340852969007833	0.0975611041725455	-0.0921357893488013	-0.160583783596247	-0.16241811674034
1947	Spis16479-1	0.0171742266805943	0.000424076635081479	0.00165225111283383	-0.0249723183010684	0.0322850550079756	0.00857201268954444	-0.0227543419920345	-0.0206131348165456	-0.0226338417652163	-0.0208949224558443	-0.0248906266249286	-0.0197074203447329
1948	Spis16742-1	-0.029992311202383	-0.0214144970138893	0.0154830953949356	-0.0762465990485632	-0.0320257540258142	0.0525661732568026	0.0246818799199317	-0.0593118107259953	-0.0342275537151503	0.000900794951897627	-0.00797215184849454	2.03424198777961
1949	Spis17065-1	-0.016098601851096	0.016500849431806	-0.00201348562925778	-0.00827849973389934	-0.00243826126815536	0.0166408100605666	0.0228807311141428	-0.0172617860019068	-0.0100617436235403	-0.0206432203401267	-0.0212811079136049	0.233408112222115
1950	Spis17441-1	-0.010093578777791	0.0313450608904975	0.0545263298044334	-0.0369847344269929	-0.056661789373495	-0.0352654967630342	-0.019901652308142	-0.0448162966535009	-0.0187841509378808	-0.0762706907888025	0.0196830494841644	0.912815516891292
1951	Spis17811-1	0.0149686467993756	-0.0145246576331273	-0.00574661903637782	-0.0264918626765173	0.0148854622834311	0.000294993944460406	-0.0103617405302949	0.0668712576289363	0.00697967530065177	0.0146115784573289	-0.034734707012748	-0.0328301891310184
1952	Spis18306-1	0.00643742611905501	0.0066884629100156	-0.00703125518248759	0.00220233734869758	-0.00871547211612355	0.00669701886099176	-0.0166516994523732	-0.015234753714988	0.00988863088819861	-0.0160553033943304	0.0112816295974586	-0.0158208397218614
1953	Spis18343-1	-0.230211356827263	-0.196881351491727	-0.153486237728973	-0.249225956402291	0.0227028957619053	-0.0483213365006	-0.269932952304232	-0.252081060720477	-0.268737780376539	-0.194256001269834	-0.301900005936332	4.97504360272196
1954	Spis18412-1	0.00739660158388828	0.00135155675988129	-0.0171432092959558	-0.0203182439810389	-0.0282814122853086	0.0971084694573724	0.00802845843410608	-0.0220700342946061	0.00391027574634998	-0.0257943056505892	-0.0257042851117048	-0.0108464598758762
1955	Spis18492-1	-0.219016689082222	-0.292273050981353	-0.199830103968292	-0.264848834766711	1.56306435545532	-0.216217158495735	-0.279380937729107	-0.129234975487948	-0.167124211634392	-0.0638765154403496	-0.219961735489096	-0.268925173044867
1956	Spis19248-1	-0.193077126910344	-0.181319311751874	-0.0971619192181728	-0.187879861686337	-0.0996446042011107	-0.142971796964309	1.50858424958251	-0.128064516308275	-0.178126495807884	0.0132546920181117	-0.177620667333521	-0.175472649746639
1957	Spis19390-1	-0.0902749882244082	-0.0898419196504152	-0.0150671958433699	-0.0918543007940355	-0.0651260816149945	0.629703390489651	-0.0771522738443002	-0.0401565860269747	0.28383814390584	-0.0471399924494058	-0.089488498958875	-0.0882733558855352
1958	Spis19826-1	-0.0561561793363126	-0.0304355650987786	0.0791821491008279	-0.0892317090087515	-0.0615069305520709	0.2848599563069	-0.0517278229002447	-0.0453367447208067	0.00903510545757827	-0.0624753675593729	-0.083709296803793	1.17230560037311
1959	Spis20566-1	-0.497138278911317	0.820533002530483	-0.143308928723616	-0.179484167872485	-0.494449301939021	0.0674497001473958	-0.255950300528302	-0.549682374707559	0.795545267479424	-0.279649600349365	-0.515065522480685	-0.48939081806236
1960	Spis20920-1	-0.0130072379681612	-0.0172258952054661	0.0281358398764084	-0.0251084670744167	0.0651715857602599	0.0204591036086968	-0.00878066089681748	-0.011160815812731	-0.008577320583643	0.00521815196437183	-0.0228153367820032	-0.0192522580783103
1961	Spis2118-1	-0.0794023177693113	-0.13746538032669	0.268525687592246	-0.154554691877298	-0.167693366284701	0.51948928031165	-0.128313142549224	-0.120097841429611	-0.0365108477581534	-0.0962485170187013	0.0137807432285059	1.15854957903064
1962	Spis21300-1	-0.0562187548746906	-0.063113105747062	0.172624639815679	-0.113243258114608	-0.126672422095912	0.0129914442191736	-0.094544032040938	0.569135244741767	-0.0180470918407587	-0.14968978634437	-0.115700892270836	-0.15311603953724
1963	Spis2140-1	0.021305667110635	-0.00585482578151142	-0.00965393023259014	-0.00512815850818783	-0.0132266922065698	0.0199883174873553	-0.0130762647846892	-0.0126463844925714	0.00450006804467197	-0.0126315003529984	-0.0121681001281279	-0.0114241604839287
1964	Spis21860-1	-0.00881798348136771	0.0317997917515391	-0.00287658439324975	-0.0115877781498107	0.00288054655422151	-0.0181168682858392	0.00826362998770556	-0.000933926260643952	-0.0250058262272906	-0.0234552047536726	-0.0231406892306609	-0.0229197560940087
1965	Spis22363-1	0.0015976211379991	0.013857349579527	0.039839772811671	-0.0448828050191552	-0.00549039437456331	-0.0140068913599013	-0.0386897309861598	0.05748600002029	-0.0357950648884605	-0.00364308869221552	-0.0340171927364959	-0.0403842444610505
1966	Spis22640-1	-0.0193759998468312	0.012039255032513	0.142795098656639	-0.0907437606636129	-0.0503847502787047	0.0497032255021224	-0.0410664960395223	-0.0342111284964924	-0.0185464088563193	-0.0314620808254094	-0.0910885263921128	-0.0973307229154532
1967	Spis2321-1	-0.00792954219078221	-0.00849977976813175	-0.0163612070100282	-0.0243925906207557	-0.0127146604292129	0.11452361853094	-0.0222833056036706	0.0640961388265689	-0.0225026084271479	0.039977856812357	-0.0214092746255852	-0.0240445596545942
1968	Spis23330-1	0.0110657700050207	-0.00877261095235819	0.0279298612190402	-0.0238124320982404	0.00435297033534216	0.00831539915820287	-0.031958229016139	-0.0357294468409702	-0.0246151577812113	0.0145015001427746	-0.0346047760437889	0.383931097405304
1969	Spis23347-1	0.0107859514388145	0.000319414922581786	-0.000965297476320459	-0.0116539544389949	-0.0016993363847227	0.00399518238863005	-0.0105803189987275	-0.010560580963412	-0.0103652900311975	0.039347385865425	-0.010177139588018	-0.0101072446469868
1970	Spis23629-1	-0.0907216213121266	-0.0733932195442708	-0.0433792189895338	-0.123829887300534	-0.0629949334587789	0.587889836992021	-0.0934241802924644	-0.10853016161803	0.590459051479977	-0.0910769592732524	0.01049028589788	-0.105100708534099
1971	Spis24232-1	-0.0809502722597961	0.0174183919118459	0.00755806401314355	0.0209491938153024	0.00548108459871996	-0.0387814258605642	-0.109177869531111	0.217386552351319	0.169667716081612	-0.128099671642307	0.222298596693405	0.281023362834291
1972	Spis24340-1	-0.0504553206381699	0.00738213677572008	0.00918224273836471	-0.238137276716679	-0.208026889295403	0.250989412698411	-0.172070858727425	0.482746249334811	0.147267377148141	0.470100445940721	0.0755960340492083	0.162407329745094
1973	Spis24372-1	-0.0132718183808022	-0.0573505413510619	0.0335545872108432	-0.0439109946686099	0.185504733889445	-0.0240086187969809	-0.0561679368836373	0.05164916155684	0.0225080759833118	0.0473599640498707	-0.0642575315390567	-0.0647212457002921
1974	Spis24411-1	-0.00678992075461012	0.0013962520420459	0.00435679841286894	-0.000354350602587657	0.0105070741229209	-0.00543456819791588	-0.00511994593519273	-0.00949748841675463	-0.00502744872076714	0.0490668145563802	-0.00404698704768682	-0.00490168936482758
1975	Spis24917-1	0.00201942867237625	-0.0030249011926212	-0.00561590316233189	-0.00180692174112985	0.00501105676513691	0.0209217119592106	-0.00314361018194327	0.00486723179039204	-0.0142082694466137	-0.00592515574813351	-0.00962613594052578	-0.0144959420749998
1976	Spis25472-1	0.0244753748574122	0.00563226371842537	0.0544712529381947	-0.0596963733743175	-0.0384491689284087	0.0271926487884688	-0.0257311841731217	-0.0131889766089052	-0.0436626381043347	-0.0174192296323033	-0.0647786565248501	-0.0690220736877528
1977	Spis25775-1	-0.0182888984864679	0.0024003070730831	-0.0110707688134521	-0.0277327389785561	-0.0165022541494528	-0.0238806249114361	0.0761900773430775	-0.0119931284494378	0.0467534209020876	0.278120504300793	-0.0156033711977605	-0.0532060742581821
1978	Spis25830-1	-0.210506347817675	-0.208039600376646	-0.0836197954904819	-0.0390606232339425	0.436832656781364	0.63945419669759	-0.20474963134418	-0.171864034694825	0.641962475565723	-0.146330685427913	-0.11655547497694	-0.283037789936677
1979	Spis2695-1	-0.00747370630360735	0.0205272482064481	0.0519923178894606	-0.000873223656032956	-0.0294153115364588	-0.0269174951647946	-0.0413423718998436	-0.0410716297283106	-0.0271655788835095	0.0117662214280944	-0.0395021738808649	-0.0369437135871391
1980	Spis2727-1	-0.0657482438161346	-0.121513135076741	-0.0863758043176022	-0.0949550017849025	-0.0689793274633594	0.922841439043144	-0.204151324529291	-0.00301701684121891	-0.0899381615957811	-0.17799508713529	-0.209001670176946	0.108241735135597
1981	Spis3012-1	0.0109138421085668	0.0190691582141997	-0.0011823800099942	-0.0108919253534633	0.000429405049748609	-0.00472949059605681	-0.0280291289024025	0.00862691973807895	-0.0412914740434841	-0.0411182763770055	-0.0437003411417274	-0.0404332239129117
1982	Spis3707-1	0.0342796853251039	0.22231919697298	-0.321743541969727	-0.122647034447154	0.220534323506739	-0.313526974663144	0.253279445302129	0.019226659735363	-0.31509784465413	-0.120102133062526	0.225148285744045	0.197826855983263
1983	Spis3943-1	0.00455654261094261	-0.0463315103367998	0.0417571488369374	-0.0458021390161205	-0.00701760643587451	0.085280086891475	-0.0104507800120597	0.06732858110952	-0.059896186431103	0.108918984663841	-0.0567505871608162	-0.0621741520098927
1984	Spis4452-1	-0.027271403326956	-0.0475694745115277	0.0417539090720458	-0.0743835699584837	0.00681931121711062	0.250724353138945	0.0025684936331701	-0.0220799666919992	0.0206335092429667	0.0258820952507189	-0.0891460567771646	-0.0790328467546576
1985	Spis5450-1	-0.162511271990496	-0.154984397926998	0.109440472439422	-0.144872532708063	-0.172207275336623	-0.0562752280265565	1.16390360368562	-0.10254981511021	-0.131208667306833	-0.22035075236341	-0.150103152544628	-0.257064031657499
1986	Spis5766-1	0.00810666380308695	-0.00960966019588209	0.0321810144842445	-0.0336210020770357	-0.0185077839625191	0.0265642107027172	-0.0397246726975789	-0.00452626101973653	0.0513228908437786	-0.0302776364570885	-0.0449157347053907	0.308714321222756
1987	Spis586-1	-0.000296787082344572	-0.0225255055611684	0.0234591701479912	-0.0273029046410511	-0.0221636626457231	0.0282469308275632	-0.0245852724632999	0.0216576939207176	0.163522237899141	-0.0233553719226482	-0.0230830255393344	-0.0232357754634331
1988	Spis6100-1	-0.0212853855581907	0.0363195950934805	-0.0849564497369178	0.122017134209706	0.0490632645105789	-0.131303306635377	-0.115303507033568	0.13074302530912	-0.157141950810854	0.0314747971415627	0.0379847938254941	0.107993762366219
1989	Spis6669-1	-0.154229980100214	0.411860731645559	-0.213984358728283	0.195692786938307	-0.331069620394051	-0.0865975390028599	-0.0510435202824422	-0.125955831638741	-0.146735441845463	-0.238681302706991	-0.288629295322006	-0.495788050437861
1990	Spis6906-1	0.0086967563513442	-0.023129944447245	0.00243308143620454	-0.0251837000243966	-0.0474421711031602	-0.0359954795484425	-0.00513755904321513	0.135817529365322	0.155331616361112	-0.0476502563089817	0.14450521674011	-0.0398925273868503
1991	Spis7095-1	0.0149340884656639	-0.00588445607410803	-0.0115665861135617	-0.0124577330539887	-0.0261595064765526	-0.0168480634859493	0.101917712222333	-0.0449423760381237	-0.0180903540053165	-0.0461227388729945	0.00663963264217705	0.413629183735248
1992	Spis7953-1	-0.0133957392715081	0.00927601976073019	0.0180261691290325	-0.0126324781787513	-0.0129193936255804	0.0361117617137818	-0.0259890441596365	-0.00438159947501949	0.037429544986703	-0.0229787472688605	-0.0253160486932835	-0.0246906600477212
1993	Spis8274-1	-0.118883316669812	-0.0965221546484535	-0.0423067301234604	-0.12863742033217	-0.113139266054012	0.867071983458129	-0.128016528786694	-0.0845726372501025	0.0164434237891017	-0.14061682957247	0.0447920465995247	1.23568400683943
1994	Spis8706-1	0.00142251854030997	-0.013160955589915	-0.017191295737804	-0.00160479708544602	0.000337382716726195	0.0581440748830628	-0.01559775743041	-0.0152969328359702	0.061333902962026	-0.0107109050835657	0.0645429731188421	-0.0148499745367381
1995	Spis9148-1	0.00165404597304658	-0.0914666054752841	0.329659747042301	-0.114151067414653	-0.0458272906324588	-0.0575892079189918	-0.0994854644396719	-0.0523788157134767	-0.0112397611776935	-0.100865637971357	-0.0208251665735654	-0.0996808180827946
1996	Spis9154-1	-0.0428930410695514	-0.0540986385919815	0.0214446265514307	-0.036206350210132	-0.0468679544904033	0.266787475325138	-0.0282642192358056	0.00644712009478788	-0.0583895014399118	0.332109121836214	8.44160640800784e-05	-0.055441778561086
1997	Spis9206-1	0.0176898791449263	-0.0332551858629368	-0.00507825627622194	-0.0404514103211972	0.0787015593057579	0.0398392166371261	-0.0471292948523448	0.0115876010211549	-0.0222210863429469	0.127814695256759	-0.0524013231207797	-0.0520256550354634
1998	Spis9489-1	-0.860836021038825	1.17474394248875	-0.662880707892507	0.802120173627627	-0.703594189450251	-0.542792374115911	-0.724146593781689	-0.799034253214346	-0.684512861635029	-0.572997451034874	-0.411140526285448	-0.768685378850365
1999	Spis9560-1	0.0270345089617752	0.00216967665384667	-0.0145263593051546	-0.0504531495428418	0.0414946991179033	-0.0259465251293255	-0.039235975464365	-9.9489330916698e-05	0.142813814141451	-0.0445803266197597	-0.0441854956914076	-0.0429873264463111
2000	Spis9858-1	-0.0574676060614205	-0.0418654500255645	0.0171440046050013	-0.0660278238842085	-0.0560781036181425	0.225503078890266	-0.0273775454275127	0.301516303183403	0.0022938628222252	0.0191859810719285	-0.0659937164217773	-0.0652491222959137
