gene_id	cell_cluster_0	cell_cluster_1	cell_cluster_2	cell_cluster_3	cell_cluster_4	cell_cluster_5	cell_cluster_6	cell_cluster_7	cell_cluster_8	cell_cluster_9	cell_cluster_10
1	NVE10035	0.25338482269039	-0.270505560862582	-0.336895330403098	0.399925186793883	0.747553066245971	-0.0344370341362351	-0.812811326774382	-0.851088784998932	-0.372964431113751	-0.721985588085967	-0.648758689397961
2	NVE10051	-2.67746609043628	-0.868792279841357	3.02461505153523	-1.0773361883212	0.0229670713712666	-1.54195478244715	-1.59856897393015	-2.79920893801952	-0.905072487320303	-2.59272206802162	-2.79394749449707
3	NVE10098	1.07121040739469	-0.837030386385351	-0.970585122688384	-0.411813931048596	0.515019506718987	-0.783335116195569	-0.117613012594552	-0.344066843578217	0.284600037440429	0.446166371361659	-0.311862608277543
4	NVE10245	0.806977034926194	-0.750130849761245	0.278985419181934	-1.97240525029598	-0.0928488523528372	0.701392519553996	-1.03572820710362	-1.37192866563221	-1.99519912885062	-1.19168994606776	-0.317081095827289
5	NVE10250	-0.0451223378703083	0.0701372073346683	-0.0533182602729134	0.159207186697633	-0.019534600697444	-0.0451657985310977	-0.0451686152939853	-0.043988761081963	-0.0445058133919066	-0.044308340661996	-0.0442856420823621
6	NVE1028	-0.139005008020936	-0.129598145687355	-0.105677894594936	0.914082709843488	-0.103168398156118	-0.0638004339784695	-0.074061164257468	0.0897415734108295	-0.122657516946958	-0.120873227321401	0.0310214687131161
7	NVE10323	-0.180899394270406	-0.0440579138046417	-0.164661136890922	1.10477915154226	-0.200366589618082	-0.1769951277816	-0.190418021641323	-0.192291763793228	-0.192653812710983	-0.1909932148431	-0.191098360755563
8	NVE10359	-0.513359125060627	-0.0205090244929684	-0.854344199708872	-0.228826983505382	-0.805081196549634	-0.650530295854779	3.49186203144523	-0.22532652084666	-0.977350870760647	0.858654427371932	-0.866401471871242
9	NVE1038	0.238088702161857	-0.566249494847232	0.556921680832783	-0.345656731331184	0.0151757904549111	-0.346390815827536	-0.500270681922241	-0.449457507546163	-0.186813811757258	-0.473883994912094	-0.145951950815345
10	NVE1048	0.274949773507104	-0.204970526884642	-0.164768403114204	0.0367497649475759	-0.110344709453853	0.0130276073204881	0.189622502000635	-0.11591303267608	-0.0671866094816951	-0.133499781837092	0.0156228106641044
11	NVE10492	0.135270128154217	-0.129167647190713	-0.102275886985525	0.133703414171619	-0.0593817430747074	-0.0476227181097456	-0.125205692667503	-0.0224451077734683	-0.146886230852221	0.699909139292628	0.0126497891465131
12	NVE10515	-0.0142122582195628	-0.0127385595115745	-0.0126912697989624	-0.0247441557957209	0.146581240521429	0.0687465203662613	-0.023110249657971	-0.0229415210177568	-0.0229356795966404	-0.0227541433623823	-0.0227541433623823
13	NVE10523	0.0874419705394595	-0.0076742480607086	-0.0321742249422834	-0.371959864111879	0.0145943190221088	0.0295707721200222	0.396907052639244	-0.216179079769467	0.0976602609444882	-0.341815142790913	0.0663926954168638
14	NVE10584	-0.116663666536485	-0.0769677985011646	-0.0952662227600949	-0.0886531274640457	0.901746272244414	-0.114237991823185	-0.109563297906191	0.121200817100216	-0.10859103008997	-0.107773356259872	-0.107756293404802
15	NVE10633	2.2985509107034	-2.76205992071413	-2.38443415686903	0.3189697057996	-2.36438834537806	-0.470736707250754	-0.475481689149849	1.24114718036646	-2.78029498970561	-0.273149978870024	0.220444461333889
16	NVE10634	2.12693912747392	-2.08767183405813	-2.09678563641693	0.255299862996522	-1.12020434247872	-0.15388371344415	-0.416330688287622	-0.715742726710723	-1.30653914509684	0.0731050652553611	-0.187054656907176
17	NVE10701	-0.546700598347139	0.485145954673995	-0.496151242774008	-0.454724240771942	1.66565525517093	-0.443670108832351	-0.508806062137533	-0.505057510435731	-0.48227321956141	-0.381591298335294	-0.501405184468768
18	NVE10719	0.377485056501168	-0.120818215501302	-0.112113980602227	-0.305269289327967	-0.350442811074935	-0.0610507125186314	-0.367540484085833	0.000536680569411641	-0.0918211825107917	0.0613654187810015	-0.123718030439482
19	NVE10739	1.76591578909268	-1.32793163122558	-0.71949302954008	-0.674308760240659	-1.12221220533619	-0.937507558311209	-1.02785394857853	-0.431086796143828	-0.974705869327629	-1.49690195112179	0.207042856193
20	NVE10740	0.736309524955097	-0.389532020159612	-0.355682374408435	-0.216789338442087	-0.229712978981151	-0.362063515440791	-0.328444248762898	-0.341635910592778	-0.279847716772408	-0.0868550922424087	-0.426269644119511
21	NVE10770	-0.034248384224997	-0.00928504505819235	-0.0124107421011083	0.0789158468485035	-0.0310839667302954	-0.0303881007542504	0.353892630713144	-0.0289680372380828	-0.0281752524067432	-0.0279300058008026	-0.0279300058008026
22	NVE108	0.140368179260715	0.565324135561538	-0.535757755643538	-0.565948539245448	-0.0291463610925677	-0.716315990104827	-0.0324401554549556	-0.915534532955465	-0.579614052286131	0.292880464213946	-0.229963046876906
23	NVE10948	2.04213547435088	-2.08786745507866	-1.38171306963226	-0.149437307155179	-1.69969071962902	-0.17727768230685	-0.571731199123052	0.296521401345163	-3.18480451189902	1.27227244953357	-1.69811233748618
24	NVE11067	-0.00845017987861907	0.109359993319933	0.0100153708549101	-0.221016126361238	-0.0937374902033579	0.0520328986750658	0.260796521904279	-0.25808348670138	-0.265572412010206	-0.098565281662382	-0.0272570209458454
25	NVE11072	-0.0262028646388363	-0.595833804051802	0.955976978009479	-0.522926404099875	0.15428502734679	-0.785765094919996	-0.827550510771306	-0.581278375658933	-0.121450438194185	0.0230930665414788	-0.713412333776743
26	NVE11150	-0.0397768660826695	0.0838145866220547	-0.0240531304222382	-0.00288817747393652	-0.00344644354702647	0.00626525733834017	0.0868033938409337	-0.0597210516592267	-0.111372866720443	-0.110749244740857	-0.110472948277722
27	NVE11232	-0.0077129095777307	0.0626125241744992	0.00178763244466176	-0.0703034579895302	-0.0175452920155765	-0.0830350177771022	-0.0818442853331856	-0.0801279075526468	-0.0817279995415154	0.320411291730206	-0.0812640014920876
28	NVE11265	0.959455935158559	-0.517692304597953	-0.552434172252538	-0.297215701119692	-0.373446633122659	-0.627505882122671	-0.523133666948965	0.262454301193142	-0.786934233167271	0.232741053933924	-0.265561240563338
29	NVE11311	-0.399613194251199	-0.455915334162089	-0.260057418453389	2.02543234784296	-0.316275444328897	-0.366799862759048	-0.42160807779397	-0.453772877063367	0.171722951955663	-0.32219989232306	-0.140987641533441
30	NVE11329	0.274114433004848	-0.122010484438373	-0.182781072984957	-0.272180562089715	0.180443004441058	-0.00523128372246606	0.0907114080425161	-0.278902084920513	-0.0757504024280503	-0.195217992048492	-0.240846524316447
31	NVE11392	-0.0291118604450101	-0.0678221683103251	-0.0791337231409619	0.589724883211668	-0.0979796054895224	-0.0950307839844032	-0.10350193441677	-0.0986072834409788	-0.0987025655088938	-0.0985621567655603	-0.0978224352983689
32	NVE1143	-0.180429458187069	0.247454495841385	0.185839461980305	-0.438745880759455	0.228707092183455	-0.339597458765069	-0.419064445436977	0.346028263760776	-0.476157718738265	-0.260494512806206	-0.469333158726592
33	NVE11442	-0.0476812787312784	-0.00754013017341204	0.123762042862563	-0.000563540049518974	-0.0555671853737185	-0.0996903902287518	-0.0480657396177211	-0.0938608919373676	0.186108958265394	-0.106159892970852	-0.0950824604689327
34	NVE11505	0.135640009871252	-0.0787683138292348	-0.031305888924335	-0.104623844661539	-0.00659921292426947	-0.055272620653856	-0.0231783196359177	0.0383382430222979	-0.0947455612407222	-0.0190383049714296	-0.0965604292122267
35	NVE11515	-0.0866374829343272	0.121799293853193	-0.00783380541721684	-0.0435781687784018	-0.0297274964900146	0.251822427004845	-0.0859124007500656	-0.0851848456010467	-0.0851836649365552	-0.0843674017718659	-0.0843876910436726
36	NVE11561	-0.095178986713084	0.00855691931495275	-0.115471245104026	0.564114144919176	-0.102912555332756	-0.0449867154163252	0.197624989800941	-0.126166469983027	-0.0919386009453078	-0.12489795820568	-0.124308512266983
37	NVE11657	-0.0753289925928386	-0.0756737094549701	-0.0384300570062309	0.290138689942279	0.0288539517380966	-0.0663567256839794	0.566623567955461	-0.0657221160004548	0.0292797201484769	-0.0646227471903085	-0.0651931199835549
38	NVE11665	-0.454036620814492	-0.377135178313085	1.13804477651127	-0.341583754197972	-0.00173416859403169	-0.419952649901592	-0.216132815582654	-0.410622697709238	-0.414873039886569	-0.371205941747289	-0.322083636816096
39	NVE11861	0.0239377316730026	-0.0178177408492071	-0.00407778247798913	0.000601753693465022	0.0137159103790712	-0.0200717582923371	-0.0197175917388969	-0.0200156536689091	-0.0196365243120058	-0.0206363622652464	-0.0194134118815887
40	NVE11982	-0.0207481828345659	-0.0954924943383818	-0.0482107498097876	0.537761945598866	-0.0857090665907289	-0.101439332923526	-0.0384724746724912	0.0198773607189983	-0.121522758449445	-0.119526000473669	-0.128174650420208
41	NVE12036	-0.87805990286102	-0.971093922315243	-0.945757784898198	-0.987535435107403	1.14788434098394	3.86563016584365	-0.696261543858599	-0.233200258645437	-1.02763527640663	-0.766849810364447	-0.584304942522128
42	NVE12080	-0.207114504488571	-0.297593787227353	-0.31686948560284	1.60371294878661	-0.318068009775161	-0.244340566166988	0.111026696093127	-0.0877342358602475	-0.237083644110055	-0.396146910918752	-0.010112288327626
43	NVE1214	-0.0918169624609294	-0.0800113534957948	-0.0862044164810863	-0.0455248553552327	0.748438687413169	-0.0744533391357904	0.0670686784603	-0.0886384195796101	0.0613369995103434	-0.0878574891610017	-0.0888391776546206
44	NVE12179	-1.07696801073464	-0.720787165325635	-0.607086079398348	-0.487180972999237	3.37395620812198	-0.381396248213569	-0.790817469922817	-0.844083186392221	-0.844275684921798	-0.83743353563435	-0.840968588663948
45	NVE12184	-0.0877682590762978	0.00177227264612974	-0.0714855723957295	0.548812337663674	-0.080522231891299	-0.0969032449874448	-0.09802971196561	-0.0942841859028423	-0.000357584264198491	-0.0951039765828324	-0.0939200129127962
46	NVE12217	-0.127092979164451	-0.110987917489045	-0.121920802759587	0.359128674363517	-0.101972153162939	-0.118940177013642	1.23464246448778	0.0898645570281908	-0.116902570600897	-0.116315438460789	0.194973063490192
47	NVE12269	-0.0192385058021424	0.0564560390085221	-0.0210794655729714	-0.0286797600801427	-0.00454340929473814	0.0423832634009414	-0.0271898444849582	-0.0245383245465745	-0.0285157984650833	-0.0272989265846901	-0.0284073507200108
48	NVE12326	-0.72029688957666	-0.599262837088235	-0.536569496817705	-0.576565182030848	2.50872391125513	1.51493208531146	-0.525119919595916	-0.500514921115248	-0.384332488982045	-0.189684506379363	-0.705326802278109
49	NVE12334	0.00261053706569353	-0.147210665505047	-0.156341262464332	0.731791411469827	-0.0559326966647242	-0.160261492837975	0.105950190953775	-0.117816787003233	-0.150571144673013	-0.147895603806415	-0.06177799768577
50	NVE12486	-0.0760757914870351	0.000944538576099233	-0.0850155682537303	0.525136598980054	-0.0707122994207297	-0.0668231829567701	-0.0708315869900513	-0.0704252982589078	-0.0703814983640295	-0.0696326723690582	-0.0697980392465026
51	NVE1253	-0.00732253400087432	0.0554288253210671	-0.0335454739311935	-0.0245243397541458	-0.0358153971636521	-0.0343364348431234	0.118418667721289	-0.034077674495639	-0.0348534632126362	-0.0357122968539388	-0.0330578380407099
52	NVE1257	1.12810541062319	-1.07604169800872	-0.610203959501875	-0.627864874494375	0.532508868483995	-0.573397870373854	-0.477328500143541	-0.222363718477218	-0.329850371819183	0.161198768875905	-0.0721836057384193
53	NVE1259	-0.0116068597795546	-0.0389141588862045	-0.0789305150549187	-0.0734580723349884	0.512953974662742	-0.0854204387638712	-0.0848125549137331	-0.0594309555758946	-0.0359246712185407	-0.0361945414617889	-0.0836336798047328
54	NVE12607	-0.427131882971437	-0.433124599248977	-0.341339109605754	2.11630904860595	-0.30133099516798	-0.376992029964181	-0.0194470017692391	-0.488161454613091	-0.485208603382145	-0.43722602814192	-0.2752684781778
55	NVE12608	-0.448359510209502	-0.388380793376769	-0.46648587646097	2.21693987027746	-0.373093746048675	-0.392149552260007	-0.291015217806244	-0.218146896828621	-0.412266743660533	-0.349742407116327	-0.525342105627559
56	NVE12679	-0.0361953726660082	0.0138134761126347	-0.0390336391609116	0.0514276280457314	-0.0338373000483556	-0.0329105153304043	0.432632798158484	-0.0324343119484964	-0.0324260804837973	-0.0321702610895416	-0.0321702610895416
57	NVE12736	0.0296876388787455	-0.0339149536862559	-0.0150837115676728	-0.0281670401614408	0.0223916555173865	-0.0169711672386229	-0.0267737949080895	0.236212019286589	-0.0266604771869856	-0.0270919090893469	-0.0262790549502104
58	NVE12742	0.550319195818382	-0.341551055661503	-0.328592693911413	-0.264564611355693	-0.0051303292170744	-0.0758349422714596	-0.236810642715909	0.198035006964317	-0.321568323321005	-0.0264883142066074	0.224252554374833
59	NVE1276	-0.581955433856221	-0.479547869879022	-0.593861212330635	-0.160563698476416	-0.490693842037979	-0.461057491412432	3.75229983752429	-0.373196859570304	-0.449520271805894	-0.572737102550466	-0.098431764967068
60	NVE12825	-0.0236700233698708	-0.0315351368273158	0.119123188674976	-0.0884480953534738	-0.0923539972779626	0.0155075118074831	0.0862978482104539	-0.0824341186598844	0.0779837928763702	0.155191974398823	-0.129444487509097
61	NVE12877	-0.836306510424727	-0.741130844951658	-0.850482920000931	-0.767709732243962	-0.798566663365546	-0.847923148350751	-0.702619676520598	5.01736895220274	-0.804907045734344	-0.838625163146274	-0.842521687540208
62	NVE12886	-0.000132456367267622	0.0465688688025616	-0.0227498899131785	-0.039028489968885	0.00737256860067306	-0.037433084598355	-0.0185761712035853	-0.0367952547442502	0.00722092353758777	-0.0358871535290431	-0.0394889020469092
63	NVE12900	-0.124788875415247	-0.113936496574667	-0.0900588192798845	0.775856090209758	-0.0425721808376616	-0.0153440347233501	0.132911184438621	-0.115114476199134	-0.0206139792029218	-0.114755921636444	-0.114555827382573
64	NVE12901	-0.0773161496545706	-0.111014359436753	-0.0501595213313251	0.590448095072724	-0.0129310196657638	-0.093752502552982	0.229849505748628	-0.0924083016023567	-0.0923853282832176	-0.0916712410261347	-0.0916712410261347
65	NVE12918	2.84801668190377	-3.24404597358584	-1.89177947809584	-0.343549128700199	-2.58934596582539	-1.29045113929859	-1.18767006071863	-0.0563970965993956	-3.26824887646164	-0.0580880327700726	-0.147725987074764
66	NVE12939	-0.97233171557525	-1.00177120110942	2.10693000011606	-0.934218014648957	-0.498561060981313	0.0911880529963689	-0.716019704589728	-1.14358000372639	-0.608634606578894	-0.362429051977277	-0.393679612986047
67	NVE12949	-0.0518591516158655	0.0918585065842272	-0.0189817893914394	-0.0773680390234298	-0.0339608512848349	-0.0834086927622803	0.33496421030337	-0.0898796386882494	0.037180987427403	-0.0891982146699689	-0.0897575693313321
68	NVE13030	-0.0220119836189177	0.0733344257992272	-0.00826721951874423	-0.0384428528918053	-0.037898860021217	-0.0369160880381416	-0.036501281797131	-0.0364459569856999	0.0356355072084491	-0.0361129082619353	-0.036149654225382
69	NVE13069	-0.959889639939077	-0.792671338598174	-0.607978159684859	-0.180776290590633	3.24112290905473	-0.754738360590223	-0.612507014004156	-0.531384256024559	-0.465640076549897	-0.607366330237374	-0.508778694506674
70	NVE13104	-0.20830101575348	-0.113676896027586	-0.251058385326563	1.28450685282958	-0.147719383120538	-0.163390637838527	-0.0712639598322519	-0.227432082786051	-0.140311973540909	-0.22539092752291	-0.0492796821218511
71	NVE13132	0.313149279056232	-0.11568392861801	-0.178089545629811	-0.127973922141558	-0.106621587926451	-0.209931886494277	0.0187223291456295	-0.139367135940182	-0.129572108449315	-0.230494284062622	0.166365300517351
72	NVE13134	0.0439920856012927	0.0405673206956443	-0.127909494570625	-0.194718459876569	0.313000505725739	-0.0124132929183907	-0.102043822889331	-0.213847910115956	0.121660423578773	0.0738634462436994	-0.212656573550584
73	NVE13146	0.204227798446594	-0.0803921208826292	-0.0913754891778166	-0.0799902326939344	-0.079576018304293	-0.0771239246224555	-0.0765735273118858	-0.0760245942931712	-0.0760055875251202	-0.0760586666388669	-0.0763512582647508
74	NVE13147	2.32472343913894	-2.00049172767717	-1.64116084939376	-0.937003319979786	-1.55663271638778	-1.59773098061973	-1.47762169332341	1.2180356906488	-1.55286256418051	-1.75569442443577	0.802678873100563
75	NVE13149	1.00943274179914	0.126498269066664	-1.02086025021683	-0.957092355380191	-0.383015374651882	-0.886713774791222	-0.990163623156198	-0.987020506504702	-0.61863756390189	-0.921186840117195	-0.838597632321703
76	NVE13164	0.0798299690640882	-0.00478729699390772	-0.0508287507580555	-0.0464769112354203	-0.0334588337911832	-0.0450917693854169	-0.0187822106100924	-0.0447753733060316	-0.0437264113943751	-0.0440382418296719	-0.0436060016663152
77	NVE13189	1.00760558634256	-0.500770872005222	-0.785265015897669	-0.166142384884743	-0.225110540065797	-0.589018956300998	-0.557392166132753	-0.0661384423256873	-0.690516515366574	0.3840196491304	-0.285757321126092
78	NVE13292	-2.0375711269683	1.02861084425266	-0.901201735412108	-1.43276810340594	2.90713669617733	-1.22140488601433	-1.64216515319856	-2.04364021585745	-0.761887015722005	-1.71089375377334	-2.03883544784574
79	NVE13322	0.01615162749973	-0.0387643120915116	0.0198385011423852	-0.0403567206464303	0.0848153265982264	-0.011732099032234	0.0128186386584364	-0.0368797497595354	-0.0370679490804989	-0.00816681159548348	-0.0368120726235403
80	NVE13345	-0.0401475408885258	0.08409875299656	-0.0314382366294309	-0.00538486799591526	0.00544720421786771	-0.00301741538943646	-0.0621286454299469	0.0602382556043397	-0.010960833795229	-0.0622322131372846	-0.0613650463527138
81	NVE13584	0.00794925487515948	-0.0323216529096497	0.00510143095883315	0.0630485216593082	0.0426690165181049	-0.0302400350442115	-0.0307138091189128	-0.0291220907356577	-0.0295437353893809	-0.0286842293011462	-0.0295592342641059
82	NVE13598	0.657873058157183	-0.879367631643085	-0.760944160407207	-0.336456691388038	1.61236979259639	-0.312750087576197	-0.807434894827209	-0.316090430079692	-0.894145556402677	-0.779480064992396	-0.306553507542393
83	NVE13685	-2.45359633531843	-1.85150355367068	-1.66371969214268	-1.62820909353463	5.27712501160451	-1.67787173524212	-2.27413757872404	-1.81102162877812	-1.31924883215737	-1.18185181620156	-2.26959001031231
84	NVE13699	0.410889759181075	-0.122321460661123	-0.24332015142224	-0.318521759549214	0.312193734710487	-0.43169900101327	-0.423906964583019	-0.36043763048725	-0.298750438745741	-0.217402664523442	-0.423388935657399
85	NVE13810	-0.107638678176757	-0.018919451830311	-0.0666543936487649	-0.167486229551193	0.74157492324141	-0.0667049158589846	-0.0754696748478806	-0.0600619649089076	0.0311992233213046	-0.165702566415149	0.0977703385551755
86	NVE139	0.00717652554725587	-0.00551499918402244	-0.0159276881867663	-0.0139638887824725	-0.0137925923647573	-0.00701194222148941	0.0504982918054234	-0.0132169027327889	-0.0132135260810172	-0.01310859136768	0.270806329124872
87	NVE1390	-0.37392018583683	-0.170017617554517	-0.223027242904485	-0.312139584965939	1.89494459473468	-0.237323816464131	-0.33790223626313	-0.379424269818763	-0.250872926908202	-0.24197364973789	-0.318141809515883
88	NVE13916	-0.579070525881266	-0.633601166610442	-0.450715331877272	-0.249980094469566	-0.540452062879849	-0.626506514894223	-0.535480492470719	-0.675851855986641	4.29334134427458	-0.155068789522835	0.16817966112221
89	NVE13968	-2.53634267628566	-2.10389579663574	-1.37031202997174	-1.92394125420007	5.31918055632616	-1.80561031872713	-1.41389063909782	-2.56268983184698	-1.06544768827908	-2.35918719024107	-1.98684791133067
90	NVE13975	-0.0174842934334861	-0.0308816144723348	-0.0307055329743128	0.000195757597173808	0.276988247439854	-0.0387858532833014	-0.0384905168311076	0.0399349291809972	-0.038486055031391	-0.0379314623121096	-0.0380601644055582
91	NVE140	-0.187122720293146	-0.127826859804384	0.563181067275984	-0.171295360812192	-0.204375759168531	-0.0402103850874853	-0.0601279728505411	-0.173583474277653	-0.243846630329284	0.0629642847284105	-0.24232625488847
92	NVE14269	1.83749595605867	-1.40888713030821	-1.05076726673956	-0.68797351437692	-0.694984579223821	-0.880725618260738	-0.50784810646667	-1.07464135750207	-1.08059666455275	0.586717938306177	-0.573018039659211
93	NVE14311	-0.732516361077276	-0.567510983171132	-0.694361598034072	2.80410621498839	-0.526557860410079	-0.541825962379949	-0.263655565306589	-0.454758530006234	-0.675971149182275	-0.765138888554776	-0.440013026740441
94	NVE14517	0.0671334353626142	-0.674408604119842	-0.442078359700502	-0.576075977517253	-0.253323006072575	-0.279627942751918	-0.335164942118608	-0.226953930946994	-0.440845810001968	4.25408372771838	-0.105223316648447
95	NVE14556	-0.105765339609668	-0.061108680735793	-0.113655664349937	-0.103005652098619	-0.11647178254294	-0.0196698529745912	0.0408218225174444	-0.0322352930798794	-0.111394889725259	2.45655049907589	0.185984290812697
96	NVE14670	-0.185899152271578	0.627768078021899	-0.225213319441982	-0.287040476811766	-0.20660728136907	-0.165048592620721	-0.324957618888522	-0.252073392869376	-0.131122804144535	-0.330374383270548	-0.434762604439007
97	NVE14687	-0.0963940505637073	0.0123961911214664	-0.0795850708854189	0.537475707814868	-0.107757779997752	-0.105033474134116	0.100378365198299	-0.0649980239533073	-0.103253515044421	-0.0840417422568098	-0.0938088658125422
98	NVE14688	0.0489047954818885	-0.0193711062059232	-0.0444078104146629	-0.0169179886447293	-0.0395950371538839	-0.0385104267554933	-0.037533356339654	0.308517346306256	-0.0377450911458728	-0.0374269077950108	-0.037645849373369
99	NVE14689	-0.0198891126273659	-0.00997860478952782	-0.0160647603761424	0.116397816648204	0.0380787300382326	-0.0134675477262875	-0.014432466298302	-0.0132142843475554	-0.0132679916492806	-0.0132052046557726	-0.0131626263698737
100	NVE1473	0.839607940175265	-0.473729886709751	-0.39002683463781	-0.331474081072895	-0.282066713837008	-0.397288678107452	-0.329249618278759	-0.305379816575891	-0.422350922340444	-0.0685165943468655	-0.100239478608044
101	NVE14789	-0.285973839924164	0.376780609516175	0.134452434825375	-0.268691776050262	-0.221654972251918	0.0393998379628482	-0.0180311803163501	-0.0561319648686058	-0.0679288531758468	-0.10600935766059	-0.313288098224682
102	NVE14802	-0.299097544760103	-0.316905365878606	-0.484038677168784	-0.302402388682486	2.08061291618878	-0.25353684408942	-0.192045706532618	0.0891289829186174	-0.437837347681442	-0.190543179560476	0.134586363426519
103	NVE14803	-0.1958921520704	-0.100667144146648	-0.191502195263555	-0.158355178032309	1.32867324310664	-0.0764434155703445	-0.117860872222753	-0.168681375915818	-0.190009888451515	-0.143704721264521	-0.172521930650491
104	NVE14859	-0.640867779101637	-0.5314770616459	1.50537229720948	-0.429164622452615	-0.486222014812879	-0.23558014948172	-0.412133017897504	-0.464756332492693	-0.168290785514	-0.546132453572874	-0.422401220595041
105	NVE14920	0.115058251879753	-0.0898733505328543	-0.0904733785516878	-0.115452386524225	-0.0587428787408589	0.23224973655329	-0.0379167764858709	0.0896845053697631	0.157843753791148	0.345703292143517	-0.125292006104756
106	NVE14925	0.0184082142832982	0.00131488491659727	-0.02792316804097	-0.0131612592872568	0.0671517373286749	-0.0278342757862111	-0.0276023626533279	-0.0274308272558787	-0.0273940347639642	-0.0240404640298979	-0.0272805616391997
107	NVE1494	-0.635626705393621	-0.781316040520885	-0.918486601295752	-0.54987372059964	-0.82511195847738	-0.645257560630569	4.28538611817611	-0.480076916545866	-0.810199563144402	0.663318222292865	0.274204511827985
108	NVE14948	1.9576332043121	-1.5361392604385	-1.99892487550315	0.238143806012098	-1.04932117373131	-0.447067171566555	-1.62968457672195	0.343052201687204	-2.93553572127327	0.341690746491353	-0.12620492856458
109	NVE14949	0.279144850772315	-0.248916395265639	-0.103908275444628	-0.0402475486033757	-0.00482080944265229	-0.0595573628010012	-0.118013465488062	0.425327040797015	-0.227491500889516	-0.0140356539521673	-0.225063466042672
110	NVE1495	-0.844915622263563	-0.792517819580455	-0.90776779054066	-0.590870148615891	-0.793541615513833	-0.725576847355011	4.54282342812785	-0.762578159975316	-0.76564112786818	-0.452166356355615	-0.122798180640622
111	NVE14977	-0.00773210971614124	-0.0148932371681071	-0.0132011735261789	0.120678948394743	-0.0114711711828965	-0.0112526776634563	-0.0106611533890754	-0.0110805131005071	-0.0109328348805645	-0.0108459441744061	-0.0108459441744061
112	NVE15069	0.559585656263201	-1.4565321260859	-0.169026770588375	-1.38812503922055	2.27655784920628	-1.49011794537136	-1.24711491872317	-1.13808910130206	-1.11064103099484	-1.44402422273846	-1.89496403518983
113	NVE15125	0.0539729194114887	-0.0940869399229139	-0.192366062641672	0.743003638899834	-0.198712320860391	-0.189757207296814	-0.177793563060464	-0.0790530882589886	-0.188020063208735	-0.186981151427736	-0.185455917303844
114	NVE15194	0.439712648800659	1.15661831510252	-2.18575421805147	-0.890123610264547	-1.53109511284127	-0.855759016410777	0.138972546234474	-0.797528400101185	-0.662310285886812	-0.932087974826452	-0.616527636071306
115	NVE15236	-0.814369415215323	-0.765705496522748	-0.585971542763828	-0.688043536690081	0.347075893956276	3.72831391987334	-0.693771109950552	-0.4403758966743	-0.117524983035648	0.0949044446538803	-0.791765556130152
116	NVE15248	-0.0384331739165634	-0.0283041688598312	0.00665062712062239	-0.0135838094456838	0.224578857587537	-0.000451082492942942	-0.0333951435951186	-0.0332187477026013	-0.0332103194392957	-0.0327454646981771	0.206798501422103
117	NVE15388	0.00622938703537174	0.0135195736316376	-0.0248506921600382	-0.00115193939263557	-0.0212378705823702	0.0866767799421857	-0.0207839623849438	-0.0199779919306637	-0.0206268392619977	-0.0204634481971523	-0.0204634481971523
118	NVE15644	-0.018344185222902	0.0836604541233535	-0.0359266643872248	0.0644954618667871	-0.0744086931168723	-0.0870452022190545	-0.0854848231433097	-0.0855948959280609	-0.0154813804428439	1.67162311343061e-05	0.0282059104564817
119	NVE15650	0.10212233620512	-0.0862850430462585	-0.0575517125882262	0.0264715948729464	-0.0200932648383804	0.0113809339679463	-0.0692148307054411	0.158975924434349	0.0189503598283856	-0.0696813611073085	-0.0684973588960354
120	NVE15666	0.69259811120493	-0.36653390440709	-0.692946120433023	-1.01263385882336	0.948954983618955	-1.35892211982854	-0.0546999619664046	-1.21559181254159	-0.807269101051918	1.67132722732031	-1.05412872080338
121	NVE15705	-0.104823973196046	-0.0630441488862765	-0.117078886165141	0.827538623049418	-0.139130864222462	-0.109291906318669	0.0256175927158258	-0.15930178299606	-0.158276693385492	-0.156154080396173	-0.157080328203807
122	NVE15707	-0.122695455364063	-0.00173006146126389	0.247325776817087	-0.0651375972204843	-0.11205288158642	-0.0340539878782395	-0.092356999046559	0.163728298630438	0.0356392508175264	-0.14045365257531	-0.142279651254198
123	NVE15784	0.0912989995936512	-0.0762584329147332	-0.081853339483664	0.0600871727212506	0.0268658202606462	-0.00533345305031191	-0.0787171725511741	0.250060134599014	-0.0767016721465278	-0.0763896029006177	-0.0761056355686055
124	NVE15814	0.0624304725586681	-0.0374117105262272	-0.0510051941609766	-0.0129054852693559	0.0161638134580697	-0.0429515352887144	-0.0406334802425404	0.226986861516316	-0.0425571009692302	-0.0410223211160741	-0.0428761214024298
125	NVE15881	0.214971772155396	-0.141734609638245	-0.10326302756973	-0.0974391359066741	-0.0294987483287524	0.0149284078778533	0.0279635692154401	-0.12409491527412	-0.124281965924451	0.359587605136704	-0.123331687006464
126	NVE15920	-0.162100790013722	-0.113136180679943	-0.140558632384252	-0.13105467694017	1.17580999582979	-0.131886416670895	-0.130253622462598	-0.12979083104983	0.0675140868834025	-0.1290036819064	-0.128977015377974
127	NVE16004	-0.169713724246938	-0.06893739126238	0.399655670559565	-0.129363646821409	0.0364184082212839	-0.0659318618094418	-0.145186751905609	-0.018508338119327	-0.120194111147233	-0.143919508629936	-0.144115697521777
128	NVE1601	-0.295503784754505	-0.18266715406041	-0.266111175296622	1.26184226801066	-0.270631550440784	-0.186727441157259	0.539659422161538	0.386386244179369	-0.347330295808663	-0.444706432693827	1.07076393161363
129	NVE16066	-0.105028781375035	0.0545674656203767	-0.116158889282808	-0.161460149644454	0.750775948368659	-0.139086862887124	-0.0261298755781067	-0.157960115764968	-0.132708731305013	-0.157066407689742	-0.157325954358177
130	NVE16072	-0.129779812566464	-0.106971201129699	-0.131767225005489	-0.0374317663740435	-0.110821318623871	0.0252769506447955	1.71582532311879	-0.100153544143252	-0.133633076929608	-0.0956143054297315	0.101531712260917
131	NVE16125	0.0762082821100841	-0.00118868409539	-0.0552864279484458	-0.00180997448356849	-0.0362924707024234	-0.0571309421851408	-0.0558779246860959	-0.0569397936760089	-0.0568451334763971	-0.0541601648211578	-0.0554976779603399
132	NVE16126	0.552295517597344	-0.355929972503905	-0.0604944079549539	-0.290761047273422	-0.0582169703024619	-0.476188988581288	-0.45822375079657	-0.497585356124018	-0.261486267851112	0.0244827577927706	-0.363991947620718
133	NVE16127	-0.0608173046340587	-0.0683602873735947	-0.0953452887913211	0.629926793767298	-0.088322715172681	-0.00692500080230299	-0.0776929124035354	-0.103610901049809	-0.104150101360209	0.0938999255458897	-0.103234847564871
134	NVE16205	-0.281418779387948	-0.181560794797034	-0.190969351913207	1.45925635851742	-0.120289071522255	-0.194276971902072	-0.185557485079958	-0.237748388833366	-0.237942348787089	-0.236531096125082	-0.235980005350291
135	NVE16216	-0.204876921551663	0.502621109551931	-0.191061489710818	-0.0950075584868257	-0.0903653464643419	-0.138927739466705	-0.158170816814697	-0.161856220813596	-0.162767540533534	-0.157091047802041	-0.161630277281337
136	NVE1624	-0.0153469459619622	0.027935184464739	-0.0211601393985149	-0.0232282573628942	-0.0178396563209463	-0.00194186314348817	0.141418967519024	0.0212295062670468	0.0224035922113141	-0.0247411012865308	-0.021477897562457
137	NVE16355	1.92353103987518	-1.38951448501492	-1.48898331910813	0.112566350194858	-0.912333008035628	-1.17178373013235	-0.845998430434144	-0.462982178370722	-1.57592384807196	-0.768939617031573	-1.2390427969828
138	NVE16384	-0.251312120317952	0.166703897468454	0.402068079707669	-0.219498702097045	-0.275374271945261	-0.216801020599026	-0.101972385415076	-0.0938684731257791	-0.0810601012718827	-0.112501067886557	-0.328860480725612
139	NVE164	0.268768725720125	-0.21832129500386	-0.083968027296332	0.151793093565755	-0.201724773759043	-0.274097352013932	-0.0281001839934684	0.0335521602519891	-0.283898543979503	0.0855116383607605	0.150269922090468
140	NVE16430	-0.111269065355355	-0.0953959566936538	-0.154769235809137	0.968472296601796	-0.10284042283126	-0.0994048357339558	-0.110195064905408	-0.203311200887589	-0.177715190329358	-0.201274847071275	-0.199943171504536
141	NVE1644	-2.0672591642738	-1.38357379097826	3.21707947918255	-0.90073784041322	-1.29229274706935	-1.49866501172571	-1.25934621872657	-1.87820268210595	-1.08160440172186	-1.77045066671188	-1.56929933135243
142	NVE16499	-0.114053290993914	-0.0878319266263427	-0.148393954738135	0.906787760645444	-0.0853257510561495	-0.117108097945619	-0.144484788417217	0.0295731417596909	-0.143098476709337	-0.141555233047767	-0.141936688155589
143	NVE16500	-0.257922720217231	-0.330673207122065	-0.314606549189186	1.74996810658548	-0.273762523352298	-0.208890667255304	0.00882653348609047	-0.34268655301107	-0.363524920906615	-0.242992116266426	-0.381278295372693
144	NVE16591	-0.217507877838557	-0.232702427638417	0.108110283688486	-0.156162438245974	1.37569289756217	-0.178541439874036	-0.472140556788472	-0.655429849359962	-0.411128882500648	-0.170627755642173	-0.506899946775567
145	NVE16618	-0.712492806399088	-0.518945455572964	-0.457203084516883	-0.648304244586945	2.92059167023509	-0.55954956752025	-0.548871490057026	-0.720164834883861	-0.556641697128402	-0.713820912508968	-0.715406786281514
146	NVE16622	-0.237653032628251	-0.0749835751450827	-0.0102428202690508	-0.10147476661902	1.08717960950371	-0.0822635138971913	-0.180542835501407	-0.179285729703498	0.0152854501519937	-0.17793329875303	-0.177897169250118
147	NVE16643	-0.0264415347144075	-0.0168617612408932	-0.0405542775419758	0.00845746182672466	-0.0409902864406563	-0.0404432558915493	0.443336388798609	0.293154501775707	-0.0047353539918758	-0.0390965327339868	-0.038675159602702
148	NVE16702	-0.0201574438318503	0.00831259896660627	-0.031455820497323	0.162256360034186	-0.0287853038749705	-0.0264021480910862	0.0118770314487371	-0.0279525618122916	-0.0258892715373343	-0.0256845649957624	-0.0256845649957624
149	NVE16799	-0.0493299597088995	0.166019077170877	-0.0533457167850438	-0.046200382551495	-0.125821719884978	0.00971491183192846	-0.0821392442968328	-0.180499002179773	0.142693736816351	0.00438817270290742	-0.0423656263638845
150	NVE16820	-1.33711675084355	-0.963427596527466	-1.47797056793202	2.09264547523084	2.2544799224157	1.08547203879563	1.26108099271982	-2.00519760731388	-1.54439026451955	-1.41471063693164	-1.99765782304921
151	NVE16821	0.137780052438658	-0.112427758682296	-0.336386213179511	1.13844182701827	-0.427627164175418	-0.486516286359234	-0.566043591037823	-0.618557215033742	-0.198398607389005	-0.613897166597729	-0.618794137620708
152	NVE16823	-0.330167914453984	-0.328856047206439	-0.28084329274306	-0.0606420149867704	-0.293558886928787	-0.266870884893418	2.95237972436999	-0.331707457454066	-0.29173930331741	-0.328926591544337	-0.228251713854955
153	NVE16869	-0.16139654537142	-0.0581031421296138	-0.115048979403128	-0.103272292167537	-0.124608917035045	1.51700365922651	-0.120671284355365	0.0255522366814227	-0.119932150385317	0.0724845031340244	-0.119013777026018
154	NVE1688	-0.0469141796578002	-0.0276696905545325	-0.00248839102118024	-0.0481384787539487	-0.0524310040376127	-0.00358420718181788	-0.0507364359114	0.0133864794895678	0.0198696537141112	1.32274763474927	0.0455880939386356
155	NVE17009	-0.0188044933664906	-0.00971923428079646	-0.018364322061846	0.128174566505367	-0.0159043941410021	0.060998203798341	-0.0153534192820876	-0.015181908582872	-0.0152371335609922	-0.0151162124713641	-0.0151162124713641
156	NVE17090	-0.775454987834661	-0.751846833285258	-0.441552428363306	-0.600183552490966	-0.0443851169416865	-0.434318606128033	-0.496016611024227	-0.681361529692216	-0.482888311024895	5.32479121052286	-0.677226587386091
157	NVE17133	-0.183622331493392	-0.184883256910142	-0.118315237015416	-0.129593011305463	1.27468373039713	0.0532909451760666	-0.169240910053534	-0.167998211405809	-0.0962212839599233	-0.166686861969099	0.0221631502379925
158	NVE17138	-1.03748646138709	-0.667729721220588	-0.703379236282474	-0.382096505439991	3.19949686428183	0.110222564888854	-0.530224945048046	-0.715326637051144	-0.351300117815967	-0.167263773995938	-0.485407496537068
159	NVE17156	0.0274844624317239	0.00372936548552395	-0.0326260851554116	-0.026083237387498	0.0112878683430881	-0.0440990407989093	-0.0106860016711243	0.0273567501685547	-0.0418949841586824	0.143627904502706	-0.0415760098469723
160	NVE17160	-0.0347086246150158	0.0150442522253119	0.0344305387710466	-0.00118554529528177	0.0598242478826611	-0.0375515105576911	-0.0379362500719363	-0.0374043367964763	-0.0102739946755021	-0.0375691727700707	-0.0369302041225491
161	NVE1718	-0.02536659725472	0.393689753526649	-0.325759511693195	0.085874092110535	-0.121181427705093	-0.236768337350908	-0.156125775198704	-0.227412637346361	-0.369608846415328	-0.0626128689773991	-0.358279902482825
162	NVE17213	-0.653927650616085	-0.544971376553221	-0.746846581035117	2.73693077453649	-0.461386736397604	-0.368677866179357	-0.551917184589124	-0.544746568543379	-0.392951559881948	-0.693947262097354	-0.512938400230595
163	NVE17214	-0.247181499103671	-0.115870390169527	-0.27809993084203	1.2500486341313	0.0255506853642865	-0.00412496844748231	-0.142797460102337	0.071597639844951	-0.0902502961841673	-0.240060223639558	-0.238725740338807
164	NVE1722	0.00929138742451996	0.036140700783322	-0.0688668647541434	0.0201178657433359	0.0133915737410067	0.00990487832711208	-0.0977675246946518	0.0496945165408178	0.0193440729801654	-0.0297779872465967	0.0592027637239601
165	NVE1727	0.156848086422809	-0.180984887973068	0.0810991919479568	-0.146014141266788	0.075355837361212	-0.212119491536591	-0.0850681572196433	0.260794553666179	-0.23138693218652	-0.174169682725503	-0.226067709026904
166	NVE17328	2.54312007134387	-2.55423725404603	-1.70808088485543	-0.621521887664938	-1.11592380906701	-1.54126916692322	-1.19203124377858	0.478875242062894	-3.98837981921082	0.637693526822319	-2.04710906298883
167	NVE17415	-0.250549907176202	-0.190292571205158	-0.137740259238843	1.1098874436049	-0.0563328772073761	0.011998468493912	0.561371532682782	-0.161087228108363	-0.156326996885721	-0.206540261559648	-0.206385062555576
168	NVE17464	0.36031562317083	-0.333878361271038	-0.330480124874952	-0.040388600630423	0.0979526317434865	-0.12820174205474	0.392735134519396	0.69531106253625	-0.37018944880786	0.278077571059328	-0.272421170002024
169	NVE1757	-2.29654171302626	-2.0616755083004	3.47655087201971	-1.19959711073067	-1.26410167855024	-1.62162779440139	-1.66089247551521	-1.13175364109966	0.648940934268186	-1.76069514557076	-1.29833740294915
170	NVE17659	-0.14758315634327	-0.065782279359337	-0.0855310976061579	0.822916428045107	-0.11630345178642	-0.0929555988677309	0.127119629856906	-0.135726311049164	-0.13583900383708	-0.134659538677437	-0.134756391063031
171	NVE17676	-0.346831246055772	-0.294439732096133	-0.403622272034256	1.79846730709982	-0.314674615831382	-0.330419364470274	0.703305578810069	-0.40504170267747	-0.342819728959101	-0.470787048686257	-0.25301649540848
172	NVE17707	-0.500952616172642	-0.459263243991471	-0.203027514019763	-0.366217924395633	-0.229715429247348	-0.379347260988373	-0.335472937418258	-0.180865122309246	-0.270121542547529	4.56675673977636	-0.494708846666723
173	NVE17839	-0.344475893585073	-0.49459834793199	-0.542396024604482	-0.57931921629362	1.39547621484433	1.60722448266538	-0.0353615576117924	1.8926881297208	-0.676975178895893	-0.459110229617429	-0.221013029899904
174	NVE17842	-0.627667525339133	1.84116426106694	-1.61578468647374	-0.561391842441556	-1.02620320522906	-0.253154132182956	-0.679985308707268	-0.261366892007891	-1.50854707166615	-0.750231505385604	-0.121738440487134
175	NVE17843	-0.60284556545332	1.80501766925056	-1.68805929199521	-0.195780634454811	-0.942560230529091	-0.310672934696831	-0.877008117233726	-0.139147899022321	-1.96148554695382	-1.37319401607555	-0.707129696803249
176	NVE17854	-0.0191746376359513	0.116915570212585	0.0170935689712957	-0.115296598867504	-0.0901859680361096	-0.204925898750791	-0.15472403579591	-0.200823109793873	0.362574479890304	-0.00112975834483606	-0.200309806977243
177	NVE17878	-0.527133778315344	-0.401148347763076	-0.548698791587126	2.40834142662171	-0.464805163142014	-0.530085263218548	-0.278446569044437	-0.500263374424499	-0.569415238814925	-0.345002836874407	-0.316108741224704
178	NVE17879	-0.0723209105181976	-0.141843375226459	-0.146032697819096	0.905721209595567	-0.131168402721562	-0.0770747423003951	-0.1750571345739	-0.176809863704877	-0.173727223699515	-0.172058103139003	0.425912738975018
179	NVE1804	1.82930963592902	-1.15207828560218	-1.21322282687178	-0.724179160364036	-0.80376165877202	-1.23992735739454	-1.3700763721226	-0.0821824944018181	-1.10210894894446	0.693764227399087	-0.793317865741702
180	NVE18063	-0.0277919781992248	0.0791232752546548	0.0229023795406014	-0.0603501292065355	-0.0288579066392414	-0.057137351603888	-0.0585235385125396	-0.0581191716916558	-0.0582024538888677	-0.0576192983328332	-0.0576978874368059
181	NVE18108	0.00632261686075615	-0.0195287850666259	-0.0397819781206569	0.0187253445167214	0.0315483499290404	0.17592123209404	-0.0463971418056538	-0.0464466242338123	-0.0459979925278017	0.218080398888811	-0.0460465312767664
182	NVE18126	-0.0107082401284297	0.0114021959178527	-0.0059502215237752	-0.0112767012503243	-0.0191112300079743	0.0363482026444219	0.0947509211691258	-0.0116924267310925	-0.011663408144439	-0.0105853925144845	-0.0105853925144845
183	NVE1825	-1.71009991649046	-2.23415609658324	-1.89275933143117	-1.57077025153472	-1.91767962689609	-1.67803846981945	-0.928834711547753	6.74479666018699	-1.95778593319654	-1.2450576309335	-1.07137084933522
184	NVE18256	-0.539101649040589	-0.383300252477435	-0.298868933912838	-0.389172794802609	2.40300262297131	-0.426982762597954	-0.480466984787657	-0.10924314482316	-0.216354734791181	-0.472961497007851	-0.473213203252508
185	NVE18258	-0.341303135789628	-0.132856846155859	-0.244544124412451	-0.200560945829954	1.53475522265994	-0.0825726821096923	-0.244694443109073	0.601501379494094	0.104710557057258	-0.0912779249818478	-0.124729517246641
186	NVE18301	-0.0210439985764271	0.0540755836069914	0.001251195451351	-0.0306436246227976	-0.0361251826480584	0.041395561857559	-0.0443888381310774	-0.0367482182593201	-0.0162364592615067	-0.0387797487242549	-0.0368114240245232
187	NVE18354	-0.0683805665467447	-0.0714251598577419	-0.07761971318159	0.609873341538587	-0.0451523891294958	-0.0149660536250474	-0.0800672019069286	-0.0695135574392045	-0.0788942970307741	-0.0781155118177481	-0.0782816799098273
188	NVE18436	-0.295956776812583	-0.0680779911032113	-0.216204974989203	-0.264199794771735	1.53245249627904	-0.0842061064542048	-0.128082452279322	-0.159690280312923	-0.0706239123452065	-0.303315634916077	-0.307415552160733
189	NVE18448	1.14852313073591	-0.5305775749726	-0.88195824994898	-0.241587293464217	-0.44449036016092	-0.550261149675681	-0.818386758549125	0.227950810877352	-0.883837087499555	-0.17050533804164	-0.376551046749072
190	NVE18491	2.33024272358314	-2.13344787238364	-1.90439063274706	-0.25995358995823	-1.40678218641659	-1.36847117055939	-0.441121028121295	0.288583372063091	-2.94124799704762	0.964520825764669	-1.10955444591412
191	NVE18531	-0.434511871857544	-0.388532249695605	-0.444944972457616	2.11688136488283	-0.417127776703629	-0.0368546890339067	-0.221843910213905	-0.365985251859463	-0.501431072348349	0.372118639466453	-0.497360287416462
192	NVE18534	-0.0374888346494328	-0.0402156341454314	-0.0534291083611917	0.440928416843794	-0.0910929715719637	-0.0080616674428082	-0.0908610182201454	-0.0557738573836245	0.0348774101366547	-0.100777647125299	-0.100862408723854
193	NVE18546	0.0552545636423336	0.396607551600792	-0.335028723917887	-0.0357792143165798	-0.309695951816404	-0.201967690319489	-0.466744306728569	-0.116857706008655	-0.437132627649342	0.235178376150598	-0.181402161896797
194	NVE18642	0.250099474989647	0.0245690010733102	-0.206781071668141	-0.265060155752234	-0.261985011760688	-0.255053956729485	-0.25329997581317	-0.251754122241882	-0.252423499514447	-0.250398551725805	1.35450991796803
195	NVE18732	-0.0987642382360924	-0.189571739888884	0.372081376819561	-0.184932738094192	0.326488384792297	-0.180836736869352	-0.179736491430909	-0.0904143939437341	-0.178365625600268	-0.138811163653116	0.0718391903597006
196	NVE18733	-0.592829423108595	-0.706978587910098	0.705037650062456	-0.301856982203843	-0.432903019283292	-0.284207248597473	-0.263456429956343	-0.691139283070184	-0.0493285119368495	3.88873113536549	-0.694249259516162
197	NVE18759	-0.109976039790549	0.0744573708051133	-0.101315470814691	0.480767306039518	-0.106830629071859	-0.048645383247278	-0.129944548274568	-0.082756179670214	0.0264811919442407	-0.0184344689163614	0.00708926786244882
198	NVE18796	-0.0118035337381786	-0.00713569033011008	-0.00359377751422312	-0.00856073111410979	0.102260086867565	-0.00822194451411129	-0.00816186760476594	-0.00810197085920609	-0.00809989730216144	-0.00803545922067574	-0.00803545922067574
199	NVE18950	-0.751384706133117	-0.632287150126266	-0.642779898501314	2.85264297115977	-0.523837121172686	-0.631228424938429	-0.44234837446845	-0.518356180674693	-0.625762078815545	-0.450046732304127	-0.544646199549123
200	NVE18952	-0.32726109526599	-0.194918007697988	-0.307861760532181	1.62603910882083	-0.169003130621839	-0.204091377768089	-0.04009588315364	-0.286157118241149	-0.0294063744692554	-0.284868046066381	-0.283900979391131
201	NVE18953	-0.668110649081976	-0.53979177160979	-0.648688005340312	2.59490859702735	-0.474475123233135	-0.568560621578785	0.345184920600849	-0.585216617667324	-0.203032737606779	-0.374606824008501	-0.290912107894857
202	NVE18954	-1.51551054286809	-1.14573332866258	-1.40593273752088	4.07073894461323	-1.41825590900081	-0.769975692966457	-0.59691982202205	-0.923714262136348	-1.19820754816377	-1.07651517889459	-1.21102855736851
203	NVE18956	-0.634669140516113	-0.346896629006462	-0.535544821611001	2.50924521276985	-0.532219908964678	-0.553205387145432	-0.495798280381204	-0.558437098181886	-0.557662735575318	-0.507893014852473	-0.555607726668287
204	NVE18959	-2.07424836440892	-1.91632484368036	-1.76877807272136	4.86846046956778	-1.28188790668135	-1.57746322080961	-1.77678397245356	-1.24666004895321	-1.59524562098295	-1.94708596388321	-1.42965346065519
205	NVE18974	-0.977680219050052	-0.877076466834586	-1.29953147308997	3.57913219611239	-1.13999112822031	-0.844438730374429	-0.971418333570127	-0.495801528914688	-1.18280029903861	-1.27216144510281	-0.660965271598253
206	NVE18985	-0.208529771612241	-0.168401680141617	-0.116683646099333	1.24167832617532	-0.169262219948072	-0.172889669765819	-0.171188822260737	-0.170446778963641	-0.170532830930394	-0.141123073170071	-0.169264074005367
207	NVE18995	0.226327782400313	-0.105298916627155	-0.0718167604102878	-0.144269598158683	-0.182380891668828	-0.0148347698783337	-0.117415065027631	0.189319683812215	-0.180630465884261	0.154206940978298	-0.179471756038711
208	NVE19033	-0.426358705525697	-0.345629786675828	-0.244955854849451	-0.266007100813716	2.06654707846349	0.114295852483467	-0.222604025851532	-0.327555075594915	-0.327536515868658	-0.324943021145843	-0.307692043589254
209	NVE19035	-0.23416098200954	-0.193118017905288	-0.151820695400801	-0.103333440775485	1.2257187415664	0.565568168289885	-0.126782331849648	-0.177056332968005	0.012402508524977	-0.175691648580139	-0.175941388518435
210	NVE19036	-1.08313679931093	-0.855209205517005	-1.17918265833955	3.52247149492266	-0.924863623567412	-0.678269898766232	-0.558228356273047	-0.597756183499483	-0.708467504606674	-1.08152171557759	-0.966859894808491
211	NVE19037	-2.00392348726501	-1.43083063730825	-2.06026786431022	4.74843220844294	-1.69859164364409	-1.18419037929077	-1.64963008459318	-1.55632628086408	-1.22667459032873	-1.56124167999913	-2.63504505943368
212	NVE19038	-0.207052488707861	-0.132375564254116	-0.110343331968383	1.12745724443565	-0.118489411388377	-0.155172423937541	-0.153480692116938	-0.100103984628098	-0.0348110782630762	-0.15086826630202	-0.151948551877238
213	NVE19039	-2.33356431668844	-1.70385629442808	-1.96349070229921	4.98793733378297	-1.78128928377001	-1.432191368298	-1.48378168695642	-1.72129973649277	-1.44742091762118	-1.35610645763008	-1.7881381141761
214	NVE19066	-1.74355567323763	-1.70232267300813	-1.05848761400595	-1.43808882669706	4.67535346824718	-1.34509401690646	-1.87847198442014	-2.03781913463631	-1.21091810707907	-1.29614050738526	-2.00860834928401
215	NVE19083	0.0827553780030592	0.0204534690634067	-0.0701620134205665	-0.0275425568303824	-0.0519221450566823	-0.0972277355944573	-0.00718028393541142	-0.0415105977525657	-0.103753383089957	-0.0221701889546999	-0.102437595082579
216	NVE19135	0.880215501507229	-0.506085897766167	-0.282893448895099	-0.35033334624222	-0.382959813406177	-0.465564658640895	-0.412541406540058	-0.490093726365452	-0.488616770777585	-0.487041003572083	-0.485184956790497
217	NVE19170	0.0247005276480371	0.00616572533522995	0.00517143800951873	0.0131075585641914	-0.0635244957252872	-0.0888493859507696	-0.0934864803557565	-0.0160865642342279	-0.0980725015385092	-0.0961871222484995	0.285737413043634
218	NVE19197	-0.135212617851928	-0.0420726274636932	-0.104400959128933	-0.155933373223613	-0.098348772270963	1.47490186940072	-0.214619752023624	-0.0909659035468386	-0.111866553979652	0.0884508545921105	-0.211632702053529
219	NVE19423	0.0161734177875155	-0.112126441288874	-0.131838786877378	-0.093140957545064	-0.128731013387541	-0.0825218930415512	1.33694746273478	-0.12287123036554	-0.0625590147222123	-0.113022003389443	0.22461729476827
220	NVE19431	-0.463663975128841	-0.369616101943996	-0.363819915674802	-0.239188304188224	2.3077270531008	-0.327411290312942	-0.311288580237469	-0.393795515360705	-0.393162595017634	-0.389878295812359	-0.230995890682747
221	NVE19482	-0.239020622640064	-0.165450548327128	-0.214881446569677	-0.089450557455514	0.181880055347205	0.546363138070185	1.84455859386051	-0.070749722905083	-0.330158818091564	0.354198089756618	-0.0124994307096504
222	NVE19536	0.907118081536915	-0.712602232318957	-0.364362044992335	-0.480816578564302	-0.235475483333999	-0.492640867760584	0.702271139216768	-0.221998822828418	-0.665549817784187	-0.31814071746652	-0.590962885585227
223	NVE19537	0.320316397292629	-0.166910361475501	-0.174406513781371	-0.180412092733454	-0.211739833206141	-0.15534822960509	0.333944511558575	0.340452691076889	-0.202731406374024	-0.20090642922223	-0.201915723529191
224	NVE19557	-0.271891934924357	0.658252458663427	-0.391022342063812	-0.217674974713485	0.0137842513031321	-0.14225280724793	0.474525604078784	-0.35486559615879	-0.498470881395855	-0.284954172794735	-0.211040310610388
225	NVE19597	-0.893233965581482	-0.665641961475891	-1.22533956271589	3.32740848115694	-0.854987178258268	-0.845358597079223	-0.574109601799315	-0.848516426449404	-1.24518963372948	-0.888003886343948	-0.227943521890174
226	NVE1970	0.30445082017919	-0.129608440111078	-0.172851730962418	-0.0759263899901186	-0.0680901996997691	-0.187472153142914	-0.0890250200914188	0.0508402079331883	-0.184930219123478	-0.182168280165478	-0.0633678577884339
227	NVE19743	-0.335837535880561	0.6999551014232	-0.190054224329898	-0.14797331474715	-0.164829161309841	-0.273809055900474	-0.327616592412352	-0.214440926005493	-0.0692354372220214	-0.242396506449455	-0.380492830324082
228	NVE19744	-0.337933979924561	-0.164437239676802	-0.287680673139036	1.65077398804016	-0.181635324033118	-0.295163353163774	-0.240944625004401	-0.137388852026512	-0.340462725507401	-0.226967082838341	-0.256033267223947
229	NVE19767	-0.224463655608892	-0.169378014306121	-0.16804836670782	1.1992932108896	-0.215426124162594	0.0367671071973051	0.355041951682465	-0.204739498139537	-0.203711131201019	-0.202863753604372	-0.202661812960345
230	NVE198	0.00453511532409188	-0.00526717232378084	0.00906679237788521	-0.0126897176131151	-0.00953479854743989	-0.00899268757952365	-0.00911266120604108	-0.00882367697793368	0.0441549197557979	-0.00875125857572515	-0.00875125857572515
231	NVE19835	0.00618434407947399	-0.0249501475147535	-0.0189995938589658	-0.00674306540047392	0.0445374909084238	-0.0200085907558903	0.15653760063715	-0.0199280451511365	-0.0201440086759283	-0.0198806478029349	0.125557922156189
232	NVE19857	-0.044196080299848	0.00721355706763623	-0.0401908531847493	0.26623554804585	-0.0162093626234379	-0.0237943552996758	-0.0382801801911926	-0.03704149222772	-0.0369361866723634	-0.0372202821324391	-0.0366452354171122
233	NVE19910	0.0877225003842393	0.0206028457873898	-0.11291870570002	-0.185549881583828	0.15798936122623	-0.237017234956302	0.150283856767555	0.254098804845471	-0.185235669007916	-0.231858148905508	-0.0924751838969175
234	NVE19951	0.178081151319677	-0.0629661594520771	-0.099524223000667	-0.0749323066917359	-0.0893661639379249	0.0092496040300649	-0.0216278892068025	-0.0282797565688458	-0.0931108437679581	-0.09096762665858	-0.0896305484633653
235	NVE19980	-0.238593976924789	-0.244845291092614	-0.304263702334533	-0.0728205310761897	0.530078188745645	0.269856922320574	1.47730084084066	0.0985155315665848	1.33657260227502	-0.2862039378473	-0.270895929131556
236	NVE20010	2.9354009736186	-3.33863206570259	-2.74209363638571	-1.53066929462685	-1.39433558875307	-1.39095804382243	-0.0680427166106488	1.07814199949979	-3.58600253822916	0.664141486649672	-0.961465300829859
237	NVE20068	0.135099485393262	-0.311469902233137	0.42033132774433	-0.169965044017815	-0.27297342148805	-0.286860314977735	-0.279947792867098	-0.232287658677622	-0.280416752714324	0.218545334197158	-0.0721853516513772
238	NVE20069	0.158655381981471	-0.0357967897460774	-0.035087311837195	-0.19262341759948	-0.0543684337122788	-0.0401391068678545	-0.0123568251127646	-0.146780672335873	-0.059845664302703	-0.184563936583137	-0.186840121498861
239	NVE20112	-0.1295126725154	-0.133712563983243	-0.0841303814429681	0.942473553780743	-0.0234051899198333	-0.0997221319366762	-0.183682390158562	-0.178974471772706	-0.180346133910164	-0.178513932040521	-0.179163094124343
240	NVE20141	-0.268539589527655	-0.274950523500965	-0.290947018195536	-0.214718322303068	1.82962417858572	-0.248988003746596	-0.244249073003144	-0.21327906841015	0.0558160587605559	-0.243338132948303	-0.243888339012418
241	NVE20142	-0.268287095535795	-0.220631068806231	-0.218676516636001	-0.157126958690528	1.65065621924145	-0.040295669698948	-0.201061723107686	-0.199679880610861	-0.199632020115739	-0.198143944663581	-0.198313676288218
242	NVE20143	-0.402766963918929	-0.36627286730383	-0.374303319469834	-0.314913009681525	2.25017347285794	-0.366412311053688	-0.105054887126793	-0.363523707565384	-0.361397485055792	-0.358942480439424	-0.358898840113958
243	NVE20455	-0.116608135185256	-0.0323530621896135	-0.0685260723142374	0.550742388821322	0.0949904819474414	-0.0183832309058595	-0.0818356914132153	-0.0817563308963173	-0.0816277724384733	-0.080984180440168	-0.0809605624020796
244	NVE20456	-0.305311554571239	-0.0939552129750045	-0.00974320299442766	1.13933347864742	-0.0855468202209829	-0.129054272831612	-0.140483126360078	-0.270631884543314	-0.127771737549986	-0.17644683875155	-0.269083449803533
245	NVE20457	-0.0230257046345833	0.0313757524097409	-0.0460089763528758	0.183616739451311	-0.0401526312940418	-0.0385233064906079	-0.0387361195100184	-0.0375674126213809	-0.0377031906239524	-0.0386892541183749	-0.0475607379486129
246	NVE20473	-0.187846879871526	-0.167826955679978	-0.163053597282564	-0.0627951686406963	1.31313174629598	-0.0493570324679293	-0.15356548622708	-0.152402401939297	-0.152293101783207	-0.0619957989088711	-0.151139635140762
247	NVE20475	0.0235291027360168	-0.026881108305335	0.0224968762928969	-0.0126756966865018	-0.0257329306134191	0.000716923220126797	-0.0227707434570044	-0.0246203154875981	-0.0245844104120044	-0.0240623034194632	0.0180421729495056
248	NVE20512	0.0116143930038916	0.0913537109624714	-0.0357349658861337	-0.134065332170811	-0.156960992548476	-0.134224103759542	0.132580779586737	-0.0415648837359487	0.204580102164167	0.0371826278367238	-0.0104609714051169
249	NVE20522	-0.0340410300090846	-0.268158161058782	-0.162206731263621	-0.244434989215463	1.3557376466684	-0.326764889939016	-0.21990788242794	-0.297597493124692	0.0356100293785719	-0.31973394012009	-0.117135518377388
250	NVE20669	-0.0259838691925245	-0.0833890673720209	-0.0578582913309785	0.491275741393712	0.0126720105833709	-0.0833798483542409	-0.0823005976090676	-0.0807727295841923	-0.0812424617634181	-0.0807960959545519	-0.0815657334038188
251	NVE20703	0.0476520525977048	-0.298951654190557	0.494630343986288	-0.102506298803508	-0.266305126114104	-0.218988203778479	-0.256618708535875	-0.256505341576033	-0.0198333297523323	-0.253127075725832	-0.255220436100452
252	NVE20709	-0.00900240329772245	-0.00838215321557594	-0.0107238638104602	0.0977798170569902	-0.00943887970754579	-0.00902769893410604	-0.00896175272518419	-0.0088960040143181	-0.00889372786412979	-0.00882299381704625	-0.00882299381704625
253	NVE20730	0.937995672036942	-0.614988506511706	-0.514959833413262	-0.179459681013178	-0.05879473901681	-0.681300748097191	-0.121381227534731	-0.1998271228821	-0.591807590199552	-0.289261935652185	-0.602759019404324
254	NVE20774	0.700588988272949	-0.8899208785412	-0.436811998969555	0.209512071056907	-0.776454975559884	0.434729468661182	1.27034625032039	0.064190400819796	-0.873844804874136	0.213654998769387	-0.781947781389998
255	NVE20798	-1.37833642244399	-1.46703088820858	-1.30808297680964	-1.18166453509032	-0.674520207014995	5.10829864794336	-1.25826771254763	-0.376675230391459	-1.15568576046998	-0.499449794370839	-1.5259918350231
256	NVE20810	0.0302218107935328	-0.00824751123528403	-0.0142822194075297	-0.0297867309065084	-0.0369313159404768	0.037438625632356	0.0174653423492956	-0.0413974227581042	-0.0408828636307265	-0.0407707881587268	0.113915449174437
257	NVE21127	0.0460469155510661	-0.0471220311346915	-0.000831580650422936	0.0587970920638864	-0.0849497345930482	-0.033584481279214	-0.0114866859888978	0.149982992548221	-0.0884833189564256	-0.0899315245104372	0.00315473603278921
258	NVE21192	-0.0100623120851351	0.00864773740081557	-0.00698448868014668	-4.35440375729824e-05	-0.0192219029934607	-0.0184447252406314	0.163982949547732	-0.0173137747776968	-0.0180524579342774	-0.0174682794460683	-0.0175279773419517
259	NVE21250	-0.187492149958697	-0.0537132961196329	-0.0374512472566097	0.700886297314128	0.196223960214856	-0.00704143456747	-0.251754765993672	-0.171495417849073	-0.0672139760175333	-0.0647414029646825	-0.259168448736283
260	NVE21412	0.101316404313755	-0.0522807828376794	-0.0508918347524593	-0.024843588540576	-0.00174038596643093	-0.0122279422208493	-0.05473365055626	-0.0502965606268438	-0.00676371596884614	-0.050309045726089	-0.0510379036470098
261	NVE21414	-0.382684182584097	-0.164460198742124	-0.288119233093934	1.6827996879508	-0.341352607723899	-0.22415272352279	0.204302745806907	-0.297258107101036	-0.29740082674472	-0.201446922788959	-0.22889681460535
262	NVE21426	1.01976376919959	-0.896733239893648	-0.79547065498866	0.940447369805387	-0.561391799565185	-0.876140778930223	-0.980947490320148	0.39666467692933	-1.43627379698588	-1.8349974240565	-0.501922751916946
263	NVE21481	-0.183411777061124	-0.15351570740002	-0.145594083617615	1.12426649483762	-0.0914235704674986	-0.148566595957925	-0.0649628881134216	-0.109226225604491	-0.0824242586729313	-0.0133389771111876	-0.142054535368183
264	NVE21502	-0.111832469075092	-0.0330017696523762	-0.0426159683603813	0.0560749435065966	-0.0236805687142609	-0.0787558864813946	1.11354729519074	-0.0779775151665926	-0.07810407184263	-0.0773524930320175	-0.0773524930320175
265	NVE21615	-0.114259066311999	-0.0177199949561509	-0.0218516768761314	0.484431368092385	-0.0564041679242253	-0.0806368096174607	0.0364102001063813	-0.0791825663730553	-0.0795145064292251	-0.0789016736082037	0.22641513282643
266	NVE21790	-0.0059658183271838	0.0035106555423553	-0.0241990373395169	0.0682080459570761	0.0353501041786618	-0.0204802428331688	-0.0206771081400081	-0.0200739335545547	-0.0200260860645523	-0.019867421042713	-0.0199641997960712
267	NVE21797	-0.391856074612694	-0.22943775806869	0.777101732094987	-0.160480023657345	-0.0950830032359416	-0.224924777756524	-0.208791628675663	-0.292568008492112	0.795584551528457	0.0179925249634956	-0.346535824285834
268	NVE2187	-1.53505712750249	-1.44887247641653	-1.38371232107776	-1.31677557158407	-0.944010911239958	-0.554203283840703	-1.0687267845416	-0.90286347878957	-0.901579581972395	6.84928777353354	-0.508418761964377
269	NVE2188	-0.592595757969358	-0.371983295797054	-0.539362134882282	-0.487656222262294	-0.091487720304943	-0.28933655541695	-0.504740639916423	-0.317190488374022	-0.444517242201165	4.86935005824282	-0.496988758684405
270	NVE21880	-0.329192163773143	-0.205441191453862	0.636004571314437	0.243214836429724	0.0337895662705079	-0.178775127038234	-0.278611576106587	-0.277735696389775	-0.123424363253348	-0.275953806929302	-0.274360268074335
271	NVE2189	-0.859171713370426	-0.857210846897465	-0.804639851525143	-0.720725586521037	0.161030452129232	-0.0459209214444757	-0.663592625727698	-0.748444155113561	-0.748229842066905	5.59630300301867	-0.743592225338095
272	NVE21920	0.467725933440497	-0.362718057502057	-0.125063433981801	-0.292523490291454	-0.221353153066266	-0.301695391862583	0.752655744914777	-0.336381141415483	-0.255115399207144	-0.332436106989636	-0.156440519071495
273	NVE21927	1.09062827006255	-0.50320090801967	-0.617643179372248	-0.575359527264135	-0.523385155146785	-0.253977296616598	-0.358185900015756	-0.708334354321626	-0.707765134532525	0.144053780767147	-0.706708988366388
274	NVE2195	-1.598931547353	-1.40143965881851	2.79845345564001	-0.675097160696113	-0.973628798361327	-0.782503667791106	-1.17298003045239	-0.606533897575312	-0.776061579051849	-1.31322145047119	-0.925399044161808
275	NVE22000	-0.447334018122791	-0.428736317934066	-0.0381544859430346	-0.102730054318804	1.99827996766499	-0.478060963272316	0.260145809000478	-0.467567713259185	-0.472695658657922	-0.469877195365034	-0.469490400222231
276	NVE22046	-0.128819909632498	-0.202567764532995	-0.164494359190755	1.15674796362292	-0.03706655596067	-0.213516013306886	-0.105049660768458	-0.213435821024515	-0.194084274838353	-0.148835968955053	-0.124916369262402
277	NVE2206	0.0470176770864708	-0.103553625582172	0.0775701825587454	-0.108773787084282	0.0165434236269148	-0.0514369658551651	-0.114939198816361	0.208971776206417	-0.170285696478065	0.109484956729002	0.358441916968714
278	NVE22133	2.81860059718997	-2.30955380845746	-2.08668266237178	-0.831664891689786	-1.586284083474	-1.34473709126324	-1.759652640525	-0.901682554038616	-1.9516765817371	0.133528038653085	-0.8872597115767
279	NVE22143	-0.20704333218324	-0.186400459686839	-0.221549989017859	1.37595053750914	-0.159112526528535	-0.214342578027931	-0.212106308951487	-0.211137524405257	-0.013348809750494	-0.209663735211443	-0.208756161860895
280	NVE22146	-0.140385334659111	-0.0218638141874442	0.0158936690874676	0.474235159037128	-0.0693473402148805	-0.0997615805277858	0.0493973438019065	-0.122892144725286	0.280701507060414	-0.0829263131345909	-0.121709315869672
281	NVE22148	-0.395548272376885	-0.38712282815843	-0.388274212511134	2.06810139359302	-0.328864017279594	-0.42328532479918	-0.0530998062769322	-0.341372526785792	-0.319680026284784	-0.230483904529235	-0.409378041439479
282	NVE22154	-0.29341698884932	-0.235663731330139	-0.222571564815154	1.55947123869889	-0.216013207064693	-0.183663470650536	-0.140705849323949	-0.230429049398456	0.0280445502325713	-0.2299409922142	-0.229852771774754
283	NVE22206	-0.29519697269375	-0.29690475277397	-0.353860358853999	1.78517741288978	-0.211851006502515	-0.0789792369503297	-0.282904605861241	-0.323365835909093	-0.418059250727339	-0.26160786036739	-0.140286752470681
284	NVE22240	-0.0438473260416208	0.233882086270771	-0.101442595639003	-0.106585393756969	-0.0959304019797156	-0.103840606517018	0.0477139344725137	-0.102306458010504	-0.102598621536084	-0.10296180022975	-0.102022270142284
285	NVE22267	0.0417036117028151	-0.0118456446314845	0.000177223838316736	-0.0309486381141795	-0.0314026486290451	-0.0300104753424969	-0.0295280575018197	-0.0292304353504639	-0.0296221465052743	-0.0291111631881242	-0.028778988678815
286	NVE22301	0.707445284531147	-0.244060303264768	-0.532725883760932	-0.360146339129393	-0.35377552684695	0.0283709209312325	-0.319926106238384	-0.361759402894478	-0.206667195749662	0.0118086182603856	0.214640948666014
287	NVE22387	-0.304935896245573	0.628992799593747	-0.306435252893662	-0.298000446627677	0.0777822125384475	0.237364769221681	-0.291788700921874	-0.260436744446011	0.156950721509858	-0.289493427738931	-0.28951046466816
288	NVE2246	-0.000903303247576412	-0.0191310935106871	-0.0124640263486852	-0.0236985167598137	0.041854105793444	-0.0513457459548149	0.0390393314674185	-0.0504948291933009	0.152679422469912	0.334225668376989	-0.0499236060513205
289	NVE22506	-0.748370400227323	0.461691594725411	-0.538826044414397	-0.563700354552156	2.05284173832812	-0.582875268813544	-0.578942734181998	-0.576081691605131	-0.477218546443638	-0.572847158930985	-0.571833020529394
290	NVE22589	-1.47957256447987	-2.1332564372127	-1.84018956657606	-1.45311631445556	-1.81561070008133	-1.51208082322266	-1.08500749924533	6.54859579131101	-1.89198284032438	-1.24217546153074	-0.579419722562536
291	NVE22590	-1.3644822314624	-2.06439734143998	-1.72577219431298	-1.44694189032894	-1.89274351056686	-1.39375578289329	-0.8687611208123	6.43374239918081	-2.04859636430536	-1.09835939379594	-0.95877652012435
292	NVE22594	0.126546541099727	-0.181070235324634	-0.233996010770204	0.76037210243709	-0.22980667285248	-0.267909933369644	-0.0540026505366182	0.164881179403461	-0.263800674071735	-0.105984253092299	-0.261981047123747
293	NVE22597	-0.0558806030041925	0.0951072897995085	-0.0443362993149977	0.124619766322261	-0.0308163480617591	-0.0516112908932318	-0.0592767133231183	-0.0587449758823864	-0.0149975215375502	-0.0580015306365537	-0.0582746648093705
294	NVE22684	-0.623785217687673	-0.389451395559076	-0.206010539076139	-0.402057523561984	2.42911546234144	-0.231325644267816	-0.413229520548971	-0.489134765683641	-0.28730726716419	-0.425339853435856	-0.483957514569126
295	NVE22714	-0.314737422892771	-0.32595593701623	-0.286431208467956	-0.205237270127361	-0.325262905356764	-0.0975565840204165	2.95714957002392	-0.235560874771152	-0.275426649519398	-0.333388119862269	-0.187364281592351
296	NVE22806	-0.0228419252057569	-0.0202134255396195	-0.0189137646140776	0.138646580987418	-0.0149560649562915	-0.0159293578864641	0.158278738214586	-0.0156229783016317	-0.0156935218026451	-0.0155689983469748	-0.0155689983469748
297	NVE22858	-0.1880599571375	0.433010919835497	-0.188808196496465	-0.120908851802127	0.069633902460246	-0.113082096159816	-0.046024353071851	-0.200408644262464	-0.0730008043694126	-0.200537189892229	-0.196951127266982
298	NVE2289	0.57479351699208	-0.502596763847459	-0.280726867770423	-0.172904332955474	-0.10209731860812	-0.223501734474352	0.22285799874994	-0.153376062793351	-0.530248394998357	0.803805436180186	0.472726765940213
299	NVE22902	0.42493929933267	-0.416948771202771	-0.263329093865947	-0.209881351012953	0.47317660550797	-0.185328066235338	-0.218582826614742	0.545398158008355	-0.346969718031152	-0.335685793571698	-0.0388870327304586
300	NVE23043	-0.388598269633188	-0.346460640954377	-0.295445153687069	1.95544574260077	-0.245700287625663	-0.34889278660637	-0.332910042677875	-0.213877670942239	-0.377279245191962	-0.373679958258035	-0.278828134736253
301	NVE23044	-0.0474192531309351	-0.054790782753426	-0.0494798376979509	0.444029557923129	-0.0499483398730384	-0.0485594436765848	-0.0476879951900403	-0.0476642719196703	0.0739830059350818	-0.0458436924677508	-0.0472782495388777
302	NVE23085	-0.0335120359328507	-0.0256099292567395	-0.0432653812515983	0.337011950223146	-0.0375433777875207	-0.0370036912940908	-0.0376029818561322	-0.0359564995005616	-0.0359754078294103	-0.0355855965041861	-0.0356641270047741
303	NVE23133	-0.0364417838005528	-0.111566607424285	-0.0782240349035077	-0.113354028469189	0.694637071181027	-0.160784815011869	-0.178115993254817	0.0448319618555666	0.353013538634385	0.119083296177984	-0.175464086505264
304	NVE23149	-0.00686418077767652	0.029869033592539	-0.016822977766868	0.0149002376709263	-0.0145684740002837	-0.0141668586321066	-0.0140635540784322	-0.0139605562417366	-0.0139569905189473	-0.0138461798963135	-0.0138461798963135
305	NVE23154	0.00911761456975734	0.0012167854142569	-0.00762348163864153	-0.0283451688280131	-0.0281982441919443	-0.0272307725816373	0.181720700211118	-0.0268359905134059	-0.0270433970963566	-0.0342873040130533	-0.0312444059078732
306	NVE23161	0.291518967901771	-0.146662622887552	-0.11679390064553	-0.055461041227401	-0.136948607932568	-0.118147456393472	-0.115026167520049	-0.0307800302853271	-0.139895341201851	-0.1360946810225	-0.137201785486977
307	NVE23229	-0.0823464119759302	-0.034536953319954	-0.0693822024839046	0.191505956210483	-0.034967968164341	-0.0675987230848878	0.825804965346647	0.0132738580371332	-0.0671637093100003	-0.066301619280988	-0.0663862225748992
308	NVE23275	-0.0943645649453334	-0.100325580327936	0.114248426789306	0.0121241999624256	0.417473137365208	-0.0802804754078613	-0.0794022169896438	0.0338402762619391	-0.0789941970376921	-0.0777728093007112	-0.078380825072345
309	NVE23277	0.998626880321932	-0.730940581058455	-0.583026865748055	-0.466544157891027	0.247601452922359	-0.488411000734565	-0.207623607699182	-0.725948465319488	-0.449580242777063	0.373064362310231	-0.322293866124046
310	NVE23350	-0.273032801547708	-0.168612096595151	-0.17779984747001	1.38191077069049	-0.202292237079065	-0.0929323195671115	0.0660781046176309	-0.231517349372944	-0.230564725001575	-0.228708991268747	-0.230423119897391
311	NVE23373	-0.0265026097354552	0.37912242201995	-0.112066630781109	-0.159012084246931	-0.358589713190288	-0.41777383738648	-0.293027160007345	-0.293501094680352	-0.228641603104312	0.529277323454758	-0.280698400410253
312	NVE23425	-1.09427377445834	-0.491091382461312	-0.538532868273748	-0.599548153380447	3.23771434207462	-0.627202853271546	-0.34872901662532	-1.00158547230987	-0.804227299281262	-0.887083642049266	-0.995421652466807
313	NVE23433	0.143440612028301	0.693759625922558	-0.523494428682387	-0.473360332545412	-0.648070801868384	-0.629262905439056	-0.175790695815622	-0.495685492864015	-0.461758382033573	-0.571693328635199	-0.618203269533304
314	NVE23459	-2.16455288570052	-1.50775233717149	-1.42673266398717	-1.95575425490049	-1.07891486973397	-0.905800379186562	-1.5886614968602	-1.35134134595333	-0.739267866444099	7.32401540234673	-1.87274522048855
315	NVE23460	-0.724480395288472	-0.446446909588142	-0.482376268557863	-0.565005050447706	-0.291987451101147	-0.53351063671152	-0.605675808875691	-0.566038294813022	-0.0979999993482419	5.1282606717467	-0.595377824281322
316	NVE23528	0.131504299923933	-0.06916531741344	-0.125808212715884	0.045604880929231	0.0110021066470549	0.0905348806981173	-0.108620441527553	-0.10946902592968	0.0886328138872276	-0.107503262622104	-0.108553445764359
317	NVE2361	-0.0415993902057416	-0.0386310034402103	-0.0815982392507595	0.470604106080879	-0.0638881716921628	-0.0274643492231096	-0.0387356282241326	-0.0683219524126022	-0.0681140315578708	0.0783772341275565	-0.0683008259266948
318	NVE2362	-0.0400191706716206	-0.0238723699291479	-0.0180665982505881	0.303429969551771	-0.0295151209888504	-0.0407715818835842	-0.0404217686127229	-0.0400538667745023	-0.0406490398205821	-0.0398025644848754	-0.0398025644848754
319	NVE2375	-0.653379879252102	-0.545330199390925	-0.367599465480038	-0.609578761573342	-0.431032797860684	-0.448240000206174	-0.629214320079344	-0.645435083211394	-0.319534918339265	5.12444995572559	-0.641787490138192
320	NVE23787	-0.431006094284436	-0.269436999019046	1.07970719742922	-0.359319962165579	-0.24197790013975	-0.309368356157794	-0.336344090387573	-0.384797626430563	-0.110240175555432	-0.381365363302881	-0.383076554160284
321	NVE23805	-1.00114048272715	-1.53897575828117	-1.47667526981629	-1.20098851641561	-1.09448963012528	-0.770186833050606	-0.913683573585877	3.28753592725564	-1.48137894606021	-1.17050211453668	5.7971279367211
322	NVE23842	-0.0197918892491524	0.0313993103090141	-0.00526099128542571	0.0504639232501841	-0.0384369281249256	-0.0367450015638983	-0.0367975527630913	0.0859302902075345	-0.0368505361672739	-0.0366835150193053	-0.0366922289026911
323	NVE23852	-0.0974630788019989	-0.0814408563631828	-0.115837258191218	0.0116577544981154	0.035074537820867	-0.0809360568551052	1.42305490344666	-0.105057784930541	-0.104969945637978	-0.103836787985875	-0.104162050889918
324	NVE23861	-0.0437189114426033	-0.0124391898258548	-0.0130092845347745	0.250119153744575	-0.0167533172325119	-0.0300483109659718	-0.0301336250705416	-0.0299754332083834	-0.0153076555687338	-0.0293384186446689	-0.0293717827203165
325	NVE23893	0.233721854426205	-0.110395492783451	-0.114183154937631	-0.0776035207876318	-0.0846021982835885	-0.106478609566012	-0.105791404348083	-0.104976277867552	-0.0245095446934441	0.229840315030123	-0.104307410209769
326	NVE23895	0.96733925914108	-0.572386182880805	-0.55819959182981	-0.646819660156819	0.338512625591761	-0.78056998419471	-0.683037930823911	-0.573899114858126	-0.212642506952786	-0.259985829276914	-0.0947793147253024
327	NVE23913	-1.53453272751486	-1.56543198065306	-1.62686369846882	-1.23992260966539	-1.5131350008867	5.43705872600334	-1.5386055428073	-0.802565017789462	-1.60866464104541	-0.10740512712839	-0.667145463147203
328	NVE23986	-0.421673679458537	-0.407819070481455	-0.296186768886491	-0.0797763404591857	-0.319243324092529	-0.390905527885497	3.1986358568099	-0.267269195660588	-0.14245527719154	-0.38492696380239	-0.389689728856506
329	NVE24090	-0.0824719667908146	-0.0328792600952275	0.0550091115628511	0.186110764108177	-0.0432274519899502	0.104686120731901	-0.0812529769987937	0.0666288877723036	-0.0283059690171128	-0.0854656482719833	0.305929955706786
330	NVE24148	0.0488476087807974	-0.0131752113532276	-0.0258807944557618	0.00329629699258212	-0.0339936679030156	-0.00687222595339568	-0.0351838415027632	-0.0292765946275963	-0.0325977029010959	-0.0317407951490179	-0.0322701234660705
331	NVE24173	2.41683468458691	-1.85977912650569	-1.40612078980096	-1.43922974107855	-1.18926313954961	-0.570787152489333	-1.03561325674235	-0.26194713389838	-1.6386843298485	-1.65272634140758	-1.31249120851749
332	NVE24221	-0.0454439715935371	-0.00664047383256964	-0.0218552058225752	-0.0612205258412274	-0.0298518798296067	-0.0591900373119692	0.22753238164474	-0.0597819541734455	-0.0621989684243802	0.491005566350268	0.855922904963296
333	NVE2429	0.0372233082408512	0.00340651020362266	-0.0491870334883557	0.00925223349003966	-0.00740744306510494	0.0500248193587517	-0.0417297359475171	-0.0390805257902557	-0.0415945899491444	-0.0404123168089875	-0.0398691105208309
334	NVE24293	-0.262533932914648	-0.123357215048931	-0.23656780349702	1.38234868668787	-0.213691466849217	-0.103858124264569	-0.0282834046018359	-0.243932551377522	-0.229181572213547	-0.223450687062878	-0.0665550831005652
335	NVE24305	2.67245357546533	-2.40800761448628	-2.00933845224067	-0.782811833233348	-2.17173677670238	-1.20317454710332	-0.12076959684976	-0.396909943148524	-2.42129263897111	0.592141035811347	-0.806991559182859
336	NVE24307	2.21111339201843	-1.94933195157445	-2.05718283801529	-0.567159318822745	-0.0628456971698306	-0.775580114289039	-0.91448274276593	0.0110870777518146	-2.62167337669245	0.178286859374817	-0.637012686171782
337	NVE24308	3.01567074678632	-3.02734682865736	-2.32219431503876	-0.209631229145309	-2.96536205242385	-1.96205302771767	-1.44766692549265	-1.01185942958631	-3.17182385708281	0.0832426730536833	0.058666588888606
338	NVE24329	0.0304075811022638	-0.00778760680831986	-0.0256025452821282	-0.0475502749595938	-0.054324987086942	0.0331364077406951	0.00106085849340484	0.0913706481848216	0.153588389877083	-0.0519970581374577	-0.0521468583322833
339	NVE2433	0.397490536566165	-0.154323908015947	-0.209550120310425	-0.178577845339129	-0.206719056236716	-0.225027088165418	-0.239445889311179	0.428254332814332	-0.234700127825025	-0.232092694287835	-0.232299556388403
340	NVE244	1.47758285537953	-0.953157412647388	-0.89942023751812	-0.56280501827346	-0.61563113020347	-0.21925731628873	-0.826383179632346	-0.565419743154122	-0.69348860959774	0.376647308634382	-0.807295085787856
341	NVE24405	-0.140079590507264	-0.0567664991253818	0.00948460110444381	-0.0980582448211488	0.753546642858642	-0.0815742523162612	-0.0976169445715322	-0.100531712640634	0.0376087912882662	-0.0998806794744908	-0.100401019027686
342	NVE24408	-0.167372594105585	-0.132118609110689	-0.121602728646028	-0.167170381426763	-0.0948666237450211	-0.0715934488198299	-0.0598605116040553	-0.16097481484403	-0.152920044137824	3.09731364195413	-0.194940252224529
343	NVE2447	-0.682860320219206	-1.05983705608978	-1.01516932872845	3.16813329446085	-0.784239879223265	-0.68690541714823	0.252022952569166	-0.5348588694827	-0.839464077443254	-0.468485686361043	-0.236215746741912
344	NVE24491	0.12068616623402	-0.128080824198303	-0.0874250998519534	0.0890600916026642	-0.143048382416827	-0.0798959847839709	0.120942293486314	0.123619745662072	0.496925242218082	-0.161339097514589	-0.162574808368086
345	NVE24510	-0.793481211873749	-0.786275584602792	-0.79550504253512	-0.835870704619963	-0.356507928289426	-0.159092507161177	-0.625166229347357	-0.581473113495181	-0.312794491121745	5.6084521987491	-0.249595003552857
346	NVE24519	-0.00768238592524283	0.0153830649694558	0.038488047048732	-0.0130222826549093	-0.0378570432672692	-0.0115971276327849	-0.0498371107968845	-0.0510665295223652	-0.0509094555453278	-0.0110184171737605	-0.0507557522323424
347	NVE24524	0.328322417976303	-0.156603343550239	-0.138109219992576	-0.116652117772515	-0.116372599611313	-0.165507257003047	-0.0813142666110392	-0.0363093863771725	-0.163259483558438	-0.114562126338345	-0.162731755737276
348	NVE24623	0.407420079020439	-0.188761419067237	-0.141247901221913	-0.439146433834038	-0.263580766810337	0.144135187548307	-0.169370950120575	-0.244408960183189	-0.379154032919498	-0.172194165790982	0.775645133010519
349	NVE24706	-0.0859014949943802	-0.0376688208602414	-0.0593677337203466	-0.0389926315255269	-0.0384140883935756	-0.0699493196256325	1.19212680478464	-0.0687412089876647	-0.0687239800637036	-0.0681884819459379	-0.0681884819459379
350	NVE24721	0.523330970827117	-0.379594657331692	-0.20231392064589	-0.245019281462276	0.278203803970224	-0.273469811974314	-0.144998695520566	-0.365996254959699	-0.366779375812868	-0.361667219546926	-0.361428600911689
351	NVE24790	-0.433920151997183	-0.434333738393649	-0.408276235357525	2.09995526030068	-0.370008030523222	-0.324918940078817	0.298772016858242	-0.409335293691829	-0.164605503234999	-0.252392740792856	-0.406095119579927
352	NVE24828	-0.747803211129641	-0.672117842510917	-0.580638612631365	-0.317560141872258	2.94211445254066	-0.649357949162119	-0.0114755625849275	-0.514556136297659	0.03248956099992	-0.611039581420156	-0.69025524309948
353	NVE24829	-0.0274342672122269	-0.00264019502581882	-0.0175323128941149	-0.0206496123354406	0.19418309810071	0.0157115868611735	-0.0196913309352621	-0.0195473951322269	-0.0195424120886638	-0.0170257908016468	-0.0193875534827028
354	NVE24845	-0.120102113377875	0.0173091001550244	-0.124880857171831	0.62211868510821	-0.07287105295772	-0.0313072907558127	-0.0138603004889101	-0.109662630293265	0.0283092419659901	-0.10992763778119	-0.0437147518168538
355	NVE24908	0.583146214397321	-0.241135147215258	-0.278931524954741	-0.247471367742751	-0.297555401965358	-0.331243610728978	-0.220748494080839	0.0034695590523986	-0.224087402677616	-0.317945671544773	-0.273014948346459
356	NVE24964	-0.0138079341661026	0.0203845546600349	-0.0727852578599339	-0.014868630388932	0.029521412553807	0.0962283831712974	0.0201955988531106	0.314612425906047	-0.0874845183737222	0.168094039826235	-0.0870486704627546
357	NVE24980	0.477293837641174	-0.297623898510308	-0.257671055074697	-0.121229943256851	-0.171605345278503	-0.1552011959583	-0.270437890116341	0.478178268751765	-0.268924978645466	0.204175214828759	-0.270828167799778
358	NVE25138	-0.258846680400491	0.725561380733847	-0.356732119725331	-0.196272511144244	-0.109211118338327	-0.063680715429584	-0.275410044127082	-0.338789218343206	-0.339101339063481	-0.337396481177795	-0.282702867474096
359	NVE25171	0.000120344786059726	-0.00740991432572189	0.000101983615849901	0.00937087779481442	-0.0128998801595854	0.0190276709516347	-0.0143486169656631	-0.0142435416907838	-0.0142399040456317	0.165955778888112	-0.014126858228461
360	NVE25193	-0.0831406935985362	-0.0534266141273616	-0.075857829281842	-0.0715947128334122	0.730020174191441	-0.0695264873701435	-0.0688246581545551	-0.0680477610487522	-0.068515719212825	-0.0679818059296593	-0.0679818059296593
361	NVE25207	0.755688706910582	-0.476315104978159	-0.124360986933257	-0.514247945134606	-0.375240651648573	-0.262129626475317	-0.527122506695352	0.0364049702506639	-0.596985337219844	-0.650317367048334	-0.0470704640438316
362	NVE25491	-0.0107008927894116	0.0493201025202136	0.0200057159627053	-0.0505601705356368	-0.0501765760222468	-0.048977386127239	0.0221742070740638	-0.0484941475022984	-0.04853491897491	-0.0477988879291603	-0.0479261431677183
363	NVE25506	0.0409775191795271	-0.0406949487761576	-0.0421296667518456	0.114926246090145	-0.0239039699102638	-0.035052590555383	0.0439977548914429	-0.0342106180417879	-0.0351978871276855	-0.0345249243411266	-0.03486278383978
364	NVE25578	-0.221238313901757	0.26568893893546	0.167133144271298	-0.0725443183525428	0.128283923446951	-0.248062734496076	-0.471223486863461	-0.295191915539619	-0.627316199340178	0.261556374050939	-0.414029904664912
365	NVE25579	-0.403330366668016	0.816726473055783	-0.179174357870453	-0.401446247020821	-0.287780325993282	-0.0575062851848921	-0.371637583854194	-0.214447884759117	0.128523912598318	-0.493911938045881	-0.54542883014606
366	NVE25580	-0.219885630591323	0.842422097126111	-0.381409080610097	-0.574839735663083	-0.127058812309389	-0.508639776565015	-0.301510857955288	-0.0293081015935464	-0.584599708407521	-0.429374562287195	-0.211389542820702
367	NVE25660	-0.0789961615404832	-0.0755881165444464	-0.130429529159786	0.670685684434434	-0.0893431241969314	-0.0202666195945356	0.28920432809936	-0.124123501975422	-0.124148369667022	-0.122081904146303	-0.121774937147158
368	NVE25676	-0.147715307986389	-0.080861276802998	-0.0447062947194941	0.0295026026293052	-0.108571855471817	-0.0190150659552694	0.00274766569405277	0.0560426166832259	0.146916054404415	2.28355803533932	-0.15507636924619
369	NVE25709	0.265768267726677	-0.140015805850522	-0.117055174641222	-0.325988738775914	0.0761713922247925	-0.081041198116719	0.091752195248356	0.121985439937311	-0.334784773141301	0.21320923019137	-0.214761798702843
370	NVE25759	1.01908333650003	-0.599334424854112	-0.775344190509839	-0.178530123491115	-0.239044592772602	-0.486396422880793	-0.300124687890402	0.530874166239081	-0.466811712135471	-0.799107442158934	-0.279169490582095
371	NVE25815	-0.415855153375022	-0.261514497316968	-0.406426534229099	1.92676608882529	-0.386821055111534	-0.370229957188879	0.397182638491066	-0.316313168977182	-0.33230849126409	-0.402170068483887	-0.2439835159833
372	NVE25816	-0.466584132172489	-0.340372788423962	-0.367838086096452	2.09658345621075	-0.25160618219252	-0.270253492859912	-0.411159868743853	-0.298026574203791	-0.424398127091421	-0.423395781610324	-0.259443351101674
373	NVE25824	0.0180361245681468	0.0342006288877018	-0.0295406198491848	-0.00213763247081067	-0.0345106439916785	-0.0331100399246263	-0.0331014322056982	-0.0330717464246134	-0.0331591193166414	-0.0338024212923427	-0.0327474508807062
374	NVE25856	-0.522417075815282	-0.334060265751479	-0.453353282870458	2.16931791783278	-0.398243066772128	-0.394367452929888	0.0328525233935756	-0.2109575134539	-0.0727604375099209	-0.430234880477545	-0.25345028537523
375	NVE25887	-0.0214722513638844	0.00221716119163811	-0.0438006096172715	0.0199965756181277	0.226470665637152	-0.0330013092973629	-0.00583662589387842	-0.0594823574447787	-0.0593052985617262	-0.01767643171302	-0.0591818653077802
376	NVE25889	-0.0672327873855254	-0.0481514140676295	0.127805306439127	-0.0507388517446869	0.143096211657445	-0.00492339824057785	-0.042733579307173	-0.0483736594763754	0.0763592486972697	-0.0476781133624141	-0.0478312153905258
377	NVE25909	1.06965922578439	-0.647190310910839	-0.616757800665486	-0.46695860623226	-0.397863079416338	-0.126420506403793	-0.593383055105661	0.0705696999651161	-0.591640542893731	0.12903883894017	-0.264395488232386
378	NVE25937	-0.784017342749658	-0.840780281936077	-0.945316795798237	3.07273419112827	-0.682293823115162	-1.01079155860514	0.607078988875094	-0.418816519960623	-0.923737168855808	-0.382088337115192	-0.64727102121598
379	NVE26013	-0.203659498000528	-0.139874746797385	-0.344613339938279	0.911957097373486	0.88599389387063	-0.330523120546135	-0.320863577231435	-0.275600100356235	-0.064960186100249	-0.399754972937335	-0.17149464192631
380	NVE26120	-0.134740629649735	0.542578364001745	-0.111294299683504	-0.199929625404017	-0.385203622296559	-0.352964571988322	-0.273184141781282	-0.264461485645325	-0.264260802680664	-0.179426214698215	-0.427675030823004
381	NVE26174	-0.0942706832060427	-0.0550055254236921	0.264321974571599	0.0596612122896396	-0.0958590019136795	-0.120224927839076	-0.120388010705619	-0.124364114667588	0.0227028381386563	-0.121821454171668	-0.122874632000271
382	NVE26193	0.0968665812574094	-0.32284880341115	0.0388712268588682	0.0845263586719904	-0.331860518386174	0.55288928014368	0.402512484593907	0.303767201583366	-0.210497872205364	0.501740960947025	-0.275162447778862
383	NVE2621	0.58885916186022	-0.295926955113991	-0.390338602845755	-0.127893353264981	-0.343978275737596	0.0469227634538378	-0.286783598384775	-0.224808226910762	-0.0691105008054749	0.356453600824662	-0.0779300475736487
384	NVE265	-0.203043333517415	-0.61482091139282	-0.708621139429579	-0.345227782531788	-0.412138206315963	0.30172718674524	3.35307553423531	0.718353241532275	-0.799833771358098	-0.673665465867457	-0.607111725670214
385	NVE2688	-0.00965552253382565	0.0721856981729114	0.0289405125942526	-0.0757410733078686	-0.0656732726010768	-0.131607928451704	0.0515148851769734	-0.126976492342113	0.0165716125209028	-0.122336313549013	-0.126285638836952
386	NVE2785	-0.124888815765956	0.131061085032009	0.246422813542672	-0.186162777485119	-0.103891619834657	-0.228635010111278	-0.233136178349021	-0.235906146346392	0.069968867513724	-0.239078402311671	-0.234710180340939
387	NVE2794	-0.0220833142852271	0.429185560394907	-0.488211080098726	0.0243893263066943	0.155582823105113	0.227316988067891	-0.571815109326162	-0.560138794188977	-0.0973634409608753	-0.504571294924503	-0.557956546751345
388	NVE2906	-0.718008805107612	-0.840076664633898	-0.715667961469867	-0.730368946673745	-0.471038965949929	4.02882879154282	-0.756512345266551	-0.618118156216856	-0.636266886658605	-0.697261897024672	-0.210945103553934
389	NVE2927	0.116612560415022	-0.0797818754614709	-0.0737447502215669	-0.0196965976317228	-0.0696739004179384	0.117092222496708	-0.00895137903906179	-0.0670576150028161	-0.067040798315553	-0.0663753648026775	0.329444529926875
390	NVE2987	-0.868302873230305	-0.541906302380353	-0.367699470854002	-0.54457168449217	2.96236774066011	-0.574897161253759	-0.319133797710896	-0.671255780689331	-0.594130499997217	-0.642240015620492	-0.667524546135883
391	NVE3051	-0.076416257654326	-0.0534724352521708	-0.0425068657099211	0.587932456906564	-0.110887381740686	-0.0599422666783495	-0.0652078115119665	-0.00885854270606724	-0.109192237261207	-0.110938129274067	-0.107113233380994
392	NVE3177	0.0873985215801037	-0.0103075945529662	-0.106517598363783	0.0674933814462512	-0.135536737608172	0.149638730396537	-0.091463095800692	-0.0158116853285762	0.0693088768540148	-0.140466163043216	-0.145201664327221
393	NVE33	-0.100762200466361	-0.0607004229695688	-0.0816491673571916	0.71289697001131	-0.0983981236242423	-0.096398895068756	0.00577784350384224	-0.0952456308567006	-0.0946219530452027	-0.0941009933030361	-0.0946232806305543
394	NVE3477	-0.0126106678355401	0.0236790609179012	0.00355978298456496	0.0344321454955872	-0.0326151046379558	0.00135647121448786	-0.0334997318357383	-0.0322522686686398	-0.0317172280596003	-0.0317375734194526	-0.0319896834704917
395	NVE3506	-0.00729325240763104	-0.221961549241838	-0.229017423561773	0.188952305214103	-0.13538134744064	-0.143939202009573	1.69868847427207	-0.13290057005931	-0.101597629731203	-0.0977715804865746	-0.00872474321198316
396	NVE3524	-0.0354840356351992	-0.14239643966735	0.283645076562708	-0.0358144040224065	-0.136019287331358	-0.0885806066524363	0.00210107543159824	0.0351611848783517	-0.123702063957752	0.233392289009941	-0.145649805947512
397	NVE3533	-0.28777092517798	-0.23957426229119	-0.00071680640421698	0.224015387112692	1.26241566345035	-0.0448557779540972	-0.148201980105838	-0.241715781765969	-0.242251088897658	-0.240756423661483	-0.240587096024984
398	NVE3534	-0.264994383026442	0.158868728466687	-0.205191380136261	-0.326705608609127	1.23808776200538	-0.200675408726659	-0.195132754407053	-0.241349827392134	-0.344666009631618	-0.340648637224517	-0.259089712671309
399	NVE3568	-0.123341814415369	0.368590267452705	-0.480548290761737	-0.0638478222106841	0.529741403364004	0.116491109467907	-0.0900516312221643	-0.109603924113315	-0.414170506838976	-0.443684922660024	0.0576735440106831
400	NVE3605	-0.159017133829139	-0.31180970872621	-0.206834884040662	-0.113130885832847	-0.286313948438347	-0.0893400112983007	2.43705787689305	0.193978777620133	-0.174373755693165	0.0251643108392724	-0.231549308639746
401	NVE3614	0.0639186130684226	-0.0180648530211595	-0.0256678074303717	-0.0434122885970549	-0.0427733036727895	-0.0409895015871357	-0.04353952276278	0.10955170595729	-0.0401938183008625	-0.0403163574389985	-0.0398576626025836
402	NVE3642	-1.16788346475834	-0.877888400269526	-0.903166097233657	3.45089100705626	-0.646589779052674	-0.64672420070786	-0.549116078225296	-0.883933541122216	-0.873061359974727	-0.762890544841816	-0.761340705603898
403	NVE3643	-1.21255769065147	-1.03519560343456	-1.05040973456282	3.64974101928215	-1.13062265704301	-0.990359665005118	0.258508483480676	-0.802940484641058	-1.19941172827714	-1.16424707845098	-1.33293887736832
404	NVE3728	0.403697913785208	-0.214678308675981	-0.156761684421159	-0.171358444356485	-0.173083695704898	-0.0546795487242225	-0.195973684346343	-0.203513726279512	-0.0889124188694862	0.123021962162474	-0.234711492536451
405	NVE3769	-0.20654770410901	-0.166353414146784	-0.240020994499254	1.38978260125872	-0.276168717067452	-0.286340730376392	0.00272158868977851	0.0308666264151877	-0.200709405509756	-0.329098411764257	-0.237092394951611
406	NVE3778	0.275092455457965	-0.13412078733686	-0.142680948306901	-0.120765272838365	-0.0939178264264729	0.0224838918208505	0.117763096739735	-0.174278953335167	-0.175168979633186	-0.170877600087897	-0.0988445479396786
407	NVE3821	0.0335453927091522	-0.34197032071388	-0.329629974503772	0.41986262074377	-0.194214255753472	-0.165199854436127	1.94283655806102	-0.286915472272959	-0.335887795733091	-0.173301988349732	-0.33415944352413
408	NVE3853	0.0269801435001366	-0.0188300097463895	-0.0198842601123572	0.00157409421559369	-0.0286900929544379	-0.0559685408645741	0.245543124196127	-0.0552041232789657	-0.0551745151887356	-0.054635111260372	-0.0471868181049162
409	NVE3857	2.1527276858406	-1.39239856819016	-1.46428548629304	-1.40679735029306	-0.645494500949484	-1.35043069367498	-1.81939245024035	-1.30867987184489	-0.79273239094613	1.26125688107423	-2.33213280118886
410	NVE3865	-0.155489497575005	-0.223421473503891	0.355628784054138	-0.163833467517651	0.604279652777588	-0.232856326340429	-0.227142521772753	0.124785122981864	-0.143457990857333	-0.229687162511269	-0.168850845922975
411	NVE3901	-0.0690610927378329	0.415685214777306	-0.263124326735304	-0.0125672195911302	-0.282693823708247	-0.253076371488185	-0.0467913725095187	-0.0990028335294201	-0.232255901518538	0.181336245661693	-0.082446177787986
412	NVE4012	1.30377750805569	-1.0117314780847	-1.11097556032862	-0.877365952377777	1.33992108120862	-1.94990070163088	-1.03891843539738	-1.01370448620723	-1.33057639036723	-2.35477135798399	-1.06473367620145
413	NVE4096	-0.0235651221991618	-0.0184305736040197	0.0566012158893444	-0.00398872913853321	0.00213085423965634	0.00116573236062921	0.0365408098915761	0.0239515641602496	-0.0380357915641704	-0.0372788855124898	-0.0375033327152651
414	NVE4155	0.510145618499659	0.146631362077414	-0.467398011901343	-0.432040017459057	-0.517747152949802	-0.176229150798636	-0.234363791195168	-0.529096450722083	-0.545852028993031	-0.533943585695511	-0.00829214605776141
415	NVE4226	-1.08112484200483	-0.867594450171559	-1.08069522266937	3.52507869020929	-0.996700946604363	-0.870864914866462	-0.522251345106001	-0.623070202679357	-0.845823410567644	-1.50331421870447	-0.79363644835293
416	NVE423	1.54624091998183	-1.05827229603776	-0.992445623689671	-0.240017567725734	-0.951553803739137	-0.472845251496394	-0.531681350155694	-0.306095393384096	-1.10729119762139	-0.604599187792793	0.388195137816757
417	NVE4379	0.535109067457045	-0.056256969034685	-0.339243209521032	-0.38153761440387	-0.310631025613769	-0.255484324201086	-0.235313133861153	-0.240247858000757	-0.401265211215501	-0.331726202672268	-0.171725020711136
418	NVE4416	0.0385013018302917	-0.138128002981624	-0.21020238019047	0.6949714949131	-0.199852760347934	-0.229636532265677	0.334991101847138	-0.0460456893651298	-0.122797128185134	0.134018026932149	-0.076871520965879
419	NVE4451	-0.588699890796016	-0.693415792792053	-0.715174821991167	-0.815582722931452	3.07961614733643	-0.396239218083905	-0.356658196769249	-0.919687127145938	-0.511831056785397	-0.819478684688099	-0.999533506360895
420	NVE4486	-0.787883208518515	-0.713143924686258	-0.719885089069411	-0.616016401267179	0.051887408758536	-0.0965174457166099	-0.708056840499522	-0.715131380016576	-0.56499032419558	5.40798537593545	-0.310249844165747
421	NVE4530	-0.077411238057423	-0.132915791358661	-0.107964134811207	0.00420226390330469	1.01998598577059	-0.172338224243894	-0.265293527192609	-0.265124281281851	-0.265253697098432	0.0296214811386677	-0.26230446305817
422	NVE4600	0.941649391492152	-0.799779132094687	-0.641384515927842	0.0734138346657234	-0.461942276590129	-0.516303625310009	-0.103752940049282	0.807984803191373	-0.53416749169927	-0.16906176938663	0.628128127922949
423	NVE4602	-1.11036564900645	-1.05804770947702	-1.87986904151904	-1.40242336492503	2.06701537074696	-1.67715962355478	-1.46018020804114	-0.3339919359923	-1.66801159435509	-1.01141245079686	5.62755991455842
424	NVE4603	-1.51939037724967	-1.39537936809441	-0.786003743110201	0.698534033299687	3.89051668272305	-1.74210310849051	-0.998207267021812	-2.53477966628136	-1.88315791091917	-1.98971234814679	-3.19889658072572
425	NVE4605	-0.519803531699995	-0.649678588531702	-0.763824880867929	-0.846097607794479	2.93498953454171	-0.25753756053774	-0.00339244921657444	-1.02789198706733	-0.0146402977530362	-0.932722579885927	-0.583457685281506
426	NVE4606	1.29135370060854	-0.905053028699906	-0.737306448457946	-0.373494492249242	-0.715521961357559	-0.853165458848323	-0.85405116220194	-0.409760788216699	0.979853405806766	-0.010906801461666	-0.764523433483437
427	NVE4634	-0.561260661609624	-0.485380027237953	-0.500946575030325	-0.436758460042106	-0.238395917994399	3.37803020966811	-0.466417529527367	-0.281506363456591	-0.46407805429405	-0.457076884736507	-0.325435192756517
428	NVE4666	0.0468772856978249	-0.0802187531903562	-0.122310444186132	-0.0360236198542639	-0.119423965020149	0.0826696068615891	0.934938001108937	-0.0249860627289833	-0.162952978192611	-0.160654210420172	0.0655236970637734
429	NVE4675	-0.271202300536609	-0.198913763909897	0.743855755803835	-0.206007495416361	-0.187875817893319	-0.183419805767027	0.0494697919690349	-0.227458460785618	-0.197557662006844	-0.22720177067734	-0.229575443941297
430	NVE4779	-0.373335104513293	1.28895777784319	-0.754252865316052	-0.395736204768775	-0.444713517192106	-0.303966870903861	-0.92905190475307	-0.760307577058748	-0.945953798535331	-0.851751927012164	-0.67160249151647
431	NVE478	-0.644482963475401	-0.318681944340093	0.535630749779203	-0.515529353881953	-0.449411354673691	-0.372015050885953	-0.212899875655323	-0.488826651708634	3.12238472154836	-0.254326001706031	-0.548339069083784
432	NVE4782	1.93250551770694	-1.28008604691982	-1.32353006020438	-1.04966849968837	-0.316761790963535	-0.947545721482744	-0.86257396114683	-0.439608211955032	-0.71410811526602	-1.09409921918073	-0.836915444456518
433	NVE4906	0.202965574996615	-0.133231131178441	-0.139712158888736	-0.0849612597662779	-0.129890710840813	0.165431221672357	0.349372998805753	0.0373945855309053	-0.16612680542292	-0.17397668843863	-0.0615071120534614
434	NVE4959	-0.388800268627784	-0.310289640075147	-0.378024772583903	-0.303438997797644	-0.397785780644085	-0.392652438260402	3.24275681017011	-0.388189653164623	-0.387423293917776	0.0517314366463626	-0.393155080990192
435	NVE4969	0.0201016819870752	0.0155594847807643	-0.0231516440642265	-0.0304511218823358	-0.0175284000126791	-0.0308198286284685	0.0274971214607017	-0.0305754672460233	-0.0304653169653012	0.0823728425341664	-0.0302939484478396
436	NVE4982	-0.0522153063098252	0.610427506307112	-0.3873214807346	-0.162587250435906	-0.217266052672828	-0.304483860661474	-0.519979943115312	-0.413037890839716	-0.250366005317917	-0.389286453571504	-0.174862547425301
437	NVE5004	-0.178215136355707	0.0818442037363655	-0.0406018655516051	0.508017219390845	0.0235141991937375	-0.0799447406212769	-0.124794366547996	-0.0563445052617312	-0.12521561383863	-0.124404876157523	-0.124404876157523
438	NVE5068	-0.085718623252758	0.00356225953491332	0.203317641620214	-0.0838025959538988	-0.0822995943373497	-0.0796430651332709	-0.0799842285716336	-0.0790328566076202	-0.0794238336661472	0.325849561487	-0.0788889312043503
439	NVE5153	-0.353861239089719	-0.0908752428068555	-0.138296548567368	1.37828825880106	-0.15023268752953	-0.214668809038634	0.066456953955111	-0.283906957849308	-0.205460045910382	-0.283700046974515	-0.281969690842257
440	NVE5184	0.12059305857652	-0.127211981816337	0.0342126084556569	-0.0915673186949516	-0.0244971500872016	-0.0314111017709534	-0.103114177137741	-0.121280553171524	0.289351289875744	-0.121415238750811	-0.120822787659379
441	NVE52	-0.447413005913284	-0.0541253435977528	-0.13386228222819	1.54995101391431	-0.287929891420213	-0.362205840711851	-0.00859759112490305	-0.240590157513598	-0.414546127255378	-0.355644577536033	-0.0575307984725043
442	NVE5222	-0.964110265622486	-1.12480306949944	-1.01752008334668	-0.824964517787272	1.26649288156349	2.27831231772788	-0.912858934983339	3.80984950372292	-0.768234206409952	0.258852105094383	-0.00814192623812682
443	NVE5271	-0.47909565287898	-0.29981180243527	-0.449922315097348	2.04243565560776	-0.329182888510105	-0.371607568749802	0.426425934204616	-0.313920262032715	-0.423599978595418	-0.417659973232093	-0.125296418592416
444	NVE5279	0.09634086691135	-0.0145664072257201	-0.0287825960202416	-0.117752171247079	-0.0850633623637778	-0.0262860978274646	-0.00744553454036725	-0.049135675154638	-0.0283473137267341	0.125819300519322	-0.125198155056047
445	NVE532	-0.769169320223642	0.417846844214577	-0.54455942154448	-0.571453942923618	2.14910432764681	-0.414557980686524	-0.664380162221735	-0.698354962950227	-0.616731776661668	-0.693701254189105	-0.694158603386462
446	NVE533	-0.138790500709578	-0.0652237669559741	-0.147654091896726	0.969211936994264	-0.14355501631132	-0.138537974586504	-0.118869480762311	-0.136538550733553	-0.136464801369406	-0.137599420404336	-0.136135174112913
447	NVE5358	0.0107247136812655	3.76122151723411e-05	-0.0122832067018682	-0.0183121835399352	-0.023539260153078	0.0790122084928922	0.0296070829611222	-0.02227714711395	-0.0222542212797689	-0.029633958547391	-0.0219770761987586
448	NVE5387	-0.62521673730693	-1.10982434006444	-0.956952933519057	-1.25403817076424	3.3083251667748	-0.998466085536921	-1.2068828956512	-0.443469961638894	-1.22261386220677	-0.531445279157142	2.42210699173742
449	NVE5413	0.263316012078347	-0.003265662147033	-0.205814988816928	0.00992465878283094	-0.152424411683004	-0.324702255413223	-0.236944071343549	-0.0750315150750236	-0.0552285698159778	-0.181466105021036	-0.307452501958815
450	NVE5429	-0.0114910390477949	0.0454111836744673	-0.0587541501497023	0.105685523254714	-0.0183123814630073	0.0344035031021517	-0.0237924106342905	-0.0673494785478798	-0.0671399643857792	-0.0663704018218241	-0.0666500706013746
451	NVE5432	-1.6915198622193	-1.41811805604525	2.7258872251809	-1.18037674137179	-1.1870572923056	-1.39399881998965	-1.0220899755624	-1.00580078248618	1.6835492352545	-1.61771969131668	-0.639641839138548
452	NVE5454	2.32477216773607	-2.25380417297139	-1.64045279359712	-0.979341680218021	-2.4888285861097	-1.21316880144911	-1.43221905713688	0.0532596345288807	-2.44930708673042	1.75550338306587	1.60201456869381
453	NVE5477	0.0414143506721913	-0.00373191949176604	-0.043642111838778	0.0683577859807513	-0.0401157803981199	-0.0432457264128351	-0.0414753802900827	-0.0428628915279876	-0.0426439816998798	-0.041428080311881	0.000835059365713958
454	NVE5534	-0.0142195848170281	0.018104467095846	-0.0304634417607163	-0.0267239848255572	0.108964169761081	-0.025672760170199	0.0803070510081138	-0.0253003680898553	-0.0252939313021619	-0.0250938912930858	-0.0250938912930858
455	NVE5562	0.186376268811046	-0.102963242851789	-0.155606573922041	0.0206219716929743	0.0343457393454173	-0.0612385470344781	-0.146608287691412	-0.144840297360052	-0.144702159714604	0.366989527992474	0.188483801116673
456	NVE5729	-0.33257250085077	-0.238723361703252	-0.279226930221249	1.70395328992446	-0.25747718526617	-0.295705831445868	-0.0620220511129483	-0.239421411911924	-0.30604170603355	-0.0478326820021408	-0.142732330841426
457	NVE5813	-0.155972906683898	-0.108504474105933	-0.16332463853063	1.01955182001234	-0.0862314650674371	-0.0765084802056604	0.010154049769498	-0.142360348112668	-0.142226185079856	-0.141884737490873	-0.14114529160298
458	NVE5841	-0.25471700803195	0.563976784255466	-0.282355157176713	-0.124810815680635	0.135136914662905	0.0621446252622738	-0.196920947730186	-0.245070368403479	-0.330604062386982	-0.331355597449762	-0.320353251430356
459	NVE5854	-0.107773283628734	-0.0853781048414555	-0.0818370895537525	0.0129297766484474	0.783745211128794	-0.0774709065770719	-0.0769390395713331	-0.076314319828583	-0.0247826668497637	0.0794089647535334	-0.0756792988874719
460	NVE5856	-0.666610716315659	-0.498327119535125	-0.131562835548625	-0.489902664721943	2.56212348555067	-0.399245846879872	-0.329982677011178	-0.537055676807314	-0.53710661549663	-0.480364299396059	-0.531989986802207
461	NVE5901	-1.59655744263002	-1.59824074583538	-1.68852706241257	-1.43590959856621	-1.30738901726241	5.51833276567094	-1.46654943680804	-0.867747106682032	-1.3922135529324	-0.402132451580947	-1.25133265567638
462	NVE5947	-0.395618043226726	-0.285330985968497	-0.291566981378333	-0.290908965018429	-0.188348155219135	-0.234110323095582	3.02402063680526	-0.334894923433902	-0.0619071515899683	-0.202835425949063	-0.206188557604132
463	NVE5986	-0.0513441407433782	-0.0382120897851643	-0.0106311555837854	0.321143789070774	-0.0346892530649597	0.0373044266493533	-0.0361733236871387	-0.0363971184660848	-0.0363878939096541	-0.0361012078117866	-0.0361012078117866
464	NVE6003	-0.0707302247376094	0.214975595013639	-0.0676607653746698	-0.0669781119449634	-0.079877174112064	-0.0207620583484436	-0.0785566939263374	-0.0748535374264573	-0.0766416534777913	-0.0312603938192142	-0.0760460711104221
465	NVE6134	0.0576872949061752	-0.0180703179221264	-0.0391865809650055	-0.0118212013225481	-0.0335490848224405	-0.0541219478677088	-0.0546469089747484	0.10860602930357	0.038720195417914	-0.0143073286400181	-0.0536116465599373
466	NVE6207	0.292475573929581	-0.106899699793943	-0.0632025665274137	-0.131231765698957	-0.263398909531938	-0.321821484614109	0.189696229889951	-0.252160380097391	-0.230313903501515	-0.252649575843711	-0.135126144971543
467	NVE6208	1.91665313016381	-1.53245876090907	-1.11732693213891	-0.615395876856987	-0.79261700447248	-0.100929263255292	-1.32785626956302	-0.990261671967448	-0.790068707462947	-1.48800401223686	0.083569510243988
468	NVE6214	-0.0524215933965437	-0.0037963412711261	0.162119082471195	-0.049459244274951	-0.0892929990185038	-0.111356450128626	-0.105757620400062	-0.0712949937399364	0.024272007792212	0.238529310828038	-0.104780564149892
469	NVE6234	-1.23201827493531	-0.987306377612568	-0.605400566734389	0.0553681841285845	3.50410419193479	-0.998815915096225	-0.534058731330618	-0.991369787604966	-0.732335320050213	-0.83558891431358	-0.556914924412707
470	NVE6236	-0.180766355220168	0.138826832183828	-0.123824682509509	0.0125799475323413	0.679074731198456	-0.121868807187095	-0.167699731727643	-0.164639020349172	-0.164641818108082	-0.163377748823552	-0.163442948458478
471	NVE630	0.0184843530941276	-0.00622722058688783	0.00809772305130541	-0.0117888421691973	-0.0165790331237355	-0.0124077563054099	-0.0255373349158523	-0.0253510412455549	-0.0253445916787697	-0.027088401346822	-0.025144154497523
472	NVE6406	2.90033867599364	-2.4802280495073	-1.83162410215231	-1.68950844193796	-2.06926899607141	-1.02417759991585	-0.875557472047004	0.121791492373485	-2.06721390538279	-1.18491511669026	-1.33703454215813
473	NVE6415	-0.182159688015482	-0.12097074215119	-0.148126511762086	1.14442493182091	-0.212339350035819	-0.139487765947997	-0.0295169823931466	-0.23832366649805	-0.0289438177193789	-0.238449142281075	-0.105750036779214
474	NVE6552	-0.0626576198348178	0.0466212459297305	-0.0701666295029584	0.109849564635564	-0.00761370566967662	0.204859737224823	0.162317541828137	-0.0132280520884071	-0.144682590549272	-0.0541438003867299	0.0493070309082888
475	NVE6557	-0.276901712836054	-0.284104756734114	-0.388503426495703	1.85668135896256	-0.337288721147856	-0.305927303922008	-0.131989500296941	-0.459739388261259	-0.427091498573227	-0.307490614294525	-0.363622309350885
476	NVE6636	-0.241119645058057	-0.17314133592966	-0.666552356611448	-0.711362399495434	2.36434251593973	-0.6678143343882	-0.745350815437625	-0.742946336205647	-0.496096190597301	-0.737875449965837	-0.738330163950535
477	NVE6638	-0.188726551655575	-0.0981869650548053	-0.135173967357003	1.03415094818338	-0.127368674714033	0.0150986960376723	-0.088518278610999	-0.145096123234799	-0.0701533750669177	-0.144308134382148	-0.144308134382148
478	NVE674	-0.17267968836164	0.258424504414631	0.143501049615792	-0.214568233483396	0.27781087034487	0.0639536804266787	-0.259149914113765	-0.467683775479845	-0.927770895240105	-0.458273435913643	-1.70460841173523
479	NVE6749	0.0426359095673744	-0.103520774394789	-0.204514240798378	-0.178545435165497	0.725484587376415	0.223690979705436	-0.062081086308256	-0.209956399791723	-0.146757463490341	-0.208415054257827	0.0852610989786103
480	NVE6785	-0.831802234513176	-0.45705170031003	-0.469278804035505	-0.635244674699572	2.95418397375309	-0.625382585111218	-0.363007300707262	-0.662450143359332	-0.511363132811052	-0.536008437499688	-0.658486134375584
481	NVE6971	-0.189248490895065	-0.128562902404142	-0.0637095794434011	0.078978408299308	-0.116194054038087	-0.175277544460465	-0.174249672494194	-0.173348576799714	0.110247049851663	2.83888006342316	-0.171731708765583
482	NVE7057	-0.0135028808989697	0.0344571210499155	-0.00805334011890734	-0.0101841753232456	-0.0043337972836512	0.00892066670377029	-0.0182373208448058	-0.0180999020097493	-0.0179912650878767	-0.0196888893248116	-0.0178738356288637
483	NVE7121	-0.0848587536372813	-0.0783417314979356	-0.0819028718066563	0.626102539894838	-0.0848376910434349	-0.0819334179640946	-0.0419143987916913	-0.0813267368379232	0.206900164179022	0.00294437408622381	0.0385743363134847
484	NVE7175	1.64808242759382	-1.09552290703722	-0.865860948471567	-0.328126671209504	-0.96728092555653	-0.908058181223768	-0.950518081491868	-0.516067858255046	-0.792624318566174	-0.779401445690551	-0.767957025106827
485	NVE7194	-0.0190304864782926	0.0406127965295646	-0.0270777536405674	0.0636945461289192	0.016843895234576	-0.0397685529398615	-0.0390782690373955	-0.038860610169994	-0.038588791201887	-0.0427741276841148	-0.0385114159535777
486	NVE735	0.221382805965297	-0.0855077391599047	-0.101787768024144	0.0686313395315909	-0.127108583277941	-0.14911446643192	-0.137156364064012	-0.209385627634973	-0.110730960493058	-0.209683058683428	-0.21016537318503
487	NVE7367	0.211139709736078	-0.143702102205167	-0.0469852899592327	-0.116561397850405	-0.0755500820349358	0.0348186978508652	-0.135927423867008	-0.140911238841294	-0.136385630302707	0.314169994223558	-0.0157708931584986
488	NVE7451	-0.101319310710137	-0.136868228294497	-0.104592322413357	1.04786176894605	-0.261286720650161	-0.186370158547449	-0.167737099267605	-0.273632399195343	-0.151749073250956	-0.0529448249227888	-0.224588724953386
489	NVE7516	-0.278506277284851	-0.518764225586509	-0.545444989942712	-0.026146447116787	-0.0633587957997569	-0.117529504872297	-0.145096612145825	3.50970891980036	-0.456886319915729	-0.427400792145276	0.859710626411092
490	NVE7526	-2.36443844374238	-1.95067296970981	-1.49709611222111	-2.09497189688587	5.27887821959844	-1.56487015882008	-1.61475045182571	-2.71963794777966	-1.3552790759124	-2.44945237303069	-2.1030216580973
491	NVE7538	-0.609877291360361	-0.453260021592017	-0.25362838149383	-0.453713521203683	2.44935584020391	0.0883761031752038	-0.52244681752297	-0.53100675474096	-0.149661382234349	-0.525660602711744	-0.0245704998205056
492	NVE7539	-1.47933091245534	0.284970792897704	-0.211540547479589	-1.2470939975283	2.56984519786654	0.234715561216836	-0.895263951001798	-1.4427121900587	-1.07275304536834	0.790217512816692	0.825459259751872
493	NVE7598	-0.00531446652517261	0.015609793138029	0.00771560469940811	-0.012698767768623	-0.0125303373139598	-0.0122713103453398	-0.0116205982905477	-0.00941509551330468	-0.0120437647078356	-0.0118651655964994	-0.0119933607898097
494	NVE7683	-0.0134477198378398	-0.0485130939565742	-0.103451971880022	0.471035537534678	-0.0944310572603406	-0.0456317019526559	0.00823916863230119	0.0391348505362655	-0.0856226979273623	-0.0859501690118996	-0.0849593567466916
495	NVE7724	-2.53816408372211	3.03365801005277	-1.55447851788276	-1.01398578065452	-0.0793950342581113	-1.5606819641228	-1.2665003672968	-2.72312670972561	-2.15268367212419	-1.03619816579669	-2.01131329828365
496	NVE773	-0.442371824315692	-0.213663614226403	-0.505235644299644	2.12801416768763	-0.438814139616363	-0.436018370928476	-0.456669760010294	-0.428081618443679	-0.393574545971667	-0.166699833547874	-0.437961994345995
497	NVE774	-0.129120654746263	-0.132634264300929	-0.157360796903931	1.00997536068831	-0.0441862705908038	-0.0888895277201522	-0.122495890122156	-0.166770198673044	-0.0862385850182958	-0.165640263245181	-0.165529236820129
498	NVE7750	2.02868364580186	-1.59961756894054	-1.40693767673522	-0.142056310965746	-0.734521331762438	-1.04863794957594	-1.31960946716432	-0.945721657437592	-1.45880586872485	-1.36880000863065	0.283080878215756
499	NVE776	0.526337932192347	-0.266631296070796	-0.260109465367504	-0.181880048799925	-0.189853184049233	-0.167349666770169	-0.173772402065398	-0.229189449514748	-0.232555136063503	0.102812800759482	-0.159151273802252
500	NVE7760	-0.0277798692885855	-0.0129626978701751	-0.0272770368415094	-0.0449608437799708	-0.0136492616745196	-0.0427018898049989	-0.0126690545403996	-0.0425509185922291	-0.0216743499669185	1.20684076420479	-0.0118717819468626
501	NVE7851	2.5111430453024	-2.64737100193	-1.75879129790378	0.293852905319678	-1.39592169110049	-2.05285422496069	-0.161642963807839	-1.83095488604933	-2.65504026689115	-2.20956218635476	-2.0130215630641
502	NVE7964	0.0487606859895682	-0.0583902124025475	0.0462256453115725	-0.123815155893723	-0.0999498453094964	-0.0886853244889331	-0.143729185889154	0.0982181504580651	-0.14356521543321	0.675043965227583	0.341738088318335
503	NVE7990	0.517124262609708	-0.266887536302439	-0.122587929074518	-0.392719398949642	-0.235214678865846	-0.261668466146423	-0.124261483380262	-0.162911910431322	-0.20992217564116	0.0292474770305577	-0.395117345861896
504	NVE7992	1.13663350303578	-1.00036703202481	-0.552848718879852	-1.51032295173222	1.04345019405986	-0.919518265884333	-0.406674856630256	-0.68981004354124	-1.53340095706701	0.0219608622418614	-1.15386686165247
505	NVE8023	0.125482988622615	-0.0013286118697082	-0.0403982561160638	-0.0575552625730596	-0.123624669233828	-0.105125909070226	-0.125227906019162	-0.127069662383415	-0.125749076935575	-0.0671798031335944	0.00348561115142965
506	NVE8041	2.65308326382077	-2.84455641811105	-2.14098044446313	-0.634020429064678	-2.38410744229607	-1.82224304534322	0.565681534858485	0.73457706879045	-3.00352830737153	-0.10340223240726	-0.758820329038259
507	NVE8063	0.306685594139693	-0.138420528099372	-0.126371296720894	-0.118175314158733	-0.148626872584458	-0.0804603216107376	-0.127238561764251	-0.119437330041668	-0.155069679897947	-0.135614547520865	0.0508573615239674
508	NVE8088	-0.368308832951218	-0.246879176134984	-0.464768096616057	0.897159906908534	-0.312899291082973	-0.275643756466699	2.45416527460275	-0.335852550457544	-0.463899630808858	-0.124574116089586	-0.165552852556379
509	NVE814	0.557234569181619	0.44741292818568	-1.50362193216976	-0.257336653117866	-0.177149922605547	-0.0486933123188811	0.089280832579373	-0.403456562462736	-1.62709478537452	-0.472475019041889	-0.408159422589274
510	NVE8151	-0.470674109785724	0.00363675802185953	-0.0311951071569423	-0.403912085651792	1.45686261542919	-0.148423793788841	-0.4529097990575	-0.310097157130125	-0.0932471991484279	1.15933214369334	-0.00148816032659915
511	NVE8165	0.391189519491689	-0.184248502766861	-0.18302209713234	-0.171865108511718	-0.146855501057185	0.0498276800453007	-0.178814361588259	-0.175666675404342	-0.176067780724374	-0.175056310912352	-0.174740490805498
512	NVE82	0.449249173182934	-0.103216909103614	-0.226004118890222	-0.24150923050284	-0.242573185237241	-0.152989854908938	-0.241043783075904	-0.29277032551493	-0.27874496559056	-0.289891039567184	-0.290065182311352
513	NVE8213	0.360194861092923	-0.837485214196796	-0.585344409466815	-0.675423644869559	1.91723676099301	-0.168201574136716	-0.765791286592432	-0.508360897322146	-0.52285863908754	0.14808388984815	0.232753563135196
514	NVE8231	-0.0706160219429895	-0.0403148757425521	-0.0761564978373927	-0.131803286267321	-0.131760690261993	-0.12929589817585	-0.0973305022980496	1.15046310788184	-0.0860842796194503	1.52090635350863	-0.126228594948572
515	NVE8273	0.184982321473534	-0.110713215266682	-0.0891658362759941	-0.094935497790507	0.089574430509597	-0.0124970448574372	-0.0667861241342283	-0.102508327383019	-0.102482931157298	-0.101693510624267	-0.102131546504783
516	NVE8325	-0.0597793396941057	-0.0271857390537371	-0.0684702169674958	0.477521582496307	-0.0473982937632225	-0.0751868580125178	-0.0529408947638275	-0.0741422499263665	0.0444032385053424	-0.0731383437800591	-0.0736187571486918
517	NVE8366	0.113402134151707	-0.06361394769052	-0.0401195102617008	-0.0900505246632135	-0.0517516772336046	0.184010574006325	-0.0928109183571211	-0.0595287300298449	-0.0937862205939386	-0.0956297278094865	0.0506065584334852
518	NVE8378	0.950435286934233	-0.659981167898507	-0.530442745602676	-0.0305061458545651	-0.344131637872119	-0.479163662575369	-0.618990280512918	0.399334371820119	-0.521628420731175	-0.389624637429936	-0.157178756743611
519	NVE8379	1.27158438106485	-1.11597497716202	-0.930103994859884	0.606489510074519	-0.647691995126271	-0.870325729887627	-0.533585645360742	-0.304722348252246	-0.951965265499272	0.110235447927354	-0.00814126572924589
520	NVE8404	-0.211564207292304	-0.233392498441795	-0.217192545493188	-0.200268700308105	-0.126850807092852	2.10937345081922	0.0490167454949121	-0.0725731837318016	-0.221995749421428	-0.00745787846275378	0.287490045628623
521	NVE8481	-0.150876518226329	-0.101845374089165	-0.154936316704399	-0.137270798221888	1.12703876201748	-0.0644734753659444	0.00604921372949066	-0.140106058273671	-0.139976396534713	0.000684260940333137	-0.0676727340046833
522	NVE8482	-0.378467411930887	-0.29365906622802	-0.261975425326621	-0.363084514291406	2.09747986672327	-0.32800328320734	-0.414276201276834	-0.209502037962569	-0.390986062458477	-0.13349168461239	-0.409143352214447
523	NVE8488	0.187791372873995	-0.0849299605451806	-0.120446598712236	0.0370316539744543	-0.132900653099776	-0.125115530601446	-0.0834929159629806	0.276409852882395	-0.127080553212636	-0.127814883111033	-0.0753388157834936
524	NVE8517	1.62264709681157	-1.46541316075648	-1.2117648161396	-0.781630559360981	0.506096026580007	-0.720226440000161	-0.803478182416648	0.42778641788076	-1.13722155651379	-0.460904373667109	-0.62025860418554
525	NVE8520	0.112584891617298	-0.057121288293459	-0.0598676129338538	-0.096878508124064	-0.0669503748774453	-0.0109043866196801	-0.0925001559238747	0.422771208004019	-0.092452074161374	0.0277206784811459	-0.0921947420850019
526	NVE8521	0.396757288100358	-0.192718684772172	-0.188355154163655	-0.119646711668953	-0.161732641201646	-0.0243499234391542	-0.117051203449849	-0.187522585868065	-0.188192746402686	-0.186706921124509	-0.184645105474325
527	NVE867	-0.0981922523772604	-0.0147962010052325	-0.14203545402374	-0.125135785999243	0.878857747756366	-0.120370904639744	-0.119524421720152	-0.118680017706335	-0.0466824063262436	-0.117971140193284	-0.117741820813458
528	NVE868	-0.151812328348787	0.145541349501677	-0.0715876757709402	-0.121500508391801	0.365454667246674	-0.00133600937029379	0.0188161503638065	-0.129943444421789	-0.130024865400305	0.337616786688145	0.119448330999011
529	NVE8749	-1.9151919663145	-1.66966871211534	-1.36174956164603	-1.50146125683636	0.274305157531862	5.35750089087188	-1.14891973470047	-1.59916670709093	-1.19522466631705	-1.60589245354789	-1.2976759353928
530	NVE8928	-0.0796531358964887	0.0815115456341549	0.0392774244134371	-0.10267457779456	0.0794224739747012	-0.010408503658084	0.0686001311203974	-0.114529386168744	-0.114370602786068	0.0399020519908596	0.0457425096673369
531	NVE899	-0.329140504493457	-0.0865154774251051	-0.299341095416124	1.54132249128587	-0.177560698744113	-0.19433823081264	-0.179361490329757	-0.247876535606356	-0.303824938611429	-0.301385465807718	-0.19053068624772
532	NVE901	-0.969294813748623	-0.465036976879215	-0.950438526564133	3.13759167727435	-0.815084329835791	-0.777438351151789	-0.569260896073113	-0.658861369553431	-0.884874432394147	-0.976581631406945	-0.481945516092072
533	NVE902	-0.147169377252562	-0.103118940407425	-0.0334570435045169	0.845814442744797	-0.11937299089808	-0.116384764133133	-0.113390324493046	-0.0447453123836852	-0.0561372280921585	-0.11290870565297	-0.113770269836276
534	NVE9066	-0.0823069934270203	-0.276855007506353	-0.589229689222684	-0.309409950666585	1.82991752821034	-0.33810975746141	-0.147650549148216	0.281860630043009	-0.364866889541352	-0.447044372656049	0.0432114886066811
535	NVE9195	-0.237901005489835	-0.14101341555691	-0.0511624579462981	-0.170546292510497	1.33307668198749	-0.22194381515246	-0.114830319524992	-0.218206904376432	-0.131597896323253	-0.124603832541842	-0.216765163689736
536	NVE9197	0.0354139548943034	-0.0404874688439995	-0.037569858911718	-0.0463962480680891	0.218432950668231	-0.0445830577683177	-0.0442613318318984	-0.0440561966545508	-0.043929405181997	-0.043855622493295	-0.0435841946791761
537	NVE9231	-0.477256895432729	-0.389507817359619	-0.456619949318061	2.22329835050981	-0.21452113742752	-0.304595251489655	-0.466531192339915	-0.434135117215932	-0.412101046708444	-0.474153021482165	-0.364818415035282
538	NVE9233	0.780220656347868	-0.848124330696634	-0.18478514180858	-0.773916855685661	1.06238085974238	-0.799995141011562	-0.827997295105365	-0.872175533893016	-0.497961741900741	-0.87234962344464	-0.873393058649184
539	NVE9245	1.45931491758598	-0.993045410981962	-0.810226228963534	-0.277353558883655	-0.920446003211024	-0.490707521198369	-0.883850161851844	-0.187011925641189	-1.04060686057668	0.497681326736008	-0.750647813504797
540	NVE934	0.0172043674677865	-0.278599281503384	0.538869253884656	-0.242248449647324	-0.105094625723116	-0.290089147018114	-0.259436605158163	-0.268753154117626	-0.218335233072566	-0.194891519719035	-0.205828560902223
541	NVE9401	-0.0568731855738452	0.0738614173674343	-0.0282802197219865	0.0767564738273191	-0.049840904503771	0.0340740668510919	0.0395464108037272	0.117773329108086	-0.100310679296099	-0.0990615522670012	-0.0968208839495174
542	NVE945	-0.274089879900713	-0.162987592257873	-0.103638841805534	1.25617069051243	-0.121009444667311	-0.0607202993568007	-0.0611685009001892	-0.304890809403995	-0.0228636378616047	-0.31331028566106	-0.00354759051164144
543	NVE952	-0.0616400268409789	-0.142723269892135	-0.0922801086577659	-0.10058223031115	0.87329143418917	-0.118428081272572	-0.00262485247660023	-0.0611580580202648	0.0357750660249376	-0.112720048430314	-0.000676893538808843
544	NVE9552	0.00150320929870488	0.0184108576813225	-0.0137004410360212	-0.011958760285159	-0.0118119603975536	-0.0114860328154246	0.0328115897925652	-0.0113186164896635	-0.0113157229118303	-0.0112258009564849	-0.0112258009564849
545	NVE9661	-0.0570825495657598	-0.0380523614948503	-0.0482157699750506	0.469585071435415	-0.0493846359191695	-0.0586196425070965	-0.0577645555196704	-0.0576963661402459	-0.0571537348420532	-0.0569661639225764	-0.0576778961582585
546	NVE970	0.053043596641186	-0.0719736573087003	-0.103890292840215	-0.0317045220067528	0.224382389637154	-0.0298637011657037	0.243085515466126	0.0791846919950122	-0.0486037006639003	-0.0155947435707617	-0.0989763511694878
547	NVE9739	-0.209050942765744	-0.141991758013277	-0.297863028412185	1.42335821080085	-0.253993945717535	-0.291450409355538	-0.29647196024155	0.233130098981174	-0.228493608199607	-0.298804614666476	-0.0804853530835065
548	NVE9787	-1.15653435914496	0.367201518484664	1.58821221240253	-1.99877621345219	-0.694470374703738	-0.567315573863032	-2.00000777946402	-2.3231784819466	0.591887369679119	-0.659856550562871	-2.9102084309919
549	NVE979	0.168425162275635	-0.0520018987825378	-0.128296368947914	-0.0591062799514366	-0.0947582370594846	-0.127062345426007	-0.146817903151211	-0.146857945793703	0.309344946266233	0.397414104893894	-0.145333079684863
550	NVE9793	-0.277914758260057	0.723677676202384	-0.304918995850402	-0.230912411710693	-0.30314115018713	0.451649332346838	-0.498540361297144	-0.486936483946192	-0.444201315767606	-0.248951317017797	-0.593674992767368
551	NVE9849	0.0299881836453107	-0.00589526360061727	0.00739922886039503	-0.0385260565186536	-0.0543834301169536	-0.00797880065395652	0.00530053918712902	-0.05361261749784	-0.0516287297284012	0.12627876820539	-0.0513115836731566
552	NVE9924	0.186762850333365	-0.53184345782324	-0.48237538860879	-0.27465133203149	1.31487310174846	0.961993279917269	-0.281452814413878	-0.634801977884175	-0.331967584525489	-0.258229648797576	-0.151380021044431
553	NVE9956	1.98421031309691	-1.88510368846347	-1.45559756529912	-1.17732375230205	-0.142338041107697	-0.772698149436993	-1.30277777791235	0.637776155083866	-1.43092509060862	0.75307951295958	0.651634199981514
554	NVE996	-0.0527284899444075	-0.0562468891734265	-0.0619885634062496	0.548748903487819	-0.0658319898637255	-0.0794427661559849	-0.0596460386106552	-0.0782576801230149	-0.0780734066193404	-0.0774669941107483	-0.0774669941107483
555	NVE9976	-2.02816587864077	-1.79708491858483	-2.31178826569113	4.98219425687883	-1.83498162678844	-1.77077127008787	-1.71290852866553	-1.52747920304321	-1.71203926999945	-0.632707039740299	-1.38588459715538
556	NVE9982	-0.120380034539339	0.0144057254390069	-0.0882760937290673	-0.0637661042616658	0.710117416303342	-0.098208243089911	-0.0974666779706913	-0.0466197989626439	-0.0407461255310521	-0.095809053976334	-0.0960980533464126
557	v1g100259	-0.0178443268842414	0.0177126750287686	0.017099571715172	0.00514047283004394	-0.0134689849747211	-0.0134510433229562	-0.0132163902534218	-0.0132962090665879	-0.013145549179031	-0.0130460356506396	-0.0131872507587865
558	v1g100342	-0.123573303656846	-0.0983686284118762	-0.130560560926562	0.870362859881619	-0.0919971968668236	-0.0466968587660625	-0.125816124117966	0.119286148094336	-0.0945213165036103	-0.0862347595241512	-0.135403435403902
559	v1g100385	0.00288839809069766	-0.00569267799772461	-0.0117556919972724	-0.00941216519490198	-0.00935428767108664	0.0066686802952774	-0.00923825339793993	-0.0089079182270042	0.192095687905359	-0.00883481054795445	-0.00883481054795445
560	v1g100407	-0.476532773527698	-0.245269239690079	-0.507547619280324	2.10973755099546	-0.24629286482053	-0.149830507840351	-0.187438130283103	-0.565565895132577	-0.562580268176105	-0.438292941940589	-0.426834979999384
561	v1g100423	-0.0312004945194833	-0.0601309548529306	0.177330669699153	-0.0498573164626567	-0.0746008477399137	-0.0710876206650736	-0.0359763706057973	-0.0122797471012654	-0.0349933408291183	-0.0697992943253063	0.158953818880987
562	v1g100512	0.103325331686556	0.12921938260319	-0.210339510124835	-0.143636192230829	0.341383839257114	-0.185570001199377	-0.3197413164312	-0.375093794250637	-0.297171491891863	-0.423063008350793	-0.133260240240784
563	v1g100701	-0.0131232004716212	0.0223555616422569	-0.0100816238872594	0.0812501964616648	-0.0444431565627163	-0.052812388365545	0.0706753539660818	-0.0506805265914837	-0.0525654305497005	-0.0516743567159107	-0.0521179605783763
564	v1g101120	0.412950492367377	-0.251033305126792	-0.280694472622231	-0.238304973887097	-0.0562965867212422	-0.122772122652058	-0.137040805994843	0.519060172367887	-0.294211417489338	0.273743318044759	0.335538782618792
565	v1g10129	0.126494948208738	-0.0586413363750822	-0.0780375357249653	-0.100400789398711	0.105671631273742	-0.119499151804928	-0.0546164201278558	-0.128583987019868	-0.118040285442963	-0.0690596484713177	0.363089392638451
566	v1g101680	0.118394833032194	-0.0767735967277652	-0.042536650273941	0.00177578787182273	0.0172858992282082	-0.0283391576446876	-0.0815369654920266	-0.0814186618747708	-0.0814616267462658	-0.0786719929135737	-0.0808296273373061
567	v1g101731	0.350293418113116	-0.0208470695948829	-0.333364925029668	-0.122460938613159	-0.177842688847303	-0.209061523288568	-0.287412674653551	0.051452864114823	-0.00447488662797868	0.0393105543524767	-0.0562730578951276
568	v1g102563	1.84602226367304	-1.87018900829538	-0.817524204994784	-0.547106923812692	-0.524559370394023	-0.782916083304001	-0.734948688494192	0.0984318306278853	-1.94401304908275	-0.31032855102019	-0.153505861707405
569	v1g102600	-0.106537927715506	-0.120750761413771	-0.233343707821861	-0.0801968171518594	0.578352043447137	0.123345692437531	-0.301492439912203	-0.230713189260859	-0.101085453372608	2.29158750383236	-0.279053364458657
570	v1g102786	-0.189367110655141	-0.0620885164266193	-0.0530041800099831	-0.182115963308236	0.115984561722931	-0.111370577944863	-0.00696415992930557	-0.0527394570093514	-0.0372959765136883	2.51030516668516	0.274838693180643
571	v1g102981	-0.352022572587136	-0.24108062664417	-0.328543579930806	1.7335738291206	-0.229009788712601	-0.17743016285587	-0.303187782452017	-0.197078819383603	-0.150976401671972	-0.131177899755924	0.277583695038862
572	v1g103135	-0.237364991561139	-0.140180951381886	-0.192368521394884	1.35759256417546	-0.208164178307203	-0.187810709823291	-0.19750423077227	-0.174146490375198	-0.130291346950995	-0.225859253207935	-0.22620678540718
573	v1g103138	0.0548723654492572	-0.0255461603991749	-0.0585680775816095	-0.0344302062325771	-0.0475763219690712	0.0996707748857311	0.0818009310287315	0.0743666432831089	-0.0501021852715295	-0.0502713738272805	0.070278234374224
574	v1g103228	-0.669887555755446	-0.478103078481435	-0.670178289975354	2.69474976130985	-0.531838221505777	-0.360469072656168	-0.602980412741114	-0.553666170172386	-0.618928060407455	-0.368975232494244	-0.759195104878078
575	v1g103399	-0.0993437776433467	-0.0378291597711051	-0.0819140677086568	0.650181131853686	-0.0733177259048221	-0.0689890502047115	-0.0685722610721441	-0.0682055501599503	-0.0681884523426605	-0.0676570299712422	-0.0676570299712422
576	v1g103789	-0.0948332357959185	0.0411076382950401	0.0983397761274272	-0.207440347899709	0.0431080826724572	0.19743302032777	0.381244361549212	-0.123190433053316	-0.215105245126363	-0.0829335403813256	-0.283456604619459
577	v1g103824	-1.03474067332364	-1.28145913332396	-1.20548876762707	-0.886124344088862	-1.11141738621009	-0.890618601706265	-0.707028148963655	5.58861619373227	-1.01104182005272	-0.731530140978861	-0.205787135054413
578	v1g103841	-1.05192744298114	-1.61261811298193	-1.41061867892132	-1.12818255328704	-1.38733284264657	-0.997455615808192	-0.804600919539397	5.90369359624023	-1.54768329762471	-1.26032648958151	-0.685662769384766
579	v1g104208	-0.0943564084545253	-0.115359551467637	-0.0810945243214748	-0.136424561679241	0.881975866124952	-0.0171237245814918	-0.130964953812815	-0.127763993588799	0.0199076835223132	-0.127571223248093	0.317417295214589
580	v1g104623	0.581032164700449	-0.323527775489669	-0.231682130191408	-0.228504683087625	-0.227727790573778	-0.199618429800547	-0.288840606989745	-0.145760647386575	-0.245871516407017	0.0177556972714695	-0.175081029784058
581	v1g104907	0.0895381277363718	-0.0527633626787237	-0.0339654360526453	-0.0730910675235564	-0.0135924280326423	-0.0020236327628702	-0.0107682122744329	-0.0428284071656921	-0.103333720858335	0.160948083364844	0.124646336873894
582	v1g104939	0.752262969167512	-0.873338972939827	-1.15360581025924	-0.321263497566753	0.508840602968735	1.70500399013402	-0.408447811276379	0.39577301327778	-0.931575705644463	-0.770540505698752	-0.106807164873199
583	v1g105050	-0.00897569955287308	0.0409487710156591	-0.0405088822207947	-0.0466443350689065	0.0437337454056385	0.0896333995383975	-0.0614376113690024	0.177630540287597	-0.101163834809804	-0.099035500924877	-0.100252011496693
584	v1g105271	-0.407250027759391	0.0204358570351683	-0.146368095449943	-0.116971455117666	1.56269779025324	-0.279892444778407	-0.313206251513026	-0.355231691140454	-0.16156270110293	-0.442442500864098	-0.431465950902296
585	v1g105460	-0.487645819223464	-0.394845965090554	-0.370452704875463	-0.0492193465308688	2.22319699296267	-0.177158317996991	-0.235267199289496	-0.376160861619994	0.104537123750737	-0.372533563309126	-0.373333845892412
586	v1g105508	-1.63847841600576	-0.532579591500526	1.7117448541099	-0.790032687485168	-0.598762228957066	-0.31903035436192	-1.08364349685336	-0.705663974491747	-1.3696132827713	3.57584998926513	-0.788032662954663
587	v1g105616	-0.132070915631936	-0.110183957414672	-0.0444717988564589	-0.0404235941670039	0.906522711974654	-0.0987692069092498	-0.0981822698642596	-0.0974321232915781	-0.0973290752613366	0.00502662183073151	-0.0966563187408456
588	v1g105627	0.0511081005699517	-0.145836629598576	-0.152469427454485	0.212408905794733	-0.0907824534265486	0.0336727633474795	0.947815669067528	-0.131628633811205	-0.131662632761343	-0.130483182808527	-0.129486313715502
589	v1g105650	-0.042944626939503	0.0729109542203601	0.033657004181548	-0.0691822916381475	-0.0130524856279985	0.0577349984444385	-0.0751977335115972	-0.0834684293712348	-0.0807650401705676	-0.0795024653401914	-0.0288607251929891
590	v1g105659	0.055076472248046	0.00267489525927597	-0.0733493762316032	-0.0554828142356621	-0.0324679116230092	0.267474677062826	-0.0710471015598583	-0.070001470900582	-0.0699198678387763	-0.0698784180526602	-0.0695321506398528
591	v1g105672	0.552031486347652	-0.439697560168196	-0.368941554094007	0.347757989925321	-0.291633373250783	-0.203927344546315	-0.0421043404549823	0.0439904035788705	-0.414401611332134	-0.360329645093485	0.198092312404994
592	v1g105779	-2.4729926923372	-1.30816214904857	-1.11281654103702	-1.7383393411569	4.79897030401638	-0.774525126144578	-1.65155381911344	-2.50557694742133	-0.951953595111377	-0.574688386151143	-2.26920558421514
593	v1g106167	-0.0518978819583007	0.034855676813941	-0.0347927465617324	-0.000400568593731734	0.206387871305056	-0.0425430437712949	0.0598000655981038	-0.041268618713959	-0.041258177075266	-0.040933661399851	-0.040933661399851
594	v1g106339	-1.34577611487226	-0.924200251531766	-1.50553319386716	3.85193684438461	-1.14311723797508	-0.935836456921026	-0.337567658998836	-0.589175613479756	-1.17715980154672	-1.02081347603884	-0.990166473054802
595	v1g106424	-0.0337367198143403	-0.0275685256735632	-0.025717390367442	0.334234969031041	-0.036733767088095	-0.0551599040164837	-0.0576741613493433	-0.0537207218984909	-0.0537987083064002	-0.054433993786729	-0.0533604729724055
596	v1g106450	-1.12735860458783	-0.820390887129169	2.09145221930996	-0.90624047240548	-0.111601276174158	-0.313600097121701	-0.813881482288975	-0.735869190610536	-0.431421995576217	-0.94232051219083	-0.738666196856561
597	v1g106767	0.245844385673202	-0.155692601876675	-0.14347425342257	0.00782253585336029	-0.0723574335892948	-0.0191959447689512	0.12166252312566	-0.12402606098931	-0.124692549778443	-0.123020493510349	-0.0604969576903857
598	v1g106775	0.435362280467289	0.137303316942334	-0.622624697046521	-0.154121320320091	-0.42550179863787	-0.215039332449587	-0.356743652664321	0.536336241270304	-0.660598655263142	0.233196956135902	-0.383744620260685
599	v1g106963	-0.0431112841243302	0.00788651264119285	-0.00298054410707425	0.156324558173453	-0.0700470758498743	0.0618059594785063	0.0400851480800202	0.0317244129323706	-0.0570852582297905	-0.0571442023325057	-0.0559944197712973
600	v1g107554	-0.0433618872759036	-0.0732755961525523	-0.0280071024981349	-0.0400307654860139	0.491535074635417	-0.105940679762673	0.0669516395791666	0.0800473044616338	-0.0291115919589055	-0.103017501393139	-0.103615569782005
601	v1g107861	-0.0274761202920686	0.0671178406397854	-0.032767928771165	-0.0275840495290866	-0.000564500851021287	-0.0276861417997476	-0.00728594234426413	-0.0274890665193889	0.135929793673107	-0.0271353191737054	-0.0272648959255602
602	v1g108942	-1.24032062305243	-0.841800131140629	-0.119811866368026	-0.926814425683952	3.38894932086107	-0.507036714218151	-1.01997621895148	-1.0625148881102	-0.808459721033241	-0.791085315259457	-0.816709635527334
603	v1g109353	-0.00644646488282523	0.0276397426556597	-0.0159557483908368	0.0191645258699912	-0.0175245839423414	-0.0130340308944428	-0.0140709319550434	-0.0146669826168615	-0.0128222731668074	-0.0127005315268612	-0.0127005315268612
604	v1g109376	-0.00333962730873058	-0.125297322243707	-0.161761179696354	0.742646751387904	-0.152654610013269	-0.0494067058723795	-0.100912209572138	0.109166614677016	-0.0860006695684798	-0.157054996197646	-0.157198282159283
605	v1g109423	-0.600274596454681	-0.368451939195721	-0.340115095836698	-0.470658418919695	2.49915444275544	-0.244663016451201	-0.35234548207758	-0.442950317244565	-0.319596213033664	-0.492517526705148	-0.492301586192857
606	v1g110059	-0.058761436611334	-0.0574670909709522	-0.0514648062741538	0.421354658958551	-0.0454050807869887	-0.043866755772194	0.015688101181774	0.0630048771494661	-0.0425627681518254	0.116349247129219	0.102622849035526
607	v1g110126	-0.0453689912014554	-0.0691527005218246	-0.0641944103154309	-0.0850636971361164	0.605710141837109	-0.0465884486510519	0.00380499076684726	-0.0459028562624209	-0.0806681337025088	-0.0778475466384688	0.0794139107902655
608	v1g110153	0.132803078736378	-0.144569699452577	0.184610860260142	-0.069092594146541	-0.231269838235384	-0.236965322018091	-0.220482263431155	0.133563106686309	-0.174758813303176	-0.196145956974124	-0.225802655954036
609	v1g110181	-0.0500308460820249	-0.0266017600094182	-0.00909230948508896	-0.0364172606012579	0.372040968957482	-0.0349893381435751	-0.034736012580726	-0.0344834129266636	-0.0344746676103478	-0.0342028770620339	-0.0342028770620339
610	v1g110212	0.0496631062498625	-0.0882170666398383	0.155659307991837	-0.0988293219753682	-0.0955023024919775	-0.0352068351661855	-0.100433874615208	-0.102026048710337	-0.0403853908827774	-0.0988173383315882	-0.100639549288853
611	v1g110233	0.0754591066873512	0.0459978248261756	-0.0631107661230685	-0.13382996149096	-0.0556587446539826	-0.034506909792817	0.0291602137013268	-0.140001432372423	0.0266722226706812	-0.137129139779761	-0.0513223915265162
612	v1g110258	-0.0276974572320134	-0.0270977277792121	-0.0291422828785141	0.326310238451454	-0.0650648555627956	-0.00262441924574849	-0.0603277567346722	-0.0592648763324561	-0.0594625895451596	-0.0582842758182931	-0.0591262187360433
613	v1g110348	0.0830747023204524	-0.0444605997066343	-0.0638065557328297	0.0485402002833083	0.0319114372538962	-0.0540714458498836	-0.0536768170548338	-0.0532156251955319	-0.053331743478341	-0.0524391249183539	-0.0526298944875158
614	v1g110350	-0.366429850193633	-0.247207076560837	-0.481451635120175	0.0221943388557428	0.0118050589045281	-0.157347856467331	2.90850508927573	-0.27106194587251	-0.491253781609771	0.144623026544954	-0.388254812734116
615	v1g110464	-0.0877194076155841	-0.269059908894923	-0.264434449311504	-0.16002637400416	1.09597090310123	0.597077943717749	-0.323014336513442	0.247133678223821	-0.328300391670808	0.0417056639010473	0.826049392465772
616	v1g110593	-0.00604211752857187	0.0180136230853972	-0.0287632309780608	-0.0250381898730428	0.0960952988450761	0.0127400001310454	-0.024057098610064	-0.0239584461365757	-0.0237968311503267	-0.0236799163558404	-0.0237628308311555
617	v1g110599	0.499091235652314	-0.0406168119769508	-0.561444375962103	-0.0243942138587586	-0.244341564682631	-0.0866113592940267	-0.325198632827767	-0.207904819041412	0.053354289651134	-0.580809935541105	-0.141384261058373
618	v1g110661	-0.00687393023342569	-0.0132987460565875	-0.0161835531823553	0.0875994664917111	0.020515747445925	-0.0137914684614176	0.0178949913267423	-0.0131735192106078	-0.0135871352381236	-0.0133893404076597	-0.0134792473604109
619	v1g110792	0.0305461900646881	0.142849171228278	-0.145442944309393	-0.0700673578719413	0.0370980079897392	-0.0817186134913423	-0.165461349698271	-0.162748221955338	0.0383487324627092	-0.161045612470268	0.0527942360942339
620	v1g110843	0.000302822418205825	0.0106742555061508	-0.0303724625355543	-0.0123207722106489	0.0355796504126863	-0.0354743574217394	0.166879612384649	-0.0349615037445738	-0.0349526386427029	-0.0346771249825578	-0.0346771249825578
621	v1g111416	0.0895748636714248	0.189674142326408	-0.231458771217553	-0.216948729910322	-0.093239429313403	-0.269866426095378	0.186401918244267	-0.093038823766452	0.144363551860719	-0.227139761033126	0.0285934728023841
622	v1g111433	-0.782695497508788	-0.401512341949121	-0.620721972348529	2.69202651176025	-0.435621047562685	-0.470136526046873	-0.504102136117802	-0.522167511289838	-0.639922746138127	-0.603103766329955	-0.501427682333339
623	v1g111441	-0.955195896332015	-0.740952691346749	-0.987673688144794	3.33248679517935	-0.927980935498355	-0.768742723657506	-0.714242917100451	-0.457752973576791	-1.15055648276993	-0.735927111062566	-0.89051738500492
624	v1g111803	-0.038554563258803	-0.0308158761235236	-0.0319540501022136	0.320636586455841	-0.0276911500597245	-0.0268081084617593	-0.0261424314663433	-0.0265406594483363	-0.0265339100046479	-0.0263241526638532	-0.0263241526638532
625	v1g111867	0.0350053537133679	-0.108642129917136	0.107298545537518	-0.0727407349509782	-0.12382169648214	0.227017333216305	-0.0750207307703987	0.0313586170155196	0.129178557526057	-0.128609973628206	-0.13046098695435
626	v1g111870	-0.369753273260112	-0.269433186508835	0.847241921829361	-0.160487017572662	-0.237650655593782	-0.148720551862354	-0.31175249288447	-0.16370819323672	0.582226577972485	-0.307638239744093	-0.0954495174773814
627	v1g112027	-0.262908570357269	-0.108697284352805	-0.188763391103012	1.40838926600461	-0.269941038851382	-0.213930708984212	-0.260323048416797	-0.19668987972032	-0.250371113042079	-0.252125773969287	-0.248391273415863
628	v1g112221	-0.251671312327554	-0.0634647018447076	-0.223270240213481	-0.202042009506117	1.45416277038678	-0.216467109392627	-0.177485376578847	-0.214698460631712	0.0337006643336402	-0.213766479970067	-0.21615296341441
629	v1g112324	-0.800540099883753	-0.694985465302909	-0.549946335117968	-0.529631098923036	3.12353934454723	-0.700694433950388	-0.591033868738562	-0.62838481954127	-0.360682531410199	-0.686713127054286	-0.687100808473515
630	v1g112360	0.443809406901431	-0.346952831268794	-0.135261390360444	0.0129104593138399	-0.247347320069334	-0.259206056545844	0.304903643217396	-0.374724204199498	-0.319168044130716	0.00851570504349508	-0.106095704117072
631	v1g112378	0.0824290615371085	-0.0423186469012725	-0.0167572637010276	-0.0385809210249479	-0.0511671406542486	-0.0474598505939388	-0.0487964816543231	-0.0466790771008026	-0.0466886084895128	0.184905913230596	-0.0463700780652923
632	v1g112440	-0.163517941247001	-0.118122644922798	-0.0962672613266196	-0.122973484388185	1.14031936913352	-0.110575410719249	-0.135974289495439	-0.135100306326001	-0.0520316176884375	-0.13334530655215	-0.134038229114592
633	v1g112522	-0.312237649203691	-0.207917165451663	-0.247586174918012	1.62705372592342	-0.236607971802945	-0.255918004233056	-0.19086532591675	-0.292369400683765	-0.284784339809559	-0.174428216712959	-0.0172482041383946
634	v1g112691	0.100187222142453	0.128043548446942	-0.154655019550619	-0.0602872349932205	-0.108663246243612	-0.112237322406223	-0.083064380729343	-0.151770801329861	-0.152243742708218	-0.150212693945825	-0.150053966399739
635	v1g112848	-0.313890828299605	-0.314561109474842	-0.306942324443841	-0.0764475124806855	-0.346286176012029	-0.30790616962631	2.9556543417727	-0.189709566075604	-0.304400660999231	-0.342093568770506	-0.221308717813394
636	v1g112998	0.0657492393313326	0.0113755694429792	-0.0651263622499337	0.0395764759129857	-0.0525811103835183	-0.0725143370207097	-0.0730777313026135	-0.0717932578689753	-0.0715849845647005	-0.0491378623810753	0.0390901945184299
637	v1g113088	1.13120703667397	-0.77612929341847	-0.595954781695882	-0.170958650451297	-0.487200813926577	-0.236527418737411	-0.466097695391919	-0.487393267575235	-0.630048421057101	0.0861029364223591	-0.519802064474393
638	v1g113102	-0.00589602115196639	0.0262094459524549	0.0560373552911394	-0.052069025743987	-0.0933857350299387	0.0530358441295294	-0.0883043626181529	-0.0874990123401906	-0.0878264041942901	-0.00743337764422515	-0.000713761949759223
639	v1g113115	0.38473145668731	-0.195716445680007	-0.0949285618884425	-0.192345408632376	-0.176650913029146	-0.210284067520827	-0.141126062661948	-0.110867520498691	-0.207916677408166	-0.133862927363994	-0.206106629252349
640	v1g113172	-0.214936088816889	-0.243868688847593	0.506337578951998	0.232310170157442	-0.045271788532403	-0.249638889547684	-0.125821011043642	-0.0825317861876714	-0.246822281491538	-0.241165029833575	0.583720385952335
641	v1g113641	-0.247154367550979	-0.243324694388979	-0.415133010332297	1.72720200936271	-0.157867214346848	-0.298752150907172	-0.351772292366324	0.00598511126921836	-0.43700945221165	-0.362548375753485	-0.225546886556099
642	v1g113651	-1.19853981946413	-0.917951702812316	2.30290828865743	-0.818811131617966	-0.604168791586588	-0.435359735263071	-1.03987321610582	-0.894365326818754	-0.612265288358241	-1.03434401473371	-0.869515501750158
643	v1g113654	-0.201189727036585	-0.150531745678512	-0.167037430704476	1.20442837439218	-0.15857888712525	-0.133471064210232	-0.0917401878317997	-0.175841841837729	0.037225738825775	-0.273369892135805	-0.0080665738344966
644	v1g113685	0.229995393272916	-0.123008351486079	-0.093934587608158	-0.0963333806496333	-0.160721114032941	-0.0325186744346981	-0.126160398787915	0.0937545103267203	-0.178135577520661	0.421816875647031	-0.104795459154382
645	v1g113713	-0.0302083822311098	-0.0042178174994993	0.0419889169785673	-0.0211617825393439	0.0316897406647954	-0.0162703013435279	0.0823910385136011	-0.0484490704131304	0.0425477838306899	-0.0474600302776557	-0.0467074145035167
646	v1g113718	-0.161209229829373	-0.156873385072321	0.517245429786459	-0.0398512497083873	-0.0955300305237494	-0.163740687066568	-0.163869715736381	-0.160548488307323	-0.130404532526685	-0.159260248430876	-0.161488169217324
647	v1g113867	0.00675941000160143	0.0082840769037838	-0.0109885139126212	0.00356432783767256	-0.00951332871355668	-0.00925062411653621	-0.0091830546441947	-0.00919839063144052	-0.00911335527411651	-0.00904087994252748	-0.00904087994252748
648	v1g114044	0.091094984368346	0.031180655339132	-0.0943237272216831	-0.0362075532581342	-0.0717399124586789	0.00277646793469363	-0.0600854479353783	-0.0896229028578972	-0.0502686633222755	-0.089386265388979	-0.0890268036934962
649	v1g114134	-2.2165556972058	-1.85131878077797	3.46490823035009	-1.02149479865948	-1.18038300189416	-1.63556276741298	-1.24118147475463	-1.28061140123357	-1.21757984039557	-1.81554347206471	-1.2890671203109
650	v1g114264	0.169978332473381	-0.136806217535355	-0.0437372677028414	0.0266412666945677	-0.117731200633214	-0.0991796382247144	-0.154355249502303	-0.16259868051108	0.0108450194030498	0.148993643410698	0.421089553650504
651	v1g114289	0.641876853336382	-0.744687762942263	-0.726544073120315	-0.408616075428608	0.268189656411247	-0.244393891488101	1.98750485027453	-0.767024982318256	-0.792686345472009	-0.25239770876092	-0.0499110183467595
652	v1g114394	-0.00309741354402576	0.0870085903725935	-0.0227377300272304	-0.0562900617068549	-0.0552306518352882	-0.0540244230221774	-0.0373131375042809	-0.0533632882942732	-0.0344170152857726	-0.0521844862701458	-0.0529310836220074
653	v1g114572	0.00327866425102632	0.0103667540288733	-0.0126129626381312	-0.0151557115047427	0.00328536841526039	0.0112298427242338	-0.0139578653063441	-0.0144778754343942	-0.0162419617151362	-0.0119239875239479	0.0734260773803022
654	v1g1146	0.0820131200643473	-0.0369651899063602	-0.0602444873616284	-0.0308538697579542	-0.0416791799290311	0.00373619121819529	0.0978765992551886	0.0597392493827304	-0.0528021026447199	-0.0497662992267383	-0.0524666575916243
655	v1g114661	-1.94483119922804	-1.36893275941364	2.98631609771984	-0.815465645298289	-0.87510682041159	-0.756101180707273	-1.12172923517133	-1.22481792558678	-1.1183265813197	-0.794682216735353	-1.05604814846581
656	v1g114750	0.0690233522505238	-0.125657051535835	-0.0876422897151979	0.264297810251838	-0.076539838778299	-0.0831339536192834	0.121126768402328	-0.10158323438575	0.325141523435164	0.0198326481860795	-0.0211468263554989
657	v1g114900	-0.038216171437497	-0.128022169009391	-0.222122320007116	0.250573285709662	0.0181961639455243	-0.142280925454607	1.27832324552187	-0.0603228827522641	-0.236939832641619	-0.238072728723447	0.494994168318237
658	v1g115439	-0.172344834497438	-0.14577574302429	-0.0855329767509479	-0.123125267895593	1.11938746510335	-0.154671958878112	-0.195963966408385	-0.0803011398611479	-0.0497214608484449	-0.148823110414154	0.613208491231043
659	v1g115839	-0.0274500394124131	-0.00324662501187457	0.0574983624256026	-0.0221061554632252	-0.0123777205038773	-0.0170894532111622	0.039885828454186	-0.015790668828129	0.00414654812059861	-0.0162806008243125	-0.0159669950240494
660	v1g116062	1.15637818183458	-1.16079903636627	-1.04457224845773	0.0611780625253662	0.302424372175541	0.734607853629245	-0.162122464277514	-0.487465215955138	-0.894886127720413	-1.16388711951855	-0.980869976384006
661	v1g116097	-0.114373967162841	-0.0756023569028242	-0.121381710257865	0.850448605764029	-0.0804719737401753	-0.106162019635484	-0.0601041280011583	-0.132102720280123	-0.13075747883266	-0.128047165287111	-0.129915543537197
662	v1g116420	0.137677959159912	-0.255551780276684	-0.483162118973283	0.984615932956291	-0.135394572143322	-0.0588451907973279	-0.0210841789602682	0.341560626367345	-0.339202768672064	-0.0836943489895873	0.0781855156666207
663	v1g116664	0.0920651650741504	0.044160707909176	-0.108674977265495	-0.0921971252398427	-0.159655017171816	-0.00149930286960642	0.229939256638145	-0.0685995401380605	0.00202260814626576	-0.0355921481752712	-0.282709100176806
664	v1g116714	-0.149245460949366	-0.133375105088788	-0.182216654413452	1.00852681345812	-0.162870257496006	-0.0687412340674438	0.180513256676769	0.00299863532549791	0.0438729042521317	-0.0583397417500615	-0.200553841856828
665	v1g116722	-0.0277403180796174	-0.0381773556661185	0.0775631645343672	-0.0716784833207496	0.0264849187392852	0.185437168010056	0.105806470273925	-0.168135909823248	-0.0506578623465886	-0.168361215983564	0.055022699785204
666	v1g116808	-0.166246149446017	0.0684040825291646	0.258893500099412	-0.127984552882377	0.0244881138611537	-0.134887637653765	-0.168055992619454	-0.156358300078249	0.12675058639378	-0.154285965964853	-0.154539608052429
667	v1g116985	-0.332995266599023	-0.362671229462077	-0.421269749309154	1.98320955023056	-0.313964931908685	-0.17284934018429	-0.224356788534308	-0.321429271704141	-0.196186501783429	-0.457865309869507	-0.457446727164382
668	v1g117044	-0.679151559185356	-0.406170179945676	-0.579152877286715	2.53597035152369	-0.512034298580817	-0.143256906251778	-0.274015625214411	-0.422791935937812	-0.548920985140613	-0.583815913760917	-0.584095768795673
669	v1g117242	-0.00015397132542315	0.0670619074304218	-0.0449834432765343	-0.0227648801575435	-0.0726216247718668	-0.0712006470676168	-0.0662719352708692	-0.0695408584568415	-0.00626044743458262	0.341457106474734	0.108780967804701
670	v1g117646	-0.06723611440912	-0.0556578186009694	-0.0628128158109968	0.550786897077092	-0.0545429424188788	-0.0529161301118932	-0.0531622100082114	-0.0521376494895151	-0.0521434668130674	-0.0525190417372537	-0.0517348571401865
671	v1g117667	-0.753019685087191	-0.328360921425946	1.44658999731657	-0.600327113393723	-0.0372832627537399	-0.352393953075417	-0.498950456625665	-0.620277189888701	-0.356321237248209	-0.62422960212114	-0.482371647895494
672	v1g117688	0.157040853012007	-0.0805800152703345	-0.0498066382889622	-0.10110482373087	0.0130251230925381	-0.109816040726857	0.0689860846160739	-0.108110947483641	-0.108790073867692	-0.106931850199348	-0.107857204005244
673	v1g117889	-0.0373515333294549	0.0650557611770351	-0.0109563817030699	-0.0513205972648032	-0.0307742342203783	-0.0250814939581007	0.202065067705442	0.00687796755316748	-0.0486286668856574	-0.0474849434802141	-0.0482574500940447
674	v1g117894	-0.0398182295617005	0.0890992726084673	-0.0260393766192247	-0.113100803071757	-0.0836981276296922	0.412055111725141	-0.00849774749267798	-0.125795722031928	-0.1248163605515	-0.123519489681725	-0.124499954737852
675	v1g117981	-0.180469490329181	-0.331272225693478	0.0299896141233057	0.807169901678343	-0.0764213958515704	0.230425235451115	0.377448057517798	0.370359958911813	0.0595880402509257	0.160104798379153	-0.21651862468322
676	v1g118173	0.430218521232469	-0.236802982295911	-0.227224352859664	-0.164359054656535	-0.0221549692247249	-0.240906266278339	-0.154878434188297	-0.0770044586908921	0.164900249035558	-0.232894143889472	-0.235800801123769
677	v1g118229	-0.835132124766038	-0.564111282870463	-0.422313959026757	-0.628583596702535	0.225909624361619	-0.396297189498726	-0.503425401045147	-0.608984426514282	-0.715246034104441	5.13556181102151	0.0924221908638418
678	v1g118240	-0.0759333611383197	0.0241465634595377	-0.0478709802668911	-0.0096033538272054	-0.00631780385070697	0.175342064331426	0.426546033718967	0.0424921152985926	-0.107062429467961	0.153333265261789	0.135356335190223
679	v1g118263	-0.0359406019669937	-0.0706635179601196	-0.0907671899101634	-0.0340962936571814	0.0799244788254092	-0.0889766222075719	-0.0856778752633865	-0.0860096599056042	-0.0883649094798892	1.92669922254524	-0.0870852217967397
680	v1g118268	-1.12074355818767	-1.12078487255416	-1.04866788250921	-0.989112232855194	-0.614896263966342	-0.284171287039983	-0.773098360505421	-0.989933645779966	-0.990510334093085	6.24641143268814	-0.214997128157206
681	v1g118347	0.0354044026995649	-0.124094112382223	-0.187178255259365	-0.0964503922312336	0.585515172388016	0.526110047311718	-0.262227354205351	-0.142737781439979	-0.217506231836935	0.00458091414862821	0.0479744774617624
682	v1g118356	-0.124279074070297	0.763081877037768	-0.447754818097148	-0.195815143043134	-0.353011295727885	-0.298862891528015	-0.661371605530482	-0.242639506729059	-0.712157610852617	0.128363521793827	-0.375736431857978
683	v1g118443	-0.0255942498924319	0.032914021280877	-0.0177889758553144	-0.0423608394786403	-0.0252328457679743	-0.0532917200939055	0.000448073572051219	0.455211692160996	-0.0746802257838361	-0.0731839448357008	0.0455012503532918
684	v1g118459	-0.0763435600977024	-0.0725837266817761	-0.112289412316439	0.705689398393017	-0.0938505833083307	-0.0615977919846312	-0.0380865353840631	-0.0809136958971196	-0.093461581514891	-0.092797248853405	0.056180188574997
685	v1g118469	-0.319792247312342	-0.0357860123548789	-0.174914288620119	1.28972979718501	-0.171783177800416	-0.0298237945209932	-0.260869600276164	-0.257251227439013	-0.139062302868522	-0.0386547723181287	-0.255044711123774
686	v1g118526	0.395377393836976	-0.362570860484213	0.155212464726093	-0.058371502394301	-0.430764853965027	-0.456220666748095	-0.312413915674969	0.163598469162207	-0.568273413657059	0.00118321052202097	-0.385385842513522
687	v1g118752	0.01321701488962	-0.0173227004503515	-0.020144827329482	0.0416415365366904	-0.0273240994550316	0.124826344075355	-0.0264563900056549	-0.0265075054213579	-0.0263973836362504	-0.0262912666356034	-0.0259493084940561
688	v1g118817	-0.0426360588873901	0.0610513737542972	-0.0368426827913066	0.114329947335624	-0.036323342615277	-0.0354633025784397	-0.0384470820973602	-0.0346671220630243	-0.0343805606001886	0.138094769447425	-0.0343851093936067
689	v1g118896	-0.11716571751029	0.568247500954424	-0.403542384630143	-0.216599340656254	-0.337837339169204	0.206302537335144	0.261404379011493	-0.547941449417608	-0.683400602552302	0.257639055521107	-0.0526001949525251
690	v1g118978	-0.289142693377885	-0.462918157103559	-0.696355162609673	2.19317872486458	-0.342124885107945	0.0428556148955457	-0.114848473525107	-0.530344548581869	-0.561209643856614	-0.749818486248659	-0.22394972322824
691	v1g118996	-0.0114399737687734	0.0161788831936908	0.0184058104702997	-0.008003662379277	-0.00989403978849714	-0.0242734183351014	-0.0240741414016902	-0.0239211563340653	-0.0240250380800075	0.0301601274926221	-0.0237258429947399
692	v1g119330	0.0124761654677853	-0.2493703745996	-0.0696309109442954	-0.250855729965662	0.228706113471055	1.11024022623894	-0.101281270858111	0.404824554687686	-0.342620962762504	-0.33402678612189	0.337204952263801
693	v1g119550	0.769627946833492	-0.431629689737096	-0.515901369479767	-0.193262971788011	-0.195204901367365	-0.446900930210096	-0.28708501988141	0.0767648710449166	-0.368256096907479	0.445509218744741	0.0471202936903723
694	v1g11965	0.177450341352973	-0.121680178397748	-0.00976397806506919	-0.104393351894004	-0.0853231659419274	-0.120638158255039	-0.0464367473555101	-0.115562451103347	-0.115444145332633	-0.028969117253163	0.328418616630106
695	v1g11980	0.040920459265781	0.0361784221012551	-0.0555165948045164	-0.047466473016923	-0.0590194632141034	-0.0266160270197974	-0.0152379263287414	-0.0565629095718206	0.00960048333521352	-0.0562932118382052	0.149647879777256
696	v1g120049	-0.0742902811144668	-0.0454386922782295	-0.0249113390276459	-0.0455507470783536	0.484541141199749	0.0728150001355565	-0.00201338812094828	-0.0552723179058739	-0.0576278919589119	-0.0181164343174837	-0.0569962657958602
697	v1g120076	-0.148088756139535	-0.155160194143167	0.259413248463514	-0.142290586568249	0.582356098515179	-0.0751964155083346	-0.163520988300366	-0.00446331874270164	-0.162539317430006	-0.160762077974596	-0.161358980127271
698	v1g120119	-0.250316970172162	-0.205620857882658	-0.0364206261667431	-0.102984760444084	1.40014705688153	-0.168819928024201	-0.186152735636903	-0.187288215389463	-0.188203856695334	-0.186273847260055	-0.186391078544306
699	v1g120428	0.00535777890098121	-0.284842322137095	-0.220121569321795	-0.0583192870712931	0.00547054662209079	-0.0393402091650181	1.89827505963072	0.00312439646818996	-0.212027799374112	-0.303783798993013	-0.160688911209456
700	v1g120521	-0.283732692978086	-0.291958633520974	-0.18492839350488	-0.246390587260812	1.81838857365271	-0.29990957359836	-0.146055227765886	-0.259115219126701	-0.277849010874013	-0.149864159190692	-0.292056269967512
701	v1g120928	-0.636471918962359	-0.60385890387759	-0.269233127211063	-0.404068151132063	2.71915073685753	-0.441060529956497	-0.508470631225326	-0.600496144359657	-0.6017611133739	-0.593916471296378	-0.596704417180854
702	v1g120998	0.339289322447191	0.216652120519047	-0.203651792322365	-0.535774977620311	-0.302194516648492	-0.471606591166412	-0.550877807331448	-0.629569897193521	-0.16983740650357	-0.427793851018924	-0.266962508863595
703	v1g121435	-0.211524315631163	0.0858444804948879	0.358304147420558	-0.196199819493742	0.169230882234983	-0.0419127693545717	-0.279017308801981	-0.640378329782807	-0.559888044548192	0.132963669399447	-0.289120201128459
704	v1g121533	0.0344140102680145	0.0789349013905558	-0.0775083723946865	-0.0485777826534222	-0.0665007536477358	-0.0258338434006897	-0.0607261352824738	0.0502219919210321	-0.0644875640712713	-0.0640992875083665	-0.0616689609538195
705	v1g121678	-1.21226782173059	-1.08886582130073	-0.84308045665868	-0.642880522246192	2.42995152162947	3.1710000492173	-0.771468054041675	-0.853280018542765	-0.885313247026603	-1.13545881298573	-0.430517298948728
706	v1g121810	0.0920178869871565	-0.0933880928672021	-0.0526638230753033	-0.0249100823822873	-0.0404872663437466	0.0373491313030436	0.173996715903254	0.162592517076482	-0.0726633409160002	-0.070911548229948	0.0963720225257018
707	v1g122152	-0.123494937329729	-0.129058532951708	-0.153001851484344	1.00046937187861	-0.137853581007255	-0.0114145171306273	-0.115699072758935	-0.139048679616452	-0.134652335273648	-0.13377866011598	-0.0458212938262383
708	v1g122519	0.0266215374348627	0.00654462982300499	-0.0118040223480618	-0.0518435392697075	-0.033383756760531	0.0265446021404013	-0.0457867541906342	0.113945218867662	-0.0511476872054104	-0.05010380275586	-0.0507596704266549
709	v1g122621	-0.105828150033948	-0.0432721548374757	-0.0973473517742931	0.680387604769686	-0.056841337245182	-0.0241478363194099	-0.0814956490910775	-0.081824380430252	-0.0805987768969194	-0.0382078641044801	-0.079543463245144
710	v1g122648	0.187396686372758	-0.0621908648601874	-0.100843314939133	0.0860889855086843	-0.134547508973316	-0.149314769360589	-0.0773355735998193	-0.122461163273003	-0.194476626840176	-0.192020591557643	-0.0896837199084599
711	v1g122684	0.00314624800855149	0.0287636532645827	-8.82915092129191e-05	-0.0610881258123958	-0.0620202901169768	-0.0600173097979916	-0.0604656739767811	-0.0608053209728597	0.268715566392866	0.114259839588037	-0.0607858220394736
712	v1g122783	-0.407865157886495	-0.136489105325088	-0.353643127111219	1.7662426707778	-0.336002585668943	-0.2665076433545	0.110590277220755	-0.135931860111427	-0.316365378878408	-0.542505627774922	-0.316523086266859
713	v1g122822	0.0530797448418266	-0.0452480655546307	-0.121363645628977	-0.128647463333821	-0.00583901785980423	-0.150305607918366	0.00323866320485156	-0.0765092404121338	0.990417041452008	0.419505463299621	-0.147389220482279
714	v1g12286	0.670354347388217	-0.417073132112832	-0.307060678098455	-0.152965550613091	-0.19875151725798	-0.275215392528362	-0.0364584984006412	-0.151789935547816	-0.512651426897214	-0.208952516398849	-0.237644460631387
715	v1g122879	0.0748036462244616	-0.0554651751352726	-0.0857330753472282	-0.0812539916030759	0.193379233896126	0.0902166655848251	-0.0308812608186205	0.00464815264394261	-0.0320168234405266	-0.0933618541393431	-0.0908807628851864
716	v1g123220	0.151616234024932	-0.647719564087277	-0.591915147062712	-0.267260191383302	-0.357688799473915	-0.561979797968628	-0.0782258585226709	0.152246987897054	-0.162429677506787	4.08213120280736	-0.401817785615363
717	v1g123764	0.19517509418121	0.148792863811721	-0.17981808641938	-0.149611918569853	-0.183476275478828	-0.193007519688363	-0.297641494820932	-0.209564103197469	-0.290397531745664	-0.287980749809454	-0.290964885387446
718	v1g124040	-0.0311703664665054	0.0502637872035938	0.0330919444189676	-0.0304465045725962	-0.0598402681805588	-0.0589112984747619	-0.0586115899110792	0.0151734807560475	0.0457795404049981	0.0580523157165312	-0.057899826639596
719	v1g124069	0.0520392774053459	-0.0292175493373253	-0.0473199957046032	-0.0320168824143193	-0.0534126894479378	-0.0617226307076363	0.0631763706720941	0.168311863006306	-0.0608476956457666	-0.0602123231096334	0.393940817921089
720	v1g124441	0.0821009552739246	-0.0185421696897928	-0.0519185727706772	-0.0553675449870555	0.036614536444459	-0.0520987717965607	-0.053689940658051	-0.0391301547307456	-0.0507233208614181	-0.0510087238992676	-0.0496229143638722
721	v1g124608	-0.701235780712015	-0.567477593754337	-0.280084750347543	-0.422322288252296	2.70028500992419	-0.305386174660621	-0.399311320212599	-0.531862381640016	-0.383442175473181	-0.196277159478796	-0.528193355526942
722	v1g124644	-2.07392812738463	-1.29996866571341	-0.96510224837767	-1.57920837328055	4.50454042454449	-0.724152279027003	-1.07252069097729	-1.78423441533138	-0.962877668454573	-0.262948874217669	-0.664135068702279
723	v1g124712	-0.337102554334265	1.09226929188399	-0.803043315235018	-0.401575707769293	-0.65784136624727	0.620748563192526	-0.199986534345437	-0.510308847665592	-0.749612194533524	-0.641850160342919	-0.340735316431601
724	v1g124717	-0.429729118275692	-0.272958875062143	-0.115037767627906	-0.277729368868346	1.90989996313199	-0.189241548036271	-0.157178039689343	-0.321675060793316	-0.0516853442156952	-0.295548471214126	-0.320995115046664
725	v1g124772	-1.64465959712741	-1.09744654199638	-0.445255791502342	-1.24127465127246	4.01902370287917	-1.26189658694573	-0.620196646575681	-1.47218916188832	-1.03348179773956	-1.33951078185155	-1.46612112443443
726	v1g124848	-0.339629311148723	-0.169743725542271	-0.0334561170903778	-0.199537045030215	-0.119495809106598	-0.304216882088157	-0.159008881688636	-0.0395451607307258	-0.253304491707814	3.57417512117223	-0.29788545994631
727	v1g124883	0.00936625913040498	0.0772672011039099	-0.069711322361113	-0.0353559907487531	-0.0405655398094795	-0.0810567878254906	0.147683431137088	-0.0788690664732613	-0.0790989703201818	-0.0782889677608506	0.0804139398729113
728	v1g124911	-1.81557783079171	-0.944214352485475	-0.114159400930872	-1.57096636797798	3.86144764395208	-0.988986059574089	-0.836299646204683	-1.87135661052288	-0.353120131943964	-1.29249788190573	-1.73090197843579
729	v1g124935	-0.410189515471648	-0.38577382125781	-0.552635922653402	2.21604497536684	-0.343672029984627	-0.436697105851083	-0.375033734860826	-0.439717953313982	-0.100509128726243	-0.461944585707397	-0.11059480801119
730	v1g125015	-0.238320513779113	-0.19421969987319	-0.0801380507040268	-0.169674836247029	1.38198216794495	0.0105228492068905	-0.16917844374359	-0.166645294982322	-0.0742607116699088	-0.16769869315931	-0.16769869315931
731	v1g125072	-0.244416248814583	-0.213415988825438	-0.124480400336884	-0.151764159862584	1.50896139600563	-0.165836708907951	-0.175548737303424	-0.174124511391752	-0.0993645174476078	-0.17243573102212	-0.17297937842199
732	v1g125098	0.693987325556174	-0.395857767965172	-0.45530195974774	-0.15393012692697	-0.26290715308578	-0.229110014223513	-0.217139356187741	-0.025563419431606	-0.306794401903613	0.670278724052485	-0.221679280828648
733	v1g12519	-0.0210981408261419	0.0131969080417207	-0.0186383635896302	0.00958201295589748	0.0236378668952696	-0.0339520782421757	0.221940514621601	-0.0330512105996883	-0.0335709015896518	-0.0332746126759363	-0.0325834211671783
734	v1g125484	-0.283585767077187	-0.268585647046709	-0.329721296817218	1.69553010209079	-0.224990342519687	-0.195744194403225	-0.0573343902390195	-0.17202350329604	-0.334175997224373	-0.19167996606816	-0.216557505846673
735	v1g125559	-0.21801085493595	-0.122629364602828	0.525817673215878	-0.153874367572019	0.0834927383747668	-0.165176159617125	-0.16371953798701	-0.163283427368038	-0.130152302428824	-0.117932958398532	-0.0374467008080646
736	v1g125911	-0.0919247536559418	0.0125124659449053	0.00805687393840576	-0.0988197907636431	0.497920636045903	-0.0549978319947856	-0.101546896531275	-0.101497650467551	-0.100725041251414	-0.10069594985891	-0.10013007276569
737	v1g125997	-0.688287284308328	-0.500954390921634	-0.773979661250739	2.77306478995175	-0.665485598938527	-0.221585725322362	-0.524174148219956	-0.417163150550508	-0.853940601972419	-0.7782915673754	-0.211832205657551
738	v1g126097	-0.121439676814531	-0.0981894882239419	-0.113271196329992	0.778270322023334	-0.0834653465968719	-0.0878317307014839	0.240635103442405	-0.0373531773363103	-0.056899706485887	-0.0983709609765615	-0.0975147490967325
739	v1g126198	-0.116601922691425	0.0406453972926578	0.0114890115090449	0.509492281588836	-0.177242016860122	-0.175998306503407	-0.106433891926257	-0.251642570393716	0.0788025454806536	-0.303837557078296	-0.0262531798724974
740	v1g126214	0.438879969439882	-0.286218012995081	0.0510578035077552	-0.267221614945662	-0.531595904077468	-0.497666706474484	0.610269918498747	-0.293456854062872	-0.889722664494183	-0.128190868754822	-0.587929663650884
741	v1g126270	0.81759571737562	-1.00435443801891	-0.304894595094233	0.0890082464000475	0.520051862740921	-0.351979982522168	0.0376371456828248	-0.463497050930735	-0.922192222943978	-0.547313695244317	-1.10822386800445
742	v1g126293	-1.77139458628193	2.10728914902579	-1.32230735879879	-1.10263170493117	1.0645854529046	-0.191747832158362	-1.56585075138062	-2.0642158565742	-0.831989465357676	-0.263687776540982	-1.7186859372918
743	v1g126398	-0.0207702904944947	0.0172546025781451	-0.0280166112565918	0.0557579089797111	-0.044568207104728	0.207514794580435	-0.0682109331726192	-0.00202843879819616	0.0757821368550814	-0.122402585387349	-0.120686692653556
744	v1g126496	-0.0742420167873443	0.253548552029756	-0.169412273267326	0.00471504264472636	0.00751333071333318	0.0524798435395307	-0.113448182025011	-0.161450274744975	-0.159929034959751	-0.0765492489603013	-0.0661713956916055
745	v1g127073	-0.0608270180323066	-0.0530839447674262	-0.0411142263953743	0.472711447046372	-0.0559906872928284	-0.0538299787216422	0.0289511484073344	-0.0529987035985477	-0.0536725772959689	-0.0530321673407524	-0.0530445861835736
746	v1g127166	-0.231027033209894	-0.187422149055962	-0.105401749382094	-0.19003406179631	1.45810111979724	-0.141396843817479	-0.189221104145862	-0.177303776944504	-0.180232190720931	-0.179643647785833	-0.179258405215943
747	v1g127195	0.133260641616249	-0.0224640297034977	-0.0729627063545325	-0.0570003117890923	-0.0357892904687978	-0.0834669080384982	-0.0814223481209859	-0.0824477866463578	-0.0833673071650444	-0.0818740060405901	-0.0814274742951174
748	v1g127215	-0.648473724152831	-0.709760927195291	-0.607822575552698	-0.666908118889459	2.91501734183566	-0.251038878259896	-0.448887861252258	-0.727244329634469	0.745771288630479	-0.811634651891886	-0.567616266883716
749	v1g127233	0.0112228640910513	0.0294702333500346	-0.0158960063336334	0.0131888822659897	0.0134021054777012	-0.0359653269117275	-0.0770694342392209	-0.0724784884077673	-0.07299079532674	-0.0731249148064652	-0.0766054838135354
750	v1g127428	-0.382497409083874	-0.393913290666014	-0.347839136160421	-0.366687693713525	-0.371179517548434	-0.00765651666426376	3.20862605996495	-0.291034715562701	-0.0383452388597323	-0.11431450737391	-0.414619346680123
751	v1g127462	-0.115519320302427	-0.741921599044591	0.193021645621449	-0.263906318585489	0.642048874082596	0.316969368231671	0.914661441280102	0.895945894974816	-1.0798569689617	0.3848116087528	1.54504431335596
752	v1g127489	0.106943815526161	-0.841328676665621	0.0650725562467969	-0.166998830448846	-0.118396320204173	0.412470792193702	1.53454336527215	0.903651252089249	-0.882048130908698	-0.180444415795972	1.37668862844264
753	v1g127508	0.0675440091266546	-0.394894006281799	-0.0623599107105058	-0.0402467582553691	0.103388169528986	0.27535038217308	0.828411462626908	0.773245125086578	-0.385725198285013	-0.190503582139432	0.748362289928603
754	v1g127768	-0.126981536575893	-0.109934469005858	-0.138851474159955	0.856379562527164	-0.101728901868842	0.0298845916877664	0.210373283863111	-0.0642176001674575	-0.154439027164266	-0.1521242898518	-0.151071130838301
755	v1g127820	-0.0498367618813499	-0.00233287170572488	-0.0179729615212879	0.0291262038455806	0.159650298122552	0.0515887085233114	0.0781655904849047	0.0538933258217055	-0.0529915289132936	-0.052089301068844	-0.0529454920748857
756	v1g127920	0.0108521036730983	0.00890637834875038	-0.0160021633565157	-0.013204844577405	0.0163923630407945	-0.0148059001336854	-0.0146282078603819	-0.014487600777323	-0.0144680517386018	-0.0142738472720767	-0.0144402098635123
757	v1g127924	0.298307240478369	-0.136154381252635	-0.134525000515882	-0.156068894225644	-0.0618775611335494	-0.0432096792003944	-0.129828176843895	-0.186127707989975	-0.00212261155207588	-0.186302157174812	-0.111544753389361
758	v1g128275	-0.0575401795151113	-0.0436578431669256	0.16250050740184	-0.0429830956523169	-0.00302031788849669	-0.0403024322785308	0.055103968100444	-0.0398471990579836	-0.0398371121184613	-0.0392587011408588	-0.0392365796075921
759	v1g128289	0.0548829827116166	0.0264468549936093	0.0140311260455331	-0.101139362448207	-0.129219147843542	-0.0980084000045272	-0.0337926934164333	-0.0792224901960132	-0.118720800002399	0.160258821991955	-0.00758720788486782
760	v1g128296	0.145592973502386	-0.12278455131299	0.0634632451010928	-0.062432153182102	-0.120799169139456	-0.162812870995818	-0.160677228061239	0.114663424208858	-0.16060533899276	-0.16939286968931	0.0982932851102727
761	v1g128302	-0.0446722822556897	-0.0346489965931382	0.148874983533677	-0.0304358065529794	-0.0321402087195813	-0.0312243864669039	-0.0309980275235495	-0.0307723214288529	-0.0307645072765941	-0.0305216583431655	-0.0305216583431655
762	v1g128516	-0.189609858183802	-0.0705648398030063	-0.133338375664825	0.958512775893074	-0.0672153834197526	0.048776015990903	-0.183100974301814	-0.12942630771877	-0.190015221027219	0.221039631449865	-0.198609305416393
763	v1g12853	-0.738864603292692	-0.63602793518835	-0.831226035996016	2.93102003785041	-0.626666551173054	-0.272355731018289	-0.586096298979169	-0.495025215891578	-0.759039439932184	-0.794036029171017	-0.3055659438198
764	v1g128617	0.231996036128144	-0.141763613582899	-0.131291154424821	-0.0107681974868536	-0.0785189961880529	0.0509010141858957	-0.142586183250694	-0.0386675957921349	-0.158075446270529	0.326115313477037	-0.157104217691175
765	v1g128668	0.0434316855333155	-0.0253434868744847	-0.0335241820472908	-0.0178460448354645	-0.0368966989853958	-0.0354826976532926	0.234000365471023	-0.0358712767018273	-0.035179153253598	-0.0356807700627181	-0.0346852800243622
766	v1g128880	-0.00227896121554044	0.0438706035149512	-0.0218742672498568	-0.0346217157299283	-0.0349104629069139	-0.0304653771789921	0.106028988560943	-0.0325161232293524	-0.0330116291518839	-0.0316629995916823	-0.0327512424179013
767	v1g128942	-0.140713387343127	-0.144658494837558	0.510608347375668	-0.0526896035761621	-0.200706522887446	-0.15683605991763	-0.197574848407146	0.0163575769506949	-0.188579502968628	-0.191404124042241	-0.191488382338087
768	v1g129231	0.309528155504774	-0.265301037095833	-0.187939789438401	-0.311434046833199	-0.312301454194174	0.0499820403871604	1.08519537615649	-0.135619974019859	0.0131597764589921	-0.289151345611964	0.116563990704844
769	v1g129281	-0.0036852337522377	-0.00617721164741739	-0.0147349715929177	-0.00184559169386242	-0.0387377280092518	-0.0399963714064947	0.315168179590404	-0.0369685311848042	-0.0369273530458371	0.0561884791610303	-0.0366364704944262
770	v1g129376	-0.15414192643252	-0.0629050717173394	-0.0773882319974091	0.789346033067068	-0.104713645669914	0.0159684212492687	0.0532952567700001	-0.122128260410254	0.0195870850036227	-0.233715464631803	-0.227831031159294
771	v1g129434	-0.0310175586953639	0.108187946755486	-0.0379486047998454	-0.0337438961880082	-0.0319729038824281	-0.0313435251784249	-0.0319388906539978	-0.0313135551914266	-0.0319520969551527	-0.0320483347677565	-0.0314682346368942
772	v1g129447	-0.785285148655149	-0.634086614573605	-0.30488977645807	-0.160903862813869	2.81332071086417	-0.612752395646126	-0.424339237237827	-0.623684778846162	-0.248661082004825	-0.618545936781519	-0.619842424345927
773	v1g129650	-0.943984879928137	-0.769712127868055	-0.444671139805876	-0.715617647809939	3.17477673880926	-0.121222096442985	-0.508055256302155	-0.760325882057314	-0.218637133612026	-0.73066219952955	-0.432562840264434
774	v1g129669	-0.817868263824236	-0.408799191279033	-0.483275518814523	-0.729220361981848	2.86064753871613	-0.169357484920416	-0.435994220802122	-0.716242952738432	0.0345242757337755	-0.649445207885379	-0.712710914963086
775	v1g129931	-0.28583354783341	-0.332064226812527	-0.387933716117455	1.38059752683974	-0.343224784340699	0.273145361859907	1.18278790161857	0.0392815718083934	0.101361288766484	-0.296618154230807	-0.28870285808796
776	v1g130221	-0.105984958940859	0.00213826562099872	-0.0718592767522556	0.577370706339113	-0.116066958368519	0.105387804195072	-0.118433163189264	-0.117170141406091	-0.117123796352918	-0.115631350681707	-0.116095964327601
777	v1g130307	0.307246691002355	-0.241714619759065	-0.169654928283967	-0.11721647355992	-0.0402982170881088	-0.0192657283198	-0.196937284142973	0.363056255148158	-0.259656960139495	0.673350160509795	-0.0136898266235556
778	v1g130363	-0.157965386577741	-0.116423429335904	-0.239788170132246	1.18039922552391	-0.141518520132449	-0.211908318033263	0.121206257598026	-0.209619126918314	-0.208365723388957	-0.193026369049208	-0.206849736237543
779	v1g130775	0.0516421252086909	-0.0294354467338106	-0.0334500758584541	-0.00555160984172514	-0.00846260948454988	-0.0487872424172956	0.0724533236405615	-0.043506576087549	0.0599187972053199	-0.0435575377563042	-0.0439997094007756
780	v1g131215	-0.20649415048928	-0.217593628384621	-0.209783538143113	1.34210767713611	-0.110146682840281	-0.162369457722536	-0.0469205220949446	-0.207414705006471	-0.0546524052502268	-0.20697026937362	-0.0999553018182345
781	v1g131342	-0.0515821275661592	-0.00540960829471711	-0.041071774209327	0.171141474790515	-0.0592121153160343	-0.00325519746737325	0.465968426096715	-0.0553995079201382	-0.0747487385307446	-0.0745850240671213	-0.0743632012389518
782	v1g131672	-0.0304751384453567	0.0467526529354501	-0.0438310229225005	0.0155169348482654	0.139264490512565	-0.0535585705545921	-0.021557961646681	-0.0184223501120836	-0.0511472682777796	-0.0530327584299652	-0.0506196719378471
783	v1g131865	-1.46675562475877	-0.968452566340279	-0.416187929292527	-1.18612784928676	3.83238088445872	-1.0072479464776	-1.05965876034049	-1.32413414231385	-0.600512932303782	-1.25907029416211	-1.14433489722656
784	v1g132059	-1.68928834828891	1.36962483735992	0.607531712096658	-0.897402613274394	-0.764323476720345	0.0393286280375928	-1.01066876600703	-0.829052772779768	0.256683154091489	-1.20789864685402	-1.81078120758119
785	v1g133516	1.18250719487391	-0.894354370146203	-0.88516375576729	-0.423558537209217	-0.743337741180836	-0.695927210150239	0.173956163043024	0.960979074366783	-0.596897938563538	-0.611767974751502	1.32272475472738
786	v1g133962	-0.187707899719249	-0.0824281381514012	-0.0118837072540296	0.773952633656202	-0.126389659714767	-0.136274737414949	0.338246784055286	-0.134664814871919	-0.0670615470402833	-0.133701813250666	-0.133905983858055
787	v1g133968	-0.0420107072721953	0.0761159458496745	-0.0207656723272638	-0.0223521618615317	-0.00352753625772893	0.0083101232780545	0.142170993754616	-0.0733175017774031	-0.0729004489157308	-0.0723986264891918	-0.0724516083470026
788	v1g13425	0.553621954389132	-0.469347431257059	-0.364989079606066	-0.320147613538992	0.656663421367748	-0.438193850214053	-0.0999096551933266	-0.53666457630233	-0.501010643122053	0.0248138694108478	0.386289817960863
789	v1g134388	0.0895796180911001	-0.0342066813298901	-0.065273796813099	0.00419153509256198	0.00862270392452831	-0.0980104014227774	-0.0974355120923291	-0.0967357490356134	-0.0965017120380123	-0.0959345856804541	0.41856544936146
790	v1g134604	-0.185191186556436	-0.108109138927643	-0.128077169232469	1.06297297292813	-0.101947142565361	-0.190465064941639	-0.00336415270829207	-0.200454362645118	-0.105633727179516	-0.0914614536843273	-0.107309922686506
791	v1g134893	-0.226635891205831	-0.126698366511884	-0.18333441801484	1.01634584627707	0.0176899817951826	-0.201553787972576	-0.0388523589668896	0.610080424972615	-0.198472912274865	0.355610507890928	-0.197099257111426
792	v1g135076	-0.893417845252448	-0.532970554751772	-0.205279398519191	-0.556718356189225	2.86929114825599	-0.529381036750922	-0.285404255434305	-0.726699183107532	-0.455591077959266	-0.688262749978701	-0.720446196567442
793	v1g135081	-0.238252983610435	-0.144072764871811	0.541494410781413	0.0777632965821268	-0.206923125443927	-0.0561648483511514	-0.0589884181786954	-0.193769464117655	0.130663970026268	-0.251453421124291	-0.367807088633494
794	v1g135082	-0.0682402166366526	-0.0227624911070153	0.168384663814189	-0.0513515543250098	-0.0434652990799758	-0.0351825894330955	-0.0499246374465607	-0.0504234245189432	0.0181851291013434	-0.0488442426684468	0.157919379387638
795	v1g135278	0.304090351337249	-0.094038286355025	-0.044639219158513	-0.306678221860836	0.0119850696471417	-0.259199716588331	-0.233895426070921	-0.239356124605688	-0.272878473188006	-0.338575958909613	-0.342824397686247
796	v1g13560	0.0327075509395729	-0.0640536744792218	-0.0413082542673349	-0.0548018070952823	-0.0231579386099821	0.197556330340181	-0.0515556881710835	0.45203008583811	-0.0513827237475149	0.160050847780854	-0.0511573721921993
797	v1g135695	-0.208894915060885	-0.171756025195497	0.212317153375772	-0.0531226396019589	0.679182064548272	-0.150036315726536	0.198093809371007	-0.0458767421939889	-0.148185217528909	0.0606568309386049	-0.0223261891842713
798	v1g136382	-0.374597785894816	-0.346045225247528	-0.314258570698417	-0.246003896389834	-0.114559782422056	2.75169061471925	-0.253494966202315	-0.264051427831586	-0.329877351320141	-0.176724915633885	-0.101595125445142
799	v1g136469	-0.198770998365457	-0.0122287842606494	-0.144523220882617	0.873442856976874	-0.0253679867899231	0.0751016575964397	-0.160612980818486	-0.111615720008154	-0.0479154969884986	-0.166015466990848	-0.174483431948886
800	v1g136624	-0.644575555013691	-0.480032336439123	-0.471390725641098	2.16224450730368	-0.396409594947524	-0.46363101405584	1.4706202869936	-0.466216428405718	-0.383869137554169	-0.5106046479805	-0.385789604239654
801	v1g136833	-0.0824776076741484	0.170851531671002	-0.0403123431492144	-0.0982276168496598	-0.0338269194592259	0.0636956216953401	-0.0977789449932976	0.0786901473815649	0.0278401588126742	-0.0501654545178349	-0.0960013455951086
802	v1g13724	-0.283843076276175	-0.252640592732382	-0.332469415285513	1.65816973163683	-0.23405058886241	-0.236342666827223	0.181841061382481	-0.303174282820051	-0.152358914457411	-0.303296859386842	-0.3055974809632
803	v1g13739	0.231547599674167	-0.114386290577606	-0.117517984458966	-0.0181585857546873	-0.0917846725887037	-0.0921572959591231	0.0882564009292936	-0.145793005621984	-0.144519590631738	-0.142424102353746	-0.141850076071449
804	v1g1374	1.89031000880907	-1.40028116803957	-1.14845100715563	-0.31908205008375	-0.83180935907577	-1.27989977127626	-0.605422500019413	-0.175601496199108	-1.82043805510795	-0.415361077200645	-1.43226044582196
805	v1g137770	1.55092351572613	-1.60411044650759	-1.45744096224009	0.625578767015887	-0.557709851961936	-0.313126996487112	-0.714021195560404	-1.15727935539367	-1.5831621030984	-1.40995988114297	1.71501749932171
806	v1g138104	-0.905552970097713	-0.525849268664688	-0.348950149948417	-0.602480286279263	2.98014472664332	-0.74693267606406	-0.356436213639003	-0.795990334402984	-0.295196155559813	-0.554165179659292	-0.491120854402687
807	v1g138161	-0.124087798149418	-0.0632494387164574	-0.0651193938432982	-0.0526572245670965	0.85010583918026	-0.097197589834838	-0.0958460840392317	-0.0959737301105275	-0.0961846984827279	-0.0955873451619711	-0.0950190991496872
808	v1g138181	-0.729052657437957	-0.945676993723796	-0.883556693955993	-0.563159673550876	-0.621782486156885	-0.567418183671669	-0.741520525535837	-0.221273864870674	-0.760820635505693	-0.359367451729632	5.74295923277048
809	v1g138198	-0.164460530073857	-0.113319652489801	-0.150680145164872	-0.097351655237524	1.10328846665959	-0.10457855534322	0.276859408491811	-0.137557897717096	-0.137479584125392	-0.136477399687045	-0.136477399687045
810	v1g138201	-0.151312282742395	-0.161956325253745	-0.116429256656477	1.05259937278988	-0.13248483654469	-0.128973819776969	0.0175133174515315	-0.126735110849654	-0.0853737688465543	-0.126164926060872	-0.126164926060872
811	v1g138217	-1.50529482956056	-1.23844831521036	-1.22335561309051	4.0778276758686	-1.11881861162524	-1.20624031863266	-1.0973730859007	-1.40168505703263	-0.745685472719112	-1.34206650348812	-1.07880193894332
812	v1g138243	-0.680303834558876	-0.439467760584416	-0.931538360567786	2.77609055256714	-0.505487510283574	-0.592283165336548	-0.161207157791097	-0.827885860081838	-0.494300280585466	-0.501808993347049	-0.341163183189413
813	v1g138317	0.0458825511102666	-0.0358550460254586	0.00809929302905679	-0.0310729554771614	-3.51186914046842e-05	-0.0282026259786091	-0.0289048451585237	-0.0276750132582807	-0.027786824511534	0.00182530909726077	-0.0275672568781128
814	v1g138458	-0.109662412981749	-0.0475745380272192	-0.143921359065097	-0.12216183486946	0.988986314406534	-0.107570049753674	-0.137489300093021	-0.136592622106748	-0.136559173415275	-0.135282875533872	-0.135519355563644
815	v1g13858	0.0698356898644703	0.0410689912500648	-0.0211518906196641	-0.0918479436370458	-0.0858652120371513	-0.0856466102437538	-0.145731208898758	-0.0450704322138339	-0.145659402251891	-0.143569319644386	0.150932632136256
816	v1g139319	-0.0198563619334104	0.0155155233817949	-0.0195474402703038	0.0253034164501454	0.0319595631254611	-0.022386049877627	0.0229561906413013	-0.0225946837840813	-0.0225889299858352	0.195054793043309	-0.0224101170175565
817	v1g139332	0.0917363462573221	-0.01976140195396	-0.0562363818114542	-0.0309833945746514	-0.0269671904752573	-0.0641395816697273	-0.0570998607724997	-0.0628770268218458	0.0499734124763258	-0.0624102930637085	-0.0621512598882905
818	v1g139413	-0.117913214710473	0.145212463036877	-0.0159772017922333	-0.00564321858346525	-0.0643601938877676	-0.0813179155184394	0.37225954816224	0.0522699245901781	-0.051653046584272	-0.169401886459028	-0.170765040208249
819	v1g139700	-0.101261034755612	-0.0524464309252588	-0.0746595261717796	-0.0713790492248805	0.769900316331742	-0.0112180543912074	-0.0472782381111459	-0.121151714938113	-0.121230072354137	-0.0647402297384413	-0.120412005563323
820	v1g139702	-0.00618206280755626	-0.0204763992448837	-0.0156138235575144	-0.0168209540551724	-0.00315319972119799	0.251345838774823	-0.0160393618634924	0.0270216112549847	-0.0159179094677488	0.0362728571248675	-0.0157916152887333
821	v1g140260	-0.177236021531061	-0.0653395912469147	-0.1181375222472	0.920702979898596	-0.0939738616030802	-0.15785691779908	0.110750167927562	-0.0477444513166602	-0.140551783410723	-0.10711797831307	-0.153127206849757
822	v1g140545	-0.686066256797981	-0.48760732532997	-0.204192318551925	-0.629011162707051	2.66393804727634	-0.381971835248325	-0.460212872316403	-0.630390855774457	-0.345258900049277	-0.555234390165423	-0.625603205538658
823	v1g140744	0.011754505710256	0.0326526165355716	0.241815483033804	-0.222942993234659	-0.49996051214418	-0.203021693712251	-0.565075247789331	0.466477271390375	0.16105002599567	-0.23826771533842	-0.214457004848946
824	v1g140821	-0.381490050421791	-0.282364919512313	-0.329472868897177	-0.387047086051611	-0.371418256331649	-0.107146179273735	-0.021506844857803	0.030555468541107	-0.131561956500581	4.25367763589386	-0.467212648936703
825	v1g140859	-0.298163431540676	-0.154182905927493	-0.463860017276306	1.7485361627688	-0.287933350607914	-0.240087332253867	-0.10316398209396	-0.356799215377913	-0.393052909583777	-0.413320518902949	0.0867555424944438
826	v1g140878	-0.831545751636274	-0.436647886813485	1.48229012528869	0.0908309036936277	-0.183968526960424	-0.601878007719542	-0.704446539537944	-0.178533589003261	-0.890679986217662	-0.869432083782614	-0.343642619014584
827	v1g141592	0.0246454952195263	-0.0256343483889627	-0.127116062745697	-0.0975517336585918	0.543919241060852	-0.113447226541413	-0.109939445488187	-0.110761527698241	-0.0858979292447631	-0.122041959136106	-0.109593011254866
828	v1g141683	-0.0826012188000381	-0.090700933739363	0.30341007586177	-0.0459916926558798	-0.0758893035067623	-0.0528096897960662	-0.124309619464279	0.00375506322541326	-0.126015489685075	0.0311092112522234	-0.125146605593799
829	v1g141705	-0.161641371331149	0.175760196100063	-0.0449433271107607	-0.0236727242320959	0.217128317191381	0.113682407826548	0.240312395857473	-0.329581361892653	-0.486500690204283	0.239514646899983	-0.318753226709403
830	v1g141782	-0.060550908215433	-0.0591724647488833	-0.0340323178172405	-0.0538417967551131	0.460753728981883	-0.0188135658071469	0.185684821954118	0.0147060976066601	-0.0511575760300535	-0.0507565569255334	-0.0507565569255334
831	v1g142064	-0.472381884674414	0.561166211144922	-0.114968937691745	-0.0406061055794423	0.48847567252374	-0.218239220965843	-0.172414707507001	-0.350170539070327	-0.350463509415737	-0.34684787198163	-0.163758645183964
832	v1g143109	-0.292855402138137	-0.251973797120932	-0.245526422313349	0.167595113833134	-0.202043848682625	-0.268278380788625	2.56941796354654	-0.231127769512506	-0.265225293574815	-0.270489378400973	0.00539436036052737
833	v1g143195	-0.98323440731364	-0.468938482670672	-0.831040662331402	-0.708124786360859	3.27338542175615	-0.638560352043978	-0.395049417525905	-1.03024167958319	-0.342825537325464	-0.332662546304411	-1.02804849507527
834	v1g143475	-0.0787597073621365	-0.0445190407335739	-0.0781834905754564	0.512645227873953	-0.0690542930285943	0.152273596578724	-0.0672578348910331	-0.0648617588833377	-0.0650756923432775	-0.0646532183501894	0.0578869150925516
835	v1g14580	1.87466114019462	-2.06420302499473	-0.976430643923858	-0.0681476999033701	-0.998880077562388	-0.26052941999555	-0.749042901226339	-0.969233202178386	0.548440347990124	-2.14579447793998	-1.22762383128112
836	v1g146703	-0.0226835836399169	-0.00301170833560985	0.017030303942529	-0.0229286672323582	-0.0226348225909226	0.155155456684787	0.0419729774385844	-0.021641929832475	0.0150630294083253	-0.0214934176614845	-0.0214934176614845
837	v1g14817	-0.454083777391952	-0.617220261948897	-0.642324009574081	-0.497493991739454	0.108165295605714	3.42206482046895	-0.63420967699969	-0.571906420150572	-0.43073661166851	-0.536574938521879	-0.597000930032162
838	v1g1485	0.184501517901205	-0.0829028966892541	-0.0776567456766112	-0.03554068273843	-0.0855552513543599	-0.0834000044744364	-0.0827510589345568	-0.0833403284879849	-0.0820053782743137	-0.0815557108130327	0.0286310017758394
839	v1g148607	-2.19836147340488	-1.31717546901927	-1.49353715645932	-1.59776102655666	-0.613736181744141	-1.01756480477033	-1.25411163910001	-1.55475474022628	-0.447870173728735	7.17166523421173	-2.18890867557988
840	v1g149561	0.0930292679782847	-0.0548839506765406	-0.0546737688666898	0.0349179810265523	-0.031600180345136	0.0352367436189695	-0.0542592077408015	-0.0543201168993184	-0.0537034762007476	-0.0535395323949101	-0.0534531265104033
841	v1g15006	0.0263177465007167	0.0228904027303882	-0.0214726270515152	-0.0103493330437903	-0.062844266078627	-0.0201550376606225	-0.0650203852380662	-0.0655147005369436	0.112638812531413	-0.064818695207598	-0.0646655035101027
842	v1g15207	0.0896549591833809	-0.00782670165091107	-0.126933527220433	-0.132927015891309	0.447866677556662	-0.18464956054769	-0.233226579674444	-0.23078010006585	-0.16783298155505	-0.166111053808077	-0.0863234767542238
843	v1g152417	-0.0158021915738543	0.0143709221926261	0.0339535713432224	-0.0243578309725315	-0.0240600900277752	-0.0233989291796263	-0.0232288444242139	-0.0248619302794683	-0.0230533856609448	0.0957843466447101	-0.0228709251466824
844	v1g152707	-0.106840269250807	-0.0795927854152232	-0.0585044019189511	-0.0789953102313452	0.824384493874683	-0.0758846517896721	-0.0753990753078037	-0.0748583450057297	-0.0748396223112513	-0.0742576861313236	-0.0742576861313236
845	v1g15302	-2.84081105832551	-2.12277851723048	-0.646572685187426	-2.42477106156278	5.13649610349418	-1.52358625145308	-1.3582276701942	-3.07439398106305	-1.13537778958434	-2.46701485367488	-2.2649248962004
846	v1g154278	-0.0308646642176035	0.0533150779274479	-0.041612218805516	0.108365898125843	-0.0378939368854216	-0.0346411039941824	-0.0349297965723995	0.0632268352873449	-0.0339490578114034	-0.0340243579104414	-0.0338623787162083
847	v1g154539	-0.0103955047156542	-0.00919469073232596	-0.00224507888550911	-0.00753852171447637	0.0969403762815565	-0.00724008709630834	-0.00718716666117241	-0.00713440518970971	-0.0071325786523928	-0.00707581713837682	-0.00707581713837682
848	v1g157790	-0.437704960290517	-0.252513082794974	-0.472934025319095	2.05573325191064	-0.3787900219682	-0.217733620500006	-0.176742280894347	-0.173738889761478	-0.368403283183997	-0.484692792073351	-0.486703915220702
849	v1g15846	-0.0733164923162433	0.0483522914581026	-0.112252371616787	0.389420656535221	-0.0977216139360368	0.243690120197246	-0.106164670835806	-0.105333715575482	-0.105104055568335	-0.102820078378536	-0.103528379634824
850	v1g158927	-0.0723999450208713	0.146887285402254	0.0305958952624368	-0.0567616072802489	-0.109215370385093	-0.106180900461173	-0.0765301828443214	0.108174813929835	-0.0858095858156591	-0.104334610855604	-0.103689729559353
851	v1g158987	0.0806435605534237	0.0521530641254486	-0.113956056181583	-0.0848847581884241	-0.128501911237613	0.0611533124715566	-0.173205913298697	0.245463570552037	-0.153115716607416	0.155944800365391	-0.0034637311979725
852	v1g159087	-0.0387011864562155	-0.0649868776553502	-0.0646746435600376	-0.0564705209851716	-0.0556373419546325	-0.0547421301334808	1.12052554500245	-0.0541379382813969	-0.0541243011014557	-0.0537004561444045	-0.0537753356683887
853	v1g159091	0.0345921825378403	-0.00392676778637563	-0.0138500057000569	-0.0133820683038085	0.0160839298065333	-0.059997752372894	-0.0594116587134264	-0.0590497332073142	-0.00921856794053186	0.0274248980957707	-0.0586113008205879
854	v1g159164	-0.0171146250216487	0.0519760961562231	-0.00348683491375646	-0.0183483577622786	-0.0292453502330063	-0.0279586127490659	-0.000487656589259436	-0.0270404289792987	-0.0272819555289471	-0.0266540416709294	-0.0272125253451801
855	v1g159544	0.0041303631545202	-0.23905281557471	0.278209580493245	-0.129911463343534	0.0265150973926174	0.127631010086435	0.359268956020971	-0.234326823454683	-0.16209609738691	-0.242999573913131	-0.287024866139404
856	v1g160127	0.0402648759358091	-0.0851239263859673	-0.062140436291699	0.335794402399242	-0.0696760698421384	-0.10031500475519	-0.0435987105907339	0.0265141859750441	0.0270027610171227	-0.0982669686486039	-0.0941619801647625
857	v1g160479	0.00816167450906874	-0.000662031259342499	-0.00182407291579628	-0.0282759671685841	0.0607133667766899	-0.0732796934080415	0.00330773463139516	-0.071926519547994	-0.0624659510908908	-0.0709338389866055	0.20532251674267
858	v1g160634	-2.53603125022117	-1.6279281796945	-1.35195624468108	-2.08781454458292	-1.88945602127568	-1.95548167637644	-1.29018653180939	-2.77554641720943	6.80068661031212	0.0513634947457247	-0.991562431400607
859	v1g160645	0.442992547942025	-1.5745097670443	0.318339165347399	-0.0396468047848999	-0.537103768575915	0.821804615197118	0.108696988787233	1.70357749488576	-1.76644605778378	0.22398299472755	0.312179680658462
860	v1g160811	-0.804132943734643	0.0353520247005834	1.54288941925927	-0.891836565024386	-0.8845600010436	-0.670748654108074	-1.05105130265319	-1.3538341319644	-0.466344421136642	-1.24704611363954	-0.625922542207684
861	v1g161101	-0.0564929095723609	0.0490925189010994	-0.0384694396480061	0.0907307105763881	-0.00256576132991845	0.153362017500802	0.0628745220051544	-0.134973747681643	0.0739207858854945	-0.133200279359362	-0.13664600282454
862	v1g161288	-0.258378434701311	0.121012074044334	-0.377609333818785	-0.0232211536208233	-0.456527973191825	1.29306378871777	0.576751982736094	0.150283125487818	-0.442451772457638	-0.158964700617297	1.72313422778474
863	v1g161291	-0.29509084656088	0.178637326486407	-0.454197499497395	-0.176510326529231	-0.183243580901019	0.25486264334836	2.18210228607115	-0.288300477979218	-0.59679571295119	-0.640496301012163	0.396558963516812
864	v1g16140	-0.16019737904508	-0.164863776086134	-0.219851470261419	1.25279915884858	-0.151691963576989	-0.126600280194041	-0.215019850157978	-0.209305227603922	-0.207332563430437	-0.207382844899919	0.1134821258031
865	v1g161411	-0.233726303501251	-0.197742468047752	0.157481890918096	0.904198061953907	-0.0643027479562518	-0.199203678746495	0.0573352059114708	-0.19769428705541	-0.195689521662594	-0.196518051857675	-0.194860209177244
866	v1g161826	-0.0477217477649947	-0.165059766655634	-0.188129446773204	0.116232592302223	-0.246355450747178	-0.157345877707477	1.83747561983859	-0.253447370504327	-0.361271374737878	-0.365908882002357	0.220462253624049
867	v1g162399	0.365399150872875	-0.180202353647297	-0.233418103109938	-0.151777064761843	-0.23836266481583	-0.250374687825777	0.752277018596449	-0.269314219171457	-0.268118478173644	-0.228652220772674	-0.232096638012423
868	v1g162983	-1.26235041238921	-1.12183748461066	-1.42226007082445	-0.842867381628922	-0.881316219121725	4.87545580867407	-1.08155041755628	0.192067741195296	-1.68180762845987	-0.485243096676973	-0.889484321091653
869	v1g163167	-0.163922556537296	-0.216137718204009	-0.262910904373202	1.45309360784104	-0.251783611309633	-0.221340662413824	-0.131745397684232	-0.2156887754232	-0.313201631705184	-0.268886064370825	-0.311524393255645
870	v1g163545	-0.27276532062726	0.00343294739267908	0.466786673190188	-0.236618338698548	-0.0263972489629611	0.0176803618211734	-0.328996893471777	0.0339959988216698	0.350976783047756	-0.179635073385604	-0.412884083803235
871	v1g163734	-0.215247951145678	-0.110529664405327	-0.200783125964323	1.26814612068219	-0.209914243104861	-0.219079604337126	-0.143347600750476	-0.174662137657694	-0.209796535486636	-0.20717782482835	0.196518966498311
872	v1g164017	-0.501784948802823	-0.397872413321209	1.2324604143858	-0.35144958862132	-0.240589912372792	-0.52562242192668	-0.440481685482505	0.159494009075053	-0.189179911513592	-0.516697795117995	-0.406035056017076
873	v1g164054	-0.0786344123490108	0.111536196574218	0.0347286796732157	-0.0454266198023723	-0.0508798394617107	-0.0688930218561441	-0.104581749819624	0.131185991889356	-0.0637939007443462	-0.102468326229075	0.116951000163218
874	v1g164341	0.115392985352563	0.111359975044789	-0.112414843848306	-0.168793010178212	-0.177178565319304	-0.0922234687494342	-0.179875020553657	-0.00461842212485838	-0.191638381466969	0.0653103537271862	0.00218763596416377
875	v1g164564	0.392000230981763	-0.239750293957657	-0.188775464144903	-0.112898114872204	-0.147755901949617	-0.126798444890493	-0.0797652448127184	-0.0214554642518668	-0.247985596135899	0.487821247818772	-0.129583040808483
876	v1g164727	0.337702995989451	-0.566708628199414	0.447402652681074	-0.514114024730822	-0.459334463307913	-0.630576835845106	-0.37224206443207	-0.0185179504637135	-0.712218484167712	1.38951573595271	0.352925971206005
877	v1g164783	-0.0956782121979781	0.395149606947155	-0.237167865873896	-0.307845824793105	-0.0282327391676562	-0.0847711723176121	-0.23652536155551	0.449573453739254	-0.31467503106765	-0.017172394022345	0.19043793116017
878	v1g165261	-0.583921795523431	0.820588899006687	-1.19268508349193	-0.688746492499664	1.28336292867315	1.0669060602403	-0.0601924092959216	-1.29398498601418	-0.871656439827663	0.116252974977759	-0.486438964078803
879	v1g165424	-0.16146076815696	-0.038104234769414	-0.27167721881632	1.14160883545698	-0.217168725684326	-0.124783462714745	0.00323512489853689	-0.23162906238554	-0.205918642768603	-0.0910439544312774	-0.228317011697292
880	v1g165579	-0.125329427302557	0.40959067413532	-0.152699073616045	-0.15428024229858	-0.19395747477602	-0.114898569617603	-0.079716797503802	0.0408545785523182	-0.156855786157312	-0.0858885733052538	-0.213029571804068
881	v1g165983	-0.117679503704684	-0.0927513823120795	-0.223013404612592	1.07476881963045	-0.186495840636764	-0.0912581686842175	-0.281110794978089	-0.107144233308485	-0.185380656957096	0.27666334877599	-0.27872180289576
882	v1g167033	-0.0476025252085587	-0.0451018313402798	-0.0629683378179183	0.480073035527497	-0.0646663724090482	-0.0272407070955861	-0.067700126058146	0.0131760193611794	-0.0764402035833627	-0.076550086977745	-0.0758904795469879
883	v1g167466	-0.378551456786445	0.689076317645765	-0.169861066846214	-0.19102270730903	-0.349804102313462	-0.0144292540487568	-0.321542714784077	0.274784336800255	-0.0851600280390027	-0.0626229566000206	-0.216129264312539
884	v1g1679	-0.213273048595993	-0.191736276692544	-0.151425777700549	1.23760654326504	-0.112425409780373	-0.130084714860942	-0.0581738595898048	-0.207537763104488	-0.0587647732843345	-0.206292189225347	0.124140089378301
885	v1g168038	-0.163273014591203	-0.0337919978756444	-0.101550995497383	-0.114971355031273	0.986075146579221	-0.115563524507526	-0.114800789320338	-0.113962878456051	-0.113864371097409	-0.113085910209048	0.0101409914075404
886	v1g168163	-0.110629440231673	0.207615067051554	0.0200964441192909	-0.00260534964239056	-0.169089355082977	0.0268467729687586	-0.177014211353623	-0.159372021819582	-0.106911615972117	0.170461803578745	-0.316114565865959
887	v1g168234	0.0257014982837204	0.0505522212217154	-0.0318519325670762	0.0268358263650788	-0.0914857716315608	-0.0709912879505149	-0.00630821143297558	0.177551340580463	-0.223713341344829	-0.225523176457893	-0.222764810998512
888	v1g168256	-0.00336831126456633	0.0183459852487529	-0.0343451198245459	-0.0629008324686606	0.19244747852373	-0.000751674414484489	-0.0597410663928712	-0.0607269181028839	-0.0592371737180499	-0.0587490043617644	-0.0588318984354581
889	v1g168739	-0.122159473948812	0.265824773981962	-0.0495334893874805	-0.0748528266025897	-0.115417999891471	-0.0943741498845185	-0.125816047304773	-0.125320799686175	-0.00663000025040231	-0.0143586909853851	0.248091573188577
890	v1g168742	-0.21147362402053	-0.153939499411971	-0.204295077612568	1.23840237538498	-0.109463700465959	-0.0641295551060823	-0.157247305271816	0.108271948568819	-0.204163271780986	-0.206369007729408	-0.118177373031833
891	v1g168908	0.218526166247132	-0.306733450028916	-0.38859258100384	-0.186583502803975	0.0780432410994555	-0.275699402185308	-0.374007083359991	-0.0751890994498293	-0.459696593945663	-0.142053399909666	2.91118349447926
892	v1g169502	-1.23068349451119	-0.753457524441768	1.80079413728619	-0.904744572794083	-0.29597915954702	-0.903312949452836	0.313484538141198	-1.38928846541756	2.04743833505117	-0.747523348317249	-1.32315685509879
893	v1g169580	0.557565642975383	-0.636445284252794	-0.896502189273328	0.454738557202163	-0.173566767966492	0.936784329443208	0.277023061818601	0.362916973068458	-0.771550064677165	0.0287352340540066	0.898561792951814
894	v1g169611	-1.02597672080056	-1.78313164401613	-0.0563337633787926	-1.75362118632277	-1.30740333444221	-1.01855844019556	-0.871608523784542	-1.60499950787423	5.40921559657201	0.188712410260701	-1.11001024305508
895	v1g170111	-0.0294714556122183	-0.0391168445337045	-0.289379200699367	0.883155898105014	-0.303789558932958	-0.0840367519971333	0.153883237380918	-0.0817464203663305	-0.268330862755162	-0.172068399972566	0.0216675354047287
896	v1g170378	-0.304089693087355	-0.0445659446754448	0.057435031287589	-0.0979431722118298	0.233319474263017	1.24613766279637	-0.297412589528483	0.0570695353110009	-0.0860215421842827	0.167055926339619	0.0863621475902773
897	v1g170524	-1.32624914656896	-0.932682342412101	-0.766635517397049	-0.853894280175759	3.7562356955674	-0.568481344197166	-1.09675977009046	-1.09358812865078	-0.100207859155948	-0.125455513416554	-1.0872678673778
898	v1g170611	-1.95597126652611	-1.06498551265176	2.83728534520254	-1.23331257898109	-0.348052131743626	-1.01421288413263	-0.754474557236948	-1.62014321460572	-0.401471822721084	-1.63293446631545	-1.9463645640851
899	v1g170763	-0.874187904420585	-0.572915964322877	-0.637795787911844	1.14066202993653	2.45342434974767	-0.394880351099842	-0.195997335799537	-0.4595249077415	-0.827534653698459	-0.537671595518458	-0.842315501027689
900	v1g170765	-0.225436360054329	-0.349825070516815	0.706211718364304	0.292252026820688	-0.327975380088638	-0.228938467357741	-0.270485087726229	0.0251938677680577	-0.248257577935719	-0.353013703744063	-0.0360909562207836
901	v1g170908	0.00693481084668116	0.0311148884507894	-0.0364437919761425	-0.0613291317372838	0.0313295143372284	-0.020478897874918	0.0470076824959639	-0.0856214171915667	0.164758921377084	-0.0837078531273745	-0.0850884566057427
902	v1g171613	-0.358495492283686	-0.0690831040527138	0.581079265583195	0.31265275557823	-0.467338351846748	-0.0342528998846543	-0.0739574969692157	-0.0748408150871543	0.0941829378699802	-0.504568912744991	-0.541628961022649
903	v1g172519	0.34599662272129	-0.233186982802766	-0.017591071109973	-0.20668851822315	-0.135283297926791	-0.173328323704928	-0.13104238753329	-0.0778534922541868	-0.23078233836756	-0.228267478453969	0.0139564204632136
904	v1g172574	-0.0604214393764455	0.163769427620954	0.0152137489103297	-0.026813920961615	-0.126244352349672	-0.0924544643260748	-0.133597011437529	-0.101887965644359	-0.132878519560591	0.0245878582337633	-0.131672800003295
905	v1g17311	0.0157515090300386	0.00491455045573024	-0.0254307344271137	-0.0135273389348733	0.0137845308734428	-0.0294227167199164	0.0287321661300241	0.0931656053939686	-0.0525745687239096	-0.0520032907560728	-0.0508951081244056
906	v1g173414	-0.270560863567403	-0.212374954418719	-0.272998373440111	1.4795912872572	-0.137306769703419	-0.248409047008481	-0.0865591446105933	0.23715483757302	-0.209473522454197	-0.327171514496851	0.070643440811975
907	v1g173611	0.122929020827243	-0.185702515099598	-0.192341566656874	0.638731740451597	-0.184832084949786	-0.113599066209436	0.00970560708708895	0.0240996640052911	-0.143386469051294	-0.225221009431056	-0.0812302674774224
908	v1g174671	-0.0192361412065796	-0.256039602532418	-0.53970736936967	0.211965204291654	-0.601628828691519	1.98145432649512	-0.165869758499176	0.769056119461753	-0.594462655791053	-0.333806178622318	0.652971625944625
909	v1g174949	-0.0296159022532747	0.0249181440133582	0.0277116442186535	0.0351477554446202	-0.0401278784826884	0.0226135488601337	-0.0387398358568374	-0.038980661747253	-0.0389707912137807	-0.0382780467098915	-0.0385962927184206
910	v1g175302	-0.0656448563756011	0.045934704409151	0.0774567609234326	-0.0211089748304885	-0.0071163274296946	0.0112119738317172	-0.0748879571584767	-0.0741817468276283	0.00195482400187667	-0.073974568872031	-0.0735863796376309
911	v1g175341	-3.18963165222146	-2.42803634986533	4.08036398588509	-1.19899905623536	-1.31255497514118	-2.52654264121148	-1.68285426021777	-1.5379504391224	-0.253755048651827	-1.62079222007656	-1.92228726046693
912	v1g1763	-0.214801750818403	-0.159380778054194	-0.115371868023781	-0.0728610434657686	1.30165257974786	-0.154306192648998	-0.158425322728916	-0.157320745171958	-0.157282491628293	0.0309781970886638	0.0334774672974342
913	v1g177058	-0.0977084431384737	0.175387648482713	0.0789159121714256	-0.0594909996614407	-0.148234536706158	-0.0637245362697968	-0.178912800203575	-0.165066204367564	-0.0249276120297665	-0.0879245679479279	-0.164011260801884
914	v1g177213	-1.886791210924	-1.20981939863244	-0.987474483724083	-1.37530613560074	4.34457092682918	0.126309444594858	-1.0759060387719	-1.89022250402458	-0.948555765439849	-1.88035490042157	-1.88482650041139
915	v1g177240	-0.0145851150419395	0.0698658944749618	-0.0383662895860049	-0.00338205530768113	-0.0442113709725838	0.10220821772437	-0.0741000782298822	-0.0743138829959848	0.00202297516200023	-0.0743451847783731	-0.0732958246427326
916	v1g177264	0.436031615128818	-0.23252990006789	-0.238681574933761	-0.136294774708518	-0.0454474101249947	-0.0714586663506167	-0.0707812136221418	-0.157514046744699	-0.230805444213099	-0.177727751085115	-0.230593513813768
917	v1g177601	-0.0285039302771766	0.00208133429450726	-0.0446301285079276	0.177780825040689	-0.00729881544025976	0.0413096545132242	-0.0578603438971917	-0.0559953873327841	0.149184606066699	-0.0568893360451234	-0.0570853198071912
918	v1g177835	-0.206001152443246	0.331608511044981	0.0494772094021027	-0.127559119668107	-0.0855403544433926	-0.166673403697033	-0.0688670166517711	-0.23611235125952	0.0398063528555684	-0.234711432777335	-0.235462055947184
919	v1g178276	-0.132255548652469	-0.112794311733208	-0.11757803828281	0.952092570717611	-0.0368807718488775	-0.156135536035408	-0.204844819367312	-0.203429837031551	-0.117815933016197	-0.181823835095684	0.116564234671647
920	v1g178844	0.104646085166313	-0.10634000162687	-0.123015024338228	-0.0369745188485239	-0.114342613805499	0.499410054373647	0.0554516881652352	-0.0838012107856515	-0.0747178807741417	-0.115723450931468	0.505173467645093
921	v1g179043	-0.00975913219336343	0.00543257769138283	-0.0129804415608343	-0.0253562494247905	0.157875689328694	-0.0612432324678037	0.0631051443669289	-0.0544414221886715	-0.0885080745216854	-0.0867785151573169	-0.0835480375229151
922	v1g17980	-0.108214585671968	0.00513472710251597	-0.126285329800155	0.656677963879501	-0.0895075103393425	0.00912192323137546	-0.0828652428957705	-0.113642429020624	-0.0903442380490982	-0.113436075302422	-0.0372577765976893
923	v1g180776	0.021073543658871	0.0150584876382508	-0.365044482402085	0.0691813717602312	-0.343166741442547	-0.166830852078721	1.59194149275916	-0.369033292444833	0.0268632432507252	0.197437843491876	-0.552910559241125
924	v1g180912	-2.12360121206909	-1.61477141558024	3.32659079068607	-1.62303517822627	-0.711688247433566	-0.743797807034922	-1.48045502997095	-1.90121472572468	-1.6737283561864	-1.57038639255223	-1.23072095963547
925	v1g181066	0.000596771273851326	0.0734291437394159	-0.0592177133251543	0.0256425017382938	-0.0959932931545562	-0.0686447311588069	0.0626925902752176	-0.143465501310425	-0.172206093015268	0.411633950705705	-0.0218674209441642
926	v1g181511	0.00687307751321391	-0.0353708409460404	-0.0138231529858159	0.134128718080243	-0.0220374491080617	0.0868618484974938	-0.0741518830741284	-0.0743472205644726	0.0173230089727936	-0.0309141122119985	-0.074653304931407
927	v1g181671	-0.324332635092071	-0.00689923394353276	-0.695200392528453	1.6042032577999	0.142931327381934	-0.188386273230531	0.0333927722669098	0.153170590319224	-0.995998326333331	-0.476232433546417	0.0313962037968523
928	v1g182742	0.333915582583739	-0.226366384637045	-0.261054292009533	0.0573281917558319	-0.068387227069902	-0.0511307616687434	0.0776394864824669	-0.0252804632941624	-0.186719778746101	0.411336493287738	-0.116721684152636
929	v1g182889	-0.0241522138094304	-0.0123037043898868	-0.0174692325146631	0.187180312850778	-0.0178123452173769	-0.0173218402567605	-0.0171956664028722	-0.0169848720760201	-0.0170655099768943	-0.0169301639426152	-0.0169301639426152
930	v1g183513	0.0421006972783545	-0.146505090578259	-0.376248818388851	1.0276141889845	-0.0886152728086246	-0.0826927443408909	-0.221587626859914	-0.46764320601913	-0.451810246244247	0.249854932668097	0.0757846421055099
931	v1g18367	0.0155577061233209	-0.0254336310385613	-0.0692277101148722	0.0392517526065763	-0.0730421472711996	-0.022376912630052	0.0538573741190578	-0.0700685749790559	0.0336257876408715	0.941754219884692	-0.0696429343981701
932	v1g183924	0.0658546310098203	0.000892187868026459	-0.0706295070061171	0.0427907118285273	-0.0885605716364162	0.0107908460046201	-0.0600825620223574	-0.107256707516818	0.152393861471607	-0.107335257622824	-0.105822823768194
933	v1g184228	-2.24697968213257	-1.10927571210385	-1.62494156752701	-1.91376792322688	-1.7898789939499	-1.44645859691776	-1.07270825030774	-2.38112495961064	6.52154899807035	-0.028898188586298	-1.90673220955689
934	v1g184260	-0.24610806290491	-0.261839730252633	-0.362179003011236	1.49600474982945	0.134077591369914	-0.0837956148835572	-0.254532696263953	0.130269157663358	-0.356048080958845	0.00805833644732867	-0.169981935564559
935	v1g1848	1.41741593881061	-0.924044931851228	-0.872901914769787	-0.440314336957639	-0.796594934092515	-0.391111484435655	-0.922751972006508	0.375867260159012	-0.874910648846413	0.360251463584324	-0.678299088470937
936	v1g184843	0.14500140400011	-0.290873766014609	-0.675212774353502	-0.372811685511055	-0.536910867738301	-0.601660044700703	0.320033212445115	2.8995598185809	-0.658067922768933	-0.2736930545427	1.27020340078208
937	v1g185753	0.184601447279572	-0.216739847746118	-0.292187206328083	1.10076545432225	-0.510769207010803	-0.353171600544424	-0.342575832390515	-0.570947144267988	-0.492039408436881	-0.405368177904965	-0.105478648495743
938	v1g185856	-0.119778472285842	0.19026490441072	-0.141157272477162	-0.093917764942549	-0.0193946739011204	0.504433125648441	0.040209865119768	-0.0167362684389928	-0.0623885121188671	0.180348610134962	-0.263791337394328
939	v1g186216	2.1151784419364	-1.69052263540207	-1.44543757024475	-0.470611541197616	-0.974084694657755	-1.13264280754046	-0.691379006771561	-0.416145788688988	-1.01244306737993	0.0075866136851146	-0.627601115255975
940	v1g186732	-0.07010553654601	0.224961291901086	-0.0387183813612595	-0.0491870946296618	-0.166235766575618	0.00749295076753415	-0.139753975050636	-0.153694102565956	-0.209660978671598	-0.223591072184044	0.188465996011293
941	v1g187015	-0.0742430561432497	0.0416667131828553	0.00539206499128814	-0.0407331181109361	0.076210710153664	0.200887805822442	-0.157788873061183	0.372983999181145	-0.127539087601086	-0.260767069722868	-0.00862964014738321
942	v1g187332	-0.0782237832697284	0.10729586105392	-0.0996843830486342	-0.107009963656271	0.119136037167262	0.00700813188404864	0.410350198370262	-0.114035334244661	0.241369738567971	-0.151151140415143	-0.141741561858227
943	v1g188243	-1.22449938678677	-0.835510744543387	2.33902037664728	-1.32658539614778	-0.289028392698319	-0.641400664335595	-0.897457477523371	-1.24969734690336	-0.657137072122481	-1.31774355319704	-1.80425597025263
944	v1g189020	-0.262198956054538	-0.217183139287343	-0.00375604966367107	-0.250338970929456	1.45513127550062	-0.0180455906564629	-0.253724023966333	-0.251011514484029	-0.250899982839377	-0.15937580593874	-0.177748758856523
945	v1g189079	-0.12253682801496	0.063068176031981	0.251844385987228	-0.182902605682496	-0.17015758830185	-0.0973351689499303	-0.17830955988432	-0.215316538447008	0.397472276695781	-0.187153823934321	-0.0257400982605486
946	v1g189660	-0.247109773065101	-0.310166527019156	0.406216969702745	-0.140304111438649	0.0437689191276436	-0.147511450240008	1.52539997237073	0.0814463848429141	-0.400783155817639	-0.766341092267671	-0.481135584852886
947	v1g19046	-0.000299868918202103	0.00824051849768192	-0.0338124365508133	-0.0296980440461695	-0.0293364067214406	0.264928793516008	-0.0283705305459101	-0.0280945907069282	-0.0101250363426239	-0.0277175682912923	-0.0278655296566077
948	v1g190941	-0.430926220059215	-0.157031825715461	0.799399618782624	-0.166035973481464	-0.0100782935781148	-0.336555177479974	0.0180285386395191	-0.123572109308395	0.0440895405276021	-0.339267072131903	-0.0318377101770753
949	v1g191018	0.0396531389771944	0.0317426722610935	0.00892093201632194	-0.0670246092088095	-0.0891923511612788	-0.086693331354363	-0.0170339122251763	-0.0851079672240794	-0.0870796502776335	-0.0845271694719689	0.0265087180399249
950	v1g191317	-0.110670833609526	0.00780625373983337	-0.105626350338921	0.0529772073200618	-0.00631247008249113	0.364169799953705	0.788060669750211	-0.0966052122858616	-0.0471562423371496	-0.0361136384707743	-0.0962687315236588
951	v1g191355	-0.790697934153568	-0.392957964675877	-0.693986353855684	-0.750887508769757	2.7808699876519	0.331409833401589	-0.557256549054596	-0.538448012351221	-0.747486253801785	-0.535553686710434	1.35680174346531
952	v1g191841	-0.781328799185292	0.180323918940257	0.226111838880815	1.03343236596647	0.13238439138687	-0.142252992558331	-0.498501337087756	0.183873018705007	-0.0219582147104609	0.0836391898395783	-0.717348285873207
953	v1g19204	0.24607247912609	-0.0188842763570254	-0.206861821156614	-0.171327981380384	-0.163377861045713	-0.158363307822619	0.0709931533826133	-0.0263121338747642	-0.255150910852153	0.562085113035244	-0.22668213807756
954	v1g192479	-0.353131040806461	-0.235470753105606	0.82144166029314	-0.257374339568911	0.0765911890107562	-0.178421361090099	-0.309538459628211	-0.313072077405977	0.163637180318082	-0.311456728043689	-0.311368169698403
955	v1g193382	-0.0114881365340121	0.0499313349163001	0.0142634510348749	-0.0289487488957537	-0.0421905980215807	-0.0412325944148714	-0.0406002412840736	-0.040574477095687	-0.0406828648664167	-0.039940893760071	-0.0403628112903005
956	v1g193459	0.312969426840715	-0.169692858499161	-0.154926627517777	-0.0447544058452088	-0.159763186268583	-0.0845635136521285	-0.167433944377375	-0.0642737513898963	-0.16718703063209	0.114351140995758	0.196160475232416
957	v1g194407	-0.201265818224198	-0.247590337527422	-0.231903146438782	1.07018425197819	-0.14878231582153	0.927518831922438	-0.0872617304654907	0.0131468290593153	-0.229478968085434	-0.227691846699003	-0.228244953501109
958	v1g19443	-0.264792504659615	-0.463176993539904	-0.57927883523275	0.299541636437411	0.0430084196803909	-0.319427208052571	2.96944559350578	-0.337735771478421	-0.624177366578968	0.317862430137662	-0.43476190588674
959	v1g194892	-0.113482011517309	0.0323555928781944	0.181774516655335	-0.0877962607357863	-0.0693802771562116	-0.0742748173493919	0.146081004824438	-0.144925404540711	0.117377029372307	-0.150211516878559	-0.0207887722150309
960	v1g194926	-0.0394453830663817	0.0859888806069336	-0.0173982070851309	-0.0123529116477116	-0.0178740313597102	-0.0412685975266998	-0.0459404540312363	-0.0401797457085949	-0.0405263319093592	-0.0402127577235561	0.137344696853022
961	v1g194939	0.0863295926654593	-0.0717870059549121	0.00318508277127309	-0.0541078492651102	-0.0245252987933846	-0.0803165676083606	0.0736202831396396	0.150057323456141	-0.112774021283336	-0.112600540807477	-0.111757739839696
962	v1g195205	-0.401828094525173	-0.192895412134309	-0.165144218578845	1.69803508329632	-0.323353791382289	-0.285087801625102	-0.320629014076026	-0.330475908200393	-0.0540919011811126	-0.331182058502142	-0.15856988329712
963	v1g19525	-0.0200010518285859	0.0453961472396718	-0.0249689710615456	-0.023598889518997	0.133905135914312	-0.030074671149273	-0.0935876273161312	-0.0931068314203356	0.0120462645959907	-0.0926515664262692	-0.0866645647548826
964	v1g1957	-0.38444010414358	0.764172552162413	-0.234264583123472	-0.230546307138506	-0.142728628033092	-0.0814151113474378	-0.166041202221701	-0.321103396337076	-0.195583575436354	-0.317057861406625	-0.319893390808881
965	v1g196089	-0.0274807812236928	-0.0356796168666124	-0.0272398057543627	0.00335089989174627	0.299347483283698	-0.0289552308030708	-0.0288369529907458	-0.0286268266965645	-0.0286195519719472	-0.0283934687756547	0.083302687373923
966	v1g196090	-0.154202980046573	-0.0273755431297817	-0.156120271967064	0.971749459529238	-0.153962633913297	-0.177205411436275	-0.17536878694959	-0.133504771497322	-0.078921444458424	-0.172834567402482	-0.173032622190128
967	v1g196243	0.00918746277628852	-0.00170052927676885	0.0104747264549724	-0.014463987407153	-0.0142963696439673	-0.0144896099684594	-0.0129225518749552	-0.0136903757530607	-0.0137141079416783	-0.0135782025474532	-0.0135782025474532
968	v1g196263	-0.403204640862997	-0.318786644336961	-0.39134658985581	2.00228400523145	-0.358480508452894	-0.269038006637539	-0.153902497025847	-0.286173576551156	-0.165672084712943	-0.377904285855274	-0.297075290076395
969	v1g196264	-0.669305243280816	-0.673432679598729	-0.726877830950111	2.86546763712268	-0.870206636863967	-0.786586692748809	-0.0854488625279471	-0.312136596398247	-0.664840367921756	0.00343713088411357	-0.665948677209678
970	v1g196303	0.141100880147853	-0.0826222879312425	-0.0973074844662182	-0.0315582425057792	-0.0374226728406573	0.213257465154704	-0.0550390860813072	-0.112771968161663	-0.112453251603436	0.0880133591308015	-0.111472149161232
971	v1g196312	-0.231755880682112	0.177916374969885	-0.134880385622206	-0.276545033121925	0.477276171512866	0.857245425093637	-0.302878621106541	-0.117297011048086	-0.105591239612988	-0.0926688763231312	-0.295724309104693
972	v1g196376	-1.73172719028681	-1.38452227186364	-1.28473228165215	4.28476497083047	-1.17994239592661	-1.23924460108304	-0.995281461853698	-1.55449864292078	-0.661937438979454	-1.54037084396056	-1.67537763391355
973	v1g196402	1.28599963395662	-0.990668147183327	-0.772178168426941	0.0392391866104653	-1.01809167590036	0.0964506116078416	-0.881159197248272	-0.0447397798086979	-0.998692252943225	0.237978949313622	-0.00122498389983128
974	v1g196457	0.136338767286491	-0.0425385332120738	-0.079472106420229	-0.0883850387021456	-0.0585632382726062	-0.0861314666445972	-0.0850133720363374	0.238576255075335	-0.0849354760030319	-0.0843354398207041	0.0312168044431391
975	v1g196548	-0.0183788866945455	-0.00345297759404631	0.0512932987694921	-0.0291615719474733	-0.0581905918220386	0.0772161216124197	-0.0569442195729358	0.153445182111782	-0.056642945886825	-0.0561560940409449	-0.056254038425589
976	v1g196586	-0.0337253399011927	-0.126461215441947	0.377011839169804	-0.136051577565683	-0.158644488642537	-0.125510963568426	-0.113916014808272	-0.135897905361047	-0.165275458038709	-0.158424488944166	-0.159487548199019
977	v1g196609	1.90098750240744	-1.74669153661918	-1.0545703496835	-0.659417114860393	-0.961397108129226	-1.37194462871825	-0.722119175625239	-0.149390884409412	0.439349905336021	0.361441184131558	-0.263806451815809
978	v1g196642	1.53349626267367	-1.1408676411142	-1.1056370306096	-0.27039358966555	0.134168701392265	-1.52328227003581	-1.42406900773254	-1.67057654814327	-0.634539593042832	1.40742049324798	-1.79371896744616
979	v1g196763	0.117778338924065	-0.06412619589728	-0.0606242749617369	-0.0567998701406834	-0.0183911693139488	0.0363064433288322	-0.0316295100532322	-0.0539508969122723	-0.0537458596395083	0.103910997429988	-0.0531302139937776
980	v1g196778	0.322762292294229	-0.243868314423978	-0.282397030247635	0.626432002462582	-0.186143571130506	-0.319478479066183	-0.367629436261067	-0.212681929998442	-0.369465006496699	-0.365182599803409	-0.0903319961986176
981	v1g196837	-0.0242342656846891	0.0283336843957763	-0.0427978061281507	0.0554055719063958	-0.0263685034654975	0.213991954942696	-0.0506924653654263	-0.0515872997648956	-0.0508208384775506	0.0564394548492755	-0.0510624639984744
982	v1g197000	-1.48355257312135	-1.14932421458008	0.334215585039073	-1.13318458212999	-0.964919606578022	-1.31792858378202	-0.902321721852988	-0.885186559283128	5.08277830384686	-0.203801002334081	-1.20984918275314
983	v1g197208	-0.771124815183563	-0.539372447058816	-0.538221197020238	-0.375398050184264	2.938958562761	-0.450612234981371	-0.688273311082607	-0.718550655592232	-0.696059268680611	-0.130117293605123	-0.353928313094195
984	v1g197226	-0.0826386382624908	-0.0126677526805315	0.150310469918201	-0.0987886686972156	0.194141460113024	-0.0611957199762799	-0.132421935462006	-0.12798931127192	-0.034237029306351	-0.0660733316957272	0.0151383478874172
985	v1g197231	0.0191013187883967	-0.0342151683361155	-0.0279520143838065	-0.0318839634131182	-0.0162801407392211	-0.0352828381719046	0.309524575870577	0.0268410817323392	-0.0309748157328589	0.186212926994621	-0.0305853426683128
986	v1g197322	-0.00853147667398964	-0.0336933627811263	-0.0250659127711267	-0.00740463880630018	-0.00391903799617725	0.235245079187539	0.0328735938852667	-0.0501651794150357	0.0378328388287751	0.363732987758348	-0.0500167636353712
987	v1g197347	0.0638423534547839	-0.0384970790386334	-0.0502102011305	-0.0322944275567989	-0.00388912112239787	-0.0588771029554357	0.247358297386088	-0.00249375975168957	-0.0584184705200925	-0.0572875096650883	-0.0586011898005912
988	v1g197394	0.151805085657206	-0.0464209817578796	-0.197960946437064	-0.00333922957441041	-0.0235493341075415	0.0224701847681047	-0.0866690105030651	0.0162403213951544	0.318195960984447	-0.147573657738398	0.0766604300769964
989	v1g197428	0.0169196584862962	-0.00792979818202174	-0.00234537204913296	-0.0169856239578779	-0.0255454031464617	-0.023734629573485	0.0219712484295775	0.00493114378742619	0.0654913895723067	-0.0238942403793986	-0.0243777877161785
990	v1g197473	0.261883087918202	-0.164362779750273	-0.134720145612486	-0.0965873584375603	-0.106389184823742	-0.141450743923063	-0.171240957134635	0.245646107114748	-0.173738814084905	0.206044656218782	0.46704880295595
991	v1g197493	0.540034541238187	-0.148803393021655	-0.295963471777447	-0.26764435491927	-0.381959701674516	-0.477473187717209	-0.064487998153114	-0.0277565110183884	-0.0861570114557256	-0.320394511062284	-0.21697919202825
992	v1g197501	-0.514820000307334	-0.460059279120836	-0.582997666979322	2.40289677440177	-0.408452018620603	-0.354957196944371	0.0856025697496018	-0.587153710882103	-0.511290948134861	-0.659907522219486	-0.403951193512213
993	v1g197507	-0.0904993780221887	-0.0820655793260515	-0.365162031671533	0.138324733261525	0.666614024406566	1.11404246570582	-0.194524687288012	-0.294324740002861	-0.374411193466891	-0.374343211579728	-0.295658111534433
994	v1g197609	0.00982686657297584	-0.0510486485461206	-0.00853123315240804	0.0346233283367292	0.130021756931515	-0.084153745060803	-0.0759707586196816	-0.0537332686912425	-0.0842504999825564	-0.083425716823105	0.501255141457523
995	v1g197873	0.0293115292014038	-0.0161268895832028	-0.0150180375873923	0.0100379095026328	-0.00992595677690401	0.006893361082625	-0.0200020982902022	-0.0197760858565188	-0.0198508453473367	-0.0196281207514393	-0.0194687296424936
996	v1g197953	-0.207469773832978	-0.121477073293659	-0.057992384850015	-0.157829544088664	-0.192307433155012	-0.186903218811864	0.0630299752104756	-0.184883191017457	-0.184522681658322	3.06764574378699	0.287343504109651
997	v1g197990	-0.220602342581723	-0.108484186761318	-0.126083518447546	-0.143065830634014	1.35300277531215	-0.203210368777181	-0.201318613646857	-0.2005630538473	-0.172619555247598	-0.199091335245876	-0.198130132998739
998	v1g198044	0.156529121983126	-0.0856903327090024	-0.100271680868898	-0.0274538729016	-0.0893404407960699	0.0497883299351382	0.115444259951222	0.0223673467799809	-0.0863405031262705	-0.0848326453090088	-0.0854692204239352
999	v1g198077	-0.0472410016053626	0.0791187013048971	0.0147087519499478	-0.0131892309372895	-0.03451854532278	-0.0331136459576586	-0.032986114296651	-0.0327460959667375	-0.0327606028154754	-0.033295109662169	-0.0324795353087746
1000	v1g198216	0.00216265509170946	-0.0210421680780772	-0.0295748525304098	0.149266840042885	-0.0260180888930562	0.0173035187819853	-0.0251083235251723	-0.0249642904046623	-0.00408754746749728	-0.0243479840597404	-0.0241802140675738
1001	v1g198217	-0.040668931591854	-0.042538896699319	-0.0589097438102693	0.40127192646954	-0.0580451558929929	-0.0204686485124277	-0.0154967772852661	0.0825305151902483	-0.048909885613933	-0.0490129753416317	-0.0485596755399484
1002	v1g198219	-0.190585419580281	0.0130408149179655	-0.162765721880804	0.744179562092993	0.0223207605009064	-0.137157895775634	-0.0638195053968657	0.0591977644426683	-0.00832057204195405	-0.1778392879052	0.500002344603302
1003	v1g198224	-0.0116788780107005	0.0753510687735459	-0.0369262564657269	-0.0694149279455379	-0.0431431228786453	0.130332251008529	0.0214920533097653	-0.0678235336298456	-0.0673956673200853	-0.0674630187674307	-0.0672575975599217
1004	v1g198303	-0.283844018093125	-0.235253938968864	-0.20202237609648	1.5597143134174	-0.167654078355693	-0.261919627758977	-0.219907386950259	-0.257035767225472	-0.162932325641029	-0.170100006110052	-0.255121296636218
1005	v1g198364	-0.0155125302061244	0.0479132797180565	0.0431824419315694	-0.0468067760023984	-0.0552023538235245	-0.0529291797086578	-0.0528444474548718	-0.0525612154683885	-0.0521239865258434	-0.052587759727925	-0.0524981064337609
1006	v1g198396	0.00418930209945139	0.0196092015549733	-0.0157050046950163	0.0302114037438853	-0.0255485631908156	-0.0243174491198715	-0.0237783264553555	-0.0241443079801613	-0.024436049886948	-0.0237711099209415	-0.0242982697186216
1007	v1g198409	-0.0470637982506004	-0.0598909003839602	-0.0411262031357222	-0.0567467971364965	-0.0551895641467323	-0.0337860668570061	0.924262037584399	0.062814551965131	-0.028029190050249	-0.0534012327547968	0.276874783134606
1008	v1g198458	-0.000664062715542438	-0.0722929878375718	-0.0923430901953162	0.382056393572298	-0.0101999293045827	-0.00450840361613428	-0.0380740047868653	-0.0564505107990674	-0.0954795870949828	-0.0923123385664603	0.324860104701593
1009	v1g198494	-0.130914669488924	-0.110873126777767	-0.119796902513355	-0.111040840830008	0.0421259536423831	-0.132759372690353	0.330782985097416	-0.0893667110617347	-0.00209637637740165	2.54060339140535	-0.131369858797273
1010	v1g198658	0.94539608090002	-0.640325286433646	-0.500615828069703	-0.113782401547623	-0.354234546275489	-0.494994245524306	-0.416564500925836	0.459401558040518	-0.596409878705326	-0.621052272806231	-0.312613346784271
1011	v1g198676	-0.233527780207578	-0.255019626781845	-0.421554848814305	-0.111785836205963	0.164423486278611	-0.221614515244142	2.60912776617512	-0.23643344703826	-0.0549193566330425	0.074025041554923	-0.308859476095493
1012	v1g198700	-0.317343735683908	-0.223364743243952	0.580234598634266	0.000323481476727061	0.137566085588988	-0.216331864143723	-0.257239882050724	-0.256989331675673	0.776974561181905	-0.0401585952186012	-0.253735851903083
1013	v1g198772	0.411974720272923	-0.169143312091078	-0.170621277541928	-0.140181398411939	-0.121894647914549	-0.219901447146531	-0.256405227349882	-0.189395977179538	-0.233224434516937	-0.257983167076869	-0.262474848859807
1014	v1g198844	-0.065858011989644	-0.0504808812840785	-0.0764063052579799	0.545540918603825	-0.0339480222797086	-0.0646420494277665	-0.0646892540664992	-0.00968630691377137	-0.0393888292511587	-0.0629377828517863	-0.0629377828517863
1015	v1g198923	-0.064255095139487	-0.0578547044727138	-0.111012247376168	0.677182065135953	-0.0463624779402636	-0.105154651076007	-0.104877641299008	-0.103457382644297	-0.103311098697288	-0.102655379705892	-0.102491680147288
1016	v1g198924	-0.906672859275051	-0.742445217723615	-0.892782567003753	3.13594091729554	-0.695605953743931	-0.626776137891258	0.135336221929571	-0.732947709841024	-0.571433479627668	-0.97478631032666	-0.648739160303299
1017	v1g198929	0.0739422730262167	-0.097919058937793	-0.0895839944579187	-0.0295875495860307	0.120887327077647	-0.0660376095662738	0.0620626163466168	0.322996994496821	0.0305073036312832	0.0414222306825739	0.200173639393633
1018	v1g198999	0.0582627623903264	-0.189276590162377	0.0713616603247575	0.010402717566769	-0.135449077899509	-0.0282736888769734	-0.132054709928651	-0.18017038012331	0.599984335061107	-0.229350246723358	0.861735500104825
1019	v1g199125	-0.0930850069531455	-0.0304092344442485	-0.0806441873407215	0.525446964050732	0.041516616785159	-0.0714446121120987	0.00499075613278444	-0.0284682897005201	-0.0705277986403252	-0.072966950998857	-0.0699785832223369
1020	v1g199142	-0.00774266513510912	-0.00504237327425411	0.0158302753838573	0.0287260056297969	-0.0124670371511128	-0.0085544313881558	-0.0103728857091845	-0.00841757223011525	-0.00842302009979601	-0.00872547140873576	-0.00834847720910279
1021	v1g199244	0.0616028945123866	-0.0280168969487975	-0.0540702015001162	0.0636474560685377	-0.0253182089866966	-0.046413614441093	0.0239729879041031	-0.0454104816610954	-0.0448127763000276	-0.0454648109632189	-0.0446802659104234
1022	v1g199266	-0.36324768406523	-0.163917853642557	-0.275228993257446	-0.307759456151875	1.84190643824473	0.127271148540804	-0.306569772469264	-0.303766938997203	-0.304596778298559	-0.302062713270774	-0.30242249247605
1023	v1g199267	0.733554357657011	-0.543273433731535	-0.243363731713755	-0.416996411724954	-0.306261573510905	-0.096698383114775	-0.0403745183753198	0.0271547604427741	-0.417620217766008	0.343284417477453	-0.30590257974848
1024	v1g199297	-0.00474779260501967	0.0106651977469935	-0.0085756800048841	0.00413524518784265	-0.0199589350017169	-0.0425513027158933	0.0627330443205816	0.131359616170049	-0.0408407945774951	-0.0395195689867634	-0.0401961894621024
1025	v1g199300	-0.190669033749727	-0.236120173327361	-0.194428426883772	1.23998676865943	0.0590296973929302	-0.164875705659661	0.131004858882151	-0.0872583153510491	-0.239676787308335	-0.237916383394426	-0.243930027677221
1026	v1g199302	-0.674843082519994	-0.501384646637094	-0.551709037684259	2.59180321761665	-0.340847989327538	-0.422725577263216	-0.385167280419696	-0.547547073791364	-0.604967504238601	-0.303844452621352	-0.45050792519665
1027	v1g199334	0.0226805968013131	-0.350823345958822	-0.255174727219752	-0.256508153949354	1.34991197738627	-0.150628306517665	0.147165252550793	0.16995514044167	-0.209767225791013	-0.323359834564841	-0.437123701464777
1028	v1g199428	-2.50726191527449	-1.44909013182578	-0.394793742703175	-1.77005005945365	4.57711539612023	-1.16037451009122	-1.29722848790721	-2.18362842162593	-1.18692417486944	-1.65450624097939	-1.43685099161042
1029	v1g199457	-0.128181510215379	-0.293009827224138	-0.481097289649593	1.78619539424335	-0.48747496299735	-0.456994590342631	-0.342362732806279	0.0880092927781827	-0.429052008697839	-0.229284159223018	-0.493244187967345
1030	v1g199479	-0.0252364843628055	0.0406917704629528	-0.0137527556679254	-0.00237676445544389	3.24017268835547e-05	0.106399257040863	0.00930726831560203	-0.0609197719594124	-0.0620792216203103	-0.0615944012481458	-0.0615944012481458
1031	v1g199717	-1.41695699112406	-0.861693757251838	-0.796915062979926	-0.901680385895518	3.84169512588347	-0.798588906984882	-0.762614969647237	-1.13150309482024	-0.941131234805454	-0.325975722976215	-1.07462146846156
1032	v1g199730	-0.303666639551708	-0.149925429132554	-0.152391994973437	-0.105564697829965	1.43634709220095	0.166475160014039	-0.0238627413147963	-0.267610053834483	-0.161701579192528	-0.265821609320864	-0.0790377157465491
1033	v1g199838	-1.4743243109721	-1.30699462964199	-0.729624732259053	0.175733784241603	3.85469708507936	-0.853003218137172	-1.0558890228664	-1.25802470298553	-1.03453570003072	-1.06143688599514	-0.939977332819741
1034	v1g200054	-0.0188806490696542	0.0048668261092934	-0.0108119103868306	-0.0313688883827123	0.0288819729149442	-0.0319812198807665	0.0766385763599492	-0.0298396681750753	0.146101462980373	-0.030221839607688	0.219598975333433
1035	v1g200058	-0.0699212389841779	0.0868961879923939	-0.147469998090575	0.412775911323756	-0.11143364112673	-0.0324895686682334	-0.0119338930053023	-0.0600704434253802	-0.0738053522774615	-0.146244078045277	0.104315703276724
1036	v1g200128	-0.114775512787512	-0.0536446130701397	-0.113296660934064	0.797122853352973	-0.107164568252324	-0.0568340794729608	-0.102104336469995	-0.101012175101446	-0.101108040269095	-0.100263617783472	-0.100321309527108
1037	v1g200173	-1.45388981665592	-1.47376918204929	2.76528176128504	-0.960025843875194	-0.651810496290402	-0.835347958432536	-0.851156060517351	-1.12075533592125	-0.90747120775491	-0.544159035047441	-1.77969590746061
1038	v1g200174	-0.0403895649831848	-0.0314624399901317	-0.0374430232761377	0.346976347765084	-0.0324535890110965	-0.0315691296034756	-0.031031234524272	-0.0309324124773813	-0.0311590154376051	-0.0307324644465328	-0.030913085579231
1039	v1g200176	-1.27733963780392	-1.17229024776722	-1.18430811559228	-0.790435606094291	4.06448286412691	-1.1912317287221	-0.692038878844256	-1.0239245813974	-0.769521144744092	-1.14707562239716	-0.857050891332823
1040	v1g200221	0.0272247491757827	0.0199609053707788	-0.0211850671048986	0.0196653233881202	-0.0475727450952534	-0.0463498898609613	-0.0463452769694439	-0.0457701091060727	-0.045521537635123	-0.0443770175913368	-0.0451640104636813
1041	v1g200238	0.00876817372274889	-0.0266949318827482	-0.00170810388838662	0.112731408162038	-0.0129085477747962	-0.0360630969939058	-0.0288318053641737	-0.035218262156752	-0.0356728808949233	-0.0351136387611215	-0.0355004326347736
1042	v1g200262	-0.475491733970853	-0.326632869520041	-0.546449846275615	2.30255152710015	-0.427224408534234	-0.257867582165092	-0.574562642018999	-0.608424873714596	-0.390273148255062	-0.603673537080903	-0.601603373133745
1043	v1g200267	-0.131644984303414	-0.131451438165152	-0.148405841402667	-0.110472796543235	-0.144596117402493	-0.105329141238267	1.95341224945009	-0.0448256217332318	-0.137580985197214	-0.0692534915611684	-0.136533749209117
1044	v1g200272	1.01567402528899	-0.300113897050693	-0.928398775303898	-0.39264696456866	-0.611591857419533	-0.353525697843718	-0.394438838795783	-0.133256320825989	-1.02600725482705	0.763004566157421	-0.193058870644624
1045	v1g200452	-0.0672919007839452	-0.0316314120933818	0.108164401161945	-0.00256590924544498	-0.0596414476567848	-0.016949989327708	0.40543780728433	-0.0737275593528082	-0.0729254875623822	-0.0718041521248661	-0.0725306420130513
1046	v1g200488	0.0491886571222787	0.00557067958284783	-0.0614661305133727	-0.0235630399898751	-0.0239699207421965	0.0768540814014562	-0.0210955682581289	-0.0678048815072776	-0.0676326541444877	0.119156655745781	-0.068504323660719
1047	v1g200525	1.08666306881269	-0.888083526545986	-0.506235591888651	-0.81946013660494	-0.184437795181191	0.235579749576019	0.553676096594902	-0.687335223334326	-0.693913556746659	-0.407130778711158	-0.679699837244619
1048	v1g200638	0.042093943608781	0.0418451684461244	-0.0804107038733416	-0.0446545143128416	-0.0608294630492255	-0.0941537895920329	-0.0178141278314491	0.389027573079633	-0.0926833031816906	-0.0933853722382479	-0.0918444463298359
1049	v1g200666	0.0392774705753118	-0.00681093121379415	-0.030903974500689	-0.0277541184623526	-0.0272709036224668	0.0806690212992519	-0.0261770112458254	-0.0256957270914672	-0.0260654554475482	-0.0245744982656209	-0.025325674961826
1050	v1g200716	0.0685269707022088	-0.0736115387780045	-0.0899704110187894	-0.0504357013592774	0.15248845453893	-0.0672691909738456	0.140135414232808	0.0516892844661033	-0.125865290651759	-0.124294126209524	0.528454266639749
1051	v1g200797	-0.178544470341072	-0.0752059078607278	-0.0774787557972996	0.85647009908079	-0.154664530518517	0.180206921590192	-0.133336622350356	-0.0556908483997352	-0.027893801433311	-0.144110009854816	-0.144309761197687
1052	v1g200800	-0.143808488374146	-0.082444558552465	0.339183534626622	0.0826927096384842	-0.0720390768978259	-0.102824768839323	-0.0903413076894419	-0.00723370483877497	-0.139122732431715	-0.161139550256965	-0.161370609725647
1053	v1g201175	0.237126675384254	-0.137908711335196	-0.108090385373103	-0.116908114450305	0.0224514338915166	-0.130536493317621	0.0175199580615188	-0.129316880777557	0.0737063615697415	-0.125298511423932	-0.127023584136841
1054	v1g201379	-0.159712731421233	-0.349279797914448	-0.772691446267136	-0.673394640671212	-0.461801461137585	-0.324369060750815	3.41432927064559	-0.366933570874003	-0.824056680021273	-0.467796930804596	0.170915793586744
1055	v1g201388	-0.0461617122459679	-0.390479702693637	0.946051368422579	-0.460022199510936	-0.349893507894309	-0.469614527341901	-0.51425198127355	-0.654764093832745	-0.424241578203308	-0.605953162076213	-0.96196701183601
1056	v1g201440	0.22046763489549	-0.144355363290562	-0.127465819574361	0.128973354250748	-0.0648077072239912	-0.14551024794278	-0.124659353699027	-0.0430222893692994	-0.0459341907865352	-0.00265977806316975	-0.170122418562916
1057	v1g201552	-0.396177521621136	-0.207855415889322	-0.0582562830718127	-0.0701855867776072	1.63480482275662	-0.044478240978605	-0.149374293745197	-0.345849770145094	-0.127762861213288	-0.341511901508999	-0.342506507286757
1058	v1g201704	-0.484972772603435	-0.476714460084537	-0.535681558668247	2.31603804908262	-0.257666770908133	-0.3157397606044	-0.232607017522002	-0.416106157813057	-0.425315013923314	-0.350488133737716	-0.059046279973601
1059	v1g201705	-0.116185078011819	-0.112285606635109	-0.0514555531344856	0.782317297007403	-0.0882989387287411	-0.107917853525928	0.0576075467339582	-0.106279554377957	-0.106324962263565	-0.105356933464388	-0.105550918049665
1060	v1g201895	-0.0706652604700128	-0.0780019302496286	-0.0821069170898147	0.641695622744162	-0.0866997397844267	-0.0838419606134839	0.0819362333418042	-0.0837001986840969	-0.0833701870330215	-0.0825230961707453	-0.0826884484449735
1061	v1g201898	0.130256305329662	-0.0333594970190674	-0.283058155862653	0.00452368910360099	-0.0602066055909461	0.334058207681772	0.319271829495423	0.142927905585055	-0.249186926505756	0.200119076672753	-0.137101719245917
1062	v1g201904	0.281503161237329	-0.558303756891192	-0.351367524303907	-0.353781676604747	1.02892638762838	0.51820871227183	0.171916661361803	0.180625359231238	-0.598411117794902	0.243753853686322	-0.350366444424474
1063	v1g201944	-0.140734978077587	-0.12912771785265	0.472182609561442	-0.164136036557868	-0.106136809605103	0.00995470785008967	-0.160423381082104	-0.169933851159024	-0.169485731880428	0.134705866834488	-0.168627590807549
1064	v1g202245	-0.0246918376543361	-0.00915457325282883	-0.0240491106140308	-0.00721692359071777	-0.0519446647349755	-0.0502061763717684	0.0539345893866587	-0.0496607017369015	-0.0497422303184011	1.0401561070076	0.0461997147642139
1065	v1g202392	0.0305118279186294	-0.0230809290300952	0.0107607155097229	-0.00729594036721551	-0.0309541139206685	-0.0301825237116847	-0.0298485955480201	-0.0282382386495963	-0.0297378316580973	-0.030562503812013	0.098715276533623
1066	v1g202466	0.152558470051447	0.516373475429514	-0.516196203641523	-0.519476439878326	-0.0996478089096318	-0.857785736651782	0.481793690649431	-0.695892229856991	-0.850848637530563	0.173051625330234	-0.641789176411982
1067	v1g202521	-0.0634934974800747	0.0189404640625827	-0.0365240751989211	-0.00624061550164279	-0.0308818747819928	0.514305239739249	0.0605567615214253	-0.0184067031987002	-0.0689932116651489	-0.0674605838062831	-0.068455665070735
1068	v1g202566	-0.318279239417314	-0.332704912324019	-0.455310635285308	-0.259471920660748	-0.363889182469111	-0.31604912532119	-0.310941546941966	3.62880637310439	-0.450007617014066	-0.109553374344983	-0.194276408413003
1069	v1g202671	-0.00746411414259403	0.0149914212181752	0.00375315605354082	-0.00356245318946651	-0.00864496066206847	-0.00842930828752013	-0.00839592979598083	-0.00833432031638677	-0.0082569483337699	-0.00778147523389424	-0.00826590670673227
1070	v1g202726	-0.444336067039418	-0.057925450506188	-0.329661384992839	-0.346405442551579	1.75117661374115	0.66644127882175	-0.257056446872289	-0.392661238204391	-0.393371878188464	-0.28341065373055	-0.390516942230095
1071	v1g202728	-1.12438058894698	-0.431730347179524	-0.793638259390026	-1.01591763439135	3.09868387584023	1.31597530632385	-1.06276594737215	-1.00297563046673	-0.997514363296977	-0.41003219049908	-0.801823479747562
1072	v1g202855	-0.0795828393367736	-0.0557306680566182	-0.0550787067094984	0.500305499561558	-0.0423976681070532	-0.0597757839165342	0.174972818573323	-0.0586129543740828	-0.058903892687465	-0.0583773956347061	-0.0586469669560571
1073	v1g202891	-0.0627399482053963	-0.0368013341689424	0.00118455704937086	-0.00621786912393021	-0.0924441155362954	-0.0595248566439511	0.834873569435547	-0.0984379694960734	0.0428237304374808	0.146154996698632	-0.0976544238794192
1074	v1g202928	0.0428779555399303	-0.0479368765295708	-0.0566115705188936	0.138606089232284	0.0853553829700214	-0.0744460265662083	-0.0210177335208535	-0.0726707818476736	-0.0724086540030677	-0.0719203004491528	-0.0720872408302037
1075	v1g202950	0.0106192173568643	-0.00174194348031326	-0.0458978723073723	-0.0471046670130907	-0.0286916299563754	-0.0533621371186065	0.00456707936314207	0.48680157506897	0.0906120843971036	-0.0516008373375732	-0.0524870056424977
1076	v1g203013	-0.0723474202993443	-0.0556073529487765	-0.000886889525770568	0.437952184720419	-0.0518655368973443	-0.0534458197971365	-0.0527346050975784	0.0391635360118293	-0.0528198734374293	-0.0526675001064899	-0.0524060589523675
1077	v1g203014	0.0101189618572451	-0.0447618920064022	-0.0411329846395176	0.235236243454346	-0.0226136415067308	-0.0132336799213309	0.0310459650144932	-0.0676895839450701	-0.0688835577694784	-0.0680297429705392	-0.0683006438603026
1078	v1g203151	-0.18540407502546	-0.086157662886858	-0.338805981387753	0.0296297920504057	-0.142415072867347	-0.170546154807196	2.23833880441606	-0.119724295334097	-0.578461638608047	0.30511299681581	-0.205817915956522
1079	v1g203229	0.0442715038500371	-0.102388296652719	-0.0670832927170737	-0.0805413807938083	-0.115474693514205	0.0775667883516233	0.942062598872192	-0.11982355764705	-0.0379420335970025	-0.118772809872688	-0.123982902997697
1080	v1g203270	-1.68912269206404	-1.64079255763542	-1.48764721705173	-1.47469930109422	-0.507699973686367	5.42380680085917	-1.21566545748478	-1.19375704925113	-1.49830457811051	-0.744201153284708	-0.729416374844909
1081	v1g203298	-1.67902448232245	-1.22189025414638	-0.843133789276955	-1.14407282865868	-1.15505686498505	-1.15022585386539	-0.803664262923135	-1.44036555558375	5.90777773193719	-0.64608400616437	-1.77102638035625
1082	v1g203489	0.125853455414325	-0.130579129820938	-0.165946974345396	-0.110029450949241	-0.0606603107988522	-0.0263650096580617	0.218756971559039	-0.149104795592137	-0.149028154844704	-0.139434659233932	1.65199417480179
1083	v1g203598	-0.0461238797145869	0.00642279734945338	-0.0394417683827356	-0.0264479570200637	-0.0102326267147891	0.0742471196720224	0.231864680484142	0.38696347620844	-0.069453896096091	0.210353617158393	-0.0688585664441366
1084	v1g203613	-1.0441017348219	-0.97207909748457	-0.844754766721343	-1.07058808351919	1.91648799183452	3.54111530532486	-1.08634297491039	-1.0903320840443	-0.437701291337954	-0.780477570686353	-1.12609150303237
1085	v1g203635	0.079386953400283	0.130670232272267	-0.198352574959069	-0.0125687780909142	0.0363729238392113	-0.192546053207545	-0.13118532815578	-0.1087832625089	-0.306745874021624	0.239061652044632	-0.128868987282023
1086	v1g203655	-0.346041358147503	-0.282092290904557	-0.428176907896989	1.84118704677864	-0.23336791754137	-0.0466207032508406	-0.141981753633947	-0.204260116138656	-0.233998744026792	-0.243424593975093	-0.115742078564394
1087	v1g203669	-0.0871330837653192	-0.0467060736137987	-0.127749611892368	0.626520673787699	-0.076694639205937	-0.117206534032962	0.152097575268813	0.00671325218688912	0.00452008588409061	-0.131049505746885	0.102339100277339
1088	v1g203676	0.0107083784500992	0.0349779569709856	-0.00692269118023545	-0.0874674283049223	-0.0134083547853896	-0.0730510648408899	0.0721810459003151	-0.0827338156343264	0.117840515822393	-0.0816528486425992	-0.0823182460866959
1089	v1g203737	0.39145165479779	-0.293941066193564	-0.286596045641549	-0.102003633861137	0.232240427359648	0.142581447654483	0.0318556084107151	-0.216867326986247	-0.223008187466545	-0.307079066912782	-0.122397607989071
1090	v1g203803	-2.10561758421805	-1.20191700696315	-0.763803739127022	-1.6852977662199	4.48621939187912	-2.03784284399508	-1.33397692328017	-2.03956365155145	-1.17817657717599	0.522590820514512	-2.03148503663156
1091	v1g203954	-0.21240155575078	-0.157920213204479	-0.150417767596158	-0.160025248238358	1.36066339744435	-0.170976930023673	-0.169990979094033	-0.135841135548708	0.143058412406887	-0.167396063234581	-0.0060091550499187
1092	v1g203974	-0.0293081135157207	0.0633229982924704	-0.0428524049795225	0.0117873384351644	-0.0133483017278901	0.00088410700325782	-0.0439945604398377	-0.0433340814907902	0.2026426714335	-0.0433532080987261	-0.0433214435445684
1093	v1g204006	0.147510305806154	-0.100524641449312	0.0348678023716004	-0.12120887148736	-0.0808939818352976	-0.0607467950019959	-0.199826581381302	-0.0899247631608478	0.0537628575136476	-0.00392168608633864	-0.0987550996615843
1094	v1g204045	-0.0680754371327319	0.0229992695812351	0.0487781960449427	0.0955718028159669	0.00160950732133454	0.034776967110592	-0.0567709506129415	-0.0574980702798765	-0.0550006201419943	-0.0577386743113842	-0.0546882617987813
1095	v1g204200	0.0291375673032345	-0.0126567794632697	-0.0278944602673053	-0.0318721035955224	0.0250414639347753	-0.0266640979572858	-0.0268896025670322	0.168630352876488	-0.0262617647343669	-0.0262372281756423	-0.0260295894418769
1096	v1g204213	-1.00940684906321	-0.699172834182431	-0.915559450012378	-0.360766341686134	-0.707160392083413	0.00894057303511375	4.49545580652086	-0.958575388900078	-0.671567974938106	-0.953927330459931	-0.450758085837849
1097	v1g204254	-0.0454225847081701	-0.0569287151782453	-0.108418719952651	0.192289702295309	-0.0866982116732943	-0.0547055553217217	0.925401215899057	-0.0232313383431748	-0.0176997728560752	-0.0948312753913803	-0.0952224326786075
1098	v1g204427	0.00353077101802551	0.00467099156885456	-0.0262892565026647	-0.0185200277907066	-0.0224860251929279	0.194695797236332	-0.0228091899305038	-0.0216645558064282	-0.0218359393264758	-0.0216630423545599	-0.0219204378344396
1099	v1g204434	0.331037107713227	-0.165850200006203	-0.153092007059525	-0.15194303683499	-0.171846274348928	-0.177345542025239	-0.175871172669297	0.208048431426848	-0.175791273845784	0.42355935596427	-0.174522132475435
1100	v1g204514	0.563953660193566	-0.355657530339938	-0.211194026642285	-0.213892957742412	-0.26568224277393	-0.0583333094006797	-0.00647684935561926	-0.251453201511997	-0.139132459539899	-0.312070976033999	-0.180665342863421
1101	v1g204547	0.0142771055511673	0.0338617148753451	-0.0112164778375973	-0.0422157920245104	-0.0413439216574608	-0.0402336576461812	-0.0398728783883366	-0.0318097177915683	-0.04005743354692	0.12436749848888	-0.0389524832439098
1102	v1g204562	0.0700967051352627	-0.00807477640679077	-0.0282695621498636	-0.0486198450826503	-0.0166307986221988	-0.0518950784319382	-0.0509666221058296	-0.0511490057855625	-0.05089369586249	-0.0509877307480952	-0.050735254477042
1103	v1g204664	-0.247558258071406	0.0495691765233333	-0.267324136369955	-0.151149613764349	-0.223022836177823	-0.180690499673956	-0.276412016379019	-0.10991153758451	2.60840039958505	-0.271949013880705	-0.149445216899217
1104	v1g20472	0.183232197297668	-0.250915933591964	-0.392932387686751	-0.156733005297317	-0.349137534069856	0.376434817942957	1.84726204848952	-0.396678187840835	-0.10778746656103	-0.590296855210394	-0.461775165662898
1105	v1g204742	-2.44131409773904	-1.66111903554726	3.51361733479686	-1.5243439736497	-1.13676370850837	-1.32904021566817	-1.30687548355704	-1.5510413398496	-0.414231172067218	-1.90256616929074	-1.81218096988843
1106	v1g204809	-0.519790999210308	-0.200654836748803	-0.120179075311638	1.68871892023887	-0.0241049290530007	-0.411401711105343	-0.0508142549832293	-0.475400432026623	0.0601228281016624	-0.326904351747403	-0.0383864405969531
1107	v1g205109	-7.51974700907432e-05	-0.0196981033104948	-0.0219908516703076	0.124134410960967	-0.0190137604046025	-0.0186156172812958	-0.0101159148591835	-0.018291980509775	-0.0182168696226697	-0.0180724492583068	0.104980532544297
1108	v1g205168	-0.898351491057373	-0.632236308861013	-0.922848653042742	3.18285416909736	-0.910463880799796	-0.706941403470156	-0.65426172089857	-0.791980414452452	-0.587249793071258	-0.613632437212438	-0.699409286580342
1109	v1g205246	0.124899893316871	-0.0470749242634832	-0.091534506951369	-0.0913835519728122	-0.0887983786961699	-0.00613991347176117	-0.0849356422169895	0.203211788931858	0.212769846621749	-0.00307680614546497	-0.082900690983562
1110	v1g205307	-0.3632299222587	-0.209561843678082	0.343022557449822	-0.31098427973496	-0.310670149656759	-0.320825892352543	-0.346313293046638	-0.277733548226581	2.59362810543502	-0.342158013617118	-0.343653955085379
1111	v1g205444	0.0156590088982872	-0.0169731149298276	-0.0275243051725223	0.0523920132842137	-0.0238657680128844	-0.0232211077790728	0.136874482282059	-0.0227881969730813	-0.0228781694691438	-0.0226970848570157	-0.0226970848570157
1112	v1g205553	-0.0324606181743777	0.0652750404051841	0.0130584608481127	-0.0708478213623152	-0.0727937061107872	-0.0733631178426132	0.283366155413951	-0.0685132213501738	-0.069347951573437	-0.0688393773109333	-0.0693393507373591
1113	v1g205566	-0.0172329982717025	-0.166304103892507	-0.110557288094843	-0.121785255158662	0.950901511593686	-0.0716962820926035	-0.186323460978122	-0.18447533884809	-0.121699325270562	-0.184755138494081	-0.0641150861800724
1114	v1g205582	-0.0256493285829378	0.0161735972899612	0.0510891573677649	-0.013363362586497	-0.0522538908581099	-0.0995811913824323	-0.150787129952264	-0.150898085440186	0.463093732238834	-0.150636327058526	-0.035950076168411
1115	v1g205600	-0.0489796007962596	0.0179132200829009	0.0687559531749937	-0.0769567517544175	0.069704787481851	-0.113694870977656	-0.057120939132365	0.0196838264407627	0.127853293784502	0.102350012200952	-0.111147935528486
1116	v1g205684	0.0364222661529711	-0.0399255871089898	0.0100639402844598	-0.0906635125991512	-0.0265367535672539	0.216071459338887	0.070155406459664	-0.0898763518202028	-0.0479936110198864	-0.0867230403509503	-0.0931074512778229
1117	v1g205696	0.0141140396668023	-0.0438311313062121	0.106133242633439	-0.104449754685959	0.0128285213538104	0.0313883630930626	-0.1419249094698	-0.104276958304576	-0.117712401240753	0.179910293888442	-0.141998785222438
1118	v1g205768	0.62158156543301	-0.142453722009191	-0.529863876397418	-0.275412672520143	-0.101051252634556	-0.0977597328741611	-0.455409663977626	-0.558630486746283	-0.165113698142257	0.0549761227346443	-0.315340311314666
1119	v1g205808	-0.0854784191094749	-0.121993429365068	-0.0863522912167502	-0.112310520096615	-0.0906017429433933	-0.112184520534749	1.66954378095675	-0.113931356763275	-0.110576947447005	-0.109682769887459	-0.108157086677208
1120	v1g205904	0.502171697219162	-0.269751383299418	-0.138141048048865	-0.160386972783968	-0.221116681654362	-0.331745700061441	-0.262107070744452	-0.368271388763407	-0.2147676949728	0.0735417966027802	-0.368085614897075
1121	v1g205949	-0.0662399051213541	-0.0781000669413743	-0.0119474377671754	0.00765305675054996	-0.0600462880191932	0.00528378147499091	0.079367106775659	-0.0411508466824308	-0.0741493825169505	1.67457341713928	0.0972988115479185
1122	v1g206101	0.0923164512524607	-0.0337410816559435	-0.02087227878416	-0.0772094796647891	-0.00151709334280384	-0.0699141030570158	0.0124438570110378	-0.0800655756676106	-0.0787415741524297	-0.0772918946119462	-0.0770268577603338
1123	v1g206150	0.431210002195319	-0.0114005948554783	-0.271210669493117	-0.295234489381465	-0.433316442186385	-0.165794978424835	-0.40911194482599	0.208466859640908	-0.516359802271563	-0.228426012111286	0.0664645786488536
1124	v1g206268	0.0931784234330977	-0.0507295656346685	-0.0251845447857427	-0.0562417257180857	-0.0266304347296135	-0.0505436389240328	-0.0514815430502328	-0.0494824266017464	-0.0492528675176717	0.220981836960446	-0.0488763863305709
1125	v1g206329	-0.276532211059925	-0.320522135688686	-0.457170351283117	1.99257077604474	-0.31427936043385	-0.366810887041924	-0.507559718466663	-0.253464921238318	-0.525794255081376	-0.455911315127643	-0.592984476913882
1126	v1g206332	-0.187561297792656	-0.207851975396733	-0.291761848141587	1.43353179482086	-0.284416720571908	0.00956149155227665	-0.154337733244202	-0.0319320112333173	-0.272305700119845	-0.268338595930358	-0.116085013013777
1127	v1g206544	-0.316956444188141	0.141236842235915	-0.194416964174419	-0.295034362908831	-0.282318397218389	-0.117671551609494	0.00195643634314663	0.0772199022765855	2.46257278723161	-0.452286025077504	-0.0614837868815389
1128	v1g206574	-0.0521233844689791	0.047052033669903	-0.0423119858842372	0.0309606327558797	-0.0558196201332669	0.0868031785181523	0.0506298907163263	0.0685054583887225	-0.113795637017097	-0.152182566751119	0.635820806711954
1129	v1g206649	-0.115716500803156	0.153262948606706	-0.0861124388994111	0.294789153873027	-0.0936210056517313	-0.0918527118104722	0.0293493525954062	-0.0878832315431259	-0.0877258381243974	-0.0870461835366038	-0.0870080740151047
1130	v1g206783	0.0284237289179707	-0.0116189582810624	-0.00682133510013962	0.00259916891358307	-0.0110502892726382	-0.0237947039746847	-0.0243529940831145	-0.0236904384533343	-0.0238227250071423	-0.0232206132736364	-0.0236342251428327
1131	v1g206795	-0.440714752788182	-0.262052615993134	-0.306181294319639	1.91836283776783	-0.25938445733821	-0.303731338306281	0.00743364829494808	-0.488612576777669	-0.320159580420399	-0.34090835202847	-0.378941484678332
1132	v1g206920	0.731991205472138	-0.526948883832842	-0.467735211104529	-0.101063830429909	-0.389319234018536	-0.243351880807304	-0.505330541658971	0.871418351744948	-0.603183268846579	-0.325077760383997	0.872656106997558
1133	v1g206995	-0.0155295612679515	-0.0294606462416642	-0.0361207780241883	0.24383862915441	-0.0302638631351871	-0.0017765963830666	-0.0308679607860362	-0.0299991497707567	0.0260076640076033	-0.0300276464586958	-0.0297547200031437
1134	v1g206996	-0.654920248728581	-0.107344774750325	1.2496278554948	-0.499436016346972	-0.287893274743665	-0.354291976400266	-0.439536924312092	-0.586209148322062	-0.53200829707104	-0.483962025441294	-0.579884151931045
1135	v1g207081	-0.0629015700883913	0.130096640083778	-0.0422549890628184	0.000988044685423559	0.0233127208417898	-0.0593555062446772	-0.0573746240643271	-0.0569379149905957	-0.0579451035336245	0.0362225851905283	-0.0574821272419858
1136	v1g207189	0.0451371669090776	0.0372506368874534	-0.0400859485738392	-0.0843939677479874	0.0573339079004199	-0.0784334556603979	-0.0783112096547473	-0.0773796552505598	-0.077230104301743	-0.0761163134108863	-0.0764913543590964
1137	v1g207197	-0.021939642547872	0.0531237111580777	-0.0472888370598202	0.0602684859316068	-0.0515673188263866	-0.0414146746782277	0.0365012102447495	-0.0514802747217618	0.169676409880423	-0.0485221167434981	-0.0489585854332199
1138	v1g207223	-0.0692078965126599	-0.598152574891652	-0.397740574383568	-0.427086812859328	2.02889747660004	-0.0653924629035715	-0.627311205292119	-0.32694051712145	-0.497432318905529	0.117150412833524	0.62385606347323
1139	v1g207283	-0.0407276254136619	0.0371923849377777	-0.0864527618061588	-0.0938054692720717	-0.0963048183010533	0.439631218250006	0.0673166891388405	-0.0390058110411654	-0.0868558481962862	0.84775444501581	-0.122327802587192
1140	v1g207311	-0.150105662551113	-0.0816758120217816	-0.142206836790744	-0.151366526940351	1.09272928487265	0.0606813138072866	-0.0670067498165976	-0.225831906695832	-0.138197773905497	-0.0391907181711688	-0.222501554202945
1141	v1g207416	-0.409239625466707	-0.369320752475176	-0.331011767377281	-0.103096705867847	2.10087023483547	-0.274131751053604	-0.150427118485613	0.0276337761014	-0.254706560744702	-0.292841943596604	-0.380817121014649
1142	v1g207428	0.209223743309893	0.121268801785871	-0.29556227358569	-0.232442709907375	0.234689689931489	-0.210353774194692	-0.165178148495099	-0.37228194404792	-0.226900418136568	-0.421025202081291	-0.419989732209366
1143	v1g207484	0.70665310505785	-0.585143270320713	-0.253919931380507	-0.33146768305712	0.228786881246545	-0.491846451409751	-0.139294191580884	0.0937793277114367	-0.747469006877353	0.269083806118465	-0.78078375626563
1144	v1g207512	-0.185814919077098	-0.0747826383039765	-0.144267610155347	0.988765972928192	0.0119443146826043	-0.127861048732973	-0.139638031288999	-0.0755021730332823	-0.147163572814257	-0.146047022512252	-0.146047022512252
1145	v1g207537	0.3194643595852	-0.176699410469953	-0.222388651674628	-0.153527626695512	-0.0101794784237182	-0.143720729821676	0.358725739514071	0.0764260779490959	-0.204867379175162	-0.202747446574645	-0.115304368798616
1146	v1g207596	-0.0111844025440724	0.0478812345595365	-0.0104959457157277	-0.0237869958368374	-0.0224702954302191	-0.00231119861137107	-0.0299237113921237	-0.034856512433379	-0.0957798879005182	-0.0934088354853216	0.193014796135719
1147	v1g207656	0.701899307562562	-1.03922631397085	-0.695735129061048	-0.538416960325333	-0.328328465486699	-0.911432357805308	2.38074951098756	-0.477158514121148	0.956064616287516	-0.306056907040435	-0.41595632222664
1148	v1g207733	0.257604063011895	-0.128155786536582	-0.101112720661968	-0.121911836221498	-0.0189359939803366	-0.118225161020813	-0.117789697681776	-0.116156610189618	-0.116136132744963	-0.00792280115715632	-0.116283667322022
1149	v1g207782	0.175135208588133	-0.0447631672484748	-0.1036588232789	-0.0408408709573767	-0.129638361357939	-0.0924851124242699	-0.0633070899549699	-0.00604006903668985	-0.122810457229836	-0.121725428692589	0.150001365284901
1150	v1g207789	0.323712427320971	-0.331275199836737	-0.242504789718876	-0.285632685155355	-0.10464951941622	-0.141484376613784	1.16761629849013	-0.296619195437881	-0.240317439716494	0.907801970168015	-0.294545033147182
1151	v1g207979	0.570745864612331	-0.638498278422564	0.13085453477448	-0.575595295108218	0.202763283933115	-0.304653910122177	-0.529217247562619	0.198246548961165	-0.378913839461011	-0.553692182064803	-0.425335072990115
1152	v1g208080	0.280867515322375	-0.167625678698541	-0.149360093056286	-0.10000358088153	-0.110257598133276	-0.100417234917417	-0.0862044025789812	0.309107908002758	-0.149324582024444	0.166939778456494	-0.0197873750243136
1153	v1g208117	0.0457498244111677	-0.151639386297444	0.157230907701592	0.0363849288259982	0.1344515467353	-0.135909634495122	-0.134554609742355	-0.201649907762866	-0.204733172495112	-0.215209091989426	-0.202681136051765
1154	v1g208204	0.110702092563036	-0.0424374824345089	-0.0604207099973902	-0.0569159776606313	-0.0657611789542544	-0.0638599592867848	0.135330276819108	-0.021128571048544	-0.0633510479490418	-0.012014653885035	-0.059620901892459
1155	v1g208361	-0.507998678172096	-0.359383275691374	1.12840324311383	-0.389912642465478	-0.252371982159734	-0.0739286815412073	-0.330273945696863	-0.337776198598822	0.55839665575396	-0.433267743406802	-0.438436963052084
1156	v1g208384	-0.0771278547764453	-0.0218752680206887	0.197752751524186	-0.0664067913371849	-0.0697981874099308	-0.0650998273381665	-0.060418277437552	-0.0640280937846401	0.0558787968610124	-0.0638146709795236	0.176217268902471
1157	v1g208404	0.279277214447696	-0.112815132036372	-0.124980195889225	-0.15535970398453	-0.0648732356326381	-0.101975792483279	-0.146072196232982	0.0293176848438667	-0.147235626514627	-0.144948059850055	-0.145366630327513
1158	v1g208419	-0.0278297243853452	0.00252271617117767	-0.0245673408061197	0.0375701074720072	-0.0212733027888595	0.251249631478805	-0.0205571466443791	-0.0203585466131314	-0.0203533582449829	0.0747871298149784	-0.0201921183756848
1159	v1g208524	0.411887965348326	-0.249860461896988	-0.159434139020335	-0.160371839520071	-0.110541126420381	-0.2680602088623	0.0558292081501574	-0.056226463670356	0.0271198623969869	-0.262153179211016	-0.260831527247812
1160	v1g208535	0.098174860762167	-0.0698969801667838	-0.0601525457615606	-0.018862033245909	-0.0366813915074237	0.0895605763957129	0.0381329656656791	0.0255356761434132	-0.0612100439281229	-0.0584402207214838	0.0255637282215827
1161	v1g208634	-0.171670276445691	-0.14857324198554	-0.181839628572458	1.18289678288686	-0.196294129204502	-0.186220288774964	-0.074501241235293	-0.0560561604592687	-0.0416154438222785	0.0168324273496902	-0.224692373467515
1162	v1g208635	-0.407554556366686	-0.197770603138878	-0.273578444136366	1.78948960329031	-0.304031513185979	-0.326852189955477	0.0371101041639941	-0.335099420109879	-0.334719325611144	-0.33371716733626	-0.33263565863921
1163	v1g208655	-0.0357975710138256	0.0327636024498365	0.0255314049729505	0.0085528019301546	-0.049441048524407	0.0924516391784473	-0.0469789436934265	-0.0462630716903259	0.0018191054031408	-0.0473005665063328	-0.0461991748226994
1164	v1g208692	0.255819770469388	-0.109690649137518	-0.12662748585696	0.0136989121111556	-0.177978284204955	0.0384467733835845	-0.183518895533519	-0.185218607761922	-0.184884033019919	-0.111992223769024	-0.0636909346171478
1165	v1g208913	-0.0548812956183766	-0.0573537892007495	-0.0442275133032852	0.448326147729644	-0.0675762919705768	-0.0659501787637692	0.131026813243225	-0.0137880745921339	-0.0653841049810169	-0.0573450775536111	-0.0648740502189767
1166	v1g208918	-0.0163685707747534	0.0188537312663738	-0.00337381576223275	-0.0222831224305865	-0.00309043582532683	0.057983328167553	-0.0212024552185065	0.044378106875419	-0.0210421913781589	-0.0206900200619617	0.068283712587079
1167	v1g208976	-0.318828742746203	-0.247322651155382	-0.296756999839624	1.63146125682039	-0.297475705816115	-0.00131616951685837	0.0278824473308341	-0.163575563291848	-0.141059767591207	0.0636835609161745	-0.296404881855513
1168	v1g208977	-0.0761823749263411	-0.093827206979864	-0.0338184241855086	0.520152958099773	-0.0541356412003029	-0.0731846477646473	0.0045329054544803	0.131564629264135	-0.0726306100320892	0.257273538723715	-0.0716879125860229
1169	v1g209103	-1.3973153258014	-1.02898917762004	-0.689524951484455	-1.11019052134948	3.87552182164045	-0.321313659143926	-0.967039381133969	-1.20779065399126	-0.589309581031198	-1.11873334274367	-1.20024849781123
1170	v1g209249	-0.111639246785038	-0.026485869126317	-0.0609646428929697	-0.110244386307493	0.717315484308521	0.0398773466859709	-0.111400191290765	0.0165513501625854	-0.148067672050373	-0.147402654691736	0.00643256483799545
1171	v1g209267	-0.0642299604154908	-0.0270538563346109	-0.0878918907041621	0.492514064831532	0.00322378128956888	-0.0868433463935024	0.0555495536601462	-0.0855498569845489	-0.0850262739317433	-0.0843674195940125	-0.0843674195940125
1172	v1g209268	-0.128235062853921	-0.10862098387929	-0.125742628316412	0.872544615896028	-0.0909505753817124	-0.0658233182623838	0.160587615544086	-0.11893877257384	-0.118914551209688	-0.117831727290806	-0.118038893541552
1173	v1g209351	0.37421257805998	-0.19853692484943	-0.235924092481384	-0.0490563717225077	-0.188897060562051	-0.0909874310532439	-0.126512836267972	-0.144672870694631	-0.210825597001264	0.757670728208672	-0.213960966375268
1174	v1g209409	0.0354909236437797	0.0517721107407699	-0.117748638661232	-0.0661823201870041	-0.0854006971808629	-0.0778659867005731	0.158375647306569	0.253207812036767	-0.102451055994809	-0.0994057638722388	0.418736060287816
1175	v1g209417	-0.616085898999401	-0.0398518697615377	-0.363311129490015	-0.345183996081311	-0.347994192272294	-0.487069720967974	-0.430087192241332	-0.537651002617684	3.73568745438237	-0.518842417073912	-0.516722239208918
1176	v1g209643	-1.01204581767325	-0.886511367605045	-0.428571029290254	-0.785899905132756	3.31062167947621	-0.0820973934662503	-0.37594594759528	-0.899710187817567	-0.626344672458194	-0.893399401274466	-0.550749480589145
1177	v1g209669	-0.138420272160087	-0.061170930196362	-0.120793683655469	0.811327397031557	-0.0680833633558872	-0.113718576546853	-0.0144314345417792	-0.0772884036373838	0.0946381946171895	-0.122134068308682	-0.122989596504457
1178	v1g209813	0.347890592408437	-0.319733836061076	-0.278826681591791	0.212085784012133	-0.197114525066586	0.0467222705838539	-0.0376749223413765	-0.195355134504503	-0.414641154425052	-0.00860541990759794	1.23367324217333
1179	v1g209821	-0.01269253011019	-0.0234939791543585	0.0687331440083321	-0.0357045651388143	-0.0588660031956962	-0.0584573836400753	0.190109267167856	-0.0579372219747024	-0.0575616949888286	-0.0578978051046465	0.132486935899301
1180	v1g209854	0.222138660567726	-0.137864989909889	-0.243426268650101	0.0190706086493712	0.351106363895652	0.00236340743806279	-0.21823364828677	-0.20724344715614	-0.15578976376173	-0.282346425593138	-0.00757093733640779
1181	v1g209970	-0.0283460534668663	-0.0274609761656864	-0.056897342832825	-0.0620646907624783	0.452239300767119	-0.0173309286000923	-0.0615129834542563	-0.0605466866314713	-0.0613365619831005	-0.0604271500298745	-0.0596216530072094
1182	v1g210012	-2.18002192813678	-1.87363160679074	-1.31789752680882	-1.73956044033467	-1.35676645606846	-1.87092312217091	-0.742381579529603	-2.22858830290626	6.64312923707994	-0.0998937006513705	-1.41239548730857
1183	v1g210069	-0.0591060298403794	-0.0420296343703906	-0.011253318773455	-0.0122705772439329	0.159059030943477	-0.0423198328843938	0.359455219885333	-0.0417094366521788	-0.0413305422772166	-0.0415830503153812	0.538453851046985
1184	v1g210076	0.0743498812590412	0.0265534795467804	-0.0348616358100121	-0.0980025555408292	-0.0233542548497317	-0.123931403204153	-0.122978410424391	-0.122269970721032	0.14746570391618	-0.121384179775192	-0.121227773894784
1185	v1g210164	0.0168301813672403	-0.0206119061280585	-0.0692101429066914	0.268172978557647	-0.0814956251707276	-0.018817059663479	-0.0893445397305136	-0.0901514107810901	0.0937653327905935	-0.0889203662256575	-0.0893704177270281
1186	v1g210296	-0.120443482959678	-0.0502488949599368	-0.0525653312811764	0.659154250419176	-0.0885631551963181	-0.0107440868047057	-0.0160710495580012	-0.0920783172726083	-0.0933578032595325	-0.0321262111936109	-0.0912904374918775
1187	v1g210501	1.04438751951585	-0.61531382177451	-0.52162078795275	-0.326258192169182	-0.451694321305656	-0.421977197822411	-0.41923674423159	-0.0326636779245946	-0.633963708695057	-0.420799436107084	-0.497557170420044
1188	v1g210724	-2.43198175496032	0.694723943029816	-0.584796089664542	-1.59891141753666	3.32054032268348	-1.54829489853881	-2.28339092217885	-2.41628146119958	-1.04867874957172	-1.95603681415659	-1.88803079547925
1189	v1g210732	-0.276704092990178	0.0125487460682991	-0.163395894768892	1.19430295532511	-0.265424204469008	-0.280213912362436	0.0643909557462198	-0.276834443407624	-0.204712661076603	-0.147428380873799	-0.274810000629523
1190	v1g210881	-0.728804365569768	-0.591125353213851	-0.0326660912520927	-0.664918504444618	-0.133293341934349	-0.569825165301259	-0.212002412407263	-0.605462910810344	-0.599986083094014	4.90959272648756	-0.52992975405602
1191	v1g211144	0.0565661212331242	-0.0439918279377962	-0.00799207824270785	0.0133195526866592	-0.0406377939979523	-0.0393690791551206	-0.0186621170325885	0.0617865025103521	-0.0387908472989955	-0.0379383842034303	-0.0384854805952576
1192	v1g211253	0.0172371559485407	0.0785120863388554	-0.060737221127237	-0.0504692371321904	0.0089137363396383	-0.0996094145947257	0.0744393158984829	-0.0957836388396042	-0.0957024878844776	-0.0945170189520589	-0.0953599002447997
1193	v1g211464	-0.691252138120163	-0.649348825623587	-0.705944563557374	2.83121490323834	-0.532753535193876	-0.648829554861442	-0.298315357307375	-0.290391609882072	-0.653624231127998	-0.691560657278443	-0.491561513346268
1194	v1g211521	0.0161235790283604	-0.0388774467948835	-0.0428132458848151	-0.0553716768221157	-0.0345391806768284	-0.0654831209574283	0.252798991877933	-0.0650161215707427	-0.0649328333980404	0.87230786999223	0.0585568399406307
1195	v1g211784	-0.0700660552123609	-0.0846775956063021	-0.07989226848728	-0.0757284220882165	-0.0239624064521553	-0.0437444139365256	1.34984557080462	-0.0723202163684022	-0.0722298642581275	-0.0718948213697372	-0.071667720927554
1196	v1g211786	0.840484192042368	-0.561327482133492	-0.34798057450435	-0.291539881232046	-0.266596068093953	-0.236521158777387	-0.256806933340026	-0.0370048792373199	-0.472747036178828	-0.385817148941447	-0.342196266118263
1197	v1g211797	0.0560439254465315	0.000756131826894206	-0.0284388691451057	-0.0272814292187546	-0.0427862847585943	-0.0410818570507905	-0.0176552782233389	-0.0402492305948113	-0.0417982963999861	-0.0417464564679483	-0.0481434141521197
1198	v1g211803	-0.977910026897875	-0.695772828854776	-1.09674769943034	3.32707558793243	-0.846631913728208	-0.7808158963432	-0.570026704137676	-0.501300798368278	-0.999177168386016	-0.822040963180542	-0.342407432667622
1199	v1g211825	-0.136056475489911	-0.10199236788541	-0.0496388126917017	0.0320686576217273	0.861782302130713	-0.0787428156986712	-0.0979990474681663	-0.0973016304222399	-0.0972774811191163	-0.0965268305466939	-0.0965268305466939
1200	v1g211838	0.123541518561449	-0.297079616985722	-0.164879330985505	-0.169262509401407	-0.103817441955665	-0.12427711993546	1.77059415189085	-0.333396596191096	-0.331681682790488	-0.327146439549979	-0.0731314142344539
1201	v1g211989	-0.0287827062920239	-0.0675967009561354	-0.0895337732574031	0.521109506367197	-0.0828141034257337	0.006924715938138	-0.0869824907421197	-0.0855405313262604	-0.084656512075229	0.0562765495661477	0.0286807479686669
1202	v1g211990	-0.143276573226001	-0.0651865359301609	-0.127850493201946	0.823258036500102	-0.129021829737	0.203936474503059	0.0192652117299823	-0.159766558853965	-0.159620377010675	-0.159958436339571	-0.158414402737518
1203	v1g212101	-0.00665657429306332	0.0279672681972998	-0.00120166009705628	-0.0230424187385136	-0.0227864237392124	-0.0220491235726453	0.04863477015039	-0.021741839151548	-0.0218250787951878	-0.0215561135153715	-0.0216522671732556
1204	v1g212407	-0.0296606164454674	0.00072912272119428	-0.0128672134253801	-0.00642832460514429	-0.022171654297576	-0.0089910212264122	-0.0262579261045445	0.543038879412518	-0.0260597931689919	-0.0256209168057974	-0.02585375035758
1205	v1g212513	-0.263102036416565	0.57641904559736	-0.206193129339967	-0.114993203195612	-0.0482198661938881	-0.197071510027082	-0.304566117422311	-0.154855564894828	-0.300940566220989	0.178254661214801	-0.0996177933949733
1206	v1g212516	-0.161036859866041	-0.194532890967511	-0.218521885831261	1.27993176940213	-0.0720989276444408	-0.163708114814292	-0.250633793775031	-0.240949225548465	-0.00169022437027949	-0.241008380541546	-0.242459872411567
1207	v1g212583	-0.0721650371782186	0.225319314803369	-0.0771184457760262	-0.0770866033722156	-0.0686791469845544	-0.0996595643137132	-0.0492258897387752	0.0752283615722134	-0.0985429794251041	-0.102821183690256	-0.100612804032204
1208	v1g212596	0.0355371676061967	0.0958923912085889	-0.0530925185695758	-0.141803727242769	-0.0632154674808616	-0.142155916041331	-0.141461341216462	0.0959363973551515	-0.141580148437987	0.287168321182569	-0.00817331737994181
1209	v1g212656	-0.143834345376976	-0.118317128475691	-0.194870060683833	1.06025013421326	-0.172212529887897	-0.0859354474734807	0.214181878925674	-0.181833952860912	-0.18124854701047	-0.181657606028181	-0.181379842118432
1210	v1g212657	-0.137252518316013	-0.108553326026269	-0.186797025172851	1.10995247788601	-0.18765336589619	-0.14417796638055	-0.165621333323053	-0.137776517941165	-0.177371676715934	-0.147029586502879	-0.0856755147464058
1211	v1g212847	-0.194378820429778	-0.108292929148651	-0.113406415455022	-0.0322162411274526	1.20593521555407	-0.202421879355355	-0.19210910224824	-0.199710335908183	-0.0252964620135074	-0.19767222466341	-0.198213470414209
1212	v1g212909	-0.427945690820976	-0.284156164573333	-0.362356454347716	1.51172058271739	-0.343816754465418	1.29699526394744	-0.425101505915849	-0.187812693320893	-0.277731770313787	-0.0177344589311744	0.284000642977645
1213	v1g212944	-0.338992167476544	-0.128375261961387	-0.371246449296211	-0.472550622671621	2.02570522198988	-0.408827882054787	-0.371529201101294	-0.492694290539209	-0.194737640583132	-0.489830519472836	-0.218099228189044
1214	v1g212947	-0.464175089150638	-0.914893043500381	-1.07350069016378	-0.0167117015547253	0.440518323501982	-0.637506629780988	-0.910485232496313	-0.448032414194686	-0.680683985812848	0.350978068664881	5.17021424889879
1215	v1g213043	0.00679404929249761	0.031747086506167	-0.0280497683486811	-0.0215144697071142	-0.0242686573618731	-0.00137535846159766	-0.0234127060653702	-0.02317472311115	0.0266535153559198	0.0467790150137027	-0.0230692662915196
1216	v1g213083	0.0420449654089669	-0.0116881658076256	-0.0502693305327189	-0.0111822488883086	0.0728773778366308	-0.04817884210938	-0.0517727485744388	-0.0489376093370079	-0.0456380936445318	0.169465005579163	-0.0457657246094782
1217	v1g213090	0.06058368223376	-0.0929832850027532	-0.0949667670218349	0.0305472585352541	-0.0546978107042956	-0.0811666353417193	0.803799988009101	-0.104237486291946	-0.104606681481497	-0.103922228924335	-0.103897663068778
1218	v1g213132	0.0170598018624006	0.0113333431561862	0.030186243209624	-0.0633393477576622	-0.00623182785036633	-0.0429271253886887	-0.026862805010177	-0.0720288440901055	-0.071479459076732	-0.0703672473063239	-0.0705928310736633
1219	v1g213238	0.025100170022406	-0.00164731286122376	-0.0476636854866128	-0.0557593159626141	0.12259808481079	-0.0518981371538076	-0.0531120528365348	-0.0525324574088879	0.174375418081624	-0.051777821260238	-0.0521453743378978
1220	v1g213239	0.081555919618482	-0.0397169048782597	-0.032480638534597	-0.0309850143247341	0.0354752135445778	-0.0596662383653054	-0.0593398968988091	-0.0588107030545199	-0.0587641021837229	-0.0582312137070881	-0.00430755362493478
1221	v1g21340	0.635335760920496	-0.0834765514497734	-0.569391049351864	-0.328671157713803	-0.397507118694116	0.14695634119149	-0.365984842726573	-0.303900993487991	-0.605392944373484	0.275313634323159	-0.483917900060642
1222	v1g213468	-0.0479000495981635	0.0209533709352862	-0.0641574529660872	-0.104544706428104	-0.092925340196573	-0.157725056286576	-0.0372469904158246	-0.156066142129532	-0.078167616524147	1.89500568291425	-0.154947169418742
1223	v1g213625	0.023586495906514	0.0457006174927606	-0.0525429932730447	0.0498596566226751	-0.0992295326650137	-0.0843130218670894	-0.00541332920836417	-0.0520077984108898	-0.0828817077205871	-0.082626953143614	0.207772932237857
1224	v1g213735	1.5599560609073	-1.51005548393002	-0.642922032673006	-0.127481909727678	-1.69710657017439	-0.657404959744152	-0.670433502408547	0.603419103915219	-1.02517002559026	0.153810286908336	0.286210700147743
1225	v1g213743	-0.230666003854774	-0.232107039038348	-0.271835860987909	1.50799673193276	-0.188586934101539	-0.25785373570354	0.0748698095345562	-0.205979123958962	-0.294317401516065	-0.302590384349739	-0.0387006716935656
1226	v1g213913	-0.600897356306352	-0.354444663805254	-0.334888766484365	2.30444673842356	-0.543591944038146	-0.332482803763679	-0.58575276000393	-0.413852113738871	-0.190275782438222	-0.575691599014164	-0.241991207850668
1227	v1g213920	0.0840867936469663	-0.0749122448913649	-0.0532137584094998	-0.0385832092928558	0.002500883943496	-0.0691921929250256	0.0319899181961036	-0.0682587519834361	0.369567078188386	0.0772054038326186	-0.0677098138992859
1228	v1g214058	0.191151332353008	-0.0819770746152394	-0.389474121773348	-0.0162020012697899	-0.230377622699777	0.649925527972915	0.0192664766004875	0.841665621686824	-0.480003778765697	-0.389284651417359	0.281819154637579
1229	v1g214071	0.0177458342011615	0.00662573757753658	-0.0248847399401867	0.0183227796754415	0.0150098695428419	-0.0636519720946266	-0.0734595304572878	0.0386160849991536	-0.0724041057697909	0.150665206300655	-0.0721373854650222
1230	v1g214210	0.75883926532116	-0.00329858455812915	-0.53603812917935	-0.642349645303596	-0.348077237791479	-0.390054095835365	-0.679251779332278	-0.640960415811598	-0.594320104297259	-0.616758835203103	-0.671430567791279
1231	v1g214234	0.0829792195608411	-0.0938910470098999	-0.102065241031988	-0.069404558562551	-0.0515849971843265	-0.01486089365241	0.821728712841184	-0.10826174499296	-0.10815523448786	-0.10775170524381	-0.113495467557088
1232	v1g214246	0.0758642020313108	-0.0585251319373027	-0.0346154923766955	-0.0408867263981801	-0.0344902147957558	-0.052741364506475	-0.0501298682430634	0.0322595727651071	0.228445404718204	0.168816085958496	-0.0493644769384515
1233	v1g214299	-2.37740626197275	-2.13491663140323	0.804580648222852	-1.58538538156584	-1.39918507622395	-1.89074100950592	-1.06607620737312	-1.89378526481131	5.60881460310518	-0.492087471722982	-1.84181946497111
1234	v1g214340	-0.156901318497418	0.0128392482780612	-0.088569865612669	0.75674826167092	-0.103601968412218	-0.136895067560286	-0.13599444264133	-0.137246844909309	-0.000914602468295639	-0.13302593389232	-0.132577180251606
1235	v1g214461	-0.529512613625893	-0.272871405753959	1.24414811221229	-0.377297843105284	-0.238087446527757	-0.600929681013058	-0.521920280752027	-0.70398114526701	-0.27309154070109	-0.436713677678366	-0.281119197618073
1236	v1g214505	-0.711457416313312	-0.538855220495794	-0.414562389240958	-0.120900752012755	-0.192889973718853	3.40499618639074	-0.330961991162458	-0.537165216216775	-0.540288915625178	-0.402730665801628	-0.219464817072369
1237	v1g214632	0.293924396849734	-0.123776678576089	-0.137564768337886	-0.105265448849375	-0.0808167608676613	-0.0927782518400868	-0.135401200599555	-0.1344372283205	-0.134582758291859	-0.132595229274645	-0.133404082635824
1238	v1g214761	1.42267590806981	-0.749623075828468	-1.46672447618596	-0.0816078179022197	-1.15978158381645	-0.562524368227731	0.151737740370132	0.418911353845998	-1.37255363739223	-0.854478576382352	0.642691415273187
1239	v1g214762	2.038855578665	-1.84603223236896	-1.76818892953919	-0.413355730252404	-2.05712244256095	-1.26319980056457	0.473365444497447	0.736249632727938	-1.62438948681639	-0.353347684898045	1.36923981932881
1240	v1g214763	-0.931793973273583	-1.53228213854478	-1.37546620807785	-0.783805896961665	-0.896570175245862	-0.892625322499602	-0.648430323830722	0.948468612600643	-1.25987968133779	-0.315673727091332	6.31662092564584
1241	v1g214766	-0.0341095222331124	0.101248875353679	-0.0379632653312165	-0.0494498230671291	-0.0345459601010898	-0.0491085988400199	-0.03279797174286	0.190455611255431	-0.0465027083198326	-0.0466133192734029	-0.0461375975681408
1242	v1g214898	0.0153322810369361	0.0397444483435788	-0.024972865754206	-0.0816423263898862	0.159011673540536	-0.0207244541320323	-0.132746269151497	-0.131934159076166	-0.13179762528813	-0.130398340478883	-0.130895859600652
1243	v1g215021	-0.521579299030529	-0.340170640477434	-0.160372683896241	-0.399879377012099	2.19761608445957	-0.0302116962774909	-0.374494465607623	-0.381322654776876	-0.251890526974941	-0.430977216737141	-0.432855097043012
1244	v1g215066	0.468601211241027	-0.243969558949172	-0.214449551284817	-0.134917913527111	-0.163006996663489	-0.0960445900579155	-0.141560351916417	-0.222813863802335	-0.224600202130725	-0.222077644823755	-0.16103201114921
1245	v1g215113	-0.790351209560214	-0.611049464018468	-1.07627340464207	3.15206877262222	-0.810368325527686	-0.802359219321678	-0.408293617623213	-0.723923420870807	-1.11490053016764	-0.462439794688889	-0.997870210997023
1246	v1g21524	0.0420843787634644	-0.0135996061688244	-0.0263230989316796	-0.0514280321295362	0.060636043058252	-0.00111203303629986	-0.0495375023661258	-0.0492255936738298	0.00809047068256472	-0.0488861555899806	-0.0490857260693333
1247	v1g215376	0.929743569577381	-0.775416363323922	-0.609862295758906	0.188199603854468	-0.072765288471388	-0.0572834135643578	-0.351567472441668	-0.202191480685791	-1.03364385073914	-0.492231359452914	0.149536358389899
1248	v1g215469	-0.796859439393563	-0.553404357196223	1.55757516548697	-0.58994227171115	-0.35317922497707	-0.615879138100925	-0.390266702911555	-0.806346868790954	1.15975914594759	-0.352628426711317	-0.802212087272438
1249	v1g215519	-0.0314556260154226	-0.239259224327971	-0.217618682502361	1.19310765344494	-0.305555271937471	-0.159153585623272	-0.16449217738784	0.104000901243971	-0.293620565438786	-0.288811011365061	-0.288628021275665
1250	v1g215540	0.0654354894311151	-0.0617190984800416	-0.0815979213925623	0.117534083110018	-0.0298216232222148	-0.00881997206031097	-0.100253850834614	-0.100306958120672	0.423791778983318	-0.0985636502803765	-0.099836018868526
1251	v1g215590	0.0374961660812179	-0.10925691566826	-0.00726613583831334	0.444730133888311	-0.155502126653464	-0.193983989765109	-0.129544105956687	0.022370947508642	-0.114332156163842	-0.157163442425977	-0.0989895494646229
1252	v1g215762	-0.0138213177764999	0.123277137120181	-0.0774504556423985	-0.0723262652018554	0.0742690959257872	-0.0784126553447778	-0.0491082093291976	-0.0772954430414705	-0.0772761269829213	-0.0766757439821015	-0.0766757439821015
1253	v1g215949	-0.0989702263879084	-0.0999719975204879	-0.0388590617619529	0.680790922193038	-0.0841864691178313	-0.106263354461336	0.0374056078036577	0.0639545003260266	-0.0893782934386612	-0.137784830655836	-0.138616100418778
1254	v1g216007	0.00220075674364954	-0.00204225662798457	-0.0254623120227163	-0.0266488263879857	0.0225980633102046	0.0365756089903084	0.158696447889972	-0.0209869704065913	-0.0209816230465478	-0.0208154418632128	-0.0208154418632128
1255	v1g216053	0.116664710087163	-0.0824975492553982	-0.0254401463827992	-0.0977163461870859	0.0571108433436642	-0.0760965248735396	-0.0978834413268901	-0.0971581729323436	0.20673247783668	-0.0958421996643035	-0.0963830034010409
1256	v1g216069	0.0518836887447491	-0.0373874978172694	-0.012406443412543	-0.00424006845374141	-0.0446790182471296	0.0172277981325571	-0.013759544652803	0.0490388395673312	-0.0194037510734642	-0.0429967205128632	-0.0432024463721609
1257	v1g216157	0.00302818314942351	-0.0850920722682484	-0.0572948502259446	0.165046818496007	0.0552352945643335	0.0224899148719235	0.416367263047115	-0.0766860828334016	-0.076548913457306	-0.0756370694278765	-0.0757941758513289
1258	v1g216393	0.307402703366427	-0.199308379914631	-0.138944247578218	-0.118046923589607	-0.0271676575372491	0.176055798767998	-0.215554535485017	0.0194216758448922	-0.160603771361872	-0.212620590171249	-0.210251790739097
1259	v1g216575	-1.2320410452975	-1.02021682635315	-0.88485316846968	-0.810058515600969	3.8522741270203	-0.651268059867796	-0.811299266046382	-1.07819658578169	-1.07762211652624	-1.07185720630014	-1.07164454433918
1260	v1g216577	-0.0361856919973293	-0.0192559055662459	0.0763632548083949	-0.0453737193621139	-0.00665691370112041	0.24094307039646	-0.0667171825564639	-0.0657229509445566	-0.0663094892815049	-0.0668590613913022	-0.0656651317288443
1261	v1g216602	-0.0462890384018975	-0.045454058918657	-0.0326823991072192	0.391716710448239	-0.0550779198151322	-0.05349530701047	0.0476675549238325	-0.0227732424270404	-0.0527133582462744	-0.0523003632134406	-0.0523003632134406
1262	v1g216683	-1.26299241937285	-0.79384231666619	-0.52024801383727	-1.01898353072201	3.63675082431405	-0.624933782154783	-1.20627186179863	-1.19980738600119	-0.638451640023078	-1.19056976203178	-1.04904777354871
1263	v1g216762	-0.0979050688338574	0.0115752747142348	0.144566229681534	-0.0887539755145096	0.097445274868126	0.113274333555792	-0.0999659805312226	-0.100150326680589	-0.102237778826961	-0.100727654725239	-0.0104148974940374
1264	v1g216823	0.0246766607126427	-0.40077807354461	-1.00951775646816	1.8491809886777	-0.252012556896249	-0.604981296525918	-0.550325210919172	0.919923298017864	-1.37972459874326	0.23899836677966	0.411363769923033
1265	v1g216943	-0.171996861855233	-0.251551558792659	-0.197986996467065	-0.180859900236046	-0.151384812711925	-0.262162736291017	-0.260244915665699	-0.258194175844802	2.91723947202079	-0.251404213458699	-0.257495884190739
1266	v1g216996	-0.051350088392518	-0.0594856015231918	0.21642316539849	-0.111589478851925	-0.0938187194887833	0.000809598266205594	-0.062813779534573	0.241028139325813	-0.104231054631989	-0.0561858718363671	-0.103390227298899
1267	v1g216997	-0.0252210329219689	0.0515565986106585	-0.0647951445227428	-0.0568010359311746	0.152181843639673	-0.0979751441168708	-0.095748319170603	-0.0962303351881487	0.451196872566312	-0.0953440610442395	-0.0953238277259194
1268	v1g217111	0.251682697884017	-0.0236625066377489	-0.171551131663064	-0.138741732632357	-0.0798127312287469	-0.0831207325871329	-0.153500164443309	-0.152448355903356	-0.152369913618366	-0.151516385991621	-0.151407312681332
1269	v1g217216	0.0274753480826426	-0.0151319689955907	-0.00737931510760131	-0.00878031809634532	-0.0155571684186574	-0.0113271861449804	0.00335172787811351	-0.00909901841819138	-0.00876471633626674	-0.00776811545866772	-0.00776863664208035
1270	v1g217272	0.0410573878768528	-0.0450721577210483	-0.0706886867158643	-0.0594251526297886	0.0216911983670235	0.142324631830181	0.244180342921909	0.0720973689903934	0.00394039803427521	-0.12076602432951	0.0593565123610049
1271	v1g217329	0.531093934360912	-0.280650192347629	-0.302519446403377	-0.0263922140873623	-0.23721423033274	-0.160536274189352	-0.112575809750824	-0.105132799472179	-0.293934372817084	-0.291627389210767	-0.0968642177596324
1272	v1g217414	-0.0942746739160615	-0.396414155968957	-0.240756880402532	-0.371448830136058	-0.332129819766464	-0.463569060396084	-0.311386398483844	-0.167938823250049	3.22010581779908	-0.505430183486899	0.0793906595095863
1273	v1g21743	-0.117881384207124	-0.165047288362727	-0.18019488368258	1.11690194098466	-0.141173224097813	-0.116919976135991	-0.150859532828404	-0.0640256453313733	-0.189930417617519	-0.107151812234048	-0.198947024138154
1274	v1g21744	-0.100498158912952	0.0225829255706568	-0.146619222100154	-0.108387363900575	-0.079060600142225	0.0298262441849966	1.18428930777893	-0.223673297220907	-0.224079610859245	0.932319953031996	-0.0924220142227718
1275	v1g217560	0.516239387526552	-0.315828914618968	-0.260993304324831	-0.183026454849818	-0.0915951340475553	-0.14211784750881	-0.122960107536995	-0.294832355285682	-0.161708535836987	-0.185079168425187	0.412616397331003
1276	v1g217703	0.000803742154227821	0.00240311648659361	0.0433545965543588	-0.0556866418184398	0.0473515347899147	-0.0187604692543191	-0.0736912751198636	-0.0739142515326841	-0.0643471456229667	-0.0730937816744949	-0.0735507859249773
1277	v1g217751	-0.0269578919153457	-0.00342898321785107	0.0714985492563244	-0.0194295963736964	-0.0191916962768482	-0.0186634527632598	-0.0199121849827908	-0.0183724618494269	-0.0183462827841206	-0.0182080051869311	-0.0182416316671245
1278	v1g21779	0.0376689550073638	-0.00987312076645151	-0.0426743142999982	0.0174658519321436	-0.0121917806899511	-0.0403511065251082	-0.0401038047808546	-0.0359381579996859	-0.0399115752681416	-0.0388473227964183	0.298170083648942
1279	v1g217932	-0.317880351775236	-0.16797322843948	-0.343978913142292	1.62755216711107	-0.289333511839363	-0.321785552636267	-0.195438245349095	0.26144721553084	-0.172844734053685	-0.0806208276598737	-0.142919689513933
1280	v1g217955	0.758440152346289	-0.566240975395288	-0.603610705176987	-0.146285668648235	0.33095131332839	-0.051975377754728	-0.428187285833201	0.062073948220679	-0.503872465532772	0.0373335663000722	-0.106023278308326
1281	v1g218066	0.10577066198709	-0.0760900346229081	-0.0727054857231508	-0.0100867359890212	-0.0600683294395416	-0.0919346354510711	0.226292004282502	0.0170367134111966	0.162733024759343	-0.0882811571612832	-0.0900241749064728
1282	v1g218100	0.0855316341725328	-0.0565833789639794	-0.0332702867414721	-0.0255525659700391	0.0386506880362613	-0.0581536037399741	-0.00239508604071956	-0.0585032706656939	-0.0571988451140423	-0.0567403588452532	0.015859727570449
1283	v1g218120	-0.0262377191532932	0.090282397771933	-0.035216033988162	0.0157858024205632	-0.0672488947045777	-0.0708374898772017	-0.0119294317107908	0.105915989053916	-0.0657623690806925	-0.0657226184367822	-0.0655024098876232
1284	v1g218152	0.0623926882177084	-0.0515601152627088	-0.0666537855569478	-0.0344872765222511	-0.0123542451050395	0.245373973056963	-0.0579803591345165	0.0531220671494883	-0.0582923128433702	0.17817501874659	-0.0572018694659191
1285	v1g218179	0.0737648832042657	-0.0207548361124793	-0.0529003526595799	-0.0462642765874155	-0.0101331240901184	0.0215058424212051	0.0265451760603402	-0.0443963394029288	-0.0439582844919917	-0.0439094740467138	-0.0434853780402897
1286	v1g218210	-0.367337843942777	-0.17111963882229	0.670349912979884	-0.181063725673691	0.282526856883533	0.113875595682696	-0.180390895830607	-0.473159391570496	-0.24776199149901	-0.153243614880022	-0.181545987267085
1287	v1g218231	-1.07788017547129	-0.986148852830586	-0.71040428265381	-1.04366152151653	3.6820040840525	-0.595509075581536	-1.16789724739248	-1.11946305699917	-0.414860097233588	-0.377065032144926	-1.39223846079613
1288	v1g218643	0.0454992904715952	-0.0240649800411677	-0.0224008105071776	-0.00218247556014593	-0.0208720861560716	-0.0188697723730256	-0.0193998056169411	-0.0186764168643496	0.0426600198894471	-0.0188158395383454	-0.0184433178982811
1289	v1g218648	0.56799229576534	-0.335255816959333	-0.519707513880955	0.662435194990756	-0.419638094031324	-0.505684878491984	-0.431901554895833	-0.34547908008968	-0.380764334530681	-0.516498638437496	0.151462031207714
1290	v1g218669	-0.195470454173147	-0.0740775561170299	-0.135275932817356	-0.175841497354705	1.18398770811608	-0.169192126745421	-0.167552653290299	-0.166857587561467	0.286202659249104	-0.165619325188763	-0.165619325188763
1291	v1g218670	-0.873180165258903	-0.527296952511311	-0.476343674272221	-0.7689554378607	3.10111515048339	-0.700932636569135	-0.823347284884996	-0.821938370072819	-0.219625420415027	-0.677264625124714	-0.819702246508722
1292	v1g218685	-0.248463547894714	-0.438006534192974	-0.400345661552183	-0.182404936287467	-0.261096090779453	-0.340144145179777	3.08291629408432	-0.365935617317314	-0.055701388632028	0.0195300445996959	-0.433158493926846
1293	v1g218755	-0.0948619602094881	-0.0256566723021519	-0.116062295321582	0.698895987403525	-0.0730484984378986	-0.0924513014108441	-0.108076218985353	-0.106276160463465	-0.106380287342127	-0.107197310964686	-0.0291823111894677
1294	v1g218792	-0.0226687958363942	0.0853193250289219	-0.0170854695543187	-0.0810807004062726	-0.0214078782017141	-0.0790928288486447	-0.0770851356346842	0.204489933759471	0.007900700526027	-0.0773284550243288	-0.0774886199555631
1295	v1g219239	-0.392866608255393	-0.345926874504901	-0.342506271190993	1.93536984880704	-0.146903945312931	-0.264404487006664	-0.105451715772453	-0.310669921530466	-0.4145773285661	-0.284299059945732	-0.320356186901847
1296	v1g219454	-0.0257747975247523	-0.0345121439703899	-0.0436517163363623	-0.0384364222507193	0.0965155962717727	0.0323313959604142	-0.0337933590166853	0.0317553795381	-0.0363874744072742	-0.0360080796090562	1.04386044206523
1297	v1g219457	-0.0394519717082951	-0.0049411400213956	-0.0202466568237854	0.24235466534037	-0.0282919333489653	-0.0275155882563507	-0.0274966453151827	-0.0271167157161163	-0.0272647828097492	-0.0268955533879946	-0.0268955533879946
1298	v1g219466	-0.105218863984461	-0.131668674739768	-0.0885290177060854	-0.0958204181070321	-0.12044096323231	-0.0520279510325642	1.61735874629018	0.0218356200953702	-0.120991737826512	0.007338305225667	0.358619171212443
1299	v1g219629	2.18223662251828	-1.57990068653407	-1.12118080400671	-1.48329735773774	-0.561185827479003	-1.73070466835994	-1.37821206351087	-1.78513599912402	-0.177342232119064	-0.129444587320373	-2.37959185442919
1300	v1g219789	-0.00248070913139345	0.0284596828548973	-0.0177735203707124	-0.0104790264472634	0.00709151632060792	-0.0137388286128965	-0.0166982902484496	-0.014727177755078	-0.0147234172237123	-0.014350050969085	-0.0146065523553139
1301	v1g220027	0.320040303175554	-0.0800043606024696	-0.122777791524339	-0.164241718613356	-0.139044782254344	-0.22661523431841	-0.227257306458408	-0.154572551400384	-0.222461238807559	-0.220436892026571	-0.223340040637717
1302	v1g220085	-0.099082442769194	-0.0771546257268387	-0.0858224113328361	0.709397331397231	-0.0361648615550029	-0.0751938192931648	-0.0753820332673058	-0.0743379608166336	-0.0503872340131883	-0.0739364493603736	-0.0739364493603736
1303	v1g220123	-1.09600009604899	-0.492975053655921	-0.38353791507876	2.8535831697434	-0.0728243204645542	-0.437854955035107	-0.928062939133976	-1.04433350465285	-0.682734424242205	-1.03537421346691	-1.03748397103201
1304	v1g2203	-0.406380607879625	-0.247937404652475	-0.419915679443667	1.75510676072407	-0.368467606955339	0.114890461651538	0.639036782283576	-0.172124628121727	-0.303145735875978	-0.199762771362806	-0.404436640788527
1305	v1g220300	-0.301183739678905	-0.611889953203586	-0.55175392271829	-0.526319283121414	-0.479423324593577	-0.437475399155168	-0.518435910340133	-0.297064863036209	-0.511521309135401	-0.5278376863716	4.90108867907929
1306	v1g220308	-0.0997873501134405	0.0391390242223182	-0.0792439028504262	0.395449896822964	-0.0510328955768754	0.0346796572719165	-0.069948326230526	-0.0767652075778782	0.168037810731935	-0.0767828916172389	-0.0761496483447836
1307	v1g220309	-0.560490363248951	-0.568424864451792	-0.745688331007023	2.68778769672018	-0.591583210226477	-0.313663210547071	-0.544141514674658	-0.392152443284208	-0.617111533031623	-0.849413952162137	-0.192769516042018
1308	v1g220355	-0.0543492596904346	-0.177305031166982	-0.122544808004305	-0.223972289528827	0.0428209080782818	0.331768605760863	1.47825292562039	0.214368496385639	-0.190892039663619	-0.20839219377623	0.000179158110399175
1309	v1g220488	-0.446242774888401	0.807926506008977	-0.0836423312714659	-0.288077522029083	-0.202591886561237	-0.383441770837529	-0.443536248698901	-0.17496817628097	-0.475844678068356	0.109573556387283	-0.474873776596541
1310	v1g221063	-0.103896880227828	-0.222609531776642	-0.518015795540765	0.146619463150661	-0.156381264561627	2.1585112278464	-0.310428055838405	-0.273250293713686	-0.306934875833433	-0.613481776954882	0.655243826717538
1311	v1g221080	-0.0637701204077291	-0.00878899748754634	-0.0560082716907752	0.437932653755028	-0.0556736293252691	-0.0549413238924516	-0.0535699890096853	-0.054273492562107	-0.0542598218745368	-0.0537211003691312	-0.0538349353386245
1312	v1g221173	-0.111577483720401	-0.134897839687341	-0.140220218493052	-0.123791601172905	-0.102615238298432	0.164258760207901	-0.124183878858234	-0.0508205083022569	-0.14306638196587	2.78832690284215	0.0339369520213785
1313	v1g221212	-0.0106000976133797	-0.00218588666344443	-0.020957932523479	0.0294495553769287	-0.0184158539793916	-0.0175727902631616	0.0947679909030836	0.190893403300212	-0.0173071261720407	-0.0166223308243066	-0.0171698752672879
1314	v1g221284	-0.0194042279070178	-0.209655143820336	-0.151629870539508	-0.189349194324862	1.14902275898543	-0.178781042512875	-0.194585971569643	-0.242884918335265	0.0326521060750352	-0.118825207746273	-0.240450182160521
1315	v1g221430	-0.0214131151585629	-0.0124953008861031	-0.0223700315658292	0.193849946071172	-0.019628123090518	-0.0192155770874099	-0.0206561984755726	-0.0182529325962026	-0.0183228065332574	-0.0187195733002342	-0.0181775515982385
1316	v1g221587	-0.237386654641326	0.593725640466209	-0.314587867198622	0.0612271822970173	-0.21766397580356	0.048302380084888	-0.235187310697501	-0.139619856587912	-0.295000833375866	-0.291394156117951	-0.293018031459314
1317	v1g221597	-0.0227159854045707	-0.039888882569868	-0.0416480241095575	-0.0287591813746191	0.124757993507996	0.0216204560619904	-0.0349780210946723	-0.0330254921557863	0.624004370093495	0.0273168207510245	-0.034285964213715
1318	v1g221657	-0.0685485590624124	-0.0543869685105161	-0.0295757102971378	0.00303679946945347	-0.0361180548656034	-0.0474820498637899	0.966450531874526	-0.0473627472633114	-0.0471801394613202	-0.0471717164795819	0.0874691457077768
1319	v1g221715	-0.0324208797753943	0.0188469250202309	-0.0365048740133951	-0.088168228960257	1.70836211246389e-05	-0.0116792602653115	0.0455726672755625	0.28083273004748	0.182007020267538	-0.0362347981007718	0.442838895423329
1320	v1g222670	-0.0272697712016653	0.144269546802841	-0.0539162510955153	-0.0648890610175441	-0.0373449320678883	-0.108360117620748	0.117081035087277	-0.0658328355392645	-0.107461184796671	-0.168071767244104	-0.166410961633935
1321	v1g22284	0.739674144612573	-0.40778649430553	-0.411076494106683	-0.34640120415498	-0.133261992351614	-0.373082974011684	-0.29157482029548	0.109974415020999	-0.234143952412665	0.153992116998769	-0.41470685078809
1322	v1g222874	-0.339791402503173	-0.159825018746037	0.633561374837423	-0.301137518204452	-0.0906375157353165	-0.350102393926695	0.105532557596571	-0.345941117620619	1.1968047564194	-0.340906967737495	-0.343131624051007
1323	v1g223181	-0.0250860656265606	-0.02220130692523	-0.0207747493385168	0.221078264935401	-0.0179939505229301	-0.0176041726256216	-0.0176003257929301	-0.0172439456973342	-0.0172395463493302	-0.0171028282031765	-0.0171028282031765
1324	v1g223651	0.00675126679003212	0.0181879655991384	-0.0167401204662228	-0.0222936774108453	0.00637728379004643	0.0452789572256688	-0.032719520214365	-0.0324814199584384	-0.0324731766723005	-0.0322169898549168	-0.0322169898549168
1325	v1g223865	-0.0332583485662067	-0.00368826569678127	0.0395913130654828	0.0534439787447227	-0.00749722757856951	-0.0232204383181623	0.0295288446957628	-0.0229648967772442	-0.0226854734182619	-0.0225464710840697	-0.0227773297007423
1326	v1g224179	-0.00892247028109101	0.0110969279625087	0.00371872459845967	-0.0104938618982014	-0.00900432255955599	-0.00848099804461938	-0.0127429208469148	-0.00855195639138481	-0.0086657181245505	0.143911300028337	-0.00846646380226479
1327	v1g224233	0.0224255327963719	-0.023129576033686	0.0204078602193877	-0.018428063392613	-0.0112238728238223	-0.0179451261280504	-0.0179473043216818	-0.0179318433232551	-0.0179870980907412	-0.0178147393592313	-0.0178058535786207
1328	v1g2243	-0.100824111227952	-0.036385885735448	0.231367950827299	-0.0710267460066767	-0.0132337039559899	0.0147484786483065	-0.0781218899970634	-0.0773003064651035	0.0729533442073332	-0.0770422691034653	-0.0769403720563343
1329	v1g224851	0.0420462600959934	-0.0312436515229058	0.00310802255025907	-0.00375117047020276	-0.0310107114278601	-0.0291496367324303	-0.0289316800341432	-0.0296488812428842	-0.0297307782634881	0.08047160723269	-0.0293589686848324
1330	v1g225036	-0.0670670480975573	-0.0698846878776011	-0.0507089649886929	0.519501914550836	-0.0407909902337872	-0.053060963786995	0.00461025000939582	0.0206279979024969	-0.0513628689899184	-0.0511281514883694	-0.0509602688699088
1331	v1g225315	-0.338579059220525	-0.211351711395989	-0.335043213389216	-0.244807158779376	-0.313791488222375	-0.305468507353363	2.93507044410596	-0.204906446200984	-0.301148384085332	0.00809547726597748	-0.207769739320065
1332	v1g225661	-0.385701952986083	-0.431040457523267	-0.370891514851693	-0.311563533255558	-0.174686271904695	2.94718226085594	-0.341923007978731	-0.324189647926362	-0.31092408471319	-0.133909822510916	-0.0318887748530017
1333	v1g226731	-0.00965063933044286	-0.204129652185074	0.197937230422558	-0.107813425711222	-0.221757792151333	-0.307318984344361	-0.418462967022679	-0.785974280954178	1.79050687752424	-0.143323341223854	-0.636598511035243
1334	v1g227371	-0.00547944076560034	0.0143631661263404	0.00761465527146314	-0.0110014283345614	-0.0108663359784416	-0.0105664055741112	-0.0105152829480699	-0.0131838799827615	-0.0104096823623542	-0.0103269346421659	-0.0103269346421659
1335	v1g227824	0.281025398393586	-0.241113336664197	-0.258426470571628	0.235670115782316	-0.304007888002408	-0.0247607806115086	0.458473817982344	0.143436287590569	-0.223566171055418	0.321941738587162	-0.143602100273436
1336	v1g227908	0.00483927861366969	-0.0405441265657006	0.0246246953823794	0.0906437788574214	-0.0231895085544853	-0.0771855173336297	0.0956771940690376	0.0161022396940172	-0.0766173029963587	-0.0726774904222713	-0.0673071484934163
1337	v1g227950	0.660480825780956	-0.41361015637378	-0.413825602680103	-0.393663228708128	-0.328004756230291	-0.334872065158167	0.229483621532285	0.271393130070023	0.448854335735588	-0.4217289586554	0.344957279266424
1338	v1g227960	-1.05185125357331	-0.67309874362018	-0.286720032282661	-0.412894683665121	3.06034449536679	-0.649070982287806	-0.0572417671807187	-0.855017076022	-0.0564139838175749	-0.642168014053288	-0.849430558175615
1339	v1g228028	-2.14439483692995	-1.87196236559983	-1.82151207874955	4.96459899667804	-1.67616064099236	-1.71405606283503	-1.79619143601232	-1.8674288611495	-1.52584641354243	-1.42620138165063	-2.04021591878123
1340	v1g228495	0.0641818817220438	-0.00466451893098251	-0.0611635554818305	-0.0085845173150847	-0.0359081062689943	-0.0632558390897621	-0.0627618119355159	0.123795907982294	-0.06392737216527	-0.0118937969218283	0.0698959462649228
1341	v1g228740	0.1930227030433	-0.180503425338697	-0.130989603457608	-0.121367850989171	0.20486435697809	-0.135326879058439	0.458247460108667	-0.0985710826208574	-0.179170516541527	-0.0862892224060992	-0.0525589224792521
1342	v1g228999	0.275661430546542	-0.222172891704558	-0.149014261865614	-0.110386846742053	-0.0791381559351806	-0.246276414037895	0.423669493828622	0.473614292151346	-0.328755839493202	0.0506217590688581	-0.0886561403356457
1343	v1g229125	-1.2975503879221	-0.948976924718006	-0.336914085600273	-1.08493861896647	3.64545771563597	-1.02902989300599	-0.519698945684042	-1.1481604957519	-0.74823004959578	-1.08334748928069	-1.14285417928181
1344	v1g229311	0.102943281414118	0.0261972122199741	-0.125474038456157	0.00165841617679391	-0.00785247327730881	-0.105682191204671	-0.0489974767245405	-0.0702931560258168	-0.0347353969156118	-0.12892627107317	-0.129786408223864
1345	v1g229362	-0.107108104830166	-0.143198680909372	-0.132143388861922	0.977420049072792	-0.170629482939377	0.0614997676340202	-0.127855810300657	-0.188266678000277	-0.188185887074156	-0.187199530638657	-0.00886542499874735
1346	v1g229557	-0.0997260506944379	-0.130569668883152	-0.132050084905918	0.895526286294838	-0.107984235836493	-0.0412337055784645	-0.00707412523944431	-0.0815785931176997	-0.0834789608027523	-0.145899765753281	-0.146454362381645
1347	v1g229711	-0.703748795286395	-0.366796826910785	-0.261274383161683	-0.403164627387101	2.55127350374429	-0.354468743951906	-0.315916632899755	-0.573959304628968	-0.422921551920657	-0.569022952641782	-0.467774014276749
1348	v1g229833	-0.00325444549024016	-0.0366663775525047	0.112872072684511	-0.0478442456286588	-0.0517959090389277	-0.0496783042484646	-0.0500902404735677	-0.0490460437084074	-0.0489410161408584	0.0772633416997088	-0.0481307268894076
1349	v1g230610	-0.00904393885399225	0.0622235039310726	-0.011446655942059	-0.0136012069631483	-0.0415208565877631	-0.0404528883010573	-0.0410351032140142	-0.0401109932914723	-0.0402299839889255	-0.0394386104141374	-0.0395452966096064
1350	v1g230611	-0.0525739809220718	0.124608383462815	-0.0386750810503316	-0.0572659264786715	-0.0332021768485569	-0.019991039496662	-0.0260708694003889	-0.0558742467157798	0.164358117046729	-0.0556348630453478	-0.0556534983433456
1351	v1g230662	-1.33267497612637	1.32214958885203	0.367548163380035	-0.834074950043937	-0.97087262274258	-0.227624062289472	0.261418752312261	-2.08114704546539	0.496589824183433	-1.45162636945772	-1.19359786962673
1352	v1g230810	0.846268722229435	-0.403961455865262	-0.525348280094692	-0.13099904990812	-0.467337956518531	0.0221025933445194	-0.4680564561793	-0.37848390675619	-0.481624278243954	-0.461804287783809	-0.44726047828742
1353	v1g231086	-0.0357947430472722	-0.0507607724071166	-0.0755077374198452	0.477402053860476	-0.0668430405896505	-0.00752111958211129	-0.0626617981958006	-0.0630645732226438	-0.0194476876839046	-0.062979018021727	-0.0624942474928553
1354	v1g231218	-0.067550715527172	0.0657460097937446	0.121335244320964	-0.143832199981604	-0.0804583851497667	-0.113593968983252	0.00908892052434876	-0.143307819521276	0.233828256636822	-0.010263196484458	-0.14224291278393
1355	v1g231726	2.08836990676614	-1.73801093211284	-1.13384555150502	-1.04632818161224	-0.984018719461231	-0.0900988003421701	-0.436201069583089	-0.816156927305434	-1.53453894074706	-0.659979690562188	-1.19044628904397
1356	v1g231991	-0.259643835872247	-0.0523898574655084	-0.285967712436692	1.37405810221859	-0.258002425586335	-0.0487888661920695	-0.12973396660345	-0.250883301395812	-0.250897957043956	-0.252396186093715	-0.248930541024302
1357	v1g231999	-1.50552229397746	-1.40220324270148	2.66667536895027	-0.801265009095071	-0.917490653738072	-1.28375850248719	-0.871909967337857	-0.796596216693069	0.673303284785119	-1.31345882296625	-0.322723923038841
1358	v1g232013	-0.916856816783143	-0.64824298499528	-0.834690121679755	3.12235721856822	-0.605113556613921	-0.764479957866047	-0.507487756257409	-0.955015234192383	-0.566125296800236	-0.834050230171404	-0.429698745275224
1359	v1g232014	-1.52159222773007	-1.12492474516507	-1.56483025902265	4.17120788842423	-1.48571771552501	-1.34356578014413	-0.916799398335479	-1.0738373068699	-1.06712242783786	-1.2256812005013	-0.912453416402814
1360	v1g232015	-1.46125892545569	-1.20763854079934	-1.63221340923156	4.19515362847967	-1.17488719282059	-1.12194619365129	-1.05033750740578	-1.37439953565839	-1.50238636467095	-1.47958705912916	-1.38363352001386
1361	v1g232363	-0.381748535144247	-0.093927808823819	-0.181312815728731	1.52976417781819	-0.252397741103079	-0.158821474574385	-0.199165184578387	-0.225243063669527	-0.272946746341999	-0.207836101114845	-0.310246525488355
1362	v1g232380	2.35046797648388	-2.25688258472069	-1.33363852708885	-0.785848696239506	-1.20168581308357	-1.77667366396904	-0.865219622343507	0.521970373449246	-3.04296493645088	0.646793240522201	-1.46330179400686
1363	v1g232381	0.0642693181450528	0.0179655648360198	-0.0515952064281868	-0.0625739392207344	0.00645106500454022	-0.0280500943897652	-0.0873494170594677	0.00733319982602809	-0.0862997172995365	-0.0845132071806162	-0.0855899280293221
1364	v1g232409	-0.0814512894902618	-0.00834648168495589	-0.102073690491552	0.577340465127239	-0.111617812446217	-0.0457423388817427	0.0632759291636656	-0.121325254517129	-0.068938747370374	-0.0610345382306987	-0.12068821832695
1365	v1g232579	-0.0512314277759558	-0.839307398496753	0.475120881073718	-0.211705481980185	1.48916117356433	-1.0252655051269	-0.662479930439894	-0.403614613563722	-0.25505212894177	-0.393165399913377	-0.818550572118592
1366	v1g232647	0.0105072699968323	0.0628696999116448	-0.0452569654709545	0.00963854960596618	-0.0711101742298086	-0.0146512671919452	-0.0513332234498046	-0.0682442224513183	-0.0679826572863308	0.0946914372126957	-0.0680200071671191
1367	v1g232676	0.269249369128545	0.11457531910149	-0.33426471362775	-0.145964756462301	-0.256914284999236	-0.144025202468185	-0.0238957563612889	0.00383227281341497	-0.338317688297723	0.0901476639180114	-0.360306367640302
1368	v1g232929	-0.704147440231994	-0.494302582187048	1.46794956932536	-0.431682073720149	-0.193635222338751	-0.420616332632022	-0.311560141159861	-0.0183104288004879	-0.324240788033042	-0.416440771180868	-0.587753193320606
1369	v1g233126	-0.120978453501817	-0.0961247975074437	-0.121996159162821	0.743915305848864	-0.0894735528812443	-0.0391029404322392	0.256498048024192	0.163428169080546	-0.125064141253171	-0.0730043217622917	-0.124037838877687
1370	v1g233229	-0.308594173357113	-0.39901806677307	-0.230139295100266	-0.222695345422958	-0.351313613060127	-0.47134736531926	3.11089932362378	-0.508264119124008	-0.401467213242434	-0.498596951721872	-0.271342850156712
1371	v1g233260	-1.84465006136833	-1.01587492943941	-1.36582613793744	-1.48185509153563	4.3814373562923	-0.671492443815817	-1.50951643031246	-1.07918670427342	-0.488291223249314	0.339834011295219	-1.79502322890382
1372	v1g233292	1.20685685418791	-0.71019418729378	-0.693652537458134	-0.291901012523613	-0.720981501930786	-0.330196545334535	-0.406800232445092	-0.120568245765253	-0.845462055207983	-0.464730632565783	-0.20969771776922
1373	v1g233305	-2.48152258268199	-0.678666896382468	1.19925418739021	-1.49700296674652	-1.10374349106886	-1.87738615379618	-1.2677910640035	-2.42828685607866	4.67129480291524	-0.840887170217475	-1.22302902644032
1374	v1g233339	-0.0918721847297663	-0.0547739901714099	-0.085365723227184	0.630399681147344	-0.0586995582256539	-0.0837399912009976	-0.0840878083653332	-0.0829099818791855	0.167548519873991	-0.0822622888810456	-0.0819646404655639
1375	v1g233376	-0.231867290682987	-0.143656784341859	-0.21810893843528	1.31696107732119	-0.142333859592072	-0.175484122525304	-0.0718622007822294	-0.0673533038234775	-0.0980898509268458	-0.247002381209925	-0.243456593480266
1376	v1g233523	2.45254495476438	-1.47158218398937	-2.25236120186014	-0.813219275085431	-0.952459981966361	-1.84437464901502	-1.3249722590651	-1.15488889595402	-1.4506429724312	0.215722121221135	-1.15291677572054
1377	v1g233527	0.00307759401316646	0.0432877366110251	-0.0248634182533338	-0.0470695271138791	-0.0401870305939738	0.104645365679817	-0.0105069319564941	-0.0495129884294071	-0.0496624089667701	-0.0473818782502994	-0.0492274216445197
1378	v1g233578	0.953292779790286	-1.06411970581004	-0.892778094266883	-0.050154946276503	0.837243801514679	-0.83325300357558	1.18843167541918	-1.46249110953939	-0.738838421237041	-1.24919753504222	-0.860264727338247
1379	v1g233723	0.0231891093406128	0.0028743105413933	0.0233433252041444	-0.0319098513361067	-0.00579436737190149	-0.0665200796026502	-0.0738756485689642	-0.0659915489729974	-0.0231884165009051	-0.0647710601131796	-0.0649723573945903
1380	v1g233740	-0.969903097395694	-0.541054628049105	-0.973892432564906	3.1254796161823	-0.905943514490853	-0.659434934921261	0.376865142183615	-0.855087442879399	-1.11162453070621	-0.867485197579748	-0.761877902409979
1381	v1g233837	-0.517284415195234	-0.255012979446463	-0.370300874401267	-0.0113089794692763	1.94955558570746	0.818393815279961	-0.356517885525657	-0.454213394669943	-0.454035896156212	-0.354577630094583	-0.450218294364699
1382	v1g234104	-0.0270845410746852	0.0408473552039327	-0.0128600476616103	0.048022646475511	-0.0341742686473197	-0.00281457230216961	0.0402121623654515	-0.0381124533501807	-0.0305904851468337	-0.0312366421534051	-0.0303489955108775
1383	v1g234329	-0.0306942885305751	0.021152038978371	-0.0203573312896339	0.10219078311045	-0.039088670956063	0.0883360032182685	-0.0375396206830283	0.00919194782345766	-0.0372955109415676	0.00442560424114505	-0.0371882553803685
1384	v1g234428	-1.22680634435699	-0.862589140860346	-0.555624090126995	-0.751985496435518	3.56862800581262	-0.505770626000618	-0.68351260413759	-1.04367777999105	-0.439792802493701	-1.03801022392461	-1.0227220541528
1385	v1g234466	-0.862252291299901	-0.355462975548707	-0.755710666402839	2.83227113485802	-0.824575541875508	-0.183091037248275	-0.646589145952525	-0.665052260326143	-0.560236920600312	-0.425098995867219	-0.69344322808425
1386	v1g234521	0.49332017426819	-1.3086075166279	-1.29748639080706	-0.198523048263237	-0.969156545245621	-1.17203715826364	3.67792419267931	-0.681104411763053	-1.13021747581568	-0.500517491344276	-0.727342645333273
1387	v1g234533	0.45440313819936	-1.77403792221557	0.084422351868672	-0.32762450028849	0.126976461734051	0.782708574358648	1.16403894611538	1.4346034141204	-2.11834181371062	0.446022708973221	0.936050022702943
1388	v1g235717	-0.119488010148021	-0.0962650667771317	-0.0823360950926992	-0.050175315950854	0.785022949219243	-0.1019065391292	-0.0613833883650955	-0.10046608015026	-0.100441172474662	-0.099666942322223	0.840896465285148
1389	v1g235818	-1.12113709033625	1.20466755575898	0.440280427367523	-0.393401634057056	-0.86311565528938	-0.219058319849661	-1.1800389230853	-1.15796010977714	-0.520414645785503	-0.906954037959785	-1.21879844211936
1390	v1g235823	0.260697906013099	-0.179682583400692	-0.416462999175784	0.26263425466833	-0.0855158429121321	0.372357013268034	0.0521611472700041	0.414922371667657	-0.693515480006916	0.310851625044086	-0.108866405206942
1391	v1g236044	-1.81658554850429	-0.765654800196373	-0.585611764003213	-1.17639778904769	3.96722873203709	-0.98724810025384	-0.993813167489426	-1.38143451838045	-0.702575653506276	-0.821431119123247	-1.15241862771008
1392	v1g236292	-0.0245039840884108	0.0990207344638128	-0.0288249595307408	-0.00481684315804577	-0.00985267501570892	-0.070633264138072	-0.069118895277424	-0.0693237064643189	-0.0691066400204534	-0.0695289293519968	-0.0692334877948862
1393	v1g236459	-0.434046213280357	-0.466658395477795	0.0411022215440047	1.84733137078303	-0.524727862252556	-0.0167476247377045	-0.425887961556024	-0.294687554441301	-0.181489360951029	-0.266372539865022	-0.255369607266382
1394	v1g236736	-0.0293103972282297	0.0722917798375382	0.0478934200074267	-0.0599272779805779	-0.0970550791332085	-0.00585911524718927	-0.109100885125336	0.0652226185297266	-0.0725334303726754	-0.107975830309122	-0.108501676838637
1395	v1g236741	-0.0642961061456368	0.194168107258403	-0.0458036785711976	-0.0784275050522896	-0.089929507646965	-0.0303903907428358	-0.0839794156039749	-0.0891484324061057	-0.0890095115837869	0.128674825000136	-0.0884365838238345
1396	v1g236771	-0.847912822617024	-0.619140604091993	0.208923731763722	-0.751746535368272	-0.405066697967695	-0.66245510539172	-0.594625568473932	-0.616512042692929	4.18653041827902	-0.450822021854865	-0.536648094227397
1397	v1g236923	-0.485325896753417	0.0555201613484296	0.819383504503249	-0.705363668931279	-0.626717953382388	-0.236835785673001	-0.211117591278567	-0.437370206760874	1.17729787437447	-0.268121284430871	0.00162519247925985
1398	v1g237075	0.0820690386357136	0.0169181638326391	-0.074313328920513	0.245176839167183	-0.290384768975804	-0.107883997997786	-0.0324208060798268	-0.173368188965253	-0.033550645653658	-0.340455530495637	-0.201701643508645
1399	v1g237252	-0.0112207994476483	-0.461204796867335	0.473111267699786	-0.816960362787338	0.907111065401657	-0.570605272332006	-0.297465294808452	-0.538981618164834	0.355796599241953	-0.543728902841981	0.267254427905788
1400	v1g237634	-1.54664172474004	-2.14307558940499	2.86535550777937	0.27940099496174	-1.46119308368672	-1.70245684406596	-0.732901899073268	-0.224528035586821	-1.55325707613107	-1.60709100603885	-0.788012042095918
1401	v1g237704	0.0280594935053578	0.0168827958110367	-0.051589577124964	-0.0029547316907015	0.0498311494796979	-0.0443210626223789	-0.0172006624862722	-0.0411919454122201	-0.0421073474202762	-0.0451821586842839	-0.0415863051970185
1402	v1g237717	-0.709682694432782	-0.48832474899684	-0.75831271304235	-0.637661216500587	-0.511695514258862	-0.303680594544287	4.04137871708118	-0.395567342120252	-0.400591097997349	-0.782254854012322	0.471594526080226
1403	v1g237831	-0.204920564759118	-0.180887251036657	-0.249935565641804	1.37282399217428	-0.116535632577474	-0.15411864648089	-0.186586590618318	-0.0881359026739361	-0.247275354580524	-0.138976065832419	-0.248813152953573
1404	v1g237832	-0.372289976668958	-0.294771341788518	-0.355380836442934	1.93977519883494	-0.263659540196529	-0.215869137213359	-0.244383350439313	-0.252035628558266	-0.515476498586552	-0.516345857532591	-0.522415323631094
1405	v1g237834	-0.385487121527018	-0.31420414252876	-0.290140355874215	1.90190779602848	-0.30126888875165	-0.316549049263141	-0.130238602517929	-0.339833378475688	-0.340176297031798	-0.121269631132618	-0.33764799604312
1406	v1g237852	-0.146453136387352	-0.182852862949335	-0.163934158621554	1.17235889711147	-0.0650706838248547	-0.170317877458032	-0.145825640987275	-0.205567575711186	-0.147937212415617	-0.203818170853176	-0.203968133342235
1407	v1g237864	0.00643695057339086	-0.0261596636714985	-0.0182696662332041	-0.00435240043350985	-0.0214703544090981	-0.0206036644950076	-0.0204537545311267	-0.0202525725164945	-0.0202991102001377	-0.0201382970928318	0.726037062181333
1408	v1g237880	1.46123795677471	-0.900195710783153	-0.989517661905126	-0.187609990123524	-0.271404475470002	-0.596624936672908	-0.88359778034156	-1.0427497652179	-1.61694166230793	-0.570970304005437	-0.284921255272858
1409	v1g237884	0.387602826326736	-0.266673187469982	-0.250219496888457	0.150986182441335	-0.129436110682992	-0.241466287804155	0.0671920136837166	-0.238666850937729	-0.238059256644218	0.243312550212967	0.0279231367023285
1410	v1g237940	-2.28669746352942	-2.13794012542247	-1.82923807041673	-1.8935531109466	-1.3466524558643	6.15750248573545	-1.743684442962	-1.31887727713811	-2.04170201477947	-0.854755862610507	-1.59392438786135
1411	v1g237976	0.0865716642379278	0.138543453140165	-0.224730527866567	0.17312956591146	-0.13131177260913	-0.219434040069461	-0.238126025006369	-0.241264622955996	0.0883359144385815	-0.237499818856098	-0.0909730542676099
1412	v1g238004	-0.0283653263615152	0.0269829997796084	-0.0402858171711363	0.093081409853879	0.0459236149373332	-0.0424913984361373	-0.0396785426397196	0.003176983697275	0.0833313581713127	-0.0430557812189377	-0.0441281051065335
1413	v1g238008	0.761857779901952	-1.29321074573927	-0.436198955597272	-0.685647505777954	0.28721810169911	0.58049591468058	0.873734238777619	1.05150606541875	-1.99814292757189	0.277099118746405	1.13166367088762
1414	v1g238107	0.0496115130732375	-0.124777087337591	0.111173985510671	-0.0442120150518506	0.0137702154569716	-0.05467485017632	0.0879199790060754	-0.00788349810585712	-0.155729188873454	-0.154226633775596	-0.0205669738586108
1415	v1g238170	-0.0351544131289892	0.042591682668775	-0.154130270671758	0.0204129026634697	-0.0627407520689809	0.374110797405153	-0.188771258297689	0.552746114274381	0.00307362996925897	-0.0551653713052925	0.338318809249133
1416	v1g238195	-0.626871802975883	-0.849741807900043	1.57150360944508	-0.328094464474691	-0.485450362766359	0.180445644015758	-0.314808386609747	-0.216888774083306	-0.26184078298157	-0.617645649048875	-0.0739838445403771
1417	v1g238222	-0.25088257382221	-0.415950860090105	-1.00217215823781	1.41105290696514	0.0218076388468458	1.92508464351235	-0.627052356183541	0.690001815124393	-1.04507730849865	0.00870078177649125	-0.752762494302046
1418	v1g238243	-0.306911506486585	0.862597789788529	-0.394225419990831	-0.275317340409702	-0.332469141133347	-0.370054158645866	-0.219579630378903	0.0589488804595759	-0.366307317793114	-0.367463441325754	-0.27006953250687
1419	v1g238335	-0.066720519166097	0.0744882101942936	0.0525935309110556	-0.0391888249419894	-0.05616455122026	-0.0613418900357702	-0.0596527561240785	-0.0603099541105891	-0.059342201739947	0.385413743184734	-0.0588813576839627
1420	v1g238341	-0.720410477301764	-0.462407763748892	-0.719759857324794	2.68706381365762	-0.503255619898612	-0.350861941112956	-0.115742217272963	-0.351059674745789	-0.717773401086291	-0.742390572952706	-0.26021979641462
1421	v1g238343	-1.0407656410312	-1.02878720839732	-1.27061827181406	3.66632832949113	-1.25449799517767	-0.979017455157064	-0.212672936655775	-0.771477755006357	-1.13542835708529	-1.18245475992247	-0.836899143518062
1422	v1g238353	-2.04511726819534	-1.49216537771732	-1.24409378315098	4.54413267293625	-1.49466162927236	-1.76296929510089	-1.77896455689601	-1.78836017904251	-0.518265576029566	-1.40889549383794	-2.14837126117168
1423	v1g238375	-0.10505323464013	0.0315103267375327	0.0289120542952434	-0.0211857077256388	0.311539394848096	-0.10101078275938	0.0341815322415826	-0.0992572598694222	-0.0993977301858371	0.139393325171144	-0.0986842969816099
1424	v1g238391	-0.242174395983106	-0.163953534095214	-0.204307737136186	1.38866586837392	-0.204790286103214	-0.188356117849971	-0.195564074294286	-0.21211799541652	-0.210189394800995	0.167830081155306	-0.210427182972381
1425	v1g238392	-2.00200265297486	-1.45503209179267	-1.81635531132656	4.65140966521135	-1.60826477416908	-1.38102317958305	-0.696655044884997	-1.49659184136345	-1.46115730967148	-1.70578521166968	-1.6859988620577
1426	v1g238515	-0.0351229218069672	0.0117387519706097	-0.0199517557048798	-0.0439735086642142	0.228681401093392	-0.0326052785610716	-0.0394019873276901	-0.039923913594356	-0.0392756756311607	0.137780612659017	-0.038947735142761
1427	v1g238573	-1.2712757090934	-1.01471200878233	-1.16428179620013	3.75598377604225	-0.863074294548223	-0.930393901172165	-0.447849347140325	-1.43697229149453	-1.16547058579653	-0.979998714521017	-1.04127997502791
1428	v1g238589	-0.0824924357925161	0.436522388259321	-0.387164935816557	-1.16975895568681	-0.11392772839853	0.738635389864257	0.196865351328172	0.480102342636676	-0.498889451741901	0.551074056707488	0.255608278999033
1429	v1g238654	-0.952859646757864	-0.807964545415641	-0.889572802569707	3.20901365546826	-0.755194920917338	-0.584371427599058	0.402839380890707	-0.757045389543669	-1.21597454343835	-0.876706840214729	-1.10510679836206
1430	v1g238655	-1.33284883070318	-0.946082584572302	-1.31118207921771	3.80267633040653	-1.12865881419361	-0.716452289149693	-0.578273139331655	-0.805688948604387	-0.641775936054343	-1.38061768080267	-1.46952431848396
1431	v1g238674	0.0585414034189719	-0.0880463374760504	-0.0573605609034153	0.139806852156318	-0.0098976616862463	0.0320051834744476	-0.0332746445137545	0.0466467465659071	-0.0159245498312129	-0.0761030402352312	0.204241558803871
1432	v1g238677	-0.0127428329147379	0.0454666726966796	0.00693775492738967	0.0229967254889031	-0.0869861465756942	-0.0255416168579828	0.0046097473455872	-0.083765835890996	-0.0836368093453959	-0.0851832523649975	0.105052207318296
1433	v1g238724	-0.00350100008598206	-0.0750570978566429	-0.100961613660871	-0.123672907095927	-0.0312227331506121	0.266758987531742	0.819703415942775	0.249157529702313	-0.119961401376968	0.0653036180917722	-0.117721493098629
1434	v1g238737	-0.725114730647618	-0.516198996667917	-0.596519681339385	-0.275947096891128	2.89128885214691	-0.594830294578367	-0.534859256845582	-0.629531397689121	-0.447526651037933	-0.664488755522248	-0.210980732711397
1435	v1g238805	-0.229193338012245	0.0648461049584919	-0.186361528328046	1.03018773849351	-0.197816389286136	-0.194315470571678	-0.154909772653241	-0.14241652860958	-0.193390915783734	-0.190113508242431	-0.0948051516782938
1436	v1g238863	-0.230282543156709	-0.28351723766495	-0.500047492412077	1.85967798235544	-0.474707284069286	-0.191512934986423	0.0820092437642009	-0.341639395880642	-0.461334542477019	-0.513707872462143	-0.178689384932103
1437	v1g238886	-0.0845566139396156	-0.0905740869959959	-0.0846655956184034	0.633510447841419	0.0169544897965702	-0.0579727541081207	0.00862356361717037	-0.117102112696143	-0.163325258080003	-0.163338870661575	0.314574603330995
1438	v1g238911	0.176656413223741	-0.217858465081583	-0.172865245877039	-0.0785724217504723	-0.232515885947337	1.0714334739732	-0.285785359533808	-0.271103946746928	-0.15475061918797	0.584515649021648	-0.170124296581967
1439	v1g238967	-0.262854516976505	-0.161711010577518	-0.260742928149635	1.4717594815744	-0.119225430630499	-0.20780415339578	-0.266380359235225	-0.0860593585733808	-0.238392801522556	-0.258011076793763	-0.196414174542684
1440	v1g238986	-0.0879162716051666	0.108328001930474	-0.00951279332572622	0.00469570291763635	-0.0484561587425282	-0.0610702217461865	0.327908463202698	-0.0950169433932718	-0.0796154472976519	-0.0390967700601156	-0.0947020831577786
1441	v1g238998	0.00527021524477738	-0.00429993591013423	0.0128067974117967	-0.0291744899463244	-0.000592063815840187	-0.0304300110630959	-0.0269935179456764	0.0458928575791754	-0.0183313021721905	-0.0266120326637427	0.0942899920784991
1442	v1g239007	-0.308601590261612	-0.0483324028674261	-0.264085084933413	1.46017360731726	-0.283287209839126	-0.147983488539532	-0.197952151919352	-0.239493487146694	-0.299990088819747	-0.310945882635318	-0.145677797435353
1443	v1g239031	-0.581150799287311	-0.485413297393014	1.3889065431782	-0.245724672845001	-0.316242976930986	-0.492546602625089	-0.480996965435981	-0.355676427305218	-0.588997243571977	-0.52668833516485	0.0605536037725314
1444	v1g239042	0.779017289986639	-0.504559495151235	-0.500617971475862	0.123406633667961	-0.45019168090053	-0.444610416777711	-0.112880387022383	0.109461074341639	-0.268358714023938	-0.434299788659228	0.162555637159364
1445	v1g239078	-0.329745995227351	-0.249902189265666	-0.191667255131895	-0.318977395784983	1.79274225231773	-0.158579633542443	-0.30476430792786	-0.303900094888871	0.344972384703136	-0.146881866730205	-0.302203161998563
1446	v1g239198	0.133328768167904	-0.0355594647115423	-0.0359466101461497	0.0328407537153285	-0.133381344064102	-0.14290956361168	-0.128497432704417	-0.160747733405121	-0.13674273998009	-0.160455921457339	0.10806651437812
1447	v1g239200	0.0639301479345031	-0.279044247098862	-0.0721036085033604	0.341187557862608	-0.016179769998075	0.0670147139678015	0.481930841909085	0.188320012156748	-0.343940128237327	0.517234975422074	-0.0270495899228181
1448	v1g239209	-0.562636168953396	-0.515123883912569	-0.647321649257999	2.44469721431782	-0.497701683243091	-0.569377532736596	0.753706368477259	-0.402114498447433	-0.664266238238084	-0.396725921363178	-0.402690198865513
1449	v1g239262	0.384924599746484	-0.300414819281352	-0.16446893961167	-0.3154128820872	0.440931150310747	-0.257955975160662	-0.214044223831052	-0.0620746993671679	-0.290485207070275	-0.215378652125926	-0.14417493023147
1450	v1g239263	0.727060804172243	-1.03887609201961	-0.0308052311963518	-0.824871965309373	1.27275985668572	-0.913497288268846	-1.19577895940713	-0.40097061505461	-1.2708591553991	-0.612362127961488	-0.827219649175773
1451	v1g239270	1.66974464584187	-0.957967591082582	-1.06639379159724	-0.545766304220731	-1.05644905413095	-0.913179193190297	-0.64218216935494	-0.0493338326403099	-0.853309934328713	-0.963243349373025	-0.529592346544684
1452	v1g239286	-0.357489611175361	-0.340615162071708	-0.326989488713837	1.89439763565886	-0.216186772244154	-0.331168108243042	-0.15837499722872	-0.151020383594316	-0.359806441611232	-0.357219174827221	-0.198349868451099
1453	v1g239358	-0.263756179486905	-0.292166591045934	-0.428400749910098	1.72594257867938	-0.318257367825729	-0.0137622302589405	-0.0914625971927487	-0.00237015508437388	-0.217504977419549	-0.0166474796529966	-0.112048758837593
1454	v1g239361	0.0544237301480889	0.0134360021462469	-0.038955583988784	-0.0530525897091172	0.0311418884289897	-0.0632316709656689	-0.0623114675443894	-0.0629184996939944	-0.0608333643570588	-0.0638865450743632	-0.0608077634979612
1455	v1g239379	-0.0259390333889384	-0.0590286157154439	-0.0550472257028803	0.464568504010432	-0.0631554511040376	-0.057336966748881	-0.0463037299893251	-0.0784082642620879	-0.0782096607990045	-0.0776544321654481	-0.0816324730646743
1456	v1g239380	-0.207171460703215	-0.0797184625533013	-0.172463992061839	1.08233387735576	-0.17571884794421	-0.0648081816595521	0.142742211353754	-0.167566598721661	-0.1674366675488	-0.00125504150773542	-0.166061573759023
1457	v1g239381	-0.488478486381243	-0.622987813672874	-0.917006761101112	2.31029700811483	-0.735697081193474	-0.348064517970942	1.83068025466695	-0.438848142892866	-0.841769425434692	-0.292977650222463	-0.41647388917469
1458	v1g239394	0.711063225286637	-0.407971788372547	-0.323041684084357	-0.442713817632361	0.177246591111506	-0.28050879228047	-0.370281033095973	-0.31663479368322	-0.504370091027989	-0.500307117351574	-0.48387568241019
1459	v1g239401	0.0150335264861898	0.218328290450909	-0.124962092932089	-0.152910129662974	-0.118718514279432	-0.0964079033263254	-0.137137292911108	0.0230964315553724	-0.136713636697733	-0.136868945702884	-0.0489234205019797
1460	v1g239585	0.0835334747825501	0.0167095262341463	-0.0748612797730124	0.0569729212441611	-0.102881168820886	-0.0920564205429224	-0.110209242051472	-0.0698671105811494	0.0151338392798002	-0.112532382450361	-0.109551188574232
1461	v1g239633	1.1338145343864	-0.6327877228137	-0.659567209624457	-0.840011607092098	-0.030726090005991	-0.424797947587132	-0.221909147741142	-0.700328927941215	-0.397699160699878	0.0553065121800234	-0.849825835851367
1462	v1g239646	0.132455123343484	-0.306427299560729	-0.248904605727672	-0.251394392732478	0.958997420293239	-0.0520508506034064	-0.140361945847924	0.266133040982532	0.175011905030839	0.0732982804076525	-0.278428790424589
1463	v1g239676	-1.14122101429474	-1.10468096799575	-1.4644556107085	3.85383185041327	-1.28982646212087	-0.820095268863628	-1.19225645717211	-0.418104412124478	-1.60149815207356	-0.977488268345421	-0.362785966461714
1464	v1g239707	0.0641555959254567	0.0690313773763747	-0.142415899949284	-0.0986899403136055	0.109580379586706	-0.153182385882796	-0.0998959174817277	-0.152638781012556	-0.048078849652537	0.349181581208311	0.0454833157244612
1465	v1g239724	0.237207649871739	-0.0597153309775809	-0.140652517689868	-0.14571903210698	-0.00337856920573382	-0.205021389598363	-0.0150240243677218	-0.156539457628195	-0.0978008081378665	-0.184710937471032	-0.00812540688344932
1466	v1g239769	0.308036525586198	-0.260450501355105	-0.269435184412727	-0.0941114624283088	-0.184226121238713	0.499999322065882	0.355894619832856	0.088037539083139	-0.22960523693034	0.269343594773202	-0.037982654150096
1467	v1g239775	-0.247378019846773	0.165704637455377	-0.109431732173364	-0.212445485973408	0.687227387243355	0.0919942525635431	-0.208048783842344	-0.20819872445176	-0.207913065003643	0.853907464797305	0.0421575737679716
1468	v1g239807	-0.0492199586482404	-0.00115750196243901	0.0847909996102539	-0.046654173353942	0.020345227985528	0.203777830634333	-0.103356168794335	-0.106151326882486	-0.0385478176113815	-0.103811854407917	-0.106221059029059
1469	v1g239814	-0.176066601540777	0.00292143591707886	-0.0682491622186692	0.551439932242878	-0.0472523457928476	0.495836441870421	-0.140587296317785	-0.0984769600461478	-0.174778483919062	-0.172966188455586	-0.173500192910702
1470	v1g239871	-0.138934629260304	-0.0457324932000538	-0.0244223825002164	-0.0642781409644208	0.798569765560138	-0.0927016848726425	-0.0470662463151086	-0.0841524956320074	-0.188872192842106	-0.186669444299717	-0.0668860312659056
1471	v1g239906	-0.406554784224412	-0.285472566567481	1.02485194100015	-0.209025851694131	-0.213521806103221	-0.241698527733018	-0.332537846140189	-0.332611669276181	-0.331869249007694	-0.329010106242448	-0.330122692302351
1472	v1g239910	0.595464373577092	-0.23845344587344	-0.309396943977186	-0.155991938133565	-0.210373530398207	-0.428379641997651	-0.319048773841607	0.108706946431358	-0.40919653435394	-0.501244018163892	-0.577076938463565
1473	v1g239918	-0.315792656036495	-0.15373769388171	-0.248546279921514	1.43574830288788	-0.13350525807756	-0.0374645899411347	-0.0107512781506422	-0.0280951156183367	-0.076049154900328	-0.253567568697688	-0.297805288802123
1474	v1g239933	-0.118360225770857	-0.0940739190030923	-0.00116957896260456	0.504712947119415	-0.0852681603064631	-0.0578213415479436	0.514999458405413	-0.118008376338748	-0.117951760834812	-0.116583835000206	0.0171097531249261
1475	v1g239950	-0.161596156334541	0.467060981158081	-0.119256515882037	-0.188080072420653	-0.364626828052287	-0.129587276524585	-0.101738999636338	-0.109888873042926	-0.455207109694859	0.569627764833478	-0.10832617561903
1476	v1g240024	1.63051754555916	-2.10623871648778	-1.027093154921	-0.0415585774605391	0.121207884925781	0.170984245831223	-1.15797462661733	0.671048858569042	-1.68138789585697	-2.21842928178607	-0.0416411253581606
1477	v1g240030	-0.2627532493734	-0.146575971411998	-0.22073391644823	1.47196005119179	-0.261293680943417	-0.28052646855657	-0.182615010226791	-0.270597831683885	-0.116250493343306	-0.269842759473788	-0.16289622120691
1478	v1g240045	-0.201930187614293	-0.0340449114213522	-0.195054666044879	1.13178023811509	-0.247071206600129	-0.17149153293424	-0.249494054574836	-0.173988649281651	-0.0624878126056421	0.234843964053467	-0.185118164234275
1479	v1g240067	0.0184651441713285	-0.00958961649473664	-0.00883118888052477	-0.00774000275251707	-0.00787510685711241	-0.0074336124448285	-0.00737928107690341	-0.00732511285794893	0.0362663769814074	-0.00726496264662574	-0.00726496264662574
1480	v1g240082	0.0881331899238878	0.0756081234285885	-0.17751912009997	-0.0210221097005227	-0.0678829186678055	-0.023714085770513	-0.227072303051108	-0.255040902704927	-0.042463109518696	0.689253499574298	-0.0511048549126559
1481	v1g240144	-0.00776595087507598	-0.133308245937548	0.267225846852069	0.0214155979997824	-0.230140903635071	-0.243428524227183	-0.154205622181976	0.51593374434888	-0.222087620540131	-0.300677542584111	-0.0739760605393892
1482	v1g240186	-0.503098959695303	-0.50508037750958	-0.594653155547378	-0.406022524141395	-0.579377226114139	-0.359275708143726	3.73537560746837	-0.155861606989009	-0.423803902916033	-0.169093449668507	-0.0708429510272466
1483	v1g240187	1.8102804122542	-1.60745735132203	-1.60583109933006	-1.10656386990016	-0.140074123245852	0.72095124636184	-0.761322673786625	0.322488297069672	-1.29677129681604	-0.541718529695205	0.0714187476161285
1484	v1g240210	-0.0485985909881503	-0.0041176406801547	-0.046699288468348	-0.0536191551032679	0.412767875214469	-0.00239756972861967	-0.0523317075331916	-0.0549712702946152	-0.0551205601757267	-0.0539606102198905	-0.054640622493579
1485	v1g240233	-0.15368005373424	0.0331494282857002	-0.0744853983974524	-0.0350548018889767	0.759513479246693	-0.130971247830463	-0.0976038010518007	-0.128866581335318	-0.129146963228933	-0.127215594797247	-0.128161112879071
1486	v1g240246	-0.112955335737249	-0.100322402692496	-0.120942223341666	0.848063847120658	-0.0608851657905086	-0.12005631348304	-0.117739058870342	-0.0888479648193255	0.0951482919627947	-0.117398203854677	-0.1177780511602
1487	v1g240295	-0.459228281704949	-0.273380897338996	-0.351617003017032	2.02398891464266	-0.32139234227858	-0.2923227985301	-0.318664605978536	-0.330316533316355	-0.284078779614517	-0.345435987283134	-0.389290847267794
1488	v1g240331	-0.223032819866561	0.0883746930062853	-0.0835834652102223	-0.0822693110339378	0.834501641914847	-0.241552005689722	0.0503694148352663	-0.238359850540343	-0.0554302504525742	-0.236722723888457	0.14977106971719
1489	v1g240356	-0.0853428713215026	0.223543471604664	-0.0737091962212944	-0.018246064275875	-0.1527076283673	-0.148564040720668	-0.095060799132695	0.111796857415431	-0.146062899428508	0.19700192225561	0.158951630497149
1490	v1g240361	0.0111270376153019	-0.0657892201965119	0.121304988536223	-0.066763110156411	-0.0638487464864372	-0.0123421031707705	-0.0584504664686604	-0.0621652733678576	-0.0612393769674233	0.269708003599931	-0.0685098540060939
1491	v1g240386	0.0601208610069951	0.0489107039866706	-0.0720863421224559	-0.0333603916715362	-0.0430312037368175	-0.0935165126565875	-0.0951176383046922	-0.0245522609761702	-0.035813455859447	-0.0927460771551166	0.0229497426009941
1492	v1g240414	-0.418353113330819	-0.208032591156266	-0.486576240791424	1.99242083105552	-0.307999579600511	-0.168201416738207	-0.234603146387189	-0.352858674605013	-0.349380734023179	-0.500979045263495	-0.332607577922196
1493	v1g240440	0.00325800994884837	0.060783174690443	-0.0106197668116503	-0.0337175753015887	-0.0488291610039756	-0.047518492358031	-0.0491232455338562	-0.0477096096849936	-0.0472277092593722	-0.0501424813825202	-0.0466621149734951
1494	v1g240477	-0.352874087798882	-0.292255348694107	-0.386984744387695	1.88122091468699	-0.216553497607667	-0.239973576872777	-0.196829055144093	-0.0243793719247641	-0.46847592393915	-0.391507385182574	-0.274105552821334
1495	v1g240491	0.942051083500851	-0.369798246745989	-0.655658074201724	-0.493462462384566	-0.321530271566109	-0.694993794683383	-0.0944997454934829	-0.412506198525763	-0.602393148779552	0.718467254663251	-0.695100031909411
1496	v1g240562	-0.29849356741123	-0.198103870766213	-0.223056839911006	1.54330326130917	-0.251712568259368	-0.158177033916984	0.0101860315691288	-0.266437452954703	-0.266511863636601	-0.26534693705838	-0.188618023647016
1497	v1g240563	-0.17201594707067	0.321102584532626	-0.495949669012068	-0.0538635768602014	-0.280313016857288	-0.261560265790798	-0.144044159646419	0.10699830916421	-0.436283261972896	0.0827758390266898	2.67087907495808
1498	v1g240732	-0.20726258064805	-0.132956679304342	-0.237681393164545	1.26348110548614	-0.206428053582288	0.000291015710694398	-0.0561370591024402	-0.223295353229284	-0.131784796947904	0.178600705949583	-0.333348817603979
1499	v1g240765	-0.300503226685182	-0.237856291345386	-0.342320374273482	1.75820827186725	-0.349601409407322	-0.24590418923828	-0.0281572876169633	-0.319709628117599	-0.327891651650994	-0.155425698578993	-0.425005353745061
1500	v1g240779	-0.0366864101450662	-0.0913108797370794	-0.00621213719391395	-0.0455589525245894	-0.0401549717276332	-0.0657690474162154	0.699174504167056	0.0313784285998735	0.289113635925434	0.408566346660281	-0.082885753328049
1501	v1g240820	-0.0217048024690128	-0.0350989480155558	0.087182335181943	0.046889180985374	0.00501088074143677	-0.0779547300046131	-0.0749024394663848	0.0658864714201238	-0.0738399116310643	-0.0727212788211647	-0.0732655532287605
1502	v1g240821	1.41232686143686	-0.823788504119297	-0.96338066399111	-0.269664756584723	-0.796988564134807	-0.316789049490684	-0.737858055467686	0.119684841973289	-0.951856468658687	-0.650239694870427	-0.730177967894084
1503	v1g240823	0.0494333750844615	-0.000701041074893063	-0.0302625484246543	-0.0260459421849996	-0.058809871874145	0.0341997774731141	-0.0308130376181889	-0.0560477489798319	0.0270988146420596	-0.0569254340014233	-0.0547574000005357
1504	v1g240916	0.648851741633058	-1.40595772343079	-0.899525675290572	-0.658354444013906	0.707846639617553	-0.335598628140825	-0.541846403534361	0.280909777750987	-1.11194797762747	0.0980134125476806	3.76811034262442
1505	v1g240931	-0.11980280952383	0.173532801837964	-0.0842078926842742	-0.103840535793857	-0.140491195952551	-0.145491459986606	0.64281340798706	-0.215009874595461	0.145204574051006	0.247381602925094	0.241180739599789
1506	v1g240969	-2.65513722846435	-2.17173787493434	3.90926566195095	-1.98496257154923	-1.50789450462109	-1.41222336002928	-1.5226547046383	-1.63690461848795	-0.38449447622541	-2.33065158602511	-1.59433715211207
1507	v1g240988	-2.16930729034246	-2.24422142955648	3.44769800907985	-0.454928818254872	-1.27936569854977	-1.96925314217223	-1.70182498763866	-0.486952418713882	-1.52997585932242	-0.735843226161549	-1.12322418321999
1508	v1g241092	-1.44180532075701	-0.802494812741863	2.4201291856409	-1.00704577258125	-0.860558451210975	-1.24779863077635	-0.852024749699607	-1.07158709129605	0.61019278314758	-1.62486671112864	-0.891124140548908
1509	v1g241122	0.00258429227596627	-0.00898803655567626	-0.0193320193137161	-0.0157931691298471	-0.0169234357405871	0.124845591257141	0.105435591319172	-0.0162149826960665	-0.0163894480161698	-0.0156132325742749	-0.0162594336480492
1510	v1g241147	-0.0166484211421375	-0.0257219033133358	0.0658179354451363	0.0289261806074562	-0.0161675747479476	-0.0703490531207937	0.0528124572186929	-0.067868412116928	-0.0310193835314077	-0.0686963468659624	0.0434471591732742
1511	v1g241169	0.0134974600502198	0.736581855191668	-0.550816811848321	-0.483280745604637	-0.602889472663581	-0.344109908179248	-0.0828160863861169	-0.665447641969363	-0.24999934923842	0.259162630966075	-0.116882155425702
1512	v1g241202	-2.44411528370037	-2.34024362715028	-2.20167532276156	-2.25098113648696	-1.308967211947	6.43361206303686	-1.93609242211658	-1.68812428247461	-2.26127720392718	-1.30714360679623	-1.35659136735933
1513	v1g241205	-0.2007939315756	-0.274374199169696	-0.228639545929464	1.42355427082015	0.0457510255840228	-0.233042476625505	-0.194137249358889	-0.190913000958571	-0.238966571566172	-0.268664888646096	-0.145022159149049
1514	v1g241276	2.17970713277063	-2.1076680295624	-1.42187088566284	-0.797625019420782	-1.18454393703667	-0.786072640524492	-0.907416815454337	0.35657645893086	-2.23833017780994	1.34314931734394	-0.188198718655832
1515	v1g241308	-0.0386556919617145	-0.0117707557348046	0.127316689220608	-0.0573206591959019	-0.0537550419691558	0.00207199539468345	-0.0511767518589485	-0.0518874047661141	-0.0518508285622711	-0.0506605094777463	0.0959777467505342
1516	v1g241309	0.0306205866868532	0.0329938617937393	-0.0410364983680118	-0.0706027181873926	-0.0319657482471952	-0.0680399599865253	0.0400359065552721	0.137402310273975	-0.02591667166032	-0.0663150937757502	-0.0665615844750218
1517	v1g241348	0.0254395696535965	-0.0407947856751578	-0.0545288475836926	0.0142482745151561	0.261541485946877	-0.0719779273719975	-0.071592957477555	-0.0144988632854736	-0.0716996465729955	-0.0710133513998881	-0.0704708556742772
1518	v1g241372	-0.0324712083797455	-0.0492263447187872	0.000492613111873166	0.133723567852763	0.0490092132350773	-0.092069634308717	-0.114094106702888	-0.019604061557087	0.155257174768346	0.626386419821866	-0.111356496110034
1519	v1g241381	-0.192077827181498	-0.142206291131159	-0.169962375193414	1.16633078839545	-0.122516079700439	-0.161964844035325	-0.174907998803604	0.0243387483662974	0.0370150029532847	-0.172017729719475	-0.17193725972805
1520	v1g241382	-0.163538915194188	-0.0584891991667573	-0.251451425665999	1.19650681115875	-0.167493391661512	-0.162821729858438	-0.251605305798586	-0.193262221288574	-0.249495954469161	-0.173498689863513	-0.246785628685429
1521	v1g241383	-0.346316675663084	-0.298667423747392	-0.327121850469949	1.8632750206161	-0.309000001519444	-0.133033377880857	-0.21480082566417	-0.329486835834346	-0.25577048891572	-0.402882406793191	-0.40550092059394
1522	v1g241384	-0.296673279876697	-0.0753049412672635	-0.235263072042827	1.39940201604142	-0.263743629973943	-0.0957322349110362	-0.182867966691982	-0.0841567383134932	-0.195195712893764	-0.255243580496667	-0.178662717456483
1523	v1g241385	-0.162331615541439	-0.0123217536767204	-0.0961999115101836	0.678006911221894	-0.0988553293355471	-0.0839401862652669	0.132412867391503	0.226990561015825	-0.0534825978267944	-0.124336813550035	-0.1216679473429
1524	v1g241386	-0.310754123036358	-0.0266727112992275	-0.296685657237245	1.41902866369619	-0.176567600532832	-0.186924389466285	-0.0952161685181603	-0.27718687354382	-0.2773083218299	-0.276667994383597	-0.114859594032154
1525	v1g241394	-0.151312243275829	-0.0995332598035918	-0.0761077164536671	0.819094714459617	0.00306258547711338	-0.0791252191276613	0.0179187969197323	-0.0683871978917076	-0.118418895827522	-0.118354400292106	-0.117219481924148
1526	v1g241424	-0.971745891682606	2.14407487870097	-1.75002636287279	-0.787185757501573	-0.995325897176095	0.181869139499972	-0.849116709510397	-0.217453264373804	-1.57802391307864	-0.816496226902837	-1.82099963796426
1527	v1g241440	-0.500119300395912	-0.371488197856574	-0.497347789514981	2.28544534597761	-0.333563538618154	-0.449317334304636	-0.305060305606652	-0.320453386787503	-0.4284235133193	-0.483595112785647	-0.483484479876804
1528	v1g241441	-0.135727447490468	-0.144318618733846	-0.185283758690485	1.14110772186061	-0.212732761203888	-0.154272963400465	-0.00752741131903734	-0.0870292334443768	-0.21221059129532	-0.210624883906486	-0.0961840801217241
1529	v1g241448	-0.154237382886841	-0.0540120865386054	-0.184347086991749	1.01319843049073	-0.14853279687038	-0.103475676470061	-0.191094781010576	-0.15087101362288	-0.19791853479425	-0.0168595112396806	0.09025358936994
1530	v1g241536	0.467079241523172	-0.420147244353391	0.00621208307469223	-0.204939089251367	-0.0384586072402529	-0.336835860762171	0.334002504659106	-0.639832805912817	-0.585815783231296	-0.61391417340284	0.0202681819499054
1531	v1g241538	0.0284816798284011	0.0552690236081525	-0.0940743513170069	-0.039417904997506	-0.102561930331863	0.15645311080797	0.168025424388499	-0.068866035333246	-0.157435061802975	0.0619085641177562	-0.0748777530436936
1532	v1g241602	0.149197125839419	-0.0565384300076527	-0.243323724768117	-0.114610749811536	-0.39297389052999	-0.13910173267559	1.09153188218376	-0.210888386723886	-0.255679015956117	0.62451751897775	0.254906347999056
1533	v1g241615	1.48149135777706	-1.53087941114331	-1.34847964829954	0.0777517425265479	0.53245547225319	-0.312768201241704	-0.684984284159995	0.144640720628518	-1.4746185408074	-0.659371112995154	-0.419876898078464
1534	v1g241660	-0.976454230842072	-1.23908452276608	2.29699565337094	-0.961751980423935	-0.797366796752699	0.312158546434057	-1.40934509036859	-0.388309186649483	-1.3021567982276	-0.759587199831051	-1.66284860260819
1535	v1g241728	0.698376201326227	-0.298995900211079	-0.401774167184028	-0.448661264235566	-0.274023343466334	-0.260013666196514	-0.412526144704855	0.251767252312062	-0.214921988922882	0.117085443771507	-0.317967670488553
1536	v1g241737	-0.00716461945989623	-0.036043198497998	0.0391304165276931	-0.0326087804253065	0.0328091023650227	0.0733075673617186	-0.065102573210783	-0.0251559882800099	-0.0308398864502493	0.0172551356341272	0.217701899594012
1537	v1g241766	-0.230859920927754	-0.19267726670511	0.592513452513454	-0.208689588630626	0.277769846365982	-0.230131366706439	-0.172907684106281	-0.254232565652615	-0.213375247001593	-0.356935729280181	-0.030235754102143
1538	v1g241768	-0.302140867118457	-0.291125853602952	-0.206455052036065	1.48303611777686	-0.286127085290718	-0.175765402819419	0.753130077508195	-0.289656991919782	-0.164473121875077	-0.246905143953663	-0.263210003306655
1539	v1g241940	-0.106803298480167	-0.196866680010317	-0.199010775326511	1.08346652494088	0.0920442808455677	-0.262170135048448	0.0409815164420788	-0.0723398831166348	-0.280461445085673	-0.27580655921031	-0.278237154858013
1540	v1g241950	-0.356953368746547	1.23081178930128	-0.811060377685802	-0.46969565772581	-0.568625780454681	-0.243541579447728	-0.500452314318747	-0.177368608902359	-0.820476535132139	-0.512309757571796	0.0562540000584084
1541	v1g241995	-0.921325637968602	-1.95107476533782	-2.01205026709603	-1.74708256547198	4.62096102344672	-2.38327884280538	-1.43866285598376	-1.50454135832853	-2.38195842920229	-2.53801275064651	-0.679110621167714
1542	v1g241999	-0.271926862101821	-0.199372562795147	-0.229265547170929	1.46614370500864	-0.237762822846455	-0.0640801750839924	-0.238570932217079	-0.162690482128532	-0.00250686156568028	-0.233459091867278	0.115755032836272
1543	v1g242118	0.204262186301629	0.355998506584824	-0.440329446958187	-0.338698170518527	-0.319554577099682	-0.0384978215233341	-0.27122232169662	-0.225851578229291	-0.436616522210673	0.162161012791432	-0.149073773151936
1544	v1g242145	-0.0867575673911298	0.0186577766619719	-0.0185080483127873	-0.109888541281992	-0.0814321363805341	-0.0803989853382127	0.0910987249253028	0.00852297240833316	1.15431485785153	-0.0242445821040338	-0.107519241865215
1545	v1g242161	-0.686521574393486	-0.455247276630355	-0.505515979003498	-0.0131679728459878	2.6600187371472	-0.463091727381737	-0.549241651523244	-0.465583819951614	-0.301348957528324	-0.543771000734721	-0.374284064129407
1546	v1g242274	0.0414281985370202	0.0792869141223202	-0.0350366720234299	-0.0898783302087272	-0.131562568876588	0.0429797135588129	-0.0408068154824611	-0.0535486078248847	-0.166445571543344	-0.0668253464029168	-0.15777399400685
1547	v1g242283	2.00342812903976	-1.45250761180626	-1.43265129146463	-0.721861005888707	-0.304640949549953	-1.42742011528917	-1.60191404136878	-1.77104173817527	-1.40850144794389	1.44290445728668	-1.8069116570282
1548	v1g242345	-0.436702110489996	-0.476639626809331	1.15979019088161	-0.245316393143229	-0.259784124607027	-0.210594494465434	-0.225884077364143	-0.259263351697777	-0.0267664281971769	-0.461302622207175	-0.0632277088554066
1549	v1g242355	-0.0324420218848426	0.105023270078889	-0.0352338369690227	-0.0143513125908568	-0.074833198725226	-0.0691983133458459	-0.0537119851507218	-0.0698452756229477	0.118173037293483	0.113320721248542	-0.0691001570058784
1550	v1g242370	-0.161247522450394	0.291812508048517	-0.00425173556941627	-0.165545364660394	-0.102191034557125	0.038891705787654	0.162036227584579	-0.150265622515863	-0.164127690456715	-0.313580870593041	-0.168618191523031
1551	v1g242375	-0.00889178516509938	-0.0559597754158067	-0.0259597936359121	0.355174163412438	-0.0734443077973256	-0.0667229839978481	0.0154481262206135	-0.0660431591882118	-0.0886377314033359	-0.0876531060296503	-0.0879517365573169
1552	v1g242419	0.195715007648185	-0.00670112475484025	-0.184117821986596	-0.116749098353022	0.193712411401052	-0.0677637556011926	-0.084240071702585	-0.231946698789906	-0.325684260916047	-0.423274037114689	-0.320129335574366
1553	v1g242423	-2.0974874946935	-2.68899233907758	-2.40095561519528	-1.3118265756268	-2.15651852757144	-1.99187746489626	-0.573083347376219	7.15320167712119	-2.66971908582279	-1.88978959238772	-1.05156700746573
1554	v1g242464	-0.00492080763081516	-0.0245135294380759	0.00176433013036188	-0.0213906391153423	-0.031804705115729	0.134926924893208	0.25558522958619	-0.0550460777729929	-0.0546923771965645	-0.0542530623028786	-0.0542285658741031
1555	v1g242498	-0.0508644753450064	-0.033334112400397	0.165282048495733	-0.0749611155531244	0.152200366351561	-0.133374963919618	-0.122083036693505	-0.129741882478792	-0.129741891924613	-0.0131626042212623	-0.127982521603247
1556	v1g242507	0.198033826093311	0.0497795466662289	-0.293325406149021	-0.211417006180044	-0.299675698749117	0.59407866214962	-0.10524237499513	-0.104371192230373	-0.328616206786494	0.504301741111965	-0.329941580233228
1557	v1g242530	0.745331043032599	-0.0482409764677842	-0.354641277628498	-0.547819635828666	-0.956787226615753	-0.475240213836462	-0.802840857689405	-0.0140417816440439	-1.23414910843052	-0.0153157909916852	-0.21339313628032
1558	v1g242590	-0.166201408263134	-0.17635372908675	-0.176998824652077	-0.100430408622236	-0.150618129843711	-0.182775603345733	-0.0929772639016872	2.55243907412415	-0.180283587145398	-0.176125044108465	0.220606727637115
1559	v1g242614	0.0242874185492881	-0.366361296506152	-0.306250139460296	1.17163232741848	-0.215765340880507	0.0774679351679151	0.198857701257988	-0.203784740485077	-0.333958891943374	0.296571601510928	-0.0702808953431822
1560	v1g242618	0.348955249624039	-0.235411405943192	-0.196572272720362	-0.118921685829614	-0.16841135350844	0.317457902581901	0.0303018005430106	-0.00699971071392597	-0.183657286815175	-0.314177925832665	0.048830871494648
1561	v1g242643	1.65765928763116	-1.03311734785833	-1.30490868262865	-0.191966121355379	-0.482376021408574	-0.841676219292332	-0.751123740408338	-0.612026537668171	-1.38674511955237	0.0937016913796496	-0.881312038561974
1562	v1g242758	-0.068280928192352	0.336794641417584	-0.159858607931491	-0.0431931689614631	-0.187657239674661	-0.180588366995751	0.0386274312803316	-0.175391183515059	-0.177142117192982	-0.138585188509848	-0.209444986095398
1563	v1g242802	-0.0188555572327414	0.020346438938825	-0.0169044180784777	-0.0394354739979044	-0.0412081137242	0.0396298633744818	-0.0392283089959672	0.425408870451871	-0.0275948919123898	-0.0463462566753647	-0.0446132866184878
1564	v1g242847	-0.0784520570883561	0.291882764539994	-0.122425903196006	-0.118251187753186	-0.118018633873243	-0.0274896281556986	-0.0209727750992948	-0.113636457606413	-0.0618723875517521	-0.113108398945365	-0.113207168924174
1565	v1g242848	-0.669904800719658	-0.505942646900444	-0.556678765140372	2.70490457806702	-0.712278356558561	-0.541249107298771	-0.505822094156765	-0.475895783432541	-0.685639606267417	-0.764814428633312	-0.594990767602991
1566	v1g242913	-2.00895783245017	-1.10416004705013	-1.09054395705745	-0.584587784923097	4.37881960213033	-0.994406488925579	-1.28226482809108	-1.5000718600143	-1.29174367313745	-1.31334493582626	-1.49092013604773
1567	v1g242934	-0.200387493192083	-0.1184214771997	-0.091874127553009	-0.124925120466875	1.24606399267071	-0.180195040203844	-0.179464987183095	-0.127705301815231	-0.108541249390648	-0.154687501959406	-0.176318802338125
1568	v1g242938	0.0174989832087731	0.133816163535834	-0.145375823206941	0.0469304450235635	-0.0377046500795672	-0.073364360515878	-0.136505683702045	-0.126864893275975	-0.120541021246313	-0.135156309029236	0.240753059021501
1569	v1g242996	-0.0156455912976903	-0.0460833476374225	-0.0659195723633344	0.404510590936837	-0.0710035187109748	-0.00193786192028156	-0.0779234886322176	-0.0195356348671882	-0.0772306879312634	-0.076465600950878	-0.0267617059045235
1570	v1g243008	-1.8077575266853	-1.62679660054461	-1.23587180437484	4.46729052471021	-1.32637304316091	-1.43786381541157	-1.56036607001708	-1.71655406094351	-0.990648846976809	-1.51009070066995	-1.8151196616935
1571	v1g243050	0.166967413722468	-0.712339755865709	-0.504916698956843	-0.353064837801191	1.62391910751585	0.844534330996931	-0.392218466444141	-0.435737162901781	-0.353660550043635	-0.574620600688722	0.43545030775323
1572	v1g243062	-0.064796454934972	0.0756331801199904	0.186436171093004	-0.214067795964392	0.0677545988129648	-0.157313017392598	0.0988416038090206	-0.38705477879772	-0.55477013570884	0.150318452910517	-0.5445235843494
1573	v1g243071	0.0314685408054551	0.241127446818241	-0.149415088016493	-0.132555852107916	-0.167031433040471	-0.146636642037313	-0.151547467571803	-0.128224471598562	-0.143807219956937	-0.166170533760032	0.091689311307452
1574	v1g243076	-0.3639674886964	-0.231653945248283	-0.344022666505036	1.82788859812357	-0.335589651469888	-0.177059136178307	-0.28307371931546	-0.276968299133041	-0.0959675336518873	-0.323996018611154	-0.320408698482593
1575	v1g243100	-0.909959182731044	-0.493696139520722	1.86334096718813	-0.868763491116697	-0.496771742442374	-0.655988218030117	-0.519500628195943	-0.859638588616646	-0.693571215185919	-0.777936986084977	-0.590563739274857
1576	v1g243139	-0.353833718177556	-0.140181926098033	-0.71266076272031	1.94600316234652	-0.400292544512487	0.189144542446519	-0.600734192969328	-0.01932348204858	-0.420872620779794	-0.0931939942311579	-0.151573708549477
1577	v1g243173	-0.091677012234028	-0.0607439072067774	-0.0560377186245679	0.548554599517415	-0.0352932856720619	-0.0722980185077232	0.146114652867037	-0.0708002272755183	-0.0707180838903562	-0.0705979022440865	0.0059347091514478
1578	v1g243181	-0.288519037408764	-0.35905567970847	-0.264986982506109	-0.240734380291823	-0.269552447644337	-0.0302956026421053	-0.287820582526702	-0.0500085291847097	-0.286645881766973	4.07717534662357	-0.0549649768861435
1579	v1g243188	-1.24586778619093	-0.791731940961743	-1.15574655432429	3.6069131006714	-1.05732469191716	-0.671149444192342	-0.19640650012186	-0.894398064987349	-1.3344775714566	-1.25395097307672	-1.12852443244492
1580	v1g243192	-0.786484384159436	-0.509944575000017	-0.680461462911769	2.82402668222814	-0.611752913649261	-0.495243979377996	-0.420192391093011	-0.647467971086402	-0.684046046911662	-0.77460717125033	-0.102243717508401
1581	v1g243220	-0.0441335403929886	-0.0536411142238061	-0.0468676429960468	0.407672196771126	0.01027668306804	-0.0423348356481778	-0.0421923412936062	-0.0417242261392285	-0.0417136708827855	-0.0413856236670604	-0.0413856236670604
1582	v1g243275	0.26632384353539	-0.00824107424894338	-0.505427802397197	-0.0787248297227624	-0.18762929014307	0.566788027217664	0.166382821390603	0.0264384839027521	-0.230924139923908	-0.222881261353439	0.336508367978041
1583	v1g243511	0.0607956860335696	-0.0190147052843298	-0.0399929340254267	0.0382321573447546	-0.0361140668860775	-0.0516227340037647	-0.0358495882729775	-0.0365027437678009	-0.0323013296064266	-0.0456440665014492	-0.0369450314299501
1584	v1g243549	0.10762056940885	-0.297933626160448	-0.588312201099742	-0.408884856400382	-0.266084490520671	2.1240371306719	-0.499852535940509	1.08511394362917	-0.588927700189099	-0.0833695141763005	-0.498758825981696
1585	v1g243606	-0.476665512893084	0.212774593361961	0.366300066972433	-0.27291136782445	0.0743523758849671	-0.389279057371026	1.09698654542066	-0.230196186947934	-0.604641234427221	-0.123188076476832	-0.51359282776082
1586	v1g243627	-0.0142703624759919	0.0512191627779215	0.00566312335415842	-0.0249448240675842	-0.0412591974595894	-0.0399154052982313	0.00998222320311107	-0.0396252236894993	-0.0392597068837077	-0.0382930723781337	-0.0390769398883836
1587	v1g243632	-0.259341322930983	-0.232874319976833	-0.120734007791367	-0.0658164195586291	1.58932245939	-0.274936878774369	-0.255834681681026	-0.270209991404398	-0.271052497143755	-0.215688788875811	-0.260893742868076
1588	v1g243643	1.3944077969617	-1.24341783403123	-0.247916444983884	-1.50568286795005	-1.74520963707383	-1.62811009560168	-0.827397740543492	0.635008184409308	-1.7006652419462	2.05049369042428	0.385091764949786
1589	v1g243657	-0.969801177373592	-0.485566253081038	-0.517658481931771	2.91885042342117	-0.588837468340533	-0.601269953750106	-0.883556267794872	-0.901656442517583	-0.516086835401225	-1.00106347872554	-0.408122067533344
1590	v1g243666	-0.0395217292184457	0.290981576395197	-0.155633669938373	-0.145400281904872	-0.160526052703108	-0.0618367377155554	-0.0189562003410952	-0.19801647996136	-0.194709654046068	0.31999853465111	-0.102268395222598
1591	v1g243672	-0.0510466834731839	-0.1262976459318	-0.108486081339478	0.569539297868041	-0.0819162271093205	-0.0972981932365189	0.525896763247613	0.0907942753807291	-0.136146565053209	-0.135171677991874	-0.135109744129267
1592	v1g243673	-0.437404696900565	-0.291188580607374	-0.294440496794007	1.38842888537628	-0.377455662080069	-0.171274630008994	1.80143618100497	-0.102358492774417	-0.395718931923958	-0.561402798883337	-0.384934108693139
1593	v1g243675	-0.130207333244581	0.0544590911265336	-0.142080141219423	0.640526832600193	-0.104892662730098	0.0097819808999875	-0.11696069852454	-0.0305800056215833	-0.0459885345002124	-0.136245189040743	-0.135831597611447
1594	v1g243681	-0.297494848255607	-0.218518532421831	-0.335089731313883	1.64224173460535	-0.167597291301083	-0.0686636874308368	-0.302270881351512	0.0194961239272761	-0.300202802763111	-0.255755515320798	-0.298093164770808
1595	v1g243682	-1.48495874800215	-1.62713783066536	-1.74293592800629	-1.37804846590549	-0.918517166711481	5.31476410612764	-0.38070164225617	0.209373322493676	-1.55681211781191	-0.806759895272579	-0.936217683558363
1596	v1g243701	-0.075894226226239	-0.253839561317827	0.440347603027424	-0.154836170173166	-0.186215530586937	-0.196885476939027	-0.170125143264213	0.422245470673982	-0.140112699445705	0.416479338700095	0.458664537258891
1597	v1g243708	-0.910058895257845	-0.693147421034231	-0.850893443503602	3.17925305093058	-0.703719776177269	-0.951256314784125	-0.468323106187131	-0.920806124424379	-0.6284522165764	-0.969724112255017	-0.365412959704481
1598	v1g243753	-0.330192648737377	-0.285322388166313	-0.289151521312494	1.72972935614063	-0.228794725830875	-0.275098532553598	0.0720629625935921	-0.27125568328363	-0.185854631889905	-0.269664743243683	-0.168587053756518
1599	v1g243754	-0.9416418272394	-0.709353007722308	-0.883739878230786	3.18684872557619	-0.825758600072886	-0.636932542394272	-0.201303520390228	-0.578468073748031	-0.552971846252723	-0.778500760126253	-0.996375635750143
1600	v1g243756	0.240088740681821	-0.0832773740474901	-0.117276903014039	-0.0709594760878045	-0.106973378478095	-0.1161196632908	-0.07423055040636	-0.114385410792304	-0.114492810625501	-0.114144052310009	-0.113423737868566
1601	v1g243852	-0.0923017703344886	0.305034592826591	-0.366821988098262	0.320168489564034	-0.30258790459464	0.220809151043637	-0.0736269804812535	0.599854365025462	-0.661983576124626	-0.362362966417718	-0.123552847445152
1602	v1g243877	-0.032685726345925	-0.0971261649029873	-0.0756501415522359	0.589215828970389	-0.106002322825057	-0.175221129067106	-0.0830442119115171	0.145153723920564	0.0279930324884249	-0.172174302101739	0.0704893517149706
1603	v1g243898	-0.162949033564072	-0.11229158920973	-0.164869319079512	1.06493850543738	-0.0943730612763032	-0.172930822364563	0.0754427595688202	-0.169331442787725	-0.169559454437657	-0.172474643230277	-0.168280147150035
1604	v1g243989	0.0509223067525707	0.194484556091092	-0.186461254213025	-0.14738015606342	-0.0245734591147371	0.018701445450466	-0.125759124190013	-0.0180642887936616	-0.243765465908449	-0.0952461970216023	-0.240318861343705
1605	v1g244012	-1.14511309781382	-0.165660570161268	1.67409529412825	-0.62984306692715	-0.152093570548627	-0.55489320688763	-1.01848741003366	-0.831663698391393	0.113027611333794	-0.962617356310921	-0.761361311431035
1606	v1g244013	0.854167104128059	-0.42902581515901	-0.481799482916334	-0.357464480301778	-0.413655403041474	-0.282854680180723	-0.118780412133962	-0.408064357418367	-0.0836253763440427	-0.253437187408164	-0.224111638918497
1607	v1g244014	-0.221119030407299	-0.194581503270929	-0.196896347597609	1.35709098728395	-0.145208095794463	-0.0281001556352507	-0.227217183181094	-0.125124305089708	-0.223842066441329	-0.224903143796255	-0.222297391500365
1608	v1g244035	-1.12335882720324	-0.621137045196739	2.07954748119645	-0.969288972712029	-0.212970391097568	-0.745898415075353	-0.906069691016983	-0.977306679080473	-0.633839632123374	-0.84879654453281	-0.976083364758895
1609	v1g244037	-0.806255743793718	-0.537873360151272	-0.875334296864978	2.95876807955376	-0.819738777949235	-0.444600357702018	-0.16409298884464	-0.728967087493677	-0.718598513742908	-0.796710656996064	-0.207595687305241
1610	v1g244038	-0.45643459466667	-0.140503532033879	-0.214332530292473	1.71660249994587	-0.287673896055611	-0.343537621221705	-0.293211755274306	-0.349074179878618	-0.124876690433462	-0.324080425800538	0.399276224037022
1611	v1g244054	0.0386209305372587	-0.0496442676025472	-0.043195793188023	0.0513424281698603	-0.0213122729311574	0.0163395612095732	-0.106334765087558	0.285855423826613	0.0421777474190587	0.0218039287664687	-0.00403380863975358
1612	v1g24412	0.253152428899288	-0.147207475320181	-0.0525110803971843	-0.103811690938194	-0.104170496452464	-0.147413595660285	-0.111311502006107	-0.00280841702337267	-0.0578166631799204	-0.144151120229816	-0.142566224025224
1613	v1g244133	-0.0229183990210038	0.221009440619075	-0.0887306724393185	-0.126959754569806	-0.1409760336445	-0.206380035053365	-0.235823680771304	-0.0517190683089802	0.0443690594032525	0.430678585199859	-0.130077133561753
1614	v1g244207	-0.742267811878365	-0.561494367015923	-0.57806372090378	-0.417847154568074	-0.211835940501835	-0.128135252032544	3.9095748483524	-0.426768837772197	-0.126370493530768	-0.638752654150322	-0.42450181146445
1615	v1g244288	-0.0500906759881123	0.176980660760672	-0.0372307221904029	-0.113704808406618	-0.0697180272996488	-0.0301447610286326	-0.119240432609678	0.104049534049752	-0.0767862502976679	-0.118551601033555	-0.116393923585733
1616	v1g244297	-0.179300457649258	-0.00118131044357861	-0.119454389768933	0.731903664038503	-0.0980281893833957	0.138912629708725	-0.134282006006493	0.025797995468901	-0.0876514343722342	-0.172357826735843	0.252448687105744
1617	v1g244409	0.0511936571341981	-0.011613671024717	-0.0299215933716162	-0.00608567646994293	-0.0299041456999548	-0.0284592989517213	-0.0314585981510977	-0.0296858878892967	-0.0299013733052677	-0.0338972997954012	0.0417229975486455
1618	v1g244660	-0.0497609705740164	0.049478168935014	-0.0207281050950585	-0.0127332314459719	-0.00170372130834315	0.135478356822433	0.15806264992079	-0.0508642295924961	-0.050498414783032	-0.0502221310214137	-0.0499249028390103
1619	v1g244785	-0.403180654399744	-0.504793045731301	-0.57870165412821	0.696501075453196	-0.0148371065999633	-0.47181908839183	3.04188259186924	-0.178459640198165	-0.754506551185298	-0.304029525170205	-0.315762456239467
1620	v1g244849	-0.0673803145879482	0.114879292694856	-0.000778057345408006	-0.131969119481713	-0.132019030437315	0.231485683101181	0.189290335711966	-0.112792389319687	0.0634020388787843	-0.139322483820847	-0.185863665596299
1621	v1g244904	0.0939923304511554	-0.0730492204770804	-0.0626726099428367	0.00896393125743689	-0.000363367711671933	-0.0696750272114779	-0.0124080047110154	0.150272856100519	-0.0484380730736259	0.19377455413815	-0.0682158941922249
1622	v1g244905	-0.309244318539235	-0.243186852279458	-0.276666380868874	1.57504514626563	-0.185883586192791	-0.0813221863103427	0.232014599723965	-0.291888475999118	-0.229030699494878	-0.221738793395244	-0.17711760699029
1623	v1g244909	-0.0228580857028723	0.0802343212389663	-0.0576495457958408	-0.0480415295541418	-0.0581230114425435	0.0737352665453338	0.185234196254494	-0.0771452000468362	-0.0321974295801481	0.0526360067399645	-0.0770806876816038
1624	v1g244931	-0.0217123744367283	0.045256413401629	-0.0014772804680715	-0.0546536175050142	0.0386968720158009	0.0655906647377173	-0.051771294546733	-0.0502653793702426	-0.0506180310768989	-0.0490720264817633	-0.0501070212770165
1625	v1g244953	2.54930838152407	-2.30374782501176	-1.9584541516847	-0.261130842655799	-2.11723835025167	-1.4662281986038	-1.02361021847605	0.545838132409808	-2.3878468893635	-1.04705461766195	-0.156407696381981
1626	v1g244965	-0.017843037963686	0.0303210551935515	0.0383646164187616	-0.0522560378577204	-0.00676077777978534	-0.051839070454197	-0.0202195268201626	-0.0510859361723916	0.0198340549797404	-0.0501597925735609	-0.0507268730710782
1627	v1g244996	-0.881507414330757	-0.619952629999195	-0.386591776485023	-0.787993441852268	3.05306844110007	-0.663618176407273	-0.0983037920503027	-0.64649328211576	-0.753806814731958	-0.646710349110224	-0.0697409520821913
1628	v1g245105	0.0206917553934896	0.190626566413855	-0.115647691008671	-0.074001413909538	-0.130470541146747	-0.0698225640798085	0.0483405267146317	-0.201155571309057	-0.196304342288358	-0.200784069026009	-0.195158798930218
1629	v1g245131	-0.122013430811965	-0.11692058416044	-0.236295966330813	1.15592640222291	-0.203550133864008	-0.0815823625307213	-0.168228026632563	-0.0822829756042412	-0.220499396344968	-0.219538291905933	-0.218663436781918
1630	v1g245150	-0.143066142704388	-0.0896525523840238	-0.126946753859904	0.825662750661407	0.00470891774121981	-0.0759475210024737	-0.146657683964213	0.0802248986592775	0.0112701071838027	-0.141499321719612	0.0993693925763028
1631	v1g245153	-1.40284020194924	2.71311176737938	-1.90288345994995	-0.795264570405233	-1.58802832604621	-1.0413233762762	-1.303246317001	-0.692472993871636	-1.69315968748952	-1.72752257963321	-1.63830146932512
1632	v1g245185	0.0274453971664168	-0.000217442154969438	-0.0907177415570786	0.14194067126906	-0.0959547635015723	-0.0153300512124951	0.218233094469747	0.123046863912679	-0.120082472982195	-0.140207804555312	-0.142572972665539
1633	v1g245206	0.728582785087303	-0.370999531158577	-0.397423029505145	-0.301940860996486	-0.493368727043133	-0.215925815113996	-0.402197633649546	-0.0116682115391002	-0.30102692082103	0.632176333231923	0.0707750814804883
1634	v1g245286	-0.992582384482247	-0.712377187543318	-1.02009033575684	3.32118285379078	-1.028975114623	-0.431845655717229	-0.632758393557078	-0.608413621554976	-0.935470319457754	-0.572544429231623	-0.675531671814004
1635	v1g245325	0.0626631996318613	-0.0613544310750115	-0.0656111162284754	0.0968244389836495	-0.0690731047870312	0.00742286716405802	0.00353178616116794	-0.0681416656312398	-0.0690138848913369	0.554582196896109	-0.0686315827779243
1636	v1g245418	0.0496063540051183	0.00171409240381683	-0.0331795044188579	-0.0245456901413917	-0.0282443464932304	-0.0285705939386064	-0.0274500714941808	-0.0259224458108111	-0.0281846993951523	-0.0273993955532578	-0.0275763753175602
1637	v1g245425	0.0264245889087955	0.0246421151922216	-0.264369437005161	-1.01215036277419	1.80720361927178	-1.32771490236389	-1.90904852213971	-2.21638956072444	-0.13911823005956	-1.34998075152501	-1.92751221192152
1638	v1g245483	0.2972271648558	-0.297441218218999	-0.241788910282364	-0.368408657074523	0.239157537795055	0.795618539501964	-0.0885697592052713	0.0994146511003806	-0.192148113967005	-0.349974811654675	-0.0498976974903729
1639	v1g245503	-0.681538064735147	-0.342635605623694	-0.70222650896769	2.53484052488354	-0.529376550224148	-0.207740364331789	-0.140408149044697	-0.369590098142284	-0.494849925012084	-0.574848526530626	-0.254709343610322
1640	v1g245535	-2.19612488575376	-1.40508115403346	-0.564569093813591	0.458710071535766	4.04353972050538	-1.00585645933356	-1.18180054408605	-0.597737831571636	-1.25521061523386	-1.43722777446831	-1.13060225235616
1641	v1g245591	-1.31354449658857	1.95055156762062	-1.74140355221609	-0.568543386408797	-0.702091624245286	-0.604929717152051	-1.34354118209615	-0.608612427780539	-1.83042150489633	3.08917537158992	-0.999217441560027
1642	v1g245598	0.0454665317593206	0.533410438725782	-0.522801118294966	-0.0072682003334601	-0.442189154306821	-0.428875590691353	-0.22622153900062	0.245723085945475	-0.424765080750018	0.0465035100531841	-0.578549787804354
1643	v1g245642	-0.0221073922543672	0.0503560370871628	-0.0107144526193576	-0.0084823965830991	-0.0222957043847909	0.0516021715740005	-0.063343718037502	0.0142713636473064	-0.0634146135872746	0.0395447877750727	-0.0629141561996353
1644	v1g245671	-0.205613723379825	-0.114782969342393	-0.305856160765146	1.36611856023289	-0.136151113808101	-0.0993663057009321	-0.141736267514177	-0.203848377523094	-0.294216995303415	-0.293028338734623	-0.300423512654277
1645	v1g245761	-0.00124031657748558	0.052023634357162	-0.0366442619748106	-0.0348819219952089	-0.0280635799043855	0.0669867296767353	-0.0322157475563214	-0.0329321175365358	-0.0335325471910477	0.0222064819941657	-0.033173993971239
1646	v1g245862	-1.69688891412133	-1.65520479737113	-1.57775889974317	-1.2753767326754	4.73703760178938	-1.35618863582032	-0.989710663678243	-1.48948501444747	-1.09493259031966	-1.74157696851996	-1.63671013276828
1647	v1g245886	-0.999806068967815	-0.976870600815132	-1.07360492837899	-0.139294215578599	-1.02695750167027	-0.787670727502546	4.8055569754815	-1.11882398663425	-1.18564445726318	-0.957379137611282	-0.708360568197952
1648	v1g245888	-0.0627883569973597	0.0752182858211149	-0.0226152369839704	-0.0429636052500481	0.0139295592945055	-0.0846626310873062	0.387974120293963	-0.0868509346078369	0.0064102643335442	-0.0878522788830293	-0.0883794230425531
1649	v1g245974	0.49095821480412	-0.466151742268117	0.28531813798125	-0.627086345422319	-0.163569014652358	-0.62194987158214	-0.265435591570071	-0.549284583698433	0.0842433257320987	-0.825296744061964	-0.33258791433056
1650	v1g246058	-0.307843573839413	-0.265795604980896	-0.315045528762318	1.70770619685226	-0.228696182633062	-0.321295659017512	0.171011791347784	-0.141064349068107	-0.336698464670249	-0.337994427231574	-0.334257952827253
1651	v1g246101	1.17869135957347	-1.26042099486315	-0.915646804454827	1.1852636523627	-1.01491001863121	-0.715044214458885	-0.580723142282308	-0.0532115450811077	-1.17943850126384	-1.232725447333	-1.233051462684
1652	v1g246106	0.312534337634401	-0.0875894443030388	-0.305144684411223	-0.387372431323599	-0.162473145849069	-0.0242256251742562	-0.404151011976043	0.570186616630945	0.777372216141615	0.167319601104583	-0.419114447209194
1653	v1g246108	0.176726583134725	-0.0327907562544907	-0.157495249265386	-0.136767337064077	-0.0455225984813286	0.133873296683252	-0.0908630535319623	-0.0711700531022232	-0.0755807948365761	-0.0106720834297317	0.0924212927854028
1654	v1g246132	-0.214882303518668	0.403012004017719	-0.432112408595389	-0.636217142148859	1.1854469566832	-0.200253447489777	-0.255988953037883	-0.531163212541231	-0.207645406390662	-0.662545625833405	-0.581284395155252
1655	v1g246133	0.746056602972646	-0.429179515443686	-0.297467961563378	-0.128866599815951	-0.385906547191291	-0.129944083134143	-0.335885405710754	-0.433067342666908	-0.571679717212372	-0.570970208778028	-0.27715692696837
1656	v1g246170	-0.719954132560342	-0.542767963823051	1.56679597933096	-0.437276679526292	-0.200059418302013	-0.469931318547017	-0.402833052958893	-0.49773191250567	-0.446147066102846	-0.570174094446276	-0.574854023015681
1657	v1g246194	0.610705583751317	-0.305524379487702	-0.300813718027337	-0.101872286860976	-0.355247762683816	-0.241782077582638	-0.346744271087439	-0.000518992433810317	-0.427717925110944	-0.0338277311303678	-0.122347698246153
1658	v1g246240	-1.68910932527441	-1.35789650748082	-1.16195783888864	4.19040992738036	-1.00039882261405	-0.884787655598195	-1.22447844489353	-1.69667214541716	-0.919455418974099	-1.25421530818277	-1.6859513025626
1659	v1g246279	-0.0376856154465292	0.0586190347931909	-0.0330883719691226	0.0535444068178755	0.0306903749891852	-0.0421430237745328	-0.00903196293101178	-0.0446455997241326	-0.0394368756676303	0.0639187171384153	-0.0493252845408705
1660	v1g246356	-0.564877593094892	-0.340494679644916	1.28409413482887	-0.387650466367853	-0.258018111351677	-0.49533858252536	-0.199791984276236	-0.399146102763516	-0.343861109474149	-0.437575460731132	-0.485812490698012
1661	v1g246390	-0.0107356622171697	-0.219361778153848	-0.19175150978712	-0.142551397517443	1.19632662679933	-0.207662072096396	-0.130401738615081	-0.133325670236309	-0.221174411935834	-0.219185698158088	-0.219403528944953
1662	v1g246439	-0.00236679695453712	0.0795038821759691	-0.0142537222447917	-0.0308794663221679	-0.0554855092892174	-0.0481542426918721	-0.0906516363200448	-0.026949275971279	-0.0759693084308624	-0.0448103842268649	-0.0911427044877197
1663	v1g246737	-1.11007127212127	-1.16669634760085	-1.56384539481463	3.86773111816966	-1.12538437929276	-0.669537851255648	-0.630540655681535	-0.651388170624037	-1.35772000286952	-1.6840521503784	-1.1981032924313
1664	v1g246830	-0.456959452197603	-0.0182415118053245	-0.340289618800231	1.87671666243976	-0.468437051854332	-0.506294224192098	-0.44091872017004	-0.351157369169031	-0.655515141745443	-0.143807420880715	-0.717716628948354
1665	v1g246912	-0.637553907943542	-0.470234937055504	-0.49679845294154	2.36884458831911	-0.282879633940517	-0.368443707145881	0.082684962595605	-0.39640259703371	-0.0924464252473111	-0.21720173650472	0.0134253893803612
1666	v1g246932	-0.00320518853225087	-0.00856355948479859	0.0309862628100611	-0.0122984468320373	-0.011235103825674	-0.0118123465160849	-0.0116807375539949	-0.0116401931193387	-0.011637217662301	-0.0115447511126371	0.0169275491836813
1667	v1g247004	-0.0682565658691241	-0.0285939539368835	0.136198659429104	-0.0715501404432357	0.0584141488421241	-0.0679045496797947	0.0692462787882315	-0.0675830346635612	0.158188375619894	-0.0666832266428243	-0.067320943457652
1668	v1g247007	-0.0266432163448063	0.167744327515221	-0.0901231041796197	0.013233633684743	-0.146127668764901	-0.138139648655806	0.147963861786901	-0.13928659438422	0.0132507092146964	-0.137884325050488	-0.139565071220168
1669	v1g247020	-0.190204080649036	-0.148506780732577	0.542672315890107	0.0212472871761552	-0.15029025674833	-0.216542632425249	-0.134485128120303	-0.0896479058455967	-0.253780994155229	-0.0417653857551521	-0.251943779949125
1670	v1g247105	0.288368156757928	-0.0519737937326686	-0.255627695729718	-0.0226206465859026	-0.131876880712044	-0.184726092373483	0.0259323546520958	-0.225734760916363	-0.21983358885959	0.123541383249527	0.0112680873351217
1671	v1g247139	-0.341516913379507	-0.552058208721574	-0.90681248037819	-0.150818611185405	-0.626833405731425	3.38223239799836	-0.843562206950805	0.784535115585369	-0.930049251445406	-0.829860614648095	-0.129425722752363
1672	v1g247194	-0.687837415847217	-0.495598592447934	-0.760190618037616	2.66047480056587	-0.438047409621422	-0.470327465810325	0.287377596323871	-0.516686066298438	-0.666760125068553	-0.524829715662831	-0.377129294508504
1673	v1g247211	-0.0259594386621861	0.0756993380353486	-0.0457023610808175	-0.0858976968425207	-0.0673559820092192	-0.087139949402838	0.199177904706043	0.356687448073505	-0.0622250130254391	-0.0175230033888543	-0.0852799170234512
1674	v1g247215	-0.899612554633247	0.799351429929122	0.52609331208109	-0.0468855203853673	-0.7449410342182	-0.0444993913934812	-1.26807193704404	-0.710196043095819	0.0496043218253259	-0.739943138827315	-0.658435479648126
1675	v1g247234	-0.188874928656565	0.443890335141968	-0.40864049887969	-0.2897348560264	0.962164571436659	-0.337938735084354	-0.759777880424627	-0.648256059294136	-0.132533130146977	-0.424891723785252	-0.539124550164895
1676	v1g24727	0.451402145046077	-0.365082912565093	-0.367215997145524	0.0542515643739495	0.231728832412184	-0.183807973403058	-0.0247036518661967	0.116044716488469	-0.217336159923764	0.176287169179271	-0.305826479077093
1677	v1g247411	1.78214966793078	-0.933465427635986	-1.08966945824978	-1.02676440050788	-0.939579796110143	-1.03922813603859	-0.672420281323137	-1.06252853098363	-0.679537555559367	-0.578112786411516	-0.520526935319393
1678	v1g247415	0.0597595492762761	-0.0686126033233377	-0.0809470145449831	0.214708083260477	-0.038257013538977	-0.0637270517461743	0.108134837861648	-0.0109566089518081	-0.0675792451310767	-0.0659620707389527	-0.0669835754589449
1679	v1g247433	-0.159200403495847	-0.146863128123148	-0.12492294638472	0.0508399063274173	-0.0062233111795586	-0.133135116706656	1.74479677600993	-0.131269315196167	-0.131237111644998	0.0697783354687808	0.285571662287068
1680	v1g247586	-0.0105794730278655	-0.0253597583109049	-0.0485187328614046	0.291943092814462	-0.042078009648898	-0.0413376361797178	-0.0406329756423188	-0.040338089704411	-0.0403278802291926	-0.0400921493363112	-0.0400105807811651
1681	v1g247680	-0.0038747754185029	-0.0319085069329066	0.210046441427677	-0.321091126589542	-0.00858868809956537	-0.176762090884158	0.547238857865813	-0.50783042172365	-0.238491826235858	-0.139311136587014	-0.574491908713206
1682	v1g247798	1.25746363231225	-0.947348664625286	-0.735185125560298	-0.200902663041129	-0.591398046097277	-0.734181434186693	0.0454178513572006	0.0892392027044013	-0.56425069623325	0.148366135074416	-0.391671552140089
1683	v1g247835	0.898962087050643	-0.460023598772874	-0.900618296117795	0.715585962916218	-0.760969156398078	-0.442779600042444	-0.703928057607676	-0.575791661307939	-0.698271695279472	-0.936481282301373	0.129182594567415
1684	v1g247892	0.304960846473777	-0.179876162034492	-0.102052942813365	-0.147378305933269	-0.120321696577296	-0.179857744962857	0.226809087868997	-0.120389280950091	-0.270393756848318	-0.145083580888927	0.044074836819638
1685	v1g247901	-0.109216956423855	-0.0143734581317531	-0.101567826581657	0.6917876716771	-0.0987390449046497	-0.109873606874149	-0.0768373865996579	-0.108267673649195	-0.108297920642781	-0.107210251414272	0.0538745506401535
1686	v1g247932	-0.258513609298795	-0.205907194422211	-0.262568543596958	1.50850840365302	-0.204058553621108	-0.218796178610132	0.109288771755418	-0.250246518403733	-0.226042701398427	-0.250268423126553	-0.247933857346941
1687	v1g247939	1.490295216414	-1.19868634537319	-2.05424553397798	0.271354208680694	0.579008163481928	-0.489460569577291	-0.891470104744756	-0.841266879989837	-2.24694244842227	-0.590602677408011	0.915860025495243
1688	v1g247951	-0.243767914426698	-0.162800871814343	0.559205421244634	-0.0797572008924957	-0.19968098102523	-0.144256146404064	0.400177827550683	-0.18903096903193	0.0189091223221172	-0.22139207044245	-0.0800908325733055
1689	v1g247993	-0.172414808985668	0.00591130460373201	-0.042511839993275	0.733503249281211	-0.138144959815019	-0.0660025739620045	0.0404056484223239	-0.142627735003594	-0.193008815776724	-0.202232816487443	-0.191503462995647
1690	v1g247995	-0.435125918694482	-0.424488805497846	-0.504121727230006	2.16483411365236	-0.425003990217322	0.174197183519256	-0.18964841502389	-0.416757010554306	-0.235104686216539	-0.398951565450873	-0.324088206418757
1691	v1g248008	-0.262444671018235	-0.205241081261788	0.705661600235068	-0.147865816163769	-0.0853502300375164	-0.0957863903796053	-0.1902406502726	-0.19323344147803	-0.190702652731816	-0.189914915680254	-0.191040692745358
1692	v1g248019	-0.5835384868928	1.1979656993418	-0.584000326426735	-0.181853479896844	-0.345497990467083	-0.406852545267737	-0.332905515957512	-0.0549191819391134	-0.458024896024274	-0.409698153433897	-0.404447462674251
1693	v1g248059	0.215698495278235	-0.0925096036990806	-0.117681848625676	-0.0694503875989524	-0.0804536957735667	-0.126829418221261	-0.0438002014577717	-0.10030076496476	-0.117595675858123	0.279239707379643	-0.0206405776203025
1694	v1g248162	-0.131202689434248	-0.0935248923679607	-0.135249373004488	0.682413051919388	-0.11744735028274	-0.113688880228307	0.732179195574834	-0.0398307786711725	-0.0885137924743498	-0.0674553528246473	-0.111766842160617
1695	v1g248201	0.0194941191453732	-0.014576571229081	-0.0183574246130396	-0.0177402358999552	-0.0174976026056146	-0.0167134908509191	0.123811192431085	0.0547115168931225	-0.00689610556263931	-0.0169614475716987	-0.016296876475788
1696	v1g248216	-0.0476029883821023	-0.0830986869074102	-0.0797874243654753	0.0175859173960697	-0.0974800607553689	-0.100100878617088	1.22879379587253	-0.0978992316155443	-0.0211095907856876	-0.0989654181314381	0.0429791833195649
1697	v1g24822	0.241194621103551	-0.152528385197192	-0.0758418426471794	-0.128374827056157	0.00354699169359982	-0.0802460260121809	-0.151047562556704	-0.0765857793493139	-0.149761951828341	0.164123235758865	-0.00425466120453888
1698	v1g248223	-0.242081053081158	0.261871265255085	0.434174823848385	-0.381102010162133	-0.315378319673508	-0.314501094643373	-0.37935681754292	-0.270871071558562	-0.189303658169547	-0.482058253471032	-0.231224824558552
1699	v1g248296	-0.274973615048758	-0.197028792625631	-0.149165600437702	-0.11781558935839	1.59490822734483	-0.227813770129506	-0.246325557501672	-0.246364788083255	-0.206322713095179	-0.129838502070473	-0.244499176480731
1700	v1g248502	-0.039589008087968	0.026073103463617	-0.0236342585982047	0.0455606725843439	-0.0154740130437359	0.0640498830761595	-0.0466579740862703	0.169456187787088	0.095063667115748	-0.0605608595728504	-0.0065741093528227
1701	v1g248548	-0.938200630671686	-0.73919460140936	-0.415262678260546	-0.653447601605662	3.18279458010227	-0.571187814356243	-0.604042321617245	-0.626484716937462	-0.247998120105244	-0.552328700354884	-0.770572288844407
1702	v1g248550	-0.171590085171165	-0.127779876405986	-0.115358679878865	1.02265637825053	-0.0545680532235765	-0.133192941512656	-0.152901944113707	-0.146740928816525	0.0574719959532744	-0.145956024803521	-0.144867516005137
1703	v1g248620	-0.00135086733791959	0.00314282639983701	-0.0337771994792664	-0.0370316372505412	0.0136273881395679	0.14828928058127	-0.036706019415508	-0.0350407262404919	-0.0350545365578057	-0.0351550402303737	0.347229131529481
1704	v1g248763	-0.471987358885181	-0.369727204934956	1.19280396413345	-0.340373348014252	-0.300699311337127	-0.281611792566655	-0.398330465214119	-0.153186694990294	-0.401113581295216	-0.399184525306383	-0.135136291080355
1705	v1g248834	-1.04263195844637	-0.738463976402056	-1.29014549138895	3.46075767452046	-0.804395216592999	-0.756070194657735	-0.458327041415989	-0.208332710966355	-1.42061529839792	-0.904917658330179	-1.22313075258741
1706	v1g248838	0.0196654876625864	-0.0443409093008507	0.0259801682250064	-0.0460414735188767	0.063396822128804	0.0533605919513793	-0.0473662346756034	-0.0494088644701276	-0.0492671406439265	-0.04850800729852	0.0727552494025398
1707	v1g248843	-0.040195104142043	-0.0748150309803321	-0.0500563520523677	-0.061088205223089	0.184533522383569	0.67660062216564	-0.0623774204429032	0.000530325574853732	-0.0718072596749036	-0.0706966205756761	-0.0706707128909001
1708	v1g248888	-0.0659919909253434	-0.0195945925353503	-0.0455751855916394	0.388717878843819	0.0154022312392065	-0.0480143628802134	-0.0336101732815892	-0.047150234723058	-0.0471383291019355	-0.0467683082954849	-0.0467683082954849
1709	v1g25059	-0.0960420112381316	-0.0561027538468591	-0.0948594058409429	0.679504461969108	-0.060505291741021	-0.0863537105576327	-0.0856476328374399	-0.085389842526793	-0.0849597306969317	-0.0841407323785959	0.17505100358815
1710	v1g25116	-0.009718662801937	-0.0104098859955723	0.0640700508963626	-0.0225008484351619	-0.0287620831586949	-0.0435294089542698	-0.0425994126392507	-0.0493384980913576	0.0768478710987403	-0.0421122241243662	-0.0419718361570144
1711	v1g25219	-0.202664692284439	-0.0720372828831624	-0.115775511911174	-0.125041484399189	1.15618408517507	-0.154825058004638	-0.14371851912568	-0.153214797616251	0.134766125031119	-0.150928713302194	-0.151054284496334
1712	v1g25267	0.380947165010636	-0.12374878612537	-0.271948924647179	-0.112860617701722	-0.27580110296344	-0.218621600590268	0.494683331457546	-0.321675594559227	-0.0845757609053249	-0.374129876327467	-0.332368569243123
1713	v1g25516	0.105415642979748	-0.070212344253687	-0.0298823733439793	-0.0618152516084315	-0.0124596628102604	-0.0451644612180039	0.0497849374922804	0.0518355803952958	-0.0666478237343895	-0.0645579781012677	-0.0653828177118168
1714	v1g25829	-1.20972567102623	-0.813359330815171	-0.383199234836541	-0.868986660249081	3.45609243414688	-0.523631403514921	-0.873010293155628	-0.927228782327914	-0.469925796231163	-0.485472952179644	-0.747126697040727
1715	v1g26281	-2.56924270586933	-1.43239611746507	-0.335425038480309	-2.06676052459444	4.60516681373587	-1.31005896744335	-1.17221253904941	-2.52050000232198	-1.26428171210819	-1.83077122080372	-2.30542793785616
1716	v1g26355	-0.146343169209549	-0.14306655756852	-0.226080854600884	1.19400118326216	-0.23914735529816	-0.134824408409086	-0.0726108558202719	0.0741317119910972	-0.215602632345934	-0.116425234847237	-0.135936920188449
1717	v1g26704	-0.161008379521681	-0.324831905397907	-0.337403813854911	-0.221348867956149	0.555471476517035	1.04249547367759	0.0551797611507955	1.80560532926325	-0.39103730988826	-0.146591358310049	0.803355682320158
1718	v1g27059	-0.0690564524104034	-0.371301541433369	-0.145219998137219	0.312153827305302	0.574573000890268	-0.0687393560058015	-0.205472881906756	-0.305042299448537	-0.0868475227629794	-0.210321725426189	2.24887043324846
1719	v1g2890	-1.6300802543874	-1.27074275580422	2.76015406258478	-0.754045000427106	-0.867204445588108	-0.440644133761719	-0.98439357629274	-1.07376972649288	-1.14200906190159	-1.3312337086915	-1.17968170608867
1720	v1g29089	-1.71971100026242	-1.31208581457513	-1.27238267795465	-1.41654580506098	-0.972015349412572	-1.57404669600768	-1.371042077845	-1.35092588452825	-1.48321724399336	6.99869889836736	-1.3903048575168
1721	v1g29680	0.137335642570098	-0.00170010765281953	-0.0834081317594704	-0.110981284090969	-0.0557310888803358	-0.0317307172490036	0.0815843983706846	-0.164942002223246	-0.168762180441742	-0.163817285715956	-0.163460868910277
1722	v1g29743	-0.0170045379139725	-0.0104516892579375	0.00332702579259509	0.0522253503731514	0.029855273262863	-0.0127035086472579	0.0109162839457041	0.0288563437690455	-0.0125152247188761	-0.0124158117088018	-0.0124158117088018
1723	v1g29762	-0.0313387572521494	-0.0414964071873697	0.131300437046274	-0.0338735411660566	-0.0332477427614216	-0.0351701140655252	-0.0321340122721776	-0.0323031169653156	0.0592614145314693	-0.031469295446454	-0.0318684017627064
1724	v1g30846	-0.0254831982969586	0.0297159571024994	-0.0368809019660266	-0.0379056720730085	-0.0430830084332568	0.104596570224106	0.283369816087876	0.0103799072307446	-0.0473289840381411	0.0414081673281537	-0.0469385244171746
1725	v1g31543	0.150395690031401	-0.0912494308646246	-0.0503266494149102	-0.167698104139863	-0.0819548655358083	0.064716199486655	0.351744687211533	-0.0766590891895911	-0.261510074798138	0.123251385132095	-0.259357601491153
1726	v1g32224	-0.313604546301852	-0.158240336978765	0.641427518173991	-0.0310952154702619	-0.302280206746593	-0.0838609784252633	-0.195496236767668	0.0289544582573928	-0.0424936064367153	0.751318680386412	-0.185690829979295
1727	v1g33294	-0.179376671434654	-0.147093319483751	-0.191054160776882	0.670808956081714	-0.179426988737413	0.959960498397832	0.543993560949029	-0.211999255547617	-0.211513437775216	-0.169430941039729	-0.2097891760211
1728	v1g33439	0.324906878541212	-0.0986079245882872	-0.197630558853313	-0.119624480632694	0.0463521269406278	-0.21501391285997	-0.244924041231204	-0.30227981573554	-0.128271307448385	-0.152681937693932	-0.211129272538251
1729	v1g33556	-0.107425564848346	-0.0534865862176638	-0.0951323351388804	0.602440557643457	-0.0911418443760978	-0.0892476628066092	0.395490327109191	-0.0880052923601086	-0.0879628967856002	-0.0275631915165983	-0.0873609031933353
1730	v1g33694	0.00354984862930585	0.135434881350353	-0.0855456450244807	-0.055789798133992	-0.0715545675904223	-0.106467699768376	0.0741422844780812	-0.0248391336413111	-0.105278558556867	-0.104538687607389	-0.104269068512668
1731	v1g34520	4.89037241040852e-05	-0.0255875037856952	-0.0236886835019882	-0.0207741544836451	-0.0205199081194793	0.26078286836771	-0.0198101330808921	0.151830846408852	-0.0196603218820237	-0.0195045352332497	-0.0195045352332497
1732	v1g34948	0.185915710812534	-0.0802992110486235	-0.0924283945924197	-0.110069231663062	-0.0935008905056542	-0.0731297201192261	0.19316208695607	0.0062289734312098	-0.122822197732749	-0.121975605942244	-0.121655340568074
1733	v1g35184	0.0633221581177057	-0.0886168155560791	-0.21280119624791	-0.228081640042035	0.777602546369973	0.0738714502540998	-0.243616587573105	-0.0725120711906572	-0.244851274225533	-0.242296786467391	0.192762093814033
1734	v1g35484	-0.0175664333299904	0.0275947842043453	-0.0259911792302288	0.0348086071440829	-0.0288491564725296	0.0935568369189841	0.00171731276135471	-0.0276510134901144	-0.0276439843732605	0.0161947684632232	-0.027425534748063
1735	v1g35540	0.00815718446329433	-0.0024175982470851	0.000920690910837189	-0.0231651562906379	0.0289467221199123	0.00584339265725094	-0.0221606930872259	-0.0222423291549602	-0.022247679845691	-0.0217405011007025	-0.0221084166271913
1736	v1g3582	-0.328518749867387	-0.370024100206919	0.8800112573472	-0.0673682866265188	-0.0991373100762997	-0.257734859317782	-0.185467630298144	-0.154912673222083	0.0948477961902929	-0.300390541613292	-0.148820787714432
1737	v1g36091	-0.0547156068026419	-0.0245311916510693	0.0196559781975638	-0.012463278740845	0.0820493328338669	-0.0596009373650676	0.074813954258054	0.0634150806041621	0.142742514445825	0.0243388383082801	0.442956648934797
1738	v1g36977	-0.133276994781756	-0.101079303578427	-0.14088267375305	0.953865932839592	-0.139349556663182	-0.130230878007548	0.00525347941675777	-0.133526487777217	-0.0545391821250229	-0.0353363160538505	-0.132211047246739
1739	v1g37546	-0.0270816878726066	-0.0227288933899577	0.0933695357649086	-0.0417656850864273	0.0209086624663341	-0.0378361520855865	-0.0374216319297967	-0.037127556617914	0.0169206212062781	0.00216581494647817	-0.0371441015160034
1740	v1g39271	-1.55010028047722	-1.14494006238113	-1.09432643060677	-1.16724640534427	-0.786468801898704	-1.15287790895851	-1.2508369926562	-0.958780654198153	-0.625999642553537	6.66427555215455	-1.45954998030242
1741	v1g39308	0.683569116079219	-0.362383067941004	-0.395877675587136	-0.0929774170634055	-0.309094098348541	-0.180203412599094	-0.203891606167213	-0.168968402014241	-0.348641008310464	-0.043165475289854	-0.348088559684868
1742	v1g39632	-0.148778455354701	-0.123664938386121	-0.219204355273431	0.446465836647548	-0.208155947635915	-0.000623858531571903	1.5731882333895	-0.0391618514344428	-0.208247459348247	0.102413774799991	-0.207635907589627
1743	v1g39668	0.258855835955406	-0.0712917096016804	-0.180079700793532	-0.149149731422264	-0.0920032661563057	-0.0400914540642769	0.0699750052369043	-0.0205383552825046	-0.0773339987509245	-0.204415065280615	-0.205379255762424
1744	v1g39891	0.0268890019301059	-0.0815368458104786	-0.0220499901986369	-0.155873155271429	-0.00956228307510298	0.186953430902148	-0.13506608370739	-0.183787975152561	0.595319895325716	0.848792721883663	-0.26178048104414
1745	v1g39913	0.359712393457293	-0.123440533589801	-0.190937508932742	-0.161007225893444	-0.133758300693111	-0.0681337903837335	-0.178963465131189	-0.177267521405781	-0.140168085424997	-0.177116435648982	-0.174068829633692
1746	v1g39916	-0.138619552134958	-0.00925398425495316	0.160527462113062	-0.0376153239015682	0.0196200344194726	-0.0795843564198003	-0.0799656460087944	-0.152453070277505	0.507837058981975	0.458636081332775	-0.152885484520172
1747	v1g39924	0.0672874258975317	0.109101348802386	-0.159767210662178	-0.173297195284648	0.111127936305079	-0.0687814305326375	-0.0901384572516039	-0.174872368467877	-0.173770946456952	0.392931851518823	-0.172079221096029
1748	v1g40000	0.121474218217042	0.147652427291595	-0.286655359810599	-0.27609978696782	0.132831783075591	0.419752833012201	-0.136842428399622	-0.399071106279694	-0.349151341742719	-0.0504639045780858	-0.502294021879298
1749	v1g40130	-0.00557858683861992	0.00229636674782223	0.0177495167502666	-0.00356117746680057	-0.0352956254597754	-0.0186339124181715	0.0403964676154046	0.0942794288068632	-0.0799090080350215	-0.0825250126111384	0.0305636834487097
1750	v1g4044	-0.403965572488281	-0.24886990741304	-0.149898961778336	-0.302427925506496	1.90269942566422	-0.302796213748642	-0.119661518627216	-0.285257206728344	-0.0896784947317804	-0.297691678920957	-0.225469515526493
1751	v1g40616	0.557817454553391	-0.251531611963986	-0.365446858343231	-0.00554595133855379	-0.248971404520268	-0.221487221283601	-0.341326968537055	-0.151724221380503	-0.289592016547382	0.0274965984571636	-0.0471659962458059
1752	v1g41969	0.00653421658914551	-0.0348572109296136	0.0331372073320806	-0.0582196812520747	0.0666087082911047	-0.081096682929891	-0.0334235456859847	0.208566232240984	-0.079946954775615	0.115785551846173	-0.0797779070765942
1753	v1g42247	0.0367898524128679	-0.0626352871612143	0.0167443719336575	-0.0240584152414295	-0.00185667804559968	-0.0599634288155672	0.0903088916044905	0.187130993126001	-0.035612895275806	-0.0597476561308694	-0.0586269182723758
1754	v1g42342	-0.698543684963559	0.237367450902967	1.07883607479231	-0.515564510936373	-0.627685647006447	-0.79737824762037	-0.277166958614479	-0.289399776612218	-0.791791664106883	-0.344896215258606	-0.384382532827249
1755	v1g43460	0.605445721147231	-0.302214160153789	-0.364480154472136	-0.376409158322039	0.137610359048116	-0.241954620101754	-0.196252953854846	-0.0511238769420125	-0.353464221590332	-0.254058989553028	-0.398741914194266
1756	v1g44380	-0.0304388055447063	-0.234560196072918	-0.330689375883611	-0.241871419195168	1.50577369832022	-0.258167170507216	-0.289416878496097	0.0353250794073501	-0.312919344061219	-0.371665478550987	-0.357027629944002
1757	v1g45475	-0.0092992899445336	0.0231875678461561	0.00154500634185073	-0.0184815254066237	0.0293532853564992	-0.0255240789971342	-0.0259173193146753	-0.0252360195790727	-0.0252295990198591	-0.025372620825285	-0.0248897641801304
1758	v1g4553	-0.394497120164967	-0.166303964620861	0.236146834697653	-0.305932655288859	-0.274330229094382	-0.305565691058614	-0.293991050450984	-0.305745241445989	2.73575040762683	-0.301847046719622	-0.303553603372079
1759	v1g4663	-0.260226504218669	-0.102059596958225	-0.294519688413732	1.42214588105807	-0.223120626595649	-0.107145102806795	-0.13314127473717	-0.141598482499617	-0.186126085013187	-0.147200178861353	-0.276352613464336
1760	v1g46765	-0.027696430890146	0.131231778228427	-0.0337515781178693	-0.0888456706792151	0.00566461860272703	-0.00568444466460416	-0.0976153508112929	-0.096810303167903	-0.0968416946779935	-0.0961008197162189	-0.0959035893353997
1761	v1g46820	0.00742320233025042	-0.017562266826365	-0.00368900953101069	-0.0143631309473812	0.000957504052686992	0.0315380666065052	0.028005791999685	-0.013635870439149	-0.0136323872544814	-0.0135241417372543	0.174265805199635
1762	v1g47103	-0.145881219570364	-0.0531247784631806	0.346734330106531	-0.0543481539528055	-0.057257357748609	-0.0341031335454123	0.0126500679943858	-0.104908024176684	-0.170789910803947	-0.14904677051488	-0.185778912842598
1763	v1g48313	-0.0906930395379115	0.033358151943979	0.112119019665711	-0.410342180499497	0.486828923185907	0.431358842214872	-0.0950638581902118	-0.349253699222809	-0.673811712678132	-0.591216459112836	-0.522476975215899
1764	v1g48861	0.193302059913898	0.130382806579063	-0.106747355628991	-0.233116683108848	-0.256221513544573	-0.198416306415217	-0.241631525647406	-0.247653514620007	-0.285476421492957	-0.276887929558906	-0.128729523243884
1765	v1g50817	-0.415696421431874	-0.535016600258688	-0.415115329671636	-0.220111468330558	-0.437827850182199	-0.368449636178863	-0.362042705324636	3.9203783303381	-0.370482669263787	-0.222895272516353	-0.0836869912346822
1766	v1g50912	0.656191159724296	-0.385138049556092	-0.280799622061918	-0.269516117674713	-0.254029021623558	-0.287812054554524	-0.0397340943144386	-0.163751961184073	-0.332955632655061	-0.372513409232312	0.168422247023953
1767	v1g52055	-0.00986831728837411	-0.0508051903363549	0.116173262928391	-0.00891254192641337	-0.0413205287802977	-0.0402437840783616	-0.0141925471032151	-0.0397218278678466	-0.0396719834863263	-0.039171387807439	-0.0414199013341572
1768	v1g52329	0.0424959622427125	-0.0377931221236627	-0.0245040851035291	0.0491414991861617	0.0238345311269627	-0.0289797967633546	-0.0330775312120493	-0.0297930732987652	-0.0298592435302405	-0.0288734500575754	-0.0423369979823574
1769	v1g52570	-0.594264457300452	-0.619768351402518	-0.663893707875387	2.68972997156974	-0.398627184890629	-0.628313517694523	-0.496238966731778	-0.210077538273688	-0.656111304593734	-0.315275515629109	-0.584239683578736
1770	v1g52909	0.0801203879629971	-0.108299663006133	-0.0873464981366124	-0.0894038069084253	-0.0717318694283991	-0.102815869207999	-0.102138966789828	0.789475461876127	0.146127236328931	-0.0975068072166988	0.69725529630484
1771	v1g53825	0.0220579407462476	-0.227930103094228	-0.205477449702765	-0.0875985463244046	-0.206514646073841	-0.175287454114939	-0.264832091945164	2.34477571581563	-0.263097402248188	-0.134718133940023	-0.147128527866764
1772	v1g548	-0.218411638829782	-0.194889998936627	-0.195362754425452	-0.184515518587637	1.50944992394082	-0.0755675506799604	-0.21464907784452	-0.0703386458502514	-0.0658680877694857	-0.211728586663706	-0.211710355454584
1773	v1g55147	0.0181214104500352	-0.0867422980113983	-0.0839547442518194	0.490926580068703	-0.0581805592455338	-0.0895565682851903	-0.112879814917225	-0.0424014161280161	-0.111347475154694	-0.111156918962814	-0.110925241023206
1774	v1g55430	0.0770136579675048	-0.043887148266508	-0.0210603627358339	-0.0726375733576334	0.064886067526271	0.0165521481944054	-0.0686368904870453	-0.0698755432214973	-0.0696710918437417	-0.069503417468337	-0.0691173896228357
1775	v1g55551	0.0162592433887987	0.00245567817758518	-0.0370408438680407	-0.0102749496121839	0.0492848364233466	-0.0363628093286003	-0.0357386186743896	-0.0359932798709459	0.148734487922399	-0.0351720713412591	-0.0359042397177562
1776	v1g55558	-0.0812256665806278	-0.0102505019171947	-0.0701806431583248	0.45249901301894	-0.0531401962988999	0.0184540019198163	0.0525794750915798	-0.0583257407927195	-0.0583681212931813	-0.0579117054328398	-0.0586532534377129
1777	v1g56483	1.0141825155122	-0.712766170695877	-0.585282307100103	-0.535859564060229	-0.358922263477819	-0.460076257185058	-0.353314624418729	-0.22464811209496	-0.155562665679239	-0.377571653117117	1.49737274526092
1778	v1g56592	-0.104291433250849	0.922460920165273	-0.641823418263545	-0.142247013470866	-0.605080726013615	-0.463578369238509	-0.539300952948905	-0.278488024619285	-0.900095048952465	-0.297529958677429	-0.685011948250496
1779	v1g57113	0.19539792182795	-0.129337387391969	-0.101903837556434	-0.0307326585238311	-0.114800777144635	-0.128157091613116	0.254690735788427	-0.124072210937075	0.0833798006833969	0.109138136265841	-0.125501790721664
1780	v1g57160	-0.128071370631388	-0.243654597337021	-0.263572336329263	-0.191457011953375	-0.155469643633545	-0.0164351763157957	-0.247993141627807	0.0507513722003737	-0.260156527465269	-0.253487486075597	3.5173202165516
1781	v1g57260	0.0124964223466976	-0.0343369720964643	-0.012135090243899	0.0119558475390691	-0.0425186961314458	-0.0413575217188919	0.367183526073379	-0.0407608101069941	-0.0407504951460741	-0.0404299169405371	-0.0404299169405371
1782	v1g57443	0.310579032125426	-0.210157648838564	-0.258420576525111	-0.175918348304167	0.15116301716296	-0.225021786847513	0.821682248736776	-0.326660299730085	-0.24474206130526	-0.323268259781091	-0.325024001128655
1783	v1g58114	-0.162002131349499	-0.153890023370275	-0.103527327541216	-0.122517904382485	-0.0956525842808159	1.73632547793979	-0.139585022295083	-0.137887680398896	-0.138571662363812	-0.136269251503493	0.0514709618858395
1784	v1g58204	-0.0919908732329666	-0.0594336369017728	-0.14536194728115	0.820149474461678	-0.128194977746713	-0.0859288340163236	-0.0531607661887413	-0.125251914578637	-0.100204388144867	-0.124338553574649	-0.124687284251601
1785	v1g58480	-0.220501221524839	0.14334033680731	0.273594079761066	-0.185638164945122	0.0530122742992182	-0.0435746979272854	-0.29487432744524	-0.218033252439869	-0.000364233480286746	-0.185571136176455	-0.132052001852535
1786	v1g59063	0.035491011541244	-0.0213147244743355	-0.063170604060908	0.124712506274939	-0.0567027797063683	0.0447937550982704	-0.0469130930266538	0.0911139301505031	-0.0523575105973997	-0.0518787667468632	-0.0519261102645586
1787	v1g59496	0.481702826795599	-0.126624419942566	-0.296894605688004	-0.147791418761899	-0.210049208392112	-0.266272075859686	-0.169713692987138	-0.329895366742743	-0.185049727187966	-0.324250980952901	-0.326633381583965
1788	v1g6001	0.110741915019112	-0.151099667686623	0.0406686607060994	0.0234332316597688	0.0134148595710916	0.0766918015002802	-0.119889077449878	-0.12014193869039	-0.0957301589963929	-0.118041535106855	-0.118662201517142
1789	v1g60683	-2.11583397445928	-0.795763138871552	0.858854204106982	-1.80470725773727	-1.15015116877127	-1.63338431729795	-0.948211211103336	-1.80931486937385	4.94758735781074	-1.23803743228534	-1.53311254336713
1790	v1g60804	-0.0425724765338271	-0.0230195919752532	-0.0301874665618596	-0.0666789922707189	-0.0437158748798996	-0.0880546207174496	0.830128897458774	0.126022175842236	-0.0436031816566454	-0.0877000240672708	-0.086114450397149
1791	v1g60847	-0.11348101610087	0.143990800480175	0.0125493044381124	0.0655942349961091	-0.0426015025784751	0.0473959782822298	-0.109983295089352	-0.109532538150295	-0.082607281542036	-0.062340963573964	-0.108663962306896
1792	v1g61034	0.133897624003023	-0.0836311431273727	-0.0534612504509191	-0.0764121749402465	-0.0680170195398996	-0.0226878022601774	0.0459698609317333	0.0974979548163662	-0.0716902475100783	-0.0670203714935329	0.128903615085942
1793	v1g61309	0.0203127763776988	0.0026262159305627	0.00999312323727909	-0.0372006805622345	-0.000601045140789257	-0.0357424191434133	-0.036913011773734	-0.0352257372117696	-0.0352168059232843	-0.0346270571893444	-0.0349105094260536
1794	v1g61471	-0.0376910492901401	-0.0463915039741959	0.131925119994903	-0.0453599596942636	-0.0448233599702844	0.117933468702143	-0.0432720163015455	0.0158169721912732	-0.0429473988747975	-0.0426097918583818	-0.0426097918583818
1795	v1g63016	0.329677340605517	-0.219403215071252	-0.204690579113979	-0.00238149459771175	-5.92749541726278e-05	-0.0667648291299908	-0.150314816125607	0.114148230436725	-0.22411408150028	0.2067844579751	-0.220466296208336
1796	v1g63173	-0.0646381363767293	-0.114923752988556	-0.0562681408349474	0.00560087186015951	-0.0989925235032555	0.911011046399503	-0.0551382695020234	0.499416149689574	-0.0943221221971561	0.048772856721358	0.0421245672241242
1797	v1g65111	-0.00752739297766378	0.0563028654326578	-0.0506224236480783	-0.0795791269727257	0.0496920238228989	0.213340988013548	-0.0815338710496428	-0.0837649852905411	-0.0508349957435614	-0.0848456709083275	-0.0838444186833751
1798	v1g65149	-0.026612839678254	0.00694915963326821	-0.0033799949567964	0.114789002053521	-0.020123183607088	-0.0046674830038693	-0.0186123734526406	-0.0185320671955329	-0.0185273413218912	-0.0183804752344402	-0.0183804752344402
1799	v1g65450	3.07532431112677	-2.43793065019289	-1.97759541693724	-1.89498615262969	-1.95383178221712	-1.15468538884238	-0.91648340583866	-0.658243139496789	-2.76982543134764	-2.16115612552406	-1.31861966190771
1800	v1g65595	-0.0987211556805839	-0.0925938351252947	0.29935630876519	-0.0149259677020464	-0.0631919396071363	-0.0839236551460531	-0.0255708339609797	-0.0850037698007927	0.0347198126320636	-0.0878672438684925	-0.0881522786283148
1801	v1g6627	-0.00609661350957062	0.00845756465055485	-0.0029038896142056	-0.0105581882500915	0.0108408437894664	-0.0102010514347784	0.0483799411079277	-0.0101038265584236	-0.0107217414472773	-0.0103325097273157	-0.0100026822042021
1802	v1g66284	-0.197276119962407	-0.11508195913694	-0.0943164383096096	-0.132622184819266	1.19698689345818	-0.0559584858346707	-0.149311074125442	-0.14979318430591	-0.0694290109561947	-0.131975629253602	-0.148466548395851
1803	v1g66315	1.01171574477574	-0.874048292645986	-0.0860636432240263	-0.305398815103551	-0.716659972778668	-0.439993177234632	-0.657733624776356	-0.516847173034408	-0.552545626753189	-0.574352691084957	0.184191312489962
1804	v1g66332	0.0408256819732918	-0.00370855720569704	-0.0233903817584841	-0.0211008952965972	-0.0215274219809761	-0.0196728705342968	-0.0195296871826552	-0.0215205963206863	-0.0193819825993518	-0.0192283868205077	-0.0192283868205077
1805	v1g66338	-0.21471747395384	-0.120138910754377	-0.271371658029454	1.25744301240571	-0.107511111837906	-0.229378532247981	0.385892452591375	-0.196437815784525	-0.277061404637888	-0.284423095147344	-0.2750375898555
1806	v1g66805	0.167095244163805	-0.0248721782575513	-0.0354360873650414	-0.105164341036801	-0.159775178656095	-0.125146769371388	-0.177366078216366	0.0929605994511732	-0.216863244006124	-0.133187187740862	-0.114665305887254
1807	v1g67043	0.125791546734086	-0.452268637636853	-0.639865401736484	1.56742661797615	-0.485845376754024	-0.694723785584322	0.68391830346082	-0.667446212040199	0.189444799425283	-0.309054165917984	-0.514336249776996
1808	v1g67598	-0.171313929724856	0.116247830883281	0.197614673399786	-0.0896509119961024	0.0106595224884821	-0.0751680966334332	-0.142578004882942	-0.140707373354116	-0.0130371188984467	-0.0941256173770175	-0.140260618980876
1809	v1g68155	0.0368271836759219	0.00453443013908369	-0.0307623016263355	0.0374787686736741	-0.0465764366698458	-0.045429896867931	-0.0452951043949157	-0.00237286993406743	-0.0451642286955996	-0.0444671560013932	-0.0418854219046481
1810	v1g68574	-0.349558314453321	-0.297476267211035	-0.268573310417406	-0.255226008915711	-0.289490070688463	2.68902765050011	-0.245257422291885	-0.281236990591152	-0.282106675345725	-0.0985236105926056	-0.28006106173981
1811	v1g70174	-0.0345277053948852	-0.0913268437387208	-0.0578455947651994	-0.14722791772716	0.711412082914644	0.0927976659540911	-0.0563698866548109	-0.178353479330941	-0.177483713166285	-0.176914236063169	-0.17560960124686
1812	v1g70299	-0.103620244517186	0.0357050987164357	-0.11299237705362	-0.0690463806525557	-0.0353069671154026	0.882235508130775	0.149433659311507	-0.0483228054438007	-0.0942095891962828	-0.0309522902692615	0.0320501308356993
1813	v1g70313	-0.0892373200433469	-0.0293642547740026	-0.0201664936232962	0.169785437482749	-0.0632425983851994	0.0450925868968667	0.248686483570768	-0.0693783708852279	0.508039964451866	0.103953762267457	0.044668994332843
1814	v1g70520	-0.134912918001161	-0.157988935063698	-0.133140800087041	-0.126811762248074	-0.0387755900631852	1.66676320180087	0.0162672067688482	-0.0827957840914421	-0.143096118125924	-0.138907869036563	-0.141431242128724
1815	v1g72592	0.0492993896201598	-0.0826787210687218	-0.130447819310079	-0.0262603028776746	-0.114189314576995	0.6308318050912	0.0843016042029969	0.286623062801214	-0.112215281611909	-0.108302902330888	0.128197440551493
1816	v1g72642	-0.0271339922347278	-0.029929972814649	-0.00591786465607885	0.194888503540378	0.034218167498358	-0.0391640367979656	-0.0393766185726219	0.0174698451373219	-0.0385281673202435	-0.0386275047737381	-0.0382849794043047
1817	v1g72810	0.0808888739723017	-0.0388238251772287	-0.0429084763604588	-0.0197645774192259	-0.00564973838025946	-0.0393204269466772	-0.0379012452614753	-0.038877201952394	-0.0387962167192728	0.0991086726354108	-0.0387152958973062
1818	v1g76388	0.0433531416604038	-0.029662020148092	-0.0291356171719661	-0.025833725828379	-0.0243830775976751	0.126373717257531	0.0153359962558802	-0.0237195555335794	-0.0244509091664586	-0.0241921757062875	-0.0242574803960986
1819	v1g79043	-0.0808741761148049	-0.111085335547488	-0.080216378548246	0.683294022992846	-0.130101952014341	0.135591498787108	-0.0776161754714503	-0.10933137812888	-0.0927119846041853	0.0369236313948203	0.135375933285891
1820	v1g79120	-0.540751507863473	-0.526108013888906	-0.400582354490902	2.25868494829948	-0.355681957810403	-0.485337531342233	0.543069009062581	-0.250323100690776	-0.511358329300418	-0.264836751189501	-0.306800519621422
1821	v1g79314	1.74260893434663	-1.31847747295561	-1.09884558759832	-0.367970991670059	-1.18108888068987	-0.551830598362308	-0.306361345463457	0.238613146357994	-1.14803911304561	-1.23503725365071	0.00774606779226672
1822	v1g79348	-0.364461751163819	-0.310234484715189	-0.272269258076602	1.81470162409167	-0.266722476258236	-0.108626747672537	-0.33146046318013	-0.293059115797239	-0.0597093906169425	-0.329026436106179	-0.182523251262882
1823	v1g79411	0.519125721643426	0.132520600620175	-0.123004931826113	-0.844594121632013	-0.249186743159092	-0.754921896150961	-0.580728297014823	-0.671556092469606	-0.990503307269436	-1.07582519017748	-1.21787727717959
1824	v1g79516	-0.110207045748867	-0.0505171262763824	-0.00765162639393369	0.573366780197973	-0.0560412894666789	-0.0475451407040816	-0.0820428960212463	-0.0820570907179066	-0.0670061849329509	-0.0815351412920663	-0.0813711378831637
1825	v1g79650	-0.0742810956482616	-0.466895531788979	-0.360655751746392	-0.243539543731955	-0.279527032669616	0.323075638304038	-0.0974152724747252	0.187598063047468	-0.458869115020618	-0.332158987821654	3.81632501522831
1826	v1g79661	-2.30420004125873	-0.760053093291916	-1.09460889116906	-1.61003719923696	4.41436232122239	-1.75664213672866	-1.85244008242316	-1.72674950561084	-0.915235269331399	0.995474820142736	-1.38208502776046
1827	v1g79707	-0.0284044383484979	0.146631519451778	-0.106114131772498	0.0246915741032926	-0.106581405102042	-1.25242324149483e-05	0.0431028258490048	0.068532505390133	-0.105032086678334	-0.105048417216128	-0.0779362434278467
1828	v1g79756	-0.0987261469781082	0.153833762933378	-0.0620958510273528	-0.0602800834532299	0.0763122211254421	0.0721358703982327	0.162095807383784	-0.104880507697909	-0.0708106699998497	-0.0989951361656149	-0.103556162509865
1829	v1g79851	0.276203647528794	-0.170987717204913	-0.138637018269837	-0.0710678312944503	-0.135902241618565	0.0241306623256366	0.0685522235734325	0.157093968626378	-0.158712735253698	-0.155709298318244	-0.159234020711605
1830	v1g80003	0.156814807347349	-0.124172769610955	-0.101143799992128	0.0528110394399637	0.00689385153605584	-0.0951385463525618	0.139186255701483	-0.121051084955836	-0.162557418429231	0.322830760370441	-0.160381372084596
1831	v1g80250	-0.0898960362449961	-0.079791050245123	-0.0456936462026449	0.470795279614661	-0.0912525881426556	-0.0510282608676645	0.52331219722873	-0.0861862965336453	-0.0861648242816446	-0.0335411286463263	-0.0854974063310794
1832	v1g80319	0.651442378771755	-0.448400964826753	-0.379337423923495	-0.198575058311327	-0.421605684977273	-0.0187144768771929	-0.166589852069569	0.803207169365854	-0.413363010826192	0.0508096829959891	-0.0553511323492274
1833	v1g80332	-0.113276564693303	0.144270573089823	0.0232437901530924	0.0214481552711822	-0.0109577781628431	0.0189101091150833	-0.11000891034017	-0.147282192458692	0.00186284719477217	-0.070953733400953	-0.14188874751644
1834	v1g80340	-0.0392251409024056	-0.0698270036286346	-0.0760085665068309	0.570837509495267	-0.070813371798902	-0.0760642282039169	-0.0760622868426151	-0.0766483791597836	-0.0767522952459079	-0.0760414823046489	-0.0759311345956191
1835	v1g80394	0.0241133220735193	0.00129637082510929	-0.0201951053117603	-0.0170455165194548	0.0912552748934138	-0.0609948790685883	-0.0568400696233205	-0.0606978453960282	-0.0606071403601433	-0.0585259025688072	-0.0602587867588441
1836	v1g80405	0.408973507285604	-0.348410511342463	-0.120109505408469	0.135785063233672	-0.288094790492394	-0.131057896467222	-0.0189850170888393	-0.25351567133998	-0.340588432991129	0.479718335280865	-0.337767372708586
1837	v1g80425	0.30481751633319	-0.177505870506144	-0.140175267525209	-0.077923046898507	-0.113661105888459	-0.187034390057312	0.0543494424311621	-0.1845919049624	0.194371679484458	-0.180743887237145	-0.0913762781208877
1838	v1g80435	0.0359577816421961	0.104291335614199	-0.110255147539961	-0.195133432791423	-0.0233911218999204	0.029583803086466	0.141233798063067	-0.0787036583587903	-0.192600670672211	-0.190466285219484	0.372088988001774
1839	v1g80526	-0.60686262465027	-0.181770529161349	-0.117935771014995	-0.55704027230042	-0.283491805191502	-0.431752721060692	-0.24616184539636	-0.549216710074822	3.68537950227621	-0.548104706821258	-0.425135766762124
1840	v1g80685	-0.695945393861401	-0.389998820773744	0.0863934879620397	-0.443588101814303	-0.382386043915293	-0.308634957800039	-0.51491160927484	-0.5169910998878	3.78989023474661	-0.114543711877037	-0.462005194562101
1841	v1g80686	-1.47647491411171	-0.580301508469414	-0.0789652466404889	-1.06167230684587	-1.06682489167502	-1.30857643017005	-0.80496845511664	-0.967128966597859	5.07546705882241	-0.806250402947317	-1.2484841744248
1842	v1g80763	-1.47457520005999	-0.992489498016977	2.46573894124623	-0.795787776868188	-0.947888891696257	-1.43781412098254	-0.686803599610723	-0.952428249663392	0.853859893735048	-1.11896272396635	-0.742321010595692
1843	v1g80927	-0.0730478372606769	0.0577466966010802	0.0448516508300506	-0.0365025646871682	0.0649040840177895	-0.0215212510554849	-0.0793070436668843	-0.076741120218713	0.088673330091187	0.0240454180163976	-0.0772833391905144
1844	v1g8097	-0.110471903127887	0.603274529333608	-0.398495220080291	0.021462910964065	-0.14826118999471	-0.367905711507086	-0.346955706285937	-0.408127341488697	-0.442546872191822	-0.064625629170414	-0.342380925435101
1845	v1g8099	-0.103529116749025	0.716854196834095	-0.447478386733015	-0.048622826587877	-0.345968290456453	-0.563020927041755	-0.323070058152659	-0.431871138294048	-0.675184142245838	0.120275261135526	-0.477751972775305
1846	v1g8103	0.0516893630493415	0.661833048001816	-0.667554874262773	0.0530729519765925	-0.531040304761497	-0.351327493711248	-0.402458564175495	-0.496444872658088	-0.777319845742254	0.228523833094774	-0.180379916978166
1847	v1g81163	0.0842948076723113	-0.069751540967271	-0.0744445073233071	-0.0465478408570413	0.0430436006910378	0.278219166595147	-0.0672520587337406	-0.0670128272172609	-0.0493849602981855	0.0163661513774583	-0.0663882691516623
1848	v1g81344	-0.788891182734279	-0.234724628588598	-0.765765249847298	2.65691362603349	-0.66725038667239	-0.496178016515988	-0.517929275080548	-0.484184210726967	-0.524462048896612	0.0281489190645378	-0.426667181145519
1849	v1g81453	-0.103312900242819	-0.0605465749365793	-0.0964935227969878	0.760978333229298	-0.124253884302699	-0.0546216006765547	-0.129672328367232	-0.12654945702886	-0.126801286852874	-0.127676954170731	0.151831283826131
1850	v1g81538	0.363736329743709	-0.179262488085297	-0.128494287721378	-0.150874424490596	-0.156744897634117	-0.140963881986387	-0.141295292175602	-0.158690956162597	-0.0743867748047476	-0.160798202478862	-0.157152357016516
1851	v1g81540	-0.5318469104391	-0.442463003883143	-0.492468224853557	2.39863635388158	-0.344402832338297	-0.476095495369188	-0.559482597638011	-0.431791104286303	-0.316252722411413	-0.490867122446267	-0.542411703415165
1852	v1g81653	0.119189315961313	-0.0800224284245875	-0.0847503307485239	0.00222972636353161	0.0199638423815155	-0.104335107820255	0.0911785976183326	0.014161066333018	-0.103951361962556	-0.107831647263421	0.228662902347608
1853	v1g81941	-0.830219439171502	-0.769593140428815	-0.678226708182792	3.06331715352341	-0.638665695030092	-0.624947123581462	-0.705681310343052	-0.700132631693955	-0.713820817427855	-0.556306050423916	-0.597169288603345
1854	v1g82155	-0.00473743560793643	-0.0138458373051162	-0.00316239433347478	-0.0117100107432457	0.104028210349486	-0.010906226187475	-0.0108266089867769	-0.0107472294754154	-0.0107444814280326	-0.0106590821719909	-0.0106590821719909
1855	v1g82364	-0.438741073308396	-0.417365717233258	-0.398925406845352	2.09251274129612	-0.347104795216384	-0.410227313932465	0.369888078538693	-0.356636084556968	-0.310125351009653	-0.364428136264098	-0.425383186029592
1856	v1g82501	-0.154609184614399	-0.133431391418722	-0.10490229411296	1.00126067812653	-0.0931180764160368	-0.0680621494591713	-0.120516268984745	-0.094321657292705	-0.149437946228285	-0.0921909170071318	-0.148316689997238
1857	v1g82577	-0.348371169807323	-0.230611654538503	-0.320382336212127	1.84545574632721	-0.280347588887944	-0.386672398001655	-0.261263618630848	-0.354978544421051	-0.392343324378359	-0.393079093306003	-0.3891565563244
1858	v1g82804	-0.0385843720951651	-0.101519359252751	-0.165771303498686	0.724670992619018	-0.0798673076750025	-0.298027680691782	0.0599176726591639	0.449707977001019	-0.10532492137818	-0.264174843587269	-0.266404272870217
1859	v1g83175	-0.0705472670957918	0.0939953333076147	-0.0319306178745127	-0.185994959822387	0.264188118785057	-0.190385599989891	0.134691733661333	0.334118776776489	0.0890354442352035	-0.41840033316872	-0.471590776527924
1860	v1g83192	1.61276997049676	-1.26279356682672	-1.09852351915428	-0.323272516382668	-0.934471535553461	0.113572210171738	-1.0213970681337	-0.5222010123619	-0.873375691741249	-0.683962492973085	1.07607669212954
1861	v1g83199	0.324108769560273	-0.0597442941290779	-0.202714553886112	-0.141781733438243	-0.0369493116450323	-0.116364308036878	-0.177801236717989	-0.304074653773982	-0.31946442854476	-0.185582913319642	-0.318405211295533
1862	v1g83480	-0.383499703242209	-0.290502907601507	-0.353316571411787	1.86364963437054	-0.281920878293031	-0.268773250499256	0.300719265694577	-0.408902372109624	-0.274495988103755	-0.406467195651876	-0.406204353259659
1863	v1g83526	-0.1643607162414	-0.203549609794826	-0.241158564694895	-0.19468121437958	-0.205813149541777	-0.110326848178502	2.43616871657221	-0.213225265894212	-0.216573369968538	-0.215625876301883	-0.215030621509523
1864	v1g83556	0.986629882670727	-0.745610851370635	-0.619185861844347	-0.0459106384038686	-0.432168327453839	0.125110901843964	-0.399468332518839	-0.16050631464849	-0.438648906374688	-0.679469185614053	0.564192437438759
1865	v1g83698	-0.0497621889903273	0.0221043561344493	0.0193108400207468	0.00872716185190162	-0.0067823339397851	0.0074355803853967	-0.035400416510723	-0.0341425818764242	0.24589078422676	0.0498595501156883	-0.0349432821484104
1866	v1g83827	0.0152682511815667	-0.104675301936968	-0.00804774159781765	-0.00308976703471296	-0.0723330605739556	0.0695543837461316	0.675858289367793	-0.076240400320031	-0.076544264218035	0.0545805265391298	-0.0759494189150733
1867	v1g83852	0.0751708070563309	-0.298150458704801	0.0996247330070257	-0.0843708093634656	-0.123536853913884	-0.241973996187093	0.18085562055228	0.0881363440566887	1.20186694932804	0.062765540776066	-0.170745732946489
1868	v1g83864	-1.31619478221335	-1.08222023320635	-0.729244106565348	-1.0432864693602	3.88929487895551	-0.479621313176895	-0.978533768769816	-1.1456996073189	-0.984589541410035	-0.887669115509629	-1.14019846999134
1869	v1g83869	-1.27924219963372	-1.03264778755771	-0.933437761283504	-0.974098732022417	-0.339850353394344	4.6598221084173	-0.93088776884435	-0.912676503056244	-0.92935993064733	-1.19041316533857	-0.56793593844154
1870	v1g84136	-2.177491818382	-1.53520858794144	3.27618174869154	-1.2497198824933	-1.0318876741342	-1.68248815094685	-1.33996410125749	-1.90885585469095	0.276068904706733	-1.80941174535025	-1.59116430578391
1871	v1g84143	-0.223723532047359	-0.0948802411065707	-0.27555232884896	1.28232442317174	-0.181911356620991	0.0342754519831196	-0.021834353661102	-0.257369905268853	-0.258692128646598	0.0131853233594894	-0.261309304664051
1872	v1g84172	-0.0286754620001481	-0.0300095790306257	-0.0597203224742126	0.122187643047106	0.00233294860600393	-0.102547219209751	0.60448637247465	-0.100863342326445	-0.101167954662519	0.11379704433075	-0.100335893074806
1873	v1g84247	-0.094479188658236	0.0235443118818388	-0.0523294643552453	0.458792402692097	-0.0364280463309654	-0.0928018150173678	-0.0903739236803331	-0.0112111819167609	-0.092319790397938	-0.0914129169872662	-0.0914671681606156
1874	v1g84314	-0.20911544267471	-0.151220512187654	-0.156936491052329	1.23851643111472	-0.177572588317055	-0.189714671938086	0.0491136708108307	-0.186568033445078	-0.186905086767421	-0.186413391080514	-0.185904473773879
1875	v1g84873	-0.032650873288177	0.0213127356501279	-0.0697882488294677	-0.0555995557716692	0.354565889233951	0.0174686395453223	-0.103755898623155	-0.0384590153796665	-0.103162239551481	-0.102665708725173	0.055068942269356
1876	v1g8492	-0.0196219771247418	-0.0118893449991937	-0.0208963213577073	0.161782050457599	-0.0180983932829855	-0.0176311788505574	-0.0172567782487226	-0.0172892775603467	-0.0173702984502577	0.110239500119994	-0.0172325495557198
1877	v1g85050	-0.133270151993309	-0.085729419402154	-0.122394113352426	0.889257609634698	-0.13468450116551	0.00167870083124946	-0.0992947515063653	-0.0066245025375236	-0.128956169308235	-0.126940095326802	-0.127946138417388
1878	v1g85102	-0.297692866181437	-0.404249427002539	-0.296561740462337	-0.273734639063245	-0.307858273572951	-0.012777168595369	-0.207417333316163	-0.263921639242238	-0.104221191157166	4.17309800392226	0.187722767859824
1879	v1g85345	-0.701220105614461	-0.296634794895297	-0.278970515830552	-0.46864230465632	2.53575748813875	-0.572308867357735	-0.219239843704345	-0.527526815562368	-0.418321156808923	-0.537072072968024	-0.561767341243429
1880	v1g85362	-1.31224836770182	-0.999436756956138	-0.822304757392805	-0.44585101503774	3.79680503539188	-0.683401460218611	-1.00866346092515	-1.00076270958361	-0.822245196635895	-1.06261710603959	-1.05313868433182
1881	v1g85477	0.0456487747167918	0.039983289871569	-0.105229153445592	-0.0492485718308186	-0.0593346338823938	0.258456632858677	-0.0268420616596744	-0.104173501188724	-0.104544763632397	-0.102592071770673	0.0969644819279359
1882	v1g85690	-0.107868716411113	-0.0916579305112112	0.259668688128457	0.0327298808390844	0.0547846388087468	-0.0849583490575976	-0.068585178347726	-0.0343963812893008	-0.0842730494603445	0.0141332078073125	-0.0836315476573554
1883	v1g85822	-0.525625381718326	-0.405603245630479	-0.677745749885807	2.53561319954295	-0.506845601796327	-0.461864803082304	-0.592793166585171	-0.645229047133538	-0.735930846542124	-0.714382498121016	-0.216436404754592
1884	v1g85918	0.00238020496760206	-0.0123057570389174	-0.093531361091307	0.00761574583147268	-0.0811534642109392	0.306111127665805	0.0540674594303442	0.0642609450879723	-0.0784193502671934	0.589076137446816	0.0103248313159269
1885	v1g86028	-0.733387542988528	-0.625957656189047	-0.504185095254751	-0.670517533262657	-0.134258703354139	3.66273415400021	-0.613149168099113	-0.203979206744434	-0.58351821417674	-0.0856079847958136	-0.332274816167019
1886	v1g86166	-0.101878656535645	-0.0569388895029338	-0.0699736629595643	0.568535805507889	-0.0374761778731802	-0.0583094726237192	0.151202455434416	0.015800993416948	-0.00816493378965694	-0.100139642996314	-0.100052957313738
1887	v1g86478	-1.6337271645915	-2.37641548663678	-1.87253098276912	-1.73090343984291	-1.57119829116419	-1.31006614698264	-1.75746260567071	1.34529758835488	-1.80569231397684	-0.595880375114094	7.31145102108592
1888	v1g86804	0.534099502253811	-1.11939993727746	0.0384261486372997	0.258625633060809	-0.546573733454789	0.253744715223533	-0.168289975590287	1.41942700214609	-1.49143135194052	0.187424249718013	0.594878396070067
1889	v1g86806	-0.215521489180402	-0.131982604264011	-0.162754165339417	1.24542723544433	-0.130359550928337	-0.116210770928802	-0.184017959917309	-0.207744560290924	-0.206553739615105	-0.207016271980752	-0.202797920708454
1890	v1g86955	-0.00903986359347329	-0.0439381965023495	0.0066526032537932	-0.0150663773203371	0.176939111529535	-0.0816925285714441	0.174514025839986	-0.0502847008576693	-0.0895320544813609	0.0615851888507251	-0.0884830773383415
1891	v1g87014	-0.194356077412193	-0.183761655170856	-0.236234872301086	1.10784371842488	-0.133901459898622	-0.12192579001002	0.655161533450101	0.0541364328770668	-0.0316096319761222	-0.196800327012463	-0.211114337152337
1892	v1g87071	-0.144733287238511	0.183971384980764	0.0393235051772201	-0.0982962043462121	-0.059617553907903	-0.204853299367649	0.353461672228909	-0.06267044870553	-0.0401997806363482	-0.0582170192939676	-0.115049475641462
1893	v1g87128	0.0597137510286635	-0.0382273965664554	-0.0997726546367147	0.0619968517366342	0.0547921247677972	-0.0676696585487739	0.0646550273900186	-0.0522073906879289	0.260818855378951	-0.131018384486729	-0.130392906841024
1894	v1g87155	-0.0282248936152125	0.0503648236889919	0.0224569465744977	-0.0330250124394754	-0.0413868539374261	0.0320780480621741	-0.00370501102799124	-0.0530489374755095	-0.0528518342750716	-0.0534822977418068	-0.0521856680760067
1895	v1g87200	-0.0893163133411329	-0.625322932774861	-0.498131251694427	-0.513292195658274	-0.520977147959232	2.94246919420069	-0.337924770128641	0.265392347109959	-0.504305191963721	0.0392424785262274	-0.0142814893422832
1896	v1g87287	0.00667691396255596	-0.0484693879882677	-0.0849050183706731	-0.0793652908028517	0.362944047405461	-0.0975392605261231	0.0842424644644965	0.185507636982478	-0.0390676992141819	-0.199704637919469	0.191779645262047
1897	v1g87454	0.170996807824617	-0.0549572937588101	0.0497114778344977	-0.178838328020408	-0.119700957674574	-0.179164912892379	-0.170224943486699	-0.100684331526877	-0.200549664248543	-0.197318751356102	-0.198757174030886
1898	v1g87776	-0.095587962635845	0.189468941873232	0.0327167701090662	-0.0992509166517464	-0.0810408245160951	-0.101003904255029	-0.0454526472573094	-0.0999104601971	-0.101689155643132	-0.0239269074124223	-0.100488519394521
1899	v1g87929	-1.03906066204076	-0.600912829636424	-0.856572941961699	-0.640068224759207	3.41657981077828	-0.853925369329186	-0.651359956620283	-0.412842831741376	-0.622908105832536	-0.803467711060747	-0.641287903563995
1900	v1g87987	-0.607450532816728	-0.582380485660685	-0.342603281961831	-0.475526118540542	2.70985044969627	-0.400002165011107	-0.485653198655486	-0.404319689943069	-0.447972699579538	-0.445717872839912	-0.611611595062262
1901	v1g88037	0.0176492529575689	-0.210346312617841	-0.329756449049325	-0.390890035017533	-0.19965843104528	-0.235603598537407	-0.550529069382721	-0.250510058890491	2.79456220531543	-0.286301430727959	-0.0460290125940626
1902	v1g88294	-0.422571397018459	-0.373183581068698	-0.641638507771582	2.26634735593511	-0.555084370907501	-0.0344573517903174	-0.178699334889315	-0.245998167080229	-0.476966431565567	-0.462926945127059	-0.40652049890227
1903	v1g8835	-0.0180695444048146	-0.0156883141593243	-0.000811790306503316	0.103634207739304	-0.0130298583767177	-0.0124419717979965	0.0656351204058601	-0.0123734390092801	-0.0124826762545455	-0.0122983680112114	-0.0123835206807845
1904	v1g88578	-1.15845704121289	-1.05450161864327	2.29872417589689	-0.754106960713935	-0.394344487208777	-0.616768470768108	-0.799159355929521	-1.04180939556643	-0.587023702413778	-1.03828496881535	-0.556092475325008
1905	v1g88668	-1.39343967402469	-0.872278430483115	-0.876173229582247	-0.81695891934932	3.87643614448596	-0.813997097294733	-0.82161764947855	-1.20061677747019	-0.743660812617151	-1.15396870628855	-1.24545363677193
1906	v1g88758	-0.728850412620706	1.3629587154577	-0.676717820911368	-0.182296092291076	-0.384994739407626	-0.173603519739129	-0.408250081925459	-0.39468979290813	-0.655192731604296	-0.649249823877289	-0.0917405068059263
1907	v1g88765	-0.208419593460232	-0.284999586896179	-0.201256129042302	1.38944603902804	-0.122555158363831	-0.137135374009753	0.332745236291342	-0.282127992709122	-0.230446821787345	-0.306252191942354	-0.307066195951049
1908	v1g88970	0.998649898987247	-0.538442027131044	-0.561844158009812	-0.524290411843049	-0.397792080163262	-0.446862257856314	-0.463225050096712	0.432408519147899	-0.489901353426921	-0.383163918466391	-0.18466832764171
1909	v1g88982	-0.203206146298722	-0.198941655028417	0.592266630744526	0.00266533822064124	-0.221729766312752	-0.0549541259014152	-0.275714658067409	-0.0288208366150295	0.0525110730720199	-0.130822996974109	-0.277723263970747
1910	v1g89029	0.375166984648471	-0.0513238679160476	-0.275185408532939	-0.158434286498084	-0.212074662381338	-0.08614406731213	-0.27167258724662	0.0567906329672498	-0.335189373037659	-0.21720205291774	-0.0950569638274031
1911	v1g8907	-0.0751816323876139	-0.0269220735295784	-0.213740954384822	-0.0940363211592153	0.0456950894535642	1.39280367222453	-0.228365902811124	-0.192354021563636	-0.161404254830365	-0.23717167904922	-0.166602968888751
1912	v1g89106	-0.0139851441401931	0.0279818685377257	0.0260519956761294	-0.0094909469173225	-0.0334964403966496	-0.0297856837673079	-0.0320779723506635	-0.032121129104751	-0.0321591214262151	-0.0314903532855198	-0.0311643260084621
1913	v1g89529	-0.0554535291754909	0.000287014367226279	-0.0194284465245468	0.16496732579914	-0.0396029988501722	0.166945731288039	-0.0191271590403189	-0.0627096046546418	0.0909718389115993	-0.102876905702661	0.0987117950243085
1914	v1g89609	-0.085078719990863	0.0366105929349677	-0.0338554531280777	-0.0367680905981419	0.230362818827507	0.2157481886985	0.0768722139278561	-0.0701162632662342	-0.070729061561879	-0.0698362768716521	-0.0698148188871177
1915	v1g89764	-0.0412894870638075	-0.0161277686850198	-0.00895039987414049	0.219782247170422	-0.0267918015473064	-0.034685204728312	0.0548324702844824	-0.0343474081701563	0.0154690274846726	-0.0340679657435405	-0.0340679657435405
1916	v1g90077	0.0704861235510661	-0.0278762731116812	-0.0356050500189327	-0.0330779706747311	-0.0341495012939638	-0.024084139242951	-0.0283681877740828	0.0225596778651594	-0.0330284644967156	-0.0327069693391408	0.0752578512957827
1917	v1g90352	-0.0377815920028356	-0.0516813564408581	0.172309737030026	-0.0384139531410249	-0.0295494608255754	-0.0584079071454672	-0.0513780705064568	-0.00607101136097297	-0.0571865586802862	-0.0564718150140323	-0.057034969406571
1918	v1g90917	0.0176590135800235	-0.0448885018449073	-0.0515533609272177	0.00113335358100419	0.05333170724535	0.0965401474592437	0.127921432967754	0.180897764104153	-0.055384057691823	-0.0548974514480888	0.0307835667218307
1919	v1g91086	-0.0995194278566907	-0.211077332724445	-0.036006638507694	-0.218267435240789	-0.229642547861107	1.76367588842144	-0.220807348418718	-0.218996080153302	-0.155605876728851	-0.0146221465934459	-0.0760505849765775
1920	v1g91090	-0.0916848972695218	-0.0337029254542985	0.155438796055779	0.0339419565076748	-0.0656571669739734	-0.114224323914492	0.142343170272359	-0.151873525443315	-0.14937773998256	-0.0469009861046722	0.651938746716558
1921	v1g91139	-0.903527250487952	-0.329926810049099	-0.394556391122346	-0.64769537941775	2.9029091268244	-0.711403150831752	-0.621966459900111	-0.783297300228155	-0.784970636886476	-0.78121481777504	0.166632841474477
1922	v1g91324	-0.90286393678507	-0.995358228400365	-1.14485826129376	-0.234513029540817	-1.05498964857959	-1.06738825547731	4.8005825964053	-0.757605121916825	-0.669575633880046	-1.24476230933385	-1.02064616662484
1923	v1g91325	0.206250357752243	-0.176924962721817	-0.286519489909547	-0.0645444854715906	0.0447918591045042	0.0816194951202397	-0.0510205553440727	-0.173355660160134	0.429940258248583	0.182812932165632	1.14147497068069
1924	v1g91405	-0.103529261885306	0.158399660889977	0.0329791830863149	-0.0654952194090364	0.00312841647396914	-0.134919598660118	-0.042393679182855	0.0483873808296112	-0.0915931259964282	-0.0921872485415719	-0.132080911645817
1925	v1g91593	0.0277546925250911	0.0232399969985026	-0.0901694279310465	-0.00800406197781389	0.012401950322173	-0.0548269036225959	0.161376471228997	-0.0777020032770131	0.0892618129792392	0.0773197812126552	-0.0790004305612259
1926	v1g91732	-0.00714794493267005	0.0182390983733427	-0.0168154402419465	-0.017570240651507	-0.0134604933494912	-0.013681470505665	-0.0140669203003556	0.0228545073302637	0.0728594449949753	0.0913547705434132	0.0707603903214188
1927	v1g91817	-0.0129166332721465	0.00663891990730777	-0.0507156176286249	-0.0410840176453248	-0.0336562016304742	0.0664445279809757	-0.0414520010865482	0.532384029335915	-0.0415308051555111	-0.0435140410160489	0.199721975549038
1928	v1g91897	-0.344259998498915	0.106487293431553	0.388936107508896	-0.111124196182195	-0.0908902312462128	-0.0209495314868113	0.794669867747872	-1.03528024081346	-0.243744692928535	-0.18379716077361	-0.626555102405891
1929	v1g92170	0.851594245767828	-0.314526810832235	-0.546617224267578	-0.318861913477565	-0.422368518431509	-0.288387326264029	-0.302861674500123	-0.338489502490273	-0.501919419720566	-0.339997787013671	-0.370036293639383
1930	v1g92237	-0.101204553894399	-0.063689196286185	0.305586864806864	-0.0223542028648416	-0.0876392137535074	-0.0705498548927352	-0.0936803026382433	-0.10360115560768	-0.0803556633710729	-0.10083279979462	-0.101279342039665
1931	v1g92283	-0.142444093964957	0.211628632888297	-0.0363154919365091	0.0441213974092343	-0.142420613186883	0.209177821290858	-0.256054853425841	-0.347452968901204	-0.0109413250029363	0.293143785290658	0.208310775762791
1932	v1g92285	-0.11726842498703	0.083833142651266	0.00386975432308728	-0.091112471229566	0.387211727484243	-0.0498114715807947	-0.224765827928469	-0.0149341816729022	0.101249746908405	-0.253487573863894	-0.168558557582557
1933	v1g92306	0.0415997983410229	-0.0991102131222351	-0.0267594270993606	0.222632113787785	0.145348534658518	-0.201050349571584	0.16975499890456	-0.212237916729112	-0.214428194261153	-0.213160941671688	-0.102640140410279
1934	v1g92319	-0.149761110592682	-0.0932593435438049	-0.0268248387798061	0.805386229424261	-0.140828737863696	0.00483370744830644	0.00967702827792608	-0.0707638197416975	-0.172824006534632	-0.173876293993854	-0.171524080239403
1935	v1g92368	0.00209980104918104	0.0348205814685972	-0.0142739179961864	-0.0117673786604634	-0.0344200515658915	0.0226681776322024	-0.0338829420367852	-0.0329214597170133	-0.033631623483663	-0.03354524760173	-0.03354524760173
1936	v1g92540	-0.00745468458144855	-0.000148245411793153	0.0288097454156879	0.0145958621333471	0.0398781541477044	-0.0517996733448102	-0.0601575937222182	-0.0254750036439055	-0.0637288788153447	-0.0645391315495041	-0.062519039895082
1937	v1g92831	-0.231913798743277	-0.190405586133901	-0.194698390049414	1.39134672375879	-0.119558251051082	-0.21679990072346	-0.188610818660724	-0.214618551923464	-0.212941824150914	-0.211667600555482	-0.110176565994339
1938	v1g93177	0.45229698513853	-0.421362249109801	-0.142410173408835	-0.0897413937141039	-0.136790151994977	-0.135251368367599	-0.301877533369406	0.295065004458432	-0.359863942295543	0.915736570019567	-0.185322099203912
1939	v1g93401	-0.0380638962972867	-0.0368732090570279	0.0258442201338689	-0.0528040942380424	-0.00382159946357322	-0.0550935533276687	0.26764554433124	-0.00125436350343609	0.483445308499146	-0.05653419733016	-0.0553195725270846
1940	v1g93430	-1.15415586722741	-0.85164520873897	-0.568909743590684	-0.38513365413675	3.51090748156988	-0.901046097435737	-0.992261615320535	-0.988234651214185	-0.603406183785832	-0.982258387629398	-0.980326047115146
1941	v1g93647	-0.0843657050990587	-0.0234370358595874	-0.0164767932979181	-0.0174208124273067	0.537579178140613	-0.0889598707797372	-0.0885369287340105	-0.0651364068070814	-0.0878829290371735	-0.0871371338012156	-0.0872026010432671
1942	v1g93704	-0.0063214133951214	0.0227153844504293	0.000765354734097385	-0.0119912145548731	-0.0141539011962622	-0.0115172092884279	-0.0114331494621732	-0.0113493403305746	-0.0113464389291094	-0.0112562738356801	-0.0112562738356801
1943	v1g93732	0.0307376378982898	-0.00215571792674935	-0.0196676722938387	-0.0201373960966127	-0.0201606646442024	-0.0196059314798859	-0.0194632320459253	-0.0193209524150166	-0.0193160267108974	-0.0191629501468717	0.095565271997818
1944	v1g93924	-0.64133544088069	-0.34641012994283	0.254549929676072	-0.48144343716849	-0.32004540450792	-0.333495731725803	-0.193058941486894	-0.541902595789125	3.47424691790643	-0.535260147139293	-0.309250749890186
1945	v1g93991	-0.0608434181737389	-0.0875869972728649	-0.0501253659400206	-0.121637981581199	0.773012694163747	-0.130021022295933	-0.217152620059565	-0.0831189180858528	-0.136192143412306	-0.0113955354550409	0.195596596419158
1946	v1g94003	0.384351729726212	0.159209573704728	-0.542428987635507	-0.188765530494465	-0.161377882049564	-0.206538152350068	-0.405997873407562	-0.200070737081939	-0.665136645142731	0.476660160485357	-0.244842551324551
1947	v1g94140	0.138965765281635	0.385123314423238	-0.467549672943024	0.0827704853117397	-0.297066640916214	-0.213859682365942	-0.318960393508354	-0.416101161145441	-0.439817802820756	-0.322479927494191	-0.25376994427269
1948	v1g94316	-0.0807227619474761	0.150873953474029	0.00755332833667269	-0.0985166266167443	-0.0376565536392466	0.0225538539839243	-0.0882942094521164	-0.142054064212539	0.181455652042955	-0.140251247255019	-0.153238771373769
1949	v1g94701	-0.186395466573712	0.028960668775297	-0.200426543337133	-0.176245163337412	0.905568961394026	0.177723288624987	0.219275420953958	0.0138496360398546	-0.321732854312614	0.229600457193964	-0.188350784706315
1950	v1g94714	-0.299941211363325	-0.240541469805822	-0.152216620289194	-0.24807109075814	1.7748513688416	-0.242686852245524	-0.287736283806612	-0.285832338016028	-0.285805314688832	-0.283639835228723	-0.283735431950467
1951	v1g94744	0.16629496637689	-0.169809891687921	-0.102400668788357	-0.17553384439325	0.437746606201061	-0.0906096926497032	-0.0483437047718909	-0.182607038191815	-0.076915903024281	-0.182035528299985	0.0903775437278736
1952	v1g94752	0.265142176946811	0.0377150372316322	-0.201828351233799	-0.0854025554688985	-0.21323949544193	-0.207018374947823	-0.250700878558856	-0.0286709919773529	-0.252648374349126	-0.207173072395437	-0.247754567695438
1953	v1g95034	0.0976573371763217	-0.0249507706606161	-0.0332998703476884	-0.0662006244223103	-0.065566118527956	-0.00718362624379932	-0.0538165561006535	-0.0194178646360233	-0.0638128844529551	-0.0634903874331455	-0.0630430529931471
1954	v1g95133	0.263396689808809	-0.0655119470239316	-0.144923963814727	-0.159312805476559	-0.169945919497709	-0.132188005321065	-0.0266540493984825	-0.130200141641251	-0.163564512356345	0.20922510145815	-0.00784289837575325
1955	v1g95374	0.118125803552521	-0.115278891330734	-0.00971421342469672	-0.0423009529936062	-0.0196107427265502	-0.083075384282483	-0.035943636834633	0.0175665969523461	-0.155432480111719	-0.152821775841152	0.544957666028909
1956	v1g95464	0.671872986790234	-0.294359180479101	-0.394517145323434	-0.247288587292773	-0.356658090813824	-0.168831702969621	-0.382649614725865	-0.289310820501858	-0.399515534440329	0.612838602317352	-0.23813294150642
1957	v1g95541	0.00179684313903222	0.0620958404266041	-0.0732052106758477	0.147150553292478	-0.17489421525598	-0.0438716241502108	0.157116997290946	-0.138934787802572	-0.00345628906681228	0.0192986925222221	-0.237806695887995
1958	v1g95571	-0.00974201805725143	-0.0152865333266477	0.0196143142130445	0.0420342242294651	-0.0396283223317083	-0.0159269082280767	0.147578896451972	-0.0377855155217404	-0.0377759436732714	-0.0342083358401104	-0.0374784630839916
1959	v1g95684	-0.128465861318973	-0.131019208505982	-0.177079432514611	0.270401934698376	-0.153803574155044	-0.186318514868715	1.64925822044864	-0.184666044575479	0.075857165702753	-0.183168152845574	0.138335616179554
1960	v1g95706	-0.10939977365884	0.191329781769393	-0.110285889942421	-0.0881844830146869	0.0808887073611491	0.11327144257395	0.101128869175983	-0.0247359059326196	-0.259811937003564	0.118472045325512	0.200835953344604
1961	v1g95736	-1.38477611775876	-1.01797900208007	-0.296034066434119	-0.70349493682958	3.59959669878702	-0.7724755086145	-0.664963323531666	-0.707510875341945	-0.39920615470327	-0.932436518855472	-1.16603632007275
1962	v1g95774	0.031767815190302	-0.0980378800294465	0.154193088035355	-0.0981568245037253	-0.087780816684951	-0.0617037727537437	-0.0156319941885051	-0.00126475156201843	0.0890391594292143	-0.091610275895202	-0.0957031340415859
1963	v1g95962	-0.174117981612508	-0.0764701413079547	-0.127191890378749	0.967012674756934	-0.131905053068988	-0.104329933270301	0.0346660914994768	-0.126255509859817	-0.126540173402388	-0.125263081003771	-0.0349532878265463
1964	v1g95966	0.0274287353384781	0.00250245866718354	-0.0920713213398972	0.132075257389187	-0.0819448027977476	-0.0835574405921778	0.0605992777588587	0.101746377211921	-0.0824942197957433	0.0269936429444251	0.252723226776205
1965	v1g96020	-0.00723590618316418	-0.0123743535452922	-0.0116722374766139	0.054034481635142	-0.00984087274627775	-0.00985064840766373	0.128762761277865	-0.00953688972744554	-0.00970450579142367	-0.00962734491384298	-0.00962734491384298
1966	v1g96136	0.0126722490187517	-0.0052656053194038	-0.0183109024839432	0.00180434900264946	-0.0159695662031091	-0.0033518734734141	0.10255076613151	-0.0151966425404624	-0.0151927627630241	-0.0150438607959529	-0.0151691238195302
1967	v1g96181	0.0234696016480021	0.00949370600098924	0.013674034411535	0.0545327653581247	-0.0842760366773097	-0.0761993821488074	-0.0560280642006594	-0.0768863058835728	-0.076671584216626	-0.0782211724804148	-0.0803786556847291
1968	v1g96290	-0.00261262262688064	0.033481137090726	-0.00907085600313831	-0.0473261534199145	0.0584131091164534	-0.039781223206469	-0.0396109014443018	-0.0391542854690277	-0.039144371564953	-0.0399800415481481	-0.0383657057021985
1969	v1g96311	-0.0553295064741468	-0.115988016288633	0.141025410383534	-0.0552965610426288	0.0625594751892116	0.270767668986124	-0.102204484345601	0.124501263245055	0.13903050328245	-0.0717281328300181	-0.045997213759678
1970	v1g96522	0.756789406182806	-0.296082952810588	-0.417048516667698	-0.336901365297575	-0.391798277225058	-0.214594081685689	-0.39667703372552	-0.355729211619397	-0.233679932031492	-0.338244526355314	-0.266458065638583
1971	v1g96685	-0.0849842318740206	0.242227194399683	-0.32081040624908	-0.183103505079327	-0.336964907468661	-0.0687911016907273	-0.13044661199294	1.58002902460558	-0.345353838299903	-0.145512625125102	0.639250708519423
1972	v1g96909	-0.0355166764678644	0.0258903380968692	0.0519997708550143	-0.0664051335190222	-0.018121095470374	0.0472499858539352	-0.123122206705638	0.140967082095442	-0.0802877117313764	0.160415417424188	-0.119996375077726
1973	v1g97005	0.629830861610899	-0.324172366372649	-0.525832559651986	-0.0292139111810406	-0.165424093259871	-0.179371351974474	-0.30348697583025	-0.0636013167974529	-0.523675595140668	0.256084658454458	0.632019751574523
1974	v1g97153	-0.373628514328328	-0.446522045909757	1.04014590111588	-0.0129001794347396	-0.411563077044163	-0.321011660432929	-0.202956397669207	0.134137780563551	-0.297224834344433	-0.345644044149168	0.0510217704911057
1975	v1g97271	-0.578618941165668	-0.192351074001526	-0.566533280027444	2.29813415979154	-0.346560074500057	-0.608424728602999	-0.380358632525008	-0.312622532956282	-0.634868097434294	-0.577924187083922	-0.481930209774857
1976	v1g97413	0.319449324765603	-0.206528558719129	-0.282385349472333	-0.113435734769174	-0.0958367865135338	-0.00655583936804199	-0.119265580197443	0.968388210011626	-0.296309028487854	-0.349536427491393	0.22243979839506
1977	v1g97721	0.0112299394451323	-0.0703416463797238	-0.00908422212752195	-0.0840086975786959	0.374874679821723	-0.0773074646618015	-0.0716861657956626	-0.00175905667379878	-0.056446717305674	-0.0732121518761822	-0.0733948601029544
1978	v1g97863	-0.00522102261846472	0.0316681005494924	-0.0204902041410284	-0.0884694863707067	0.0224683651068822	0.112318776234917	-0.0241233056493095	-0.0839149986420376	-0.0839348678860379	2.07538894088505e-05	0.24367939892545
1979	v1g97927	0.00781223809368223	0.00243645975111369	0.0343740167851712	-0.0655208376091028	0.0508700934595394	-0.0269766586186223	-0.0711423565973942	-0.069643208823181	-0.0693475341491673	-0.0719002844436284	-0.0277977380815644
1980	v1g97979	0.163249427989533	-0.0841111882576614	-0.103319072098847	-0.0516942279857811	-0.0825169777071234	-0.156841142029009	0.0351896399708724	0.31198787312269	-0.152814056741955	0.170676375738636	-0.00593104595399577
1981	v1g98067	0.0812062824907246	0.0637833385565914	-0.175699786657191	-0.127214655051664	-0.15458432264126	-0.0724490052150038	0.288864423040477	0.161149863100214	0.195705988548786	0.124576198668832	-0.173746505916525
1982	v1g98128	0.122342094587723	-0.1378936272693	-0.261709029529089	-0.215571336465754	0.421745365611392	0.639517250625031	-0.185067570236183	0.159871990311779	0.178032593453173	-0.338490718058684	-0.338623634036106
1983	v1g98259	-0.0623053863105052	-0.126568486983983	0.301577531112514	-0.096952320728277	-0.0192656668413199	0.115061616343865	-0.153793525824731	-0.159692395412617	-0.159509850998917	0.144874983249143	-0.158528668054199
1984	v1g98279	-0.187179751714789	-0.163300971843034	0.571083575240777	-0.137993193907926	-0.0994500769445151	-0.187700209521745	-0.12986537240049	-0.0852536275872896	-0.144254882285332	-0.0463102518802855	-0.0962168815120154
1985	v1g98336	-1.20679589821972	-0.758068479622673	-0.385314168383917	-0.874563087207238	3.41065252204215	-0.385683313078982	-0.375078812795569	-1.01207224368453	-0.719666261446199	-0.860626876911055	-1.0075441450416
1986	v1g98426	0.132914923444731	-0.0944035198630472	-0.0193184508633895	-0.0395280340188879	-0.0422472469117896	0.0217148127866572	-0.153002995376744	-0.0720869669151601	0.0307292963139687	0.0141237580039218	-0.148126564993566
1987	v1g9859	-0.0187722740033935	-0.0212191028666756	-0.00682696641011052	-0.0174100955636484	0.201290437442166	-0.0167231236794729	-0.0166012858854984	-0.0164798082764538	-0.0164756027672591	-0.0163449088141684	-0.0163449088141684
1988	v1g98677	-0.494644184932565	-0.796775964072471	-0.863664445842959	-0.394822591745646	2.24945175264176	-0.667334760019723	-0.774305154092216	-0.250707817978058	-0.859719849384632	-0.372718742233629	3.7130736846185
1989	v1g98820	0.0298784989742032	-0.0186046365292444	0.0105450412519389	-0.0234406165073313	-0.00960373769138512	-0.0239461385897173	-0.0243025215406307	-0.0248318299271892	-0.0248992541531283	-0.0239522653000366	-0.0247023088464025
1990	v1g98897	0.38692675355018	-0.410734751977828	-0.374683662388548	-0.352383849745647	-0.374345447118021	-0.417009792216187	1.851379539526	-0.46825773530829	0.512927322278343	-0.462691906340432	-0.464987334360879
1991	v1g98917	-0.224653322437307	-0.142829369935822	-0.178946054230615	-0.180103585594714	1.43603887933645	-0.0857090550469673	-0.181181319865516	-0.1801008070716	-0.0727678886102398	-0.163253592796967	-0.178706316811692
1992	v1g99140	0.349258186347899	-0.157150841030812	-0.386688238358259	0.419562973325399	-0.278675569249146	-0.00736953227811649	-0.341089477744722	0.0294881079323513	-0.340818510462622	0.0255865051397319	-0.301808429537152
1993	v1g99173	-0.00516162079637321	0.00472004531518018	-0.00682106454250708	-0.0164351287906786	-0.00888455633464524	0.06039810940746	0.0645940164863817	0.0234395924791508	-0.0304967528539169	-0.0301912402484789	-0.0302559954340322
1994	v1g99348	-0.0105343249962814	0.00921281719471342	-0.0322666418303957	0.0521974644735631	0.0354620434514535	-0.071693933980502	-0.0156976950524776	-0.0730188138036352	0.248312081179279	-0.0236962736058452	-0.0713393867620018
1995	v1g99353	-0.221041500452254	-0.0556493126051581	-0.182132235823307	0.520376382319052	0.856939056652072	-0.03948169696344	-0.212934132797007	-0.24533054324224	-0.245624711285871	-0.243907748622568	-0.243573414950176
1996	v1g99425	-0.0705957645843607	-0.0737907751966896	-0.0747228464342328	0.396859397774065	-0.0860738334024643	-0.0834185382381489	0.576546349053413	0.133479969454841	-0.0824172671810538	-0.0344758079471187	-0.0820874735087784
1997	v1g99530	0.0248555531442104	-0.0192548790435185	-0.0149586748238063	0.00131626108826504	-0.0172132719703368	-0.0157897042266627	-0.00611051957383026	-0.0126419657490553	-0.0165055414776775	-0.0159043116637291	0.222740708833649
1998	v1g99552	0.139734999549435	-0.0672292496594685	-0.0704168131425895	-0.0710652867899441	-0.0770937000495673	0.0201809538851501	-0.0740679430803441	0.0600168700575933	-0.0728958599124109	0.202312282329956	-0.0729245862456059
1999	v1g99578	-0.019876859842043	-0.00608680118020834	-0.0368763729327863	0.136374407067455	0.0313315557836828	-0.0308948751010048	0.0974723960253421	-0.0306379068223754	-0.0306301264415539	-0.0303883271507177	-0.0303883271507177
2000	v1g99611	-0.00729125149424256	0.019474444335515	-0.0282452222411512	0.0207578551097154	-0.00647615100635319	-0.0447435723570513	0.11351475112797	0.0320440784402753	-0.0454263952603105	0.038441537779466	-0.0451128942394516
